 
  257   257
 $r
 nr= 257
   1.67000E-01  1.74160E-01  1.81320E-01  1.88480E-01  1.95641E-01  2.02801E-01
   2.09961E-01  2.17121E-01  2.24281E-01  2.31441E-01  2.38602E-01  2.45762E-01
   2.52922E-01  2.60082E-01  2.67242E-01  2.74402E-01  2.81562E-01  2.88723E-01
   2.95883E-01  3.03043E-01  3.10203E-01  3.17363E-01  3.24523E-01  3.31684E-01
   3.38844E-01  3.46004E-01  3.53164E-01  3.60324E-01  3.67484E-01  3.74645E-01
   3.81805E-01  3.88965E-01  3.96125E-01  4.03285E-01  4.10445E-01  4.17605E-01
   4.24766E-01  4.31926E-01  4.39086E-01  4.46246E-01  4.53406E-01  4.60566E-01
   4.67727E-01  4.74887E-01  4.82047E-01  4.89207E-01  4.96367E-01  5.03527E-01
   5.10687E-01  5.17848E-01  5.25008E-01  5.32168E-01  5.39328E-01  5.46488E-01
   5.53648E-01  5.60809E-01  5.67969E-01  5.75129E-01  5.82289E-01  5.89449E-01
   5.96609E-01  6.03770E-01  6.10930E-01  6.18090E-01  6.25250E-01  6.32410E-01
   6.39570E-01  6.46730E-01  6.53891E-01  6.61051E-01  6.68211E-01  6.75371E-01
   6.82531E-01  6.89691E-01  6.96852E-01  7.04012E-01  7.11172E-01  7.18332E-01
   7.25492E-01  7.32652E-01  7.39812E-01  7.46973E-01  7.54133E-01  7.61293E-01
   7.68453E-01  7.75613E-01  7.82773E-01  7.89934E-01  7.97094E-01  8.04254E-01
   8.11414E-01  8.18574E-01  8.25734E-01  8.32895E-01  8.40055E-01  8.47215E-01
   8.54375E-01  8.61535E-01  8.68695E-01  8.75855E-01  8.83016E-01  8.90176E-01
   8.97336E-01  9.04496E-01  9.11656E-01  9.18816E-01  9.25977E-01  9.33137E-01
   9.40297E-01  9.47457E-01  9.54617E-01  9.61777E-01  9.68938E-01  9.76098E-01
   9.83258E-01  9.90418E-01  9.97578E-01  1.00474E+00  1.01190E+00  1.01906E+00
   1.02622E+00  1.03338E+00  1.04054E+00  1.04770E+00  1.05486E+00  1.06202E+00
   1.06918E+00  1.07634E+00  1.08350E+00  1.09066E+00  1.09782E+00  1.10498E+00
   1.11214E+00  1.11930E+00  1.12646E+00  1.13362E+00  1.14078E+00  1.14794E+00
   1.15510E+00  1.16226E+00  1.16942E+00  1.17658E+00  1.18374E+00  1.19090E+00
   1.19806E+00  1.20522E+00  1.21238E+00  1.21954E+00  1.22670E+00  1.23386E+00
   1.24102E+00  1.24818E+00  1.25534E+00  1.26250E+00  1.26966E+00  1.27682E+00
   1.28398E+00  1.29114E+00  1.29830E+00  1.30546E+00  1.31262E+00  1.31979E+00
   1.32695E+00  1.33411E+00  1.34127E+00  1.34843E+00  1.35559E+00  1.36275E+00
   1.36991E+00  1.37707E+00  1.38423E+00  1.39139E+00  1.39855E+00  1.40571E+00
   1.41287E+00  1.42003E+00  1.42719E+00  1.43435E+00  1.44151E+00  1.44867E+00
   1.45583E+00  1.46299E+00  1.47015E+00  1.47731E+00  1.48447E+00  1.49163E+00
   1.49879E+00  1.50595E+00  1.51311E+00  1.52027E+00  1.52743E+00  1.53459E+00
   1.54175E+00  1.54891E+00  1.55607E+00  1.56323E+00  1.57039E+00  1.57755E+00
   1.58471E+00  1.59187E+00  1.59903E+00  1.60619E+00  1.61335E+00  1.62051E+00
   1.62767E+00  1.63483E+00  1.64199E+00  1.64915E+00  1.65631E+00  1.66347E+00
   1.67063E+00  1.67779E+00  1.68495E+00  1.69211E+00  1.69927E+00  1.70643E+00
   1.71359E+00  1.72075E+00  1.72791E+00  1.73507E+00  1.74223E+00  1.74939E+00
   1.75655E+00  1.76371E+00  1.77087E+00  1.77804E+00  1.78520E+00  1.79236E+00
   1.79952E+00  1.80668E+00  1.81384E+00  1.82100E+00  1.82816E+00  1.83532E+00
   1.84248E+00  1.84964E+00  1.85680E+00  1.86396E+00  1.87112E+00  1.87828E+00
   1.88544E+00  1.89260E+00  1.89976E+00  1.90692E+00  1.91408E+00  1.92124E+00
   1.92840E+00  1.93556E+00  1.94272E+00  1.94988E+00  1.95704E+00  1.96420E+00
   1.97136E+00  1.97852E+00  1.98568E+00  1.99284E+00  2.00000E+00
 $z
 nz= 257
  -2.20000E+00 -2.18281E+00 -2.16562E+00 -2.14844E+00 -2.13125E+00 -2.11406E+00
  -2.09687E+00 -2.07969E+00 -2.06250E+00 -2.04531E+00 -2.02813E+00 -2.01094E+00
  -1.99375E+00 -1.97656E+00 -1.95938E+00 -1.94219E+00 -1.92500E+00 -1.90781E+00
  -1.89062E+00 -1.87344E+00 -1.85625E+00 -1.83906E+00 -1.82187E+00 -1.80469E+00
  -1.78750E+00 -1.77031E+00 -1.75313E+00 -1.73594E+00 -1.71875E+00 -1.70156E+00
  -1.68437E+00 -1.66719E+00 -1.65000E+00 -1.63281E+00 -1.61563E+00 -1.59844E+00
  -1.58125E+00 -1.56406E+00 -1.54688E+00 -1.52969E+00 -1.51250E+00 -1.49531E+00
  -1.47812E+00 -1.46094E+00 -1.44375E+00 -1.42656E+00 -1.40938E+00 -1.39219E+00
  -1.37500E+00 -1.35781E+00 -1.34062E+00 -1.32344E+00 -1.30625E+00 -1.28906E+00
  -1.27188E+00 -1.25469E+00 -1.23750E+00 -1.22031E+00 -1.20312E+00 -1.18594E+00
  -1.16875E+00 -1.15156E+00 -1.13437E+00 -1.11719E+00 -1.10000E+00 -1.08281E+00
  -1.06563E+00 -1.04844E+00 -1.03125E+00 -1.01406E+00 -9.96875E-01 -9.79688E-01
  -9.62500E-01 -9.45312E-01 -9.28125E-01 -9.10937E-01 -8.93750E-01 -8.76563E-01
  -8.59375E-01 -8.42187E-01 -8.25000E-01 -8.07813E-01 -7.90625E-01 -7.73438E-01
  -7.56250E-01 -7.39062E-01 -7.21875E-01 -7.04688E-01 -6.87500E-01 -6.70312E-01
  -6.53125E-01 -6.35938E-01 -6.18750E-01 -6.01562E-01 -5.84375E-01 -5.67187E-01
  -5.50000E-01 -5.32813E-01 -5.15625E-01 -4.98437E-01 -4.81250E-01 -4.64062E-01
  -4.46875E-01 -4.29688E-01 -4.12500E-01 -3.95313E-01 -3.78125E-01 -3.60938E-01
  -3.43750E-01 -3.26562E-01 -3.09375E-01 -2.92187E-01 -2.75000E-01 -2.57812E-01
  -2.40625E-01 -2.23438E-01 -2.06250E-01 -1.89062E-01 -1.71875E-01 -1.54688E-01
  -1.37500E-01 -1.20313E-01 -1.03125E-01 -8.59375E-02 -6.87500E-02 -5.15625E-02
  -3.43750E-02 -1.71875E-02  7.77156E-16  1.71875E-02  3.43750E-02  5.15625E-02
   6.87500E-02  8.59375E-02  1.03125E-01  1.20313E-01  1.37500E-01  1.54688E-01
   1.71875E-01  1.89062E-01  2.06250E-01  2.23438E-01  2.40625E-01  2.57812E-01
   2.75000E-01  2.92187E-01  3.09375E-01  3.26562E-01  3.43750E-01  3.60938E-01
   3.78125E-01  3.95313E-01  4.12500E-01  4.29688E-01  4.46875E-01  4.64062E-01
   4.81250E-01  4.98437E-01  5.15625E-01  5.32813E-01  5.50000E-01  5.67187E-01
   5.84375E-01  6.01562E-01  6.18750E-01  6.35938E-01  6.53125E-01  6.70312E-01
   6.87500E-01  7.04688E-01  7.21875E-01  7.39062E-01  7.56250E-01  7.73438E-01
   7.90625E-01  8.07813E-01  8.25000E-01  8.42187E-01  8.59375E-01  8.76563E-01
   8.93750E-01  9.10937E-01  9.28125E-01  9.45312E-01  9.62500E-01  9.79688E-01
   9.96875E-01  1.01406E+00  1.03125E+00  1.04844E+00  1.06563E+00  1.08281E+00
   1.10000E+00  1.11719E+00  1.13437E+00  1.15156E+00  1.16875E+00  1.18594E+00
   1.20312E+00  1.22031E+00  1.23750E+00  1.25469E+00  1.27188E+00  1.28906E+00
   1.30625E+00  1.32344E+00  1.34062E+00  1.35781E+00  1.37500E+00  1.39219E+00
   1.40938E+00  1.42656E+00  1.44375E+00  1.46094E+00  1.47812E+00  1.49531E+00
   1.51250E+00  1.52969E+00  1.54688E+00  1.56406E+00  1.58125E+00  1.59844E+00
   1.61563E+00  1.63281E+00  1.65000E+00  1.66719E+00  1.68437E+00  1.70156E+00
   1.71875E+00  1.73594E+00  1.75313E+00  1.77031E+00  1.78750E+00  1.80469E+00
   1.82187E+00  1.83906E+00  1.85625E+00  1.87344E+00  1.89062E+00  1.90781E+00
   1.92500E+00  1.94219E+00  1.95938E+00  1.97656E+00  1.99375E+00  2.01094E+00
   2.02813E+00  2.04531E+00  2.06250E+00  2.07969E+00  2.09687E+00  2.11406E+00
   2.13125E+00  2.14844E+00  2.16562E+00  2.18281E+00  2.20000E+00
 
 $psi
   1.40208E-01  1.40335E-01  1.40467E-01  1.40603E-01  1.40743E-01  1.40887E-01
   1.41036E-01  1.41187E-01  1.41342E-01  1.41502E-01  1.41668E-01  1.41839E-01
   1.42015E-01  1.42194E-01  1.42371E-01  1.42545E-01  1.42712E-01  1.42868E-01
   1.43008E-01  1.43129E-01  1.43227E-01  1.43304E-01  1.43363E-01  1.43406E-01
   1.43436E-01  1.43457E-01  1.43472E-01  1.43487E-01  1.43504E-01  1.43521E-01
   1.43532E-01  1.43529E-01  1.43506E-01  1.43460E-01  1.43394E-01  1.43314E-01
   1.43222E-01  1.43123E-01  1.43013E-01  1.42891E-01  1.42755E-01  1.42602E-01
   1.42430E-01  1.42233E-01  1.42009E-01  1.41754E-01  1.41472E-01  1.41169E-01
   1.40854E-01  1.40533E-01  1.40207E-01  1.39865E-01  1.39497E-01  1.39092E-01
   1.38648E-01  1.38170E-01  1.37668E-01  1.37152E-01  1.36630E-01  1.36098E-01
   1.35552E-01  1.34988E-01  1.34401E-01  1.33788E-01  1.33150E-01  1.32485E-01
   1.31793E-01  1.31076E-01  1.30342E-01  1.29599E-01  1.28854E-01  1.28108E-01
   1.27351E-01  1.26570E-01  1.25755E-01  1.24899E-01  1.24010E-01  1.23103E-01
   1.22191E-01  1.21285E-01  1.20384E-01  1.19479E-01  1.18562E-01  1.17624E-01
   1.16665E-01  1.15688E-01  1.14695E-01  1.13690E-01  1.12678E-01  1.11663E-01
   1.10652E-01  1.09649E-01  1.08658E-01  1.07668E-01  1.06668E-01  1.05648E-01
   1.04600E-01  1.03532E-01  1.02459E-01  1.01399E-01  1.00363E-01  9.93523E-02
   9.83533E-02  9.73541E-02  9.63424E-02  9.53146E-02  9.42783E-02  9.32415E-02
   9.22124E-02  9.11974E-02  9.01985E-02  8.92172E-02  8.82549E-02  8.73118E-02
   8.63807E-02  8.54527E-02  8.45186E-02  8.35708E-02  8.26165E-02  8.16711E-02
   8.07504E-02  7.98697E-02  7.90292E-02  7.82131E-02  7.74051E-02  7.65886E-02
   7.57565E-02  7.49200E-02  7.40923E-02  7.32869E-02  7.25142E-02  7.17731E-02
   7.10594E-02  7.03690E-02  6.96979E-02  6.90411E-02  6.83933E-02  6.77492E-02
   6.71041E-02  6.64623E-02  6.58367E-02  6.52403E-02  6.46861E-02  6.41773E-02
   6.37004E-02  6.32407E-02  6.27832E-02  6.23190E-02  6.18584E-02  6.14156E-02
   6.10048E-02  6.06380E-02  6.03133E-02  6.00229E-02  5.97591E-02  5.95146E-02
   5.92861E-02  5.90734E-02  5.88764E-02  5.86952E-02  5.85334E-02  5.83997E-02
   5.83031E-02  5.82526E-02  5.82515E-02  5.82870E-02  5.83441E-02  5.84075E-02
   5.84660E-02  5.85296E-02  5.86155E-02  5.87407E-02  5.89209E-02  5.91549E-02
   5.94305E-02  5.97356E-02  6.00581E-02  6.03937E-02  6.07467E-02  6.11222E-02
   6.15251E-02  6.19604E-02  6.24331E-02  6.29483E-02  6.35111E-02  6.41237E-02
   6.47758E-02  6.54539E-02  6.61444E-02  6.68357E-02  6.75353E-02  6.82612E-02
   6.90310E-02  6.98619E-02  7.07545E-02  7.16927E-02  7.26596E-02  7.36385E-02
   7.46216E-02  7.56170E-02  7.66344E-02  7.76838E-02  7.87731E-02  7.99027E-02
   8.10715E-02  8.22784E-02  8.35213E-02  8.47921E-02  8.60795E-02  8.73726E-02
   8.86610E-02  8.99476E-02  9.12462E-02  9.25712E-02  9.39365E-02  9.53437E-02
   9.67750E-02  9.82109E-02  9.96319E-02  1.01025E-01  1.02394E-01  1.03747E-01
   1.05092E-01  1.06434E-01  1.07774E-01  1.09105E-01  1.10425E-01  1.11728E-01
   1.13002E-01  1.14234E-01  1.15406E-01  1.16504E-01  1.17524E-01  1.18479E-01
   1.19382E-01  1.20247E-01  1.21078E-01  1.21857E-01  1.22564E-01  1.23178E-01
   1.23683E-01  1.24082E-01  1.24387E-01  1.24607E-01  1.24753E-01  1.24828E-01
   1.24833E-01  1.24768E-01  1.24634E-01  1.24429E-01  1.24149E-01  1.23794E-01
   1.23358E-01  1.22840E-01  1.22236E-01  1.21544E-01  1.20760E-01  1.40366E-01
   1.40508E-01  1.40655E-01  1.40808E-01  1.40966E-01  1.41129E-01  1.41298E-01
   1.41471E-01  1.41651E-01  1.41836E-01  1.42027E-01  1.42224E-01  1.42427E-01
   1.42635E-01  1.42846E-01  1.43060E-01  1.43271E-01  1.43469E-01  1.43643E-01
   1.43781E-01  1.43877E-01  1.43939E-01  1.43978E-01  1.44005E-01  1.44029E-01
   1.44054E-01  1.44080E-01  1.44109E-01  1.44140E-01  1.44170E-01  1.44193E-01
   1.44203E-01  1.44194E-01  1.44165E-01  1.44125E-01  1.44080E-01  1.44039E-01
   1.44005E-01  1.43962E-01  1.43895E-01  1.43789E-01  1.43630E-01  1.43423E-01
   1.43178E-01  1.42906E-01  1.42618E-01  1.42316E-01  1.42001E-01  1.41674E-01
   1.41334E-01  1.40979E-01  1.40605E-01  1.40206E-01  1.39776E-01  1.39314E-01
   1.38823E-01  1.38309E-01  1.37778E-01  1.37233E-01  1.36673E-01  1.36094E-01
   1.35495E-01  1.34873E-01  1.34226E-01  1.33554E-01  1.32857E-01  1.32134E-01
   1.31388E-01  1.30621E-01  1.29840E-01  1.29047E-01  1.28244E-01  1.27425E-01
   1.26584E-01  1.25713E-01  1.24811E-01  1.23883E-01  1.22937E-01  1.21980E-01
   1.21022E-01  1.20059E-01  1.19088E-01  1.18103E-01  1.17101E-01  1.16080E-01
   1.15044E-01  1.13995E-01  1.12936E-01  1.11869E-01  1.10799E-01  1.09730E-01
   1.08665E-01  1.07606E-01  1.06547E-01  1.05481E-01  1.04401E-01  1.03302E-01
   1.02190E-01  1.01074E-01  9.99649E-02  9.88711E-02  9.77926E-02  9.67225E-02
   9.56541E-02  9.45806E-02  9.35002E-02  9.24175E-02  9.13374E-02  9.02648E-02
   8.92038E-02  8.81559E-02  8.71221E-02  8.61035E-02  8.51005E-02  8.41091E-02
   8.31243E-02  8.21409E-02  8.11547E-02  8.01701E-02  7.91963E-02  7.82429E-02
   7.73188E-02  7.64244E-02  7.55508E-02  7.46882E-02  7.38274E-02  7.29641E-02
   7.21051E-02  7.12583E-02  7.04319E-02  6.96320E-02  6.88581E-02  6.81079E-02
   6.73791E-02  6.66694E-02  6.59762E-02  6.52963E-02  6.46269E-02  6.39652E-02
   6.33141E-02  6.26811E-02  6.20741E-02  6.15008E-02  6.09633E-02  6.04540E-02
   5.99641E-02  5.94852E-02  5.90122E-02  5.85513E-02  5.81109E-02  5.76995E-02
   5.73243E-02  5.69843E-02  5.66750E-02  5.63923E-02  5.61317E-02  5.58915E-02
   5.56719E-02  5.54727E-02  5.52943E-02  5.51388E-02  5.50115E-02  5.49179E-02
   5.48634E-02  5.48500E-02  5.48705E-02  5.49161E-02  5.49780E-02  5.50498E-02
   5.51375E-02  5.52514E-02  5.54016E-02  5.55974E-02  5.58384E-02  5.61176E-02
   5.64279E-02  5.67625E-02  5.71189E-02  5.74999E-02  5.79086E-02  5.83480E-02
   5.88212E-02  5.93314E-02  5.98816E-02  6.04749E-02  6.11128E-02  6.17894E-02
   6.24969E-02  6.32272E-02  6.39739E-02  6.47415E-02  6.55403E-02  6.63810E-02
   6.72737E-02  6.82188E-02  6.92067E-02  7.02276E-02  7.12718E-02  7.23346E-02
   7.34205E-02  7.45353E-02  7.56848E-02  7.68733E-02  7.81009E-02  7.93666E-02
   8.06695E-02  8.20082E-02  8.33773E-02  8.47698E-02  8.61788E-02  8.75978E-02
   8.90275E-02  9.04754E-02  9.19488E-02  9.34550E-02  9.49941E-02  9.65547E-02
   9.81246E-02  9.96914E-02  1.01246E-01  1.02789E-01  1.04322E-01  1.05846E-01
   1.07365E-01  1.08879E-01  1.10389E-01  1.11897E-01  1.13404E-01  1.14895E-01
   1.16346E-01  1.17735E-01  1.19039E-01  1.20279E-01  1.21534E-01  1.22887E-01
   1.24420E-01  1.26153E-01  1.27957E-01  1.29681E-01  1.31173E-01  1.32302E-01
   1.33045E-01  1.33412E-01  1.33412E-01  1.33060E-01  1.32427E-01  1.31620E-01
   1.30745E-01  1.29905E-01  1.29143E-01  1.28436E-01  1.27756E-01  1.27078E-01
   1.26373E-01  1.25615E-01  1.24778E-01  1.23833E-01  1.40526E-01  1.40682E-01
   1.40845E-01  1.41014E-01  1.41189E-01  1.41371E-01  1.41559E-01  1.41753E-01
   1.41954E-01  1.42161E-01  1.42375E-01  1.42595E-01  1.42821E-01  1.43053E-01
   1.43291E-01  1.43533E-01  1.43776E-01  1.44005E-01  1.44205E-01  1.44363E-01
   1.44470E-01  1.44537E-01  1.44578E-01  1.44610E-01  1.44643E-01  1.44683E-01
   1.44726E-01  1.44772E-01  1.44818E-01  1.44862E-01  1.44899E-01  1.44923E-01
   1.44929E-01  1.44919E-01  1.44902E-01  1.44887E-01  1.44883E-01  1.44892E-01
   1.44894E-01  1.44865E-01  1.44782E-01  1.44627E-01  1.44407E-01  1.44142E-01
   1.43847E-01  1.43541E-01  1.43227E-01  1.42901E-01  1.42562E-01  1.42205E-01
   1.41827E-01  1.41426E-01  1.41001E-01  1.40549E-01  1.40069E-01  1.39564E-01
   1.39035E-01  1.38485E-01  1.37915E-01  1.37326E-01  1.36715E-01  1.36081E-01
   1.35423E-01  1.34740E-01  1.34032E-01  1.33299E-01  1.32541E-01  1.31759E-01
   1.30955E-01  1.30131E-01  1.29289E-01  1.28429E-01  1.27550E-01  1.26649E-01
   1.25722E-01  1.24770E-01  1.23795E-01  1.22803E-01  1.21796E-01  1.20780E-01
   1.19754E-01  1.18716E-01  1.17665E-01  1.16597E-01  1.15514E-01  1.14417E-01
   1.13308E-01  1.12190E-01  1.11065E-01  1.09934E-01  1.08802E-01  1.07670E-01
   1.06539E-01  1.05407E-01  1.04270E-01  1.03124E-01  1.01967E-01  1.00802E-01
   9.96350E-02  9.84712E-02  9.73161E-02  9.61700E-02  9.50301E-02  9.38933E-02
   9.27567E-02  9.16198E-02  9.04851E-02  8.93554E-02  8.82336E-02  8.71219E-02
   8.60213E-02  8.49328E-02  8.38572E-02  8.27951E-02  8.17446E-02  8.07035E-02
   7.96695E-02  7.86406E-02  7.76195E-02  7.66108E-02  7.56197E-02  7.46509E-02
   7.37048E-02  7.27771E-02  7.18631E-02  7.09582E-02  7.00606E-02  6.91737E-02
   6.83019E-02  6.74494E-02  6.66193E-02  6.58117E-02  6.50255E-02  6.42597E-02
   6.35133E-02  6.27851E-02  6.20738E-02  6.13779E-02  6.06964E-02  6.00306E-02
   5.93848E-02  5.87630E-02  5.81694E-02  5.76050E-02  5.70663E-02  5.65491E-02
   5.60492E-02  5.55644E-02  5.50979E-02  5.46541E-02  5.42375E-02  5.38518E-02
   5.34968E-02  5.31704E-02  5.28705E-02  5.25952E-02  5.23437E-02  5.21162E-02
   5.19130E-02  5.17343E-02  5.15814E-02  5.14571E-02  5.13644E-02  5.13062E-02
   5.12837E-02  5.12934E-02  5.13311E-02  5.13926E-02  5.14748E-02  5.15810E-02
   5.17166E-02  5.18868E-02  5.20966E-02  5.23459E-02  5.26314E-02  5.29499E-02
   5.32980E-02  5.36747E-02  5.40817E-02  5.45206E-02  5.49933E-02  5.55015E-02
   5.60469E-02  5.66315E-02  5.72567E-02  5.79238E-02  5.86298E-02  5.93710E-02
   6.01435E-02  6.09443E-02  6.17756E-02  6.26431E-02  6.35520E-02  6.45076E-02
   6.55103E-02  6.65553E-02  6.76376E-02  6.87526E-02  6.98977E-02  7.10754E-02
   7.22883E-02  7.35395E-02  7.48309E-02  7.61624E-02  7.75334E-02  7.89430E-02
   8.03903E-02  8.18722E-02  8.33846E-02  8.49235E-02  8.64852E-02  8.80693E-02
   8.96785E-02  9.13155E-02  9.29830E-02  9.46799E-02  9.63994E-02  9.81338E-02
   9.98758E-02  1.01619E-01  1.03361E-01  1.05100E-01  1.06834E-01  1.08561E-01
   1.10283E-01  1.11999E-01  1.13713E-01  1.15423E-01  1.17117E-01  1.18771E-01
   1.20362E-01  1.21866E-01  1.23309E-01  1.24772E-01  1.26343E-01  1.28108E-01
   1.30089E-01  1.32141E-01  1.34098E-01  1.35792E-01  1.37080E-01  1.37933E-01
   1.38358E-01  1.38361E-01  1.37954E-01  1.37219E-01  1.36278E-01  1.35252E-01
   1.34260E-01  1.33353E-01  1.32507E-01  1.31695E-01  1.30887E-01  1.30057E-01
   1.29176E-01  1.28217E-01  1.27151E-01  1.40688E-01  1.40859E-01  1.41037E-01
   1.41222E-01  1.41414E-01  1.41613E-01  1.41819E-01  1.42033E-01  1.42254E-01
   1.42481E-01  1.42716E-01  1.42956E-01  1.43203E-01  1.43456E-01  1.43714E-01
   1.43978E-01  1.44242E-01  1.44492E-01  1.44715E-01  1.44894E-01  1.45022E-01
   1.45110E-01  1.45173E-01  1.45226E-01  1.45283E-01  1.45345E-01  1.45411E-01
   1.45477E-01  1.45542E-01  1.45603E-01  1.45654E-01  1.45694E-01  1.45718E-01
   1.45728E-01  1.45733E-01  1.45742E-01  1.45765E-01  1.45801E-01  1.45830E-01
   1.45826E-01  1.45761E-01  1.45618E-01  1.45404E-01  1.45139E-01  1.44843E-01
   1.44533E-01  1.44213E-01  1.43880E-01  1.43529E-01  1.43157E-01  1.42760E-01
   1.42339E-01  1.41893E-01  1.41421E-01  1.40924E-01  1.40402E-01  1.39855E-01
   1.39284E-01  1.38689E-01  1.38070E-01  1.37426E-01  1.36757E-01  1.36062E-01
   1.35341E-01  1.34594E-01  1.33822E-01  1.33024E-01  1.32201E-01  1.31353E-01
   1.30482E-01  1.29588E-01  1.28672E-01  1.27733E-01  1.26771E-01  1.25787E-01
   1.24779E-01  1.23751E-01  1.22704E-01  1.21641E-01  1.20563E-01  1.19471E-01
   1.18365E-01  1.17244E-01  1.16109E-01  1.14960E-01  1.13799E-01  1.12627E-01
   1.11445E-01  1.10255E-01  1.09059E-01  1.07859E-01  1.06655E-01  1.05449E-01
   1.04240E-01  1.03027E-01  1.01810E-01  1.00588E-01  9.93616E-02  9.81350E-02
   9.69104E-02  9.56904E-02  9.44758E-02  9.32661E-02  9.20608E-02  9.08592E-02
   8.96618E-02  8.84699E-02  8.72849E-02  8.61083E-02  8.49414E-02  8.37849E-02
   8.26395E-02  8.15059E-02  8.03848E-02  7.92759E-02  7.81786E-02  7.70925E-02
   7.60173E-02  7.49541E-02  7.39049E-02  7.28720E-02  7.18572E-02  7.08610E-02
   6.98821E-02  6.89190E-02  6.79704E-02  6.70357E-02  6.61165E-02  6.52146E-02
   6.43315E-02  6.34689E-02  6.26267E-02  6.18049E-02  6.10033E-02  6.02217E-02
   5.94598E-02  5.87174E-02  5.79941E-02  5.72898E-02  5.66052E-02  5.59419E-02
   5.53018E-02  5.46865E-02  5.40966E-02  5.35311E-02  5.29888E-02  5.24683E-02
   5.19690E-02  5.14924E-02  5.10403E-02  5.06145E-02  5.02165E-02  4.98465E-02
   4.95040E-02  4.91884E-02  4.88992E-02  4.86364E-02  4.84004E-02  4.81913E-02
   4.80095E-02  4.78557E-02  4.77312E-02  4.76373E-02  4.75753E-02  4.75459E-02
   4.75481E-02  4.75806E-02  4.76422E-02  4.77321E-02  4.78517E-02  4.80031E-02
   4.81888E-02  4.84106E-02  4.86688E-02  4.89627E-02  4.92912E-02  4.96535E-02
   5.00496E-02  5.04802E-02  5.09464E-02  5.14490E-02  5.19891E-02  5.25675E-02
   5.31852E-02  5.38431E-02  5.45418E-02  5.52807E-02  5.60587E-02  5.68746E-02
   5.77275E-02  5.86187E-02  5.95502E-02  6.05244E-02  6.15432E-02  6.26071E-02
   6.37145E-02  6.48637E-02  6.60533E-02  6.72823E-02  6.85518E-02  6.98627E-02
   7.12162E-02  7.26129E-02  7.40526E-02  7.55350E-02  7.70595E-02  7.86256E-02
   8.02316E-02  8.18757E-02  8.35559E-02  8.52702E-02  8.70176E-02  8.87981E-02
   9.06115E-02  9.24576E-02  9.43347E-02  9.62385E-02  9.81645E-02  1.00108E-01
   1.02065E-01  1.04031E-01  1.06003E-01  1.07975E-01  1.09945E-01  1.11909E-01
   1.13865E-01  1.15812E-01  1.17745E-01  1.19653E-01  1.21518E-01  1.23323E-01
   1.25048E-01  1.26705E-01  1.28340E-01  1.30000E-01  1.31735E-01  1.33550E-01
   1.35356E-01  1.37044E-01  1.38510E-01  1.39660E-01  1.40475E-01  1.40957E-01
   1.41108E-01  1.40936E-01  1.40491E-01  1.39851E-01  1.39094E-01  1.38297E-01
   1.37496E-01  1.36679E-01  1.35833E-01  1.34945E-01  1.34003E-01  1.32993E-01
   1.31902E-01  1.30718E-01  1.40852E-01  1.41038E-01  1.41232E-01  1.41433E-01
   1.41641E-01  1.41857E-01  1.42081E-01  1.42313E-01  1.42553E-01  1.42799E-01
   1.43053E-01  1.43313E-01  1.43579E-01  1.43850E-01  1.44126E-01  1.44405E-01
   1.44684E-01  1.44949E-01  1.45190E-01  1.45393E-01  1.45550E-01  1.45672E-01
   1.45772E-01  1.45861E-01  1.45951E-01  1.46044E-01  1.46137E-01  1.46228E-01
   1.46314E-01  1.46393E-01  1.46463E-01  1.46521E-01  1.46565E-01  1.46597E-01
   1.46625E-01  1.46655E-01  1.46697E-01  1.46749E-01  1.46792E-01  1.46802E-01
   1.46753E-01  1.46628E-01  1.46434E-01  1.46188E-01  1.45905E-01  1.45602E-01
   1.45284E-01  1.44946E-01  1.44586E-01  1.44202E-01  1.43791E-01  1.43354E-01
   1.42892E-01  1.42403E-01  1.41890E-01  1.41350E-01  1.40783E-01  1.40189E-01
   1.39567E-01  1.38917E-01  1.38240E-01  1.37534E-01  1.36801E-01  1.36040E-01
   1.35252E-01  1.34437E-01  1.33594E-01  1.32724E-01  1.31828E-01  1.30905E-01
   1.29956E-01  1.28981E-01  1.27981E-01  1.26957E-01  1.25910E-01  1.24842E-01
   1.23753E-01  1.22644E-01  1.21516E-01  1.20371E-01  1.19210E-01  1.18032E-01
   1.16840E-01  1.15634E-01  1.14415E-01  1.13185E-01  1.11943E-01  1.10692E-01
   1.09432E-01  1.08164E-01  1.06890E-01  1.05609E-01  1.04324E-01  1.03035E-01
   1.01743E-01  1.00449E-01  9.91549E-02  9.78603E-02  9.65668E-02  9.52751E-02
   9.39863E-02  9.27013E-02  9.14207E-02  9.01456E-02  8.88767E-02  8.76149E-02
   8.63608E-02  8.51152E-02  8.38789E-02  8.26525E-02  8.14367E-02  8.02321E-02
   7.90394E-02  7.78591E-02  7.66919E-02  7.55382E-02  7.43986E-02  7.32736E-02
   7.21637E-02  7.10693E-02  6.99909E-02  6.89289E-02  6.78838E-02  6.68560E-02
   6.58457E-02  6.48534E-02  6.38794E-02  6.29241E-02  6.19878E-02  6.10708E-02
   6.01735E-02  5.92962E-02  5.84391E-02  5.76025E-02  5.67868E-02  5.59922E-02
   5.52190E-02  5.44676E-02  5.37381E-02  5.30310E-02  5.23466E-02  5.16852E-02
   5.10472E-02  5.04328E-02  4.98426E-02  4.92768E-02  4.87357E-02  4.82197E-02
   4.77293E-02  4.72647E-02  4.68262E-02  4.64142E-02  4.60291E-02  4.56712E-02
   4.53408E-02  4.50382E-02  4.47639E-02  4.45182E-02  4.43015E-02  4.41140E-02
   4.39562E-02  4.38286E-02  4.37315E-02  4.36652E-02  4.36304E-02  4.36272E-02
   4.36563E-02  4.37180E-02  4.38128E-02  4.39410E-02  4.41033E-02  4.43001E-02
   4.45318E-02  4.47990E-02  4.51021E-02  4.54417E-02  4.58181E-02  4.62320E-02
   4.66839E-02  4.71742E-02  4.77034E-02  4.82722E-02  4.88809E-02  4.95301E-02
   5.02204E-02  5.09522E-02  5.17260E-02  5.25424E-02  5.34017E-02  5.43046E-02
   5.52515E-02  5.62427E-02  5.72788E-02  5.83603E-02  5.94874E-02  6.06606E-02
   6.18801E-02  6.31464E-02  6.44597E-02  6.58201E-02  6.72279E-02  6.86833E-02
   7.01863E-02  7.17368E-02  7.33346E-02  7.49798E-02  7.66720E-02  7.84107E-02
   8.01953E-02  8.20251E-02  8.38995E-02  8.58173E-02  8.77770E-02  8.97771E-02
   9.18161E-02  9.38919E-02  9.60017E-02  9.81427E-02  1.00312E-01  1.02506E-01
   1.04721E-01  1.06951E-01  1.09191E-01  1.11437E-01  1.13681E-01  1.15916E-01
   1.18134E-01  1.20326E-01  1.22485E-01  1.24598E-01  1.26657E-01  1.28648E-01
   1.30563E-01  1.32388E-01  1.34110E-01  1.35719E-01  1.37203E-01  1.38550E-01
   1.39753E-01  1.40800E-01  1.41683E-01  1.42397E-01  1.42941E-01  1.43311E-01
   1.43505E-01  1.43526E-01  1.43381E-01  1.43074E-01  1.42613E-01  1.42006E-01
   1.41262E-01  1.40393E-01  1.39409E-01  1.38321E-01  1.37139E-01  1.35874E-01
   1.34536E-01  1.41018E-01  1.41219E-01  1.41428E-01  1.41645E-01  1.41870E-01
   1.42104E-01  1.42345E-01  1.42595E-01  1.42853E-01  1.43118E-01  1.43390E-01
   1.43669E-01  1.43954E-01  1.44242E-01  1.44533E-01  1.44826E-01  1.45115E-01
   1.45393E-01  1.45651E-01  1.45879E-01  1.46072E-01  1.46238E-01  1.46383E-01
   1.46518E-01  1.46650E-01  1.46780E-01  1.46905E-01  1.47024E-01  1.47136E-01
   1.47238E-01  1.47329E-01  1.47409E-01  1.47476E-01  1.47533E-01  1.47584E-01
   1.47634E-01  1.47691E-01  1.47752E-01  1.47801E-01  1.47818E-01  1.47784E-01
   1.47682E-01  1.47518E-01  1.47302E-01  1.47045E-01  1.46759E-01  1.46447E-01
   1.46108E-01  1.45743E-01  1.45350E-01  1.44930E-01  1.44483E-01  1.44008E-01
   1.43505E-01  1.42975E-01  1.42417E-01  1.41829E-01  1.41210E-01  1.40560E-01
   1.39879E-01  1.39167E-01  1.38425E-01  1.37652E-01  1.36849E-01  1.36016E-01
   1.35154E-01  1.34262E-01  1.33341E-01  1.32391E-01  1.31411E-01  1.30402E-01
   1.29365E-01  1.28301E-01  1.27211E-01  1.26097E-01  1.24961E-01  1.23804E-01
   1.22625E-01  1.21426E-01  1.20208E-01  1.18971E-01  1.17718E-01  1.16450E-01
   1.15168E-01  1.13873E-01  1.12567E-01  1.11250E-01  1.09923E-01  1.08585E-01
   1.07239E-01  1.05885E-01  1.04524E-01  1.03156E-01  1.01783E-01  1.00409E-01
   9.90340E-02  9.76613E-02  9.62910E-02  9.49234E-02  9.35584E-02  9.21961E-02
   9.08376E-02  8.94841E-02  8.81371E-02  8.67979E-02  8.54676E-02  8.41466E-02
   8.28356E-02  8.15349E-02  8.02452E-02  7.89670E-02  7.77009E-02  7.64474E-02
   7.52073E-02  7.39814E-02  7.27707E-02  7.15761E-02  7.03984E-02  6.92380E-02
   6.80945E-02  6.69677E-02  6.58574E-02  6.47641E-02  6.36888E-02  6.26326E-02
   6.15966E-02  6.05815E-02  5.95872E-02  5.86133E-02  5.76596E-02  5.67261E-02
   5.58130E-02  5.49208E-02  5.40499E-02  5.32009E-02  5.23743E-02  5.15706E-02
   5.07903E-02  5.00339E-02  4.93015E-02  4.85930E-02  4.79080E-02  4.72463E-02
   4.66082E-02  4.59945E-02  4.54064E-02  4.48446E-02  4.43102E-02  4.38028E-02
   4.33224E-02  4.28685E-02  4.24410E-02  4.20404E-02  4.16673E-02  4.13225E-02
   4.10066E-02  4.07202E-02  4.04638E-02  4.02376E-02  4.00422E-02  3.98777E-02
   3.97442E-02  3.96418E-02  3.95706E-02  3.95308E-02  3.95234E-02  3.95498E-02
   3.96109E-02  3.97079E-02  3.98408E-02  4.00094E-02  4.02134E-02  4.04528E-02
   4.07281E-02  4.10405E-02  4.13910E-02  4.17808E-02  4.22107E-02  4.26811E-02
   4.31923E-02  4.37448E-02  4.43389E-02  4.49751E-02  4.56537E-02  4.63752E-02
   4.71401E-02  4.79494E-02  4.88045E-02  4.97065E-02  5.06565E-02  5.16549E-02
   5.27015E-02  5.37961E-02  5.49384E-02  5.61292E-02  5.73697E-02  5.86610E-02
   6.00045E-02  6.14011E-02  6.28508E-02  6.43535E-02  6.59093E-02  6.75181E-02
   6.91801E-02  7.08956E-02  7.26646E-02  7.44875E-02  7.63643E-02  7.82953E-02
   8.02805E-02  8.23201E-02  8.44132E-02  8.65579E-02  8.87527E-02  9.09957E-02
   9.32851E-02  9.56187E-02  9.79946E-02  1.00411E-01  1.02864E-01  1.05351E-01
   1.07866E-01  1.10404E-01  1.12960E-01  1.15523E-01  1.18080E-01  1.20619E-01
   1.23126E-01  1.25595E-01  1.28022E-01  1.30402E-01  1.32730E-01  1.34974E-01
   1.37063E-01  1.38924E-01  1.40484E-01  1.41711E-01  1.42673E-01  1.43454E-01
   1.44137E-01  1.44792E-01  1.45430E-01  1.46043E-01  1.46624E-01  1.47162E-01
   1.47612E-01  1.47912E-01  1.47996E-01  1.47804E-01  1.47318E-01  1.46571E-01
   1.45600E-01  1.44439E-01  1.43123E-01  1.41689E-01  1.40172E-01  1.38607E-01
   1.41185E-01  1.41401E-01  1.41626E-01  1.41860E-01  1.42102E-01  1.42353E-01
   1.42612E-01  1.42880E-01  1.43156E-01  1.43440E-01  1.43731E-01  1.44030E-01
   1.44333E-01  1.44640E-01  1.44946E-01  1.45251E-01  1.45551E-01  1.45840E-01
   1.46115E-01  1.46371E-01  1.46605E-01  1.46819E-01  1.47018E-01  1.47205E-01
   1.47384E-01  1.47555E-01  1.47717E-01  1.47869E-01  1.48010E-01  1.48138E-01
   1.48256E-01  1.48362E-01  1.48456E-01  1.48540E-01  1.48616E-01  1.48688E-01
   1.48758E-01  1.48826E-01  1.48878E-01  1.48901E-01  1.48881E-01  1.48805E-01
   1.48676E-01  1.48497E-01  1.48274E-01  1.48011E-01  1.47711E-01  1.47376E-01
   1.47010E-01  1.46614E-01  1.46189E-01  1.45736E-01  1.45252E-01  1.44738E-01
   1.44192E-01  1.43615E-01  1.43005E-01  1.42361E-01  1.41682E-01  1.40969E-01
   1.40221E-01  1.39440E-01  1.38626E-01  1.37778E-01  1.36897E-01  1.35984E-01
   1.35039E-01  1.34062E-01  1.33052E-01  1.32011E-01  1.30938E-01  1.29834E-01
   1.28700E-01  1.27539E-01  1.26352E-01  1.25141E-01  1.23907E-01  1.22651E-01
   1.21373E-01  1.20075E-01  1.18757E-01  1.17422E-01  1.16071E-01  1.14707E-01
   1.13330E-01  1.11940E-01  1.10539E-01  1.09128E-01  1.07706E-01  1.06275E-01
   1.04835E-01  1.03388E-01  1.01934E-01  1.00475E-01  9.90145E-02  9.75551E-02
   9.60987E-02  9.46462E-02  9.31976E-02  9.17528E-02  9.03120E-02  8.88760E-02
   8.74462E-02  8.60242E-02  8.46112E-02  8.32083E-02  8.18161E-02  8.04352E-02
   7.90661E-02  7.77095E-02  7.63658E-02  7.50357E-02  7.37198E-02  7.24187E-02
   7.11332E-02  6.98644E-02  6.86132E-02  6.73806E-02  6.61665E-02  6.49709E-02
   6.37934E-02  6.26338E-02  6.14925E-02  6.03706E-02  5.92691E-02  5.81893E-02
   5.71317E-02  5.60962E-02  5.50825E-02  5.40902E-02  5.31193E-02  5.21699E-02
   5.12427E-02  5.03380E-02  4.94562E-02  4.85980E-02  4.77638E-02  4.69541E-02
   4.61694E-02  4.54099E-02  4.46751E-02  4.39648E-02  4.32788E-02  4.26172E-02
   4.19809E-02  4.13709E-02  4.07883E-02  4.02338E-02  3.97073E-02  3.92084E-02
   3.87369E-02  3.82925E-02  3.78758E-02  3.74874E-02  3.71281E-02  3.67985E-02
   3.64993E-02  3.62309E-02  3.59937E-02  3.57881E-02  3.56144E-02  3.54727E-02
   3.53631E-02  3.52856E-02  3.52406E-02  3.52291E-02  3.52525E-02  3.53120E-02
   3.54086E-02  3.55424E-02  3.57133E-02  3.59211E-02  3.61657E-02  3.64477E-02
   3.67683E-02  3.71289E-02  3.75305E-02  3.79740E-02  3.84600E-02  3.89889E-02
   3.95612E-02  4.01773E-02  4.08378E-02  4.15432E-02  4.22939E-02  4.30907E-02
   4.39347E-02  4.48274E-02  4.57701E-02  4.67641E-02  4.78099E-02  4.89073E-02
   5.00565E-02  5.12573E-02  5.25106E-02  5.38179E-02  5.51805E-02  5.66001E-02
   5.80779E-02  5.96140E-02  6.12088E-02  6.28624E-02  6.45753E-02  6.63480E-02
   6.81809E-02  7.00747E-02  7.20300E-02  7.40475E-02  7.61276E-02  7.82712E-02
   8.04787E-02  8.27499E-02  8.50836E-02  8.74786E-02  8.99338E-02  9.24478E-02
   9.50192E-02  9.76462E-02  1.00327E-01  1.03061E-01  1.05842E-01  1.08668E-01
   1.11534E-01  1.14435E-01  1.17358E-01  1.20287E-01  1.23207E-01  1.26103E-01
   1.28967E-01  1.31799E-01  1.34596E-01  1.37357E-01  1.40033E-01  1.42516E-01
   1.44692E-01  1.46449E-01  1.47740E-01  1.48673E-01  1.49380E-01  1.49994E-01
   1.50628E-01  1.51300E-01  1.51995E-01  1.52703E-01  1.53406E-01  1.54034E-01
   1.54487E-01  1.54664E-01  1.54466E-01  1.53868E-01  1.52920E-01  1.51676E-01
   1.50191E-01  1.48520E-01  1.46717E-01  1.44837E-01  1.42934E-01  1.41353E-01
   1.41585E-01  1.41826E-01  1.42077E-01  1.42337E-01  1.42606E-01  1.42884E-01
   1.43170E-01  1.43465E-01  1.43769E-01  1.44080E-01  1.44399E-01  1.44723E-01
   1.45049E-01  1.45374E-01  1.45693E-01  1.46005E-01  1.46309E-01  1.46604E-01
   1.46889E-01  1.47165E-01  1.47430E-01  1.47684E-01  1.47926E-01  1.48155E-01
   1.48371E-01  1.48574E-01  1.48763E-01  1.48938E-01  1.49099E-01  1.49247E-01
   1.49384E-01  1.49509E-01  1.49624E-01  1.49730E-01  1.49825E-01  1.49912E-01
   1.49987E-01  1.50044E-01  1.50075E-01  1.50070E-01  1.50023E-01  1.49930E-01
   1.49790E-01  1.49603E-01  1.49367E-01  1.49084E-01  1.48760E-01  1.48398E-01
   1.48004E-01  1.47580E-01  1.47123E-01  1.46634E-01  1.46110E-01  1.45551E-01
   1.44955E-01  1.44322E-01  1.43652E-01  1.42944E-01  1.42198E-01  1.41414E-01
   1.40592E-01  1.39734E-01  1.38838E-01  1.37907E-01  1.36939E-01  1.35936E-01
   1.34897E-01  1.33824E-01  1.32715E-01  1.31572E-01  1.30395E-01  1.29185E-01
   1.27946E-01  1.26679E-01  1.25385E-01  1.24066E-01  1.22724E-01  1.21359E-01
   1.19973E-01  1.18567E-01  1.17143E-01  1.15703E-01  1.14248E-01  1.12779E-01
   1.11298E-01  1.09804E-01  1.08300E-01  1.06785E-01  1.05262E-01  1.03730E-01
   1.02192E-01  1.00648E-01  9.91006E-02  9.75519E-02  9.60041E-02  9.44593E-02
   9.29185E-02  9.13823E-02  8.98513E-02  8.83261E-02  8.68078E-02  8.52974E-02
   8.37961E-02  8.23053E-02  8.08257E-02  7.93582E-02  7.79035E-02  7.64624E-02
   7.50355E-02  7.36234E-02  7.22269E-02  7.08464E-02  6.94826E-02  6.81362E-02
   6.68080E-02  6.54986E-02  6.42089E-02  6.29391E-02  6.16893E-02  6.04593E-02
   5.92494E-02  5.80599E-02  5.68915E-02  5.57449E-02  5.46209E-02  5.35199E-02
   5.24420E-02  5.13870E-02  5.03550E-02  4.93459E-02  4.83600E-02  4.73977E-02
   4.64593E-02  4.55450E-02  4.46554E-02  4.37906E-02  4.29512E-02  4.21374E-02
   4.13494E-02  4.05871E-02  3.98505E-02  3.91395E-02  3.84544E-02  3.77956E-02
   3.71640E-02  3.65600E-02  3.59844E-02  3.54370E-02  3.49180E-02  3.44273E-02
   3.39649E-02  3.35312E-02  3.31269E-02  3.27525E-02  3.24084E-02  3.20953E-02
   3.18136E-02  3.15638E-02  3.13461E-02  3.11611E-02  3.10091E-02  3.08903E-02
   3.08049E-02  3.07536E-02  3.07371E-02  3.07563E-02  3.08123E-02  3.09060E-02
   3.10376E-02  3.12075E-02  3.14158E-02  3.16629E-02  3.19495E-02  3.22765E-02
   3.26451E-02  3.30562E-02  3.35106E-02  3.40091E-02  3.45524E-02  3.51410E-02
   3.57756E-02  3.64571E-02  3.71860E-02  3.79632E-02  3.87894E-02  3.96658E-02
   4.05936E-02  4.15740E-02  4.26083E-02  4.36972E-02  4.48412E-02  4.60409E-02
   4.72967E-02  4.86098E-02  4.99814E-02  5.14129E-02  5.29058E-02  5.44613E-02
   5.60802E-02  5.77632E-02  5.95112E-02  6.13250E-02  6.32055E-02  6.51538E-02
   6.71708E-02  6.92576E-02  7.14151E-02  7.36443E-02  7.59464E-02  7.83223E-02
   8.07724E-02  8.32967E-02  8.58951E-02  8.85675E-02  9.13137E-02  9.41327E-02
   9.70236E-02  9.99855E-02  1.03017E-01  1.06116E-01  1.09278E-01  1.12502E-01
   1.15783E-01  1.19109E-01  1.22466E-01  1.25839E-01  1.29215E-01  1.32583E-01
   1.35939E-01  1.39278E-01  1.42592E-01  1.45833E-01  1.48894E-01  1.51665E-01
   1.54037E-01  1.55955E-01  1.57497E-01  1.58761E-01  1.59846E-01  1.60835E-01
   1.61735E-01  1.62530E-01  1.63204E-01  1.63737E-01  1.64077E-01  1.64149E-01
   1.63880E-01  1.63197E-01  1.62092E-01  1.60621E-01  1.58845E-01  1.56825E-01
   1.54622E-01  1.52296E-01  1.49909E-01  1.47520E-01  1.41523E-01  1.41771E-01
   1.42029E-01  1.42298E-01  1.42576E-01  1.42864E-01  1.43161E-01  1.43467E-01
   1.43782E-01  1.44106E-01  1.44439E-01  1.44781E-01  1.45128E-01  1.45478E-01
   1.45824E-01  1.46163E-01  1.46493E-01  1.46816E-01  1.47134E-01  1.47452E-01
   1.47769E-01  1.48084E-01  1.48391E-01  1.48687E-01  1.48967E-01  1.49231E-01
   1.49479E-01  1.49710E-01  1.49924E-01  1.50123E-01  1.50308E-01  1.50480E-01
   1.50641E-01  1.50792E-01  1.50930E-01  1.51054E-01  1.51163E-01  1.51253E-01
   1.51322E-01  1.51365E-01  1.51378E-01  1.51359E-01  1.51300E-01  1.51197E-01
   1.51044E-01  1.50837E-01  1.50576E-01  1.50267E-01  1.49918E-01  1.49532E-01
   1.49112E-01  1.48657E-01  1.48165E-01  1.47634E-01  1.47061E-01  1.46448E-01
   1.45793E-01  1.45096E-01  1.44358E-01  1.43578E-01  1.42756E-01  1.41893E-01
   1.40987E-01  1.40041E-01  1.39054E-01  1.38028E-01  1.36963E-01  1.35859E-01
   1.34716E-01  1.33535E-01  1.32315E-01  1.31058E-01  1.29764E-01  1.28438E-01
   1.27081E-01  1.25696E-01  1.24284E-01  1.22847E-01  1.21387E-01  1.19905E-01
   1.18403E-01  1.16881E-01  1.15342E-01  1.13787E-01  1.12217E-01  1.10633E-01
   1.09036E-01  1.07430E-01  1.05813E-01  1.04190E-01  1.02560E-01  1.00926E-01
   9.92891E-02  9.76506E-02  9.60114E-02  9.43725E-02  9.27350E-02  9.11004E-02
   8.94703E-02  8.78466E-02  8.62307E-02  8.46241E-02  8.30275E-02  8.14421E-02
   7.98687E-02  7.83083E-02  7.67616E-02  7.52297E-02  7.37132E-02  7.22130E-02
   7.07298E-02  6.92642E-02  6.78168E-02  6.63882E-02  6.49790E-02  6.35896E-02
   6.22206E-02  6.08723E-02  5.95453E-02  5.82399E-02  5.69565E-02  5.56954E-02
   5.44570E-02  5.32416E-02  5.20494E-02  5.08807E-02  4.97359E-02  4.86150E-02
   4.75184E-02  4.64462E-02  4.53988E-02  4.43761E-02  4.33786E-02  4.24063E-02
   4.14594E-02  4.05382E-02  3.96428E-02  3.87734E-02  3.79302E-02  3.71133E-02
   3.63231E-02  3.55597E-02  3.48233E-02  3.41142E-02  3.34326E-02  3.27787E-02
   3.21528E-02  3.15553E-02  3.09863E-02  3.04461E-02  2.99352E-02  2.94538E-02
   2.90022E-02  2.85809E-02  2.81902E-02  2.78305E-02  2.75022E-02  2.72058E-02
   2.69417E-02  2.67103E-02  2.65123E-02  2.63480E-02  2.62180E-02  2.61229E-02
   2.60632E-02  2.60396E-02  2.60526E-02  2.61029E-02  2.61910E-02  2.63178E-02
   2.64839E-02  2.66900E-02  2.69368E-02  2.72251E-02  2.75556E-02  2.79292E-02
   2.83467E-02  2.88089E-02  2.93166E-02  2.98707E-02  3.04722E-02  3.11218E-02
   3.18206E-02  3.25694E-02  3.33693E-02  3.42213E-02  3.51263E-02  3.60854E-02
   3.70996E-02  3.81700E-02  3.92978E-02  4.04840E-02  4.17297E-02  4.30362E-02
   4.44046E-02  4.58363E-02  4.73323E-02  4.88940E-02  5.05226E-02  5.22196E-02
   5.39862E-02  5.58239E-02  5.77341E-02  5.97181E-02  6.17774E-02  6.39136E-02
   6.61280E-02  6.84221E-02  7.07974E-02  7.32554E-02  7.57976E-02  7.84253E-02
   8.11398E-02  8.39424E-02  8.68342E-02  8.98162E-02  9.28889E-02  9.60529E-02
   9.93084E-02  1.02655E-01  1.06093E-01  1.09618E-01  1.13230E-01  1.16926E-01
   1.20700E-01  1.24546E-01  1.28455E-01  1.32420E-01  1.36426E-01  1.40454E-01
   1.44485E-01  1.48500E-01  1.52467E-01  1.56347E-01  1.60095E-01  1.63669E-01
   1.67021E-01  1.70095E-01  1.72830E-01  1.75168E-01  1.77055E-01  1.78465E-01
   1.79379E-01  1.79781E-01  1.79655E-01  1.79026E-01  1.77942E-01  1.76448E-01
   1.74594E-01  1.72425E-01  1.69988E-01  1.67331E-01  1.64499E-01  1.61540E-01
   1.58501E-01  1.55428E-01  1.52367E-01  1.41694E-01  1.41958E-01  1.42234E-01
   1.42521E-01  1.42818E-01  1.43126E-01  1.43444E-01  1.43771E-01  1.44108E-01
   1.44455E-01  1.44812E-01  1.45179E-01  1.45554E-01  1.45931E-01  1.46304E-01
   1.46669E-01  1.47025E-01  1.47374E-01  1.47722E-01  1.48074E-01  1.48432E-01
   1.48792E-01  1.49147E-01  1.49493E-01  1.49823E-01  1.50136E-01  1.50432E-01
   1.50710E-01  1.50971E-01  1.51214E-01  1.51442E-01  1.51656E-01  1.51859E-01
   1.52050E-01  1.52227E-01  1.52386E-01  1.52524E-01  1.52640E-01  1.52731E-01
   1.52796E-01  1.52833E-01  1.52840E-01  1.52810E-01  1.52737E-01  1.52615E-01
   1.52436E-01  1.52202E-01  1.51917E-01  1.51587E-01  1.51216E-01  1.50807E-01
   1.50357E-01  1.49864E-01  1.49326E-01  1.48743E-01  1.48112E-01  1.47436E-01
   1.46713E-01  1.45944E-01  1.45129E-01  1.44267E-01  1.43359E-01  1.42403E-01
   1.41402E-01  1.40356E-01  1.39266E-01  1.38134E-01  1.36960E-01  1.35742E-01
   1.34482E-01  1.33178E-01  1.31831E-01  1.30444E-01  1.29020E-01  1.27564E-01
   1.26077E-01  1.24563E-01  1.23023E-01  1.21458E-01  1.19871E-01  1.18263E-01
   1.16634E-01  1.14986E-01  1.13320E-01  1.11636E-01  1.09939E-01  1.08229E-01
   1.06509E-01  1.04781E-01  1.03049E-01  1.01314E-01  9.95792E-02  9.78459E-02
   9.61137E-02  9.43816E-02  9.26487E-02  9.09144E-02  8.91808E-02  8.74511E-02
   8.57281E-02  8.40150E-02  8.23135E-02  8.06245E-02  7.89492E-02  7.72884E-02
   7.56429E-02  7.40137E-02  7.24014E-02  7.08068E-02  6.92307E-02  6.76737E-02
   6.61365E-02  6.46197E-02  6.31240E-02  6.16497E-02  6.01972E-02  5.87669E-02
   5.73590E-02  5.59742E-02  5.46128E-02  5.32753E-02  5.19623E-02  5.06740E-02
   4.94106E-02  4.81719E-02  4.69581E-02  4.57693E-02  4.46058E-02  4.34679E-02
   4.23560E-02  4.12702E-02  4.02109E-02  3.91779E-02  3.81716E-02  3.71918E-02
   3.62387E-02  3.53124E-02  3.44130E-02  3.35405E-02  3.26952E-02  3.18773E-02
   3.10872E-02  3.03251E-02  2.95914E-02  2.88861E-02  2.82091E-02  2.75606E-02
   2.69407E-02  2.63498E-02  2.57883E-02  2.52567E-02  2.47554E-02  2.42848E-02
   2.38451E-02  2.34366E-02  2.30596E-02  2.27146E-02  2.24019E-02  2.21220E-02
   2.18755E-02  2.16628E-02  2.14846E-02  2.13415E-02  2.12343E-02  2.11636E-02
   2.11299E-02  2.11337E-02  2.11754E-02  2.12556E-02  2.13752E-02  2.15351E-02
   2.17363E-02  2.19798E-02  2.22663E-02  2.25967E-02  2.29716E-02  2.33917E-02
   2.38579E-02  2.43712E-02  2.49327E-02  2.55433E-02  2.62041E-02  2.69162E-02
   2.76808E-02  2.84989E-02  2.93718E-02  3.03004E-02  3.12857E-02  3.23288E-02
   3.34307E-02  3.45928E-02  3.58166E-02  3.71036E-02  3.84554E-02  3.98734E-02
   4.13589E-02  4.29132E-02  4.45375E-02  4.62335E-02  4.80027E-02  4.98472E-02
   5.17687E-02  5.37691E-02  5.58503E-02  5.80142E-02  6.02629E-02  6.25982E-02
   6.50223E-02  6.75373E-02  7.01455E-02  7.28490E-02  7.56502E-02  7.85515E-02
   8.15554E-02  8.46643E-02  8.78810E-02  9.12082E-02  9.46488E-02  9.82055E-02
   1.01880E-01  1.05673E-01  1.09583E-01  1.13608E-01  1.17750E-01  1.22013E-01
   1.26403E-01  1.30930E-01  1.35597E-01  1.40380E-01  1.45235E-01  1.50118E-01
   1.54985E-01  1.59853E-01  1.64816E-01  1.69972E-01  1.75419E-01  1.81136E-01
   1.86807E-01  1.92071E-01  1.96569E-01  1.99986E-01  2.02236E-01  2.03297E-01
   2.03151E-01  2.01795E-01  1.99404E-01  1.96256E-01  1.92633E-01  1.88810E-01
   1.84938E-01  1.81033E-01  1.77103E-01  1.73156E-01  1.69201E-01  1.65246E-01
   1.61299E-01  1.57369E-01  1.41864E-01  1.42146E-01  1.42439E-01  1.42745E-01
   1.43063E-01  1.43392E-01  1.43731E-01  1.44082E-01  1.44443E-01  1.44815E-01
   1.45198E-01  1.45594E-01  1.45998E-01  1.46406E-01  1.46811E-01  1.47209E-01
   1.47597E-01  1.47980E-01  1.48364E-01  1.48753E-01  1.49152E-01  1.49555E-01
   1.49956E-01  1.50350E-01  1.50730E-01  1.51095E-01  1.51443E-01  1.51774E-01
   1.52087E-01  1.52381E-01  1.52660E-01  1.52923E-01  1.53175E-01  1.53413E-01
   1.53634E-01  1.53837E-01  1.54016E-01  1.54169E-01  1.54295E-01  1.54392E-01
   1.54460E-01  1.54497E-01  1.54496E-01  1.54453E-01  1.54361E-01  1.54214E-01
   1.54013E-01  1.53759E-01  1.53457E-01  1.53108E-01  1.52714E-01  1.52273E-01
   1.51782E-01  1.51241E-01  1.50647E-01  1.50001E-01  1.49303E-01  1.48553E-01
   1.47751E-01  1.46897E-01  1.45990E-01  1.45032E-01  1.44020E-01  1.42957E-01
   1.41844E-01  1.40683E-01  1.39475E-01  1.38221E-01  1.36919E-01  1.35569E-01
   1.34170E-01  1.32722E-01  1.31230E-01  1.29697E-01  1.28130E-01  1.26531E-01
   1.24903E-01  1.23248E-01  1.21568E-01  1.19865E-01  1.18139E-01  1.16392E-01
   1.14624E-01  1.12835E-01  1.11028E-01  1.09205E-01  1.07371E-01  1.05528E-01
   1.03680E-01  1.01831E-01  9.99826E-02  9.81395E-02  9.63032E-02  9.44714E-02
   9.26409E-02  9.08086E-02  8.89722E-02  8.71343E-02  8.52993E-02  8.34717E-02
   8.16558E-02  7.98539E-02  7.80673E-02  7.62971E-02  7.45445E-02  7.28105E-02
   7.10955E-02  6.94002E-02  6.77250E-02  6.60706E-02  6.44376E-02  6.28268E-02
   6.12386E-02  5.96738E-02  5.81327E-02  5.66157E-02  5.51230E-02  5.36549E-02
   5.22119E-02  5.07943E-02  4.94027E-02  4.80374E-02  4.66988E-02  4.53867E-02
   4.41012E-02  4.28422E-02  4.16099E-02  4.04043E-02  3.92259E-02  3.80748E-02
   3.69514E-02  3.58556E-02  3.47876E-02  3.37473E-02  3.27347E-02  3.17500E-02
   3.07930E-02  2.98639E-02  2.89626E-02  2.80893E-02  2.72443E-02  2.64278E-02
   2.56401E-02  2.48815E-02  2.41519E-02  2.34512E-02  2.27796E-02  2.21371E-02
   2.15241E-02  2.09410E-02  2.03883E-02  1.98664E-02  1.93756E-02  1.89162E-02
   1.84885E-02  1.80927E-02  1.77293E-02  1.73987E-02  1.71015E-02  1.68380E-02
   1.66089E-02  1.64149E-02  1.62567E-02  1.61349E-02  1.60503E-02  1.60034E-02
   1.59947E-02  1.60248E-02  1.60942E-02  1.62039E-02  1.63549E-02  1.65482E-02
   1.67849E-02  1.70659E-02  1.73919E-02  1.77638E-02  1.81824E-02  1.86485E-02
   1.91634E-02  1.97280E-02  2.03436E-02  2.10112E-02  2.17322E-02  2.25077E-02
   2.33389E-02  2.42272E-02  2.51737E-02  2.61795E-02  2.72457E-02  2.83736E-02
   2.95646E-02  3.08205E-02  3.21429E-02  3.35337E-02  3.49944E-02  3.65265E-02
   3.81315E-02  3.98111E-02  4.15668E-02  4.34009E-02  4.53155E-02  4.73128E-02
   4.93951E-02  5.15646E-02  5.38238E-02  5.61753E-02  5.86214E-02  6.11649E-02
   6.38090E-02  6.65566E-02  6.94108E-02  7.23749E-02  7.54525E-02  7.86471E-02
   8.19622E-02  8.54024E-02  8.89734E-02  9.26810E-02  9.65312E-02  1.00528E-01
   1.04673E-01  1.08966E-01  1.13406E-01  1.17996E-01  1.22757E-01  1.27712E-01
   1.32889E-01  1.38308E-01  1.43934E-01  1.49695E-01  1.55516E-01  1.61325E-01
   1.67202E-01  1.73416E-01  1.80249E-01  1.87982E-01  1.96630E-01  2.05546E-01
   2.13986E-01  2.21206E-01  2.26560E-01  2.29875E-01  2.31121E-01  2.30270E-01
   2.27328E-01  2.22667E-01  2.16873E-01  2.10535E-01  2.04232E-01  1.98250E-01
   1.92560E-01  1.87117E-01  1.81874E-01  1.76786E-01  1.71806E-01  1.66890E-01
   1.61991E-01  1.42031E-01  1.42330E-01  1.42643E-01  1.42969E-01  1.43307E-01
   1.43658E-01  1.44022E-01  1.44397E-01  1.44783E-01  1.45183E-01  1.45595E-01
   1.46021E-01  1.46458E-01  1.46900E-01  1.47341E-01  1.47776E-01  1.48203E-01
   1.48627E-01  1.49051E-01  1.49483E-01  1.49925E-01  1.50372E-01  1.50819E-01
   1.51262E-01  1.51695E-01  1.52115E-01  1.52521E-01  1.52911E-01  1.53282E-01
   1.53636E-01  1.53973E-01  1.54294E-01  1.54602E-01  1.54895E-01  1.55171E-01
   1.55426E-01  1.55657E-01  1.55860E-01  1.56034E-01  1.56177E-01  1.56287E-01
   1.56362E-01  1.56398E-01  1.56390E-01  1.56335E-01  1.56227E-01  1.56066E-01
   1.55852E-01  1.55585E-01  1.55266E-01  1.54893E-01  1.54465E-01  1.53981E-01
   1.53438E-01  1.52836E-01  1.52175E-01  1.51454E-01  1.50674E-01  1.49834E-01
   1.48935E-01  1.47976E-01  1.46958E-01  1.45881E-01  1.44745E-01  1.43554E-01
   1.42309E-01  1.41013E-01  1.39665E-01  1.38265E-01  1.36811E-01  1.35303E-01
   1.33740E-01  1.32129E-01  1.30474E-01  1.28782E-01  1.27057E-01  1.25302E-01
   1.23519E-01  1.21711E-01  1.19878E-01  1.18023E-01  1.16144E-01  1.14243E-01
   1.12321E-01  1.10379E-01  1.08422E-01  1.06453E-01  1.04478E-01  1.02501E-01
   1.00525E-01  9.85545E-02  9.65936E-02  9.46445E-02  9.27033E-02  9.07651E-02
   8.88251E-02  8.68796E-02  8.49315E-02  8.29864E-02  8.10496E-02  7.91266E-02
   7.72202E-02  7.53320E-02  7.34634E-02  7.16157E-02  6.97900E-02  6.79865E-02
   6.62057E-02  6.44477E-02  6.27132E-02  6.10025E-02  5.93165E-02  5.76556E-02
   5.60206E-02  5.44117E-02  5.28293E-02  5.12736E-02  4.97450E-02  4.82438E-02
   4.67702E-02  4.53246E-02  4.39072E-02  4.25183E-02  4.11578E-02  3.98256E-02
   3.85219E-02  3.72467E-02  3.60001E-02  3.47821E-02  3.35929E-02  3.24327E-02
   3.13014E-02  3.01990E-02  2.91255E-02  2.80808E-02  2.70650E-02  2.60780E-02
   2.51199E-02  2.41905E-02  2.32901E-02  2.24186E-02  2.15763E-02  2.07634E-02
   1.99798E-02  1.92258E-02  1.85013E-02  1.78064E-02  1.71411E-02  1.65059E-02
   1.59009E-02  1.53267E-02  1.47834E-02  1.42715E-02  1.37912E-02  1.33429E-02
   1.29268E-02  1.25435E-02  1.21934E-02  1.18770E-02  1.15947E-02  1.13473E-02
   1.11353E-02  1.09594E-02  1.08204E-02  1.07190E-02  1.06557E-02  1.06313E-02
   1.06464E-02  1.07018E-02  1.07983E-02  1.09370E-02  1.11189E-02  1.13450E-02
   1.16163E-02  1.19336E-02  1.22980E-02  1.27104E-02  1.31719E-02  1.36836E-02
   1.42467E-02  1.48624E-02  1.55318E-02  1.62564E-02  1.70373E-02  1.78760E-02
   1.87738E-02  1.97319E-02  2.07518E-02  2.18348E-02  2.29822E-02  2.41957E-02
   2.54770E-02  2.68279E-02  2.82502E-02  2.97457E-02  3.13162E-02  3.29634E-02
   3.46893E-02  3.64958E-02  3.83853E-02  4.03603E-02  4.24231E-02  4.45762E-02
   4.68226E-02  4.91649E-02  5.16061E-02  5.41492E-02  5.67977E-02  5.95555E-02
   6.24265E-02  6.54146E-02  6.85240E-02  7.17592E-02  7.51248E-02  7.86252E-02
   8.22666E-02  8.60579E-02  9.00080E-02  9.41257E-02  9.84183E-02  1.02888E-01
   1.07535E-01  1.12361E-01  1.17372E-01  1.22601E-01  1.28093E-01  1.33892E-01
   1.40035E-01  1.46481E-01  1.53130E-01  1.59882E-01  1.66642E-01  1.73551E-01
   1.81054E-01  1.89618E-01  1.99706E-01  2.11365E-01  2.23617E-01  2.35331E-01
   2.45375E-01  2.52765E-01  2.57228E-01  2.58709E-01  2.57153E-01  2.52561E-01
   2.45511E-01  2.36922E-01  2.27718E-01  2.18804E-01  2.10616E-01  2.03075E-01
   1.96077E-01  1.89518E-01  1.83293E-01  1.77300E-01  1.71433E-01  1.65588E-01
   1.42194E-01  1.42511E-01  1.42843E-01  1.43189E-01  1.43550E-01  1.43925E-01
   1.44313E-01  1.44714E-01  1.45129E-01  1.45558E-01  1.46002E-01  1.46461E-01
   1.46932E-01  1.47410E-01  1.47889E-01  1.48366E-01  1.48837E-01  1.49306E-01
   1.49778E-01  1.50257E-01  1.50746E-01  1.51241E-01  1.51739E-01  1.52235E-01
   1.52725E-01  1.53206E-01  1.53675E-01  1.54130E-01  1.54568E-01  1.54988E-01
   1.55392E-01  1.55781E-01  1.56155E-01  1.56514E-01  1.56854E-01  1.57173E-01
   1.57468E-01  1.57734E-01  1.57970E-01  1.58173E-01  1.58339E-01  1.58467E-01
   1.58553E-01  1.58594E-01  1.58588E-01  1.58530E-01  1.58420E-01  1.58255E-01
   1.58031E-01  1.57748E-01  1.57402E-01  1.56994E-01  1.56520E-01  1.55979E-01
   1.55371E-01  1.54694E-01  1.53949E-01  1.53134E-01  1.52250E-01  1.51296E-01
   1.50275E-01  1.49185E-01  1.48029E-01  1.46807E-01  1.45523E-01  1.44178E-01
   1.42776E-01  1.41316E-01  1.39798E-01  1.38222E-01  1.36586E-01  1.34892E-01
   1.33146E-01  1.31355E-01  1.29523E-01  1.27658E-01  1.25760E-01  1.23834E-01
   1.21881E-01  1.19904E-01  1.17903E-01  1.15879E-01  1.13833E-01  1.11765E-01
   1.09678E-01  1.07577E-01  1.05466E-01  1.03350E-01  1.01234E-01  9.91224E-02
   9.70190E-02  9.49286E-02  9.28535E-02  9.07892E-02  8.87302E-02  8.66712E-02
   8.46079E-02  8.25434E-02  8.04835E-02  7.84342E-02  7.64012E-02  7.43876E-02
   7.23952E-02  7.04256E-02  6.84804E-02  6.65606E-02  6.46663E-02  6.27978E-02
   6.09553E-02  5.91390E-02  5.73494E-02  5.55873E-02  5.38530E-02  5.21472E-02
   5.04702E-02  4.88223E-02  4.72037E-02  4.56148E-02  4.40556E-02  4.25264E-02
   4.10272E-02  3.95583E-02  3.81198E-02  3.67116E-02  3.53338E-02  3.39864E-02
   3.26695E-02  3.13829E-02  3.01266E-02  2.89006E-02  2.77049E-02  2.65393E-02
   2.54038E-02  2.42983E-02  2.32227E-02  2.21771E-02  2.11612E-02  2.01751E-02
   1.92187E-02  1.82920E-02  1.73950E-02  1.65277E-02  1.56900E-02  1.48821E-02
   1.41040E-02  1.33558E-02  1.26377E-02  1.19497E-02  1.12920E-02  1.06649E-02
   1.00686E-02  9.50336E-03  8.96943E-03  8.46722E-03  7.99707E-03  7.55935E-03
   7.15453E-03  6.78312E-03  6.44562E-03  6.14254E-03  5.87446E-03  5.64204E-03
   5.44596E-03  5.28689E-03  5.16554E-03  5.08270E-03  5.03920E-03  5.03587E-03
   5.07353E-03  5.15312E-03  5.27560E-03  5.44195E-03  5.65314E-03  5.91020E-03
   6.21426E-03  6.56641E-03  6.96775E-03  7.41947E-03  7.92277E-03  8.47892E-03
   9.08913E-03  9.75471E-03  1.04770E-02  1.12574E-02  1.20972E-02  1.29979E-02
   1.39611E-02  1.49882E-02  1.60807E-02  1.72404E-02  1.84688E-02  1.97677E-02
   2.11390E-02  2.25844E-02  2.41058E-02  2.57053E-02  2.73850E-02  2.91471E-02
   3.09937E-02  3.29274E-02  3.49508E-02  3.70665E-02  3.92772E-02  4.15860E-02
   4.39961E-02  4.65109E-02  4.91337E-02  5.18686E-02  5.47202E-02  5.76932E-02
   6.07922E-02  6.40221E-02  6.73883E-02  7.08961E-02  7.45508E-02  7.83601E-02
   8.23353E-02  8.64880E-02  9.08297E-02  9.53698E-02  1.00112E-01  1.05059E-01
   1.10213E-01  1.15583E-01  1.21215E-01  1.27166E-01  1.33498E-01  1.40262E-01
   1.47412E-01  1.54835E-01  1.62418E-01  1.70054E-01  1.77934E-01  1.86639E-01
   1.96773E-01  2.08939E-01  2.23205E-01  2.38326E-01  2.52860E-01  2.65368E-01
   2.74587E-01  2.80141E-01  2.81921E-01  2.79818E-01  2.73801E-01  2.64630E-01
   2.53532E-01  2.41743E-01  2.30470E-01  2.20289E-01  2.11079E-01  2.02684E-01
   1.94950E-01  1.87722E-01  1.80843E-01  1.74160E-01  1.67516E-01  1.42351E-01
   1.42686E-01  1.43037E-01  1.43405E-01  1.43789E-01  1.44188E-01  1.44602E-01
   1.45032E-01  1.45478E-01  1.45939E-01  1.46416E-01  1.46909E-01  1.47415E-01
   1.47931E-01  1.48451E-01  1.48972E-01  1.49490E-01  1.50011E-01  1.50535E-01
   1.51068E-01  1.51610E-01  1.52161E-01  1.52715E-01  1.53271E-01  1.53824E-01
   1.54372E-01  1.54911E-01  1.55439E-01  1.55951E-01  1.56448E-01  1.56928E-01
   1.57394E-01  1.57845E-01  1.58281E-01  1.58699E-01  1.59095E-01  1.59467E-01
   1.59811E-01  1.60123E-01  1.60401E-01  1.60642E-01  1.60841E-01  1.60996E-01
   1.61105E-01  1.61164E-01  1.61171E-01  1.61123E-01  1.61014E-01  1.60842E-01
   1.60602E-01  1.60291E-01  1.59907E-01  1.59448E-01  1.58913E-01  1.58299E-01
   1.57607E-01  1.56834E-01  1.55979E-01  1.55042E-01  1.54024E-01  1.52927E-01
   1.51752E-01  1.50502E-01  1.49178E-01  1.47783E-01  1.46319E-01  1.44789E-01
   1.43194E-01  1.41536E-01  1.39814E-01  1.38030E-01  1.36187E-01  1.34289E-01
   1.32344E-01  1.30356E-01  1.28332E-01  1.26275E-01  1.24188E-01  1.22073E-01
   1.19933E-01  1.17771E-01  1.15586E-01  1.13380E-01  1.11155E-01  1.08913E-01
   1.06658E-01  1.04396E-01  1.02131E-01  9.98673E-02  9.76095E-02  9.53617E-02
   9.31283E-02  9.09115E-02  8.87077E-02  8.65125E-02  8.43211E-02  8.21302E-02
   7.99426E-02  7.77639E-02  7.55994E-02  7.34544E-02  7.13321E-02  6.92340E-02
   6.71619E-02  6.51174E-02  6.31016E-02  6.11145E-02  5.91565E-02  5.72277E-02
   5.53285E-02  5.34592E-02  5.16205E-02  4.98126E-02  4.80362E-02  4.62913E-02
   4.45784E-02  4.28974E-02  4.12486E-02  3.96321E-02  3.80479E-02  3.64961E-02
   3.49768E-02  3.34900E-02  3.20356E-02  3.06137E-02  2.92243E-02  2.78672E-02
   2.65422E-02  2.52493E-02  2.39881E-02  2.27586E-02  2.15605E-02  2.03937E-02
   1.92581E-02  1.81534E-02  1.70796E-02  1.60364E-02  1.50239E-02  1.40418E-02
   1.30901E-02  1.21686E-02  1.12772E-02  1.04158E-02  9.58437E-03  8.78300E-03
   8.01179E-03  7.27078E-03  6.56013E-03  5.87997E-03  5.23042E-03  4.61162E-03
   4.02373E-03  3.46707E-03  2.94201E-03  2.44893E-03  1.98821E-03  1.56031E-03
   1.16579E-03  8.05148E-04  4.78924E-04  1.87704E-04 -6.78328E-05 -2.87016E-04
  -4.69164E-04 -6.13539E-04 -7.19236E-04 -7.85331E-04 -8.10890E-04 -7.94980E-04
  -7.36632E-04 -6.34863E-04 -4.88693E-04 -2.97129E-04 -5.90469E-05  2.26779E-04
   5.61564E-04  9.46521E-04  1.38292E-03  1.87208E-03  2.41531E-03  3.01393E-03
   3.66931E-03  4.38284E-03  5.15599E-03  5.99018E-03  6.88694E-03  7.84790E-03
   8.87476E-03  9.96920E-03  1.11330E-02  1.23678E-02  1.36756E-02  1.50581E-02
   1.65171E-02  1.80547E-02  1.96732E-02  2.13747E-02  2.31616E-02  2.50362E-02
   2.70012E-02  2.90594E-02  3.12134E-02  3.34661E-02  3.58208E-02  3.82811E-02
   4.08505E-02  4.35325E-02  4.63319E-02  4.92535E-02  5.23025E-02  5.54840E-02
   5.88036E-02  6.22671E-02  6.58807E-02  6.96501E-02  7.35843E-02  7.76961E-02
   8.19986E-02  8.65050E-02  9.12265E-02  9.61689E-02  1.01337E-01  1.06735E-01
   1.12374E-01  1.18307E-01  1.24602E-01  1.31324E-01  1.38535E-01  1.46195E-01
   1.54194E-01  1.62423E-01  1.70778E-01  1.79482E-01  1.89174E-01  2.00519E-01
   2.14184E-01  2.30237E-01  2.47286E-01  2.63722E-01  2.77933E-01  2.88503E-01
   2.94953E-01  2.97090E-01  2.94723E-01  2.87753E-01  2.77070E-01  2.64138E-01
   2.50432E-01  2.37398E-01  2.25719E-01  2.15249E-01  2.05798E-01  1.97177E-01
   1.89198E-01  1.81672E-01  1.74409E-01  1.67220E-01  1.42496E-01  1.42850E-01
   1.43221E-01  1.43611E-01  1.44018E-01  1.44443E-01  1.44885E-01  1.45345E-01
   1.45823E-01  1.46318E-01  1.46830E-01  1.47359E-01  1.47904E-01  1.48459E-01
   1.49023E-01  1.49591E-01  1.50161E-01  1.50736E-01  1.51319E-01  1.51911E-01
   1.52514E-01  1.53125E-01  1.53744E-01  1.54367E-01  1.54991E-01  1.55614E-01
   1.56231E-01  1.56840E-01  1.57435E-01  1.58017E-01  1.58585E-01  1.59139E-01
   1.59680E-01  1.60206E-01  1.60714E-01  1.61201E-01  1.61665E-01  1.62101E-01
   1.62505E-01  1.62875E-01  1.63206E-01  1.63495E-01  1.63738E-01  1.63931E-01
   1.64072E-01  1.64157E-01  1.64181E-01  1.64138E-01  1.64024E-01  1.63834E-01
   1.63563E-01  1.63209E-01  1.62769E-01  1.62241E-01  1.61623E-01  1.60913E-01
   1.60110E-01  1.59210E-01  1.58214E-01  1.57123E-01  1.55940E-01  1.54667E-01
   1.53309E-01  1.51866E-01  1.50343E-01  1.48741E-01  1.47063E-01  1.45312E-01
   1.43491E-01  1.41602E-01  1.39649E-01  1.37635E-01  1.35565E-01  1.33445E-01
   1.31281E-01  1.29079E-01  1.26841E-01  1.24572E-01  1.22275E-01  1.19954E-01
   1.17611E-01  1.15249E-01  1.12868E-01  1.10470E-01  1.08060E-01  1.05641E-01
   1.03217E-01  1.00792E-01  9.83705E-02  9.59560E-02  9.35523E-02  9.11633E-02
   8.87911E-02  8.64340E-02  8.40892E-02  8.17542E-02  7.94269E-02  7.71102E-02
   7.48083E-02  7.25256E-02  7.02664E-02  6.80334E-02  6.58280E-02  6.36518E-02
   6.15063E-02  5.93927E-02  5.73111E-02  5.52619E-02  5.32456E-02  5.12624E-02
   4.93127E-02  4.73969E-02  4.55153E-02  4.36683E-02  4.18561E-02  4.00787E-02
   3.83361E-02  3.66284E-02  3.49557E-02  3.33179E-02  3.17151E-02  3.01472E-02
   2.86142E-02  2.71159E-02  2.56523E-02  2.42230E-02  2.28281E-02  2.14671E-02
   2.01398E-02  1.88459E-02  1.75850E-02  1.63569E-02  1.51613E-02  1.39980E-02
   1.28667E-02  1.17670E-02  1.06989E-02  9.66202E-03  8.65617E-03  7.68114E-03
   6.73672E-03  5.82275E-03  4.93899E-03  4.08535E-03  3.26184E-03  2.46851E-03
   1.70534E-03  9.72420E-04  2.69834E-04 -4.02320E-04 -1.04397E-03 -1.65498E-03
  -2.23506E-03 -2.78384E-03 -3.30096E-03 -3.78606E-03 -4.23866E-03 -4.65819E-03
  -5.04414E-03 -5.39593E-03 -5.71297E-03 -5.99454E-03 -6.23992E-03 -6.44841E-03
  -6.61922E-03 -6.75138E-03 -6.84391E-03 -6.89579E-03 -6.90604E-03 -6.87360E-03
  -6.79744E-03 -6.67648E-03 -6.50968E-03 -6.29582E-03 -6.03360E-03 -5.72173E-03
  -5.35891E-03 -4.94377E-03 -4.47493E-03 -3.95097E-03 -3.37049E-03 -2.73202E-03
  -2.03410E-03 -1.27519E-03 -4.53786E-04  4.31701E-04  1.38300E-03  2.40190E-03
   3.49017E-03  4.64965E-03  5.88216E-03  7.18960E-03  8.57381E-03  1.00367E-02
   1.15804E-02  1.32072E-02  1.49194E-02  1.67193E-02  1.86094E-02  2.05924E-02
   2.26711E-02  2.48483E-02  2.71269E-02  2.95104E-02  3.20024E-02  3.46065E-02
   3.73266E-02  4.01673E-02  4.31338E-02  4.62316E-02  4.94657E-02  5.28422E-02
   5.63674E-02  6.00477E-02  6.38894E-02  6.79019E-02  7.20986E-02  7.64932E-02
   8.10996E-02  8.59299E-02  9.09918E-02  9.62923E-02  1.01838E-01  1.07643E-01
   1.13760E-01  1.20258E-01  1.27206E-01  1.34666E-01  1.42608E-01  1.50941E-01
   1.59572E-01  1.68415E-01  1.77698E-01  1.88048E-01  2.00121E-01  2.14572E-01
   2.31454E-01  2.49351E-01  2.66624E-01  2.81638E-01  2.92939E-01  2.99970E-01
   3.02447E-01  3.00089E-01  2.92720E-01  2.81285E-01  2.67390E-01  2.52650E-01
   2.38647E-01  2.26133E-01  2.14952E-01  2.04900E-01  1.95775E-01  1.87375E-01
   1.79499E-01  1.71942E-01  1.64504E-01  1.42626E-01  1.42998E-01  1.43390E-01
   1.43802E-01  1.44233E-01  1.44684E-01  1.45156E-01  1.45647E-01  1.46158E-01
   1.46689E-01  1.47238E-01  1.47807E-01  1.48392E-01  1.48991E-01  1.49601E-01
   1.50219E-01  1.50845E-01  1.51480E-01  1.52124E-01  1.52780E-01  1.53449E-01
   1.54130E-01  1.54820E-01  1.55518E-01  1.56221E-01  1.56927E-01  1.57632E-01
   1.58331E-01  1.59020E-01  1.59698E-01  1.60364E-01  1.61019E-01  1.61663E-01
   1.62292E-01  1.62906E-01  1.63500E-01  1.64070E-01  1.64614E-01  1.65127E-01
   1.65605E-01  1.66043E-01  1.66438E-01  1.66784E-01  1.67077E-01  1.67313E-01
   1.67486E-01  1.67591E-01  1.67621E-01  1.67572E-01  1.67437E-01  1.67211E-01
   1.66891E-01  1.66473E-01  1.65954E-01  1.65331E-01  1.64602E-01  1.63764E-01
   1.62816E-01  1.61756E-01  1.60586E-01  1.59310E-01  1.57931E-01  1.56453E-01
   1.54878E-01  1.53210E-01  1.51452E-01  1.49607E-01  1.47681E-01  1.45677E-01
   1.43599E-01  1.41454E-01  1.39246E-01  1.36980E-01  1.34662E-01  1.32298E-01
   1.29893E-01  1.27451E-01  1.24978E-01  1.22478E-01  1.19954E-01  1.17411E-01
   1.14851E-01  1.12277E-01  1.09691E-01  1.07097E-01  1.04499E-01  1.01899E-01
   9.93021E-02  9.67106E-02  9.41278E-02  9.15570E-02  8.90013E-02  8.64630E-02
   8.39421E-02  8.14383E-02  7.89511E-02  7.64806E-02  7.40290E-02  7.15994E-02
   6.91948E-02  6.68184E-02  6.44721E-02  6.21572E-02  5.98751E-02  5.76270E-02
   5.54138E-02  5.32362E-02  5.10945E-02  4.89894E-02  4.69212E-02  4.48903E-02
   4.28970E-02  4.09415E-02  3.90241E-02  3.71449E-02  3.53037E-02  3.35006E-02
   3.17356E-02  3.00085E-02  2.83192E-02  2.66677E-02  2.50538E-02  2.34774E-02
   2.19381E-02  2.04357E-02  1.89699E-02  1.75403E-02  1.61464E-02  1.47880E-02
   1.34645E-02  1.21755E-02  1.09207E-02  9.69951E-03  8.51168E-03  7.35673E-03
   6.23428E-03  5.14399E-03  4.08551E-03  3.05843E-03  2.06247E-03  1.09734E-03
   1.62793E-04 -7.41481E-04 -1.61567E-03 -2.45985E-03 -3.27408E-03 -4.05847E-03
  -4.81301E-03 -5.53766E-03 -6.23234E-03 -6.89700E-03 -7.53153E-03 -8.13565E-03
  -8.70903E-03 -9.25134E-03 -9.76224E-03 -1.02412E-02 -1.06878E-02 -1.11013E-02
  -1.14812E-02 -1.18269E-02 -1.21376E-02 -1.24125E-02 -1.26509E-02 -1.28518E-02
  -1.30144E-02 -1.31376E-02 -1.32203E-02 -1.32614E-02 -1.32599E-02 -1.32146E-02
  -1.31243E-02 -1.29878E-02 -1.28039E-02 -1.25711E-02 -1.22882E-02 -1.19537E-02
  -1.15662E-02 -1.11242E-02 -1.06262E-02 -1.00707E-02 -9.45617E-03 -8.78105E-03
  -8.04370E-03 -7.24255E-03 -6.37592E-03 -5.44204E-03 -4.43909E-03 -3.36527E-03
  -2.21870E-03 -9.97501E-04  3.00273E-04  1.67654E-03  3.13327E-03  4.67259E-03
   6.29681E-03  8.00814E-03  9.80896E-03  1.17017E-02  1.36891E-02  1.57739E-02
   1.79590E-02  2.02473E-02  2.26421E-02  2.51471E-02  2.77660E-02  3.05023E-02
   3.33609E-02  3.63469E-02  3.94654E-02  4.27217E-02  4.61217E-02  4.96718E-02
   5.33785E-02  5.72484E-02  6.12906E-02  6.55182E-02  6.99446E-02  7.45830E-02
   7.94459E-02  8.45423E-02  8.98808E-02  9.54700E-02  1.01324E-01  1.07494E-01
   1.14043E-01  1.21036E-01  1.28529E-01  1.36507E-01  1.44900E-01  1.53640E-01
   1.62662E-01  1.72177E-01  1.82746E-01  1.94955E-01  2.09389E-01  2.26075E-01
   2.43680E-01  2.60669E-01  2.75503E-01  2.86808E-01  2.93991E-01  2.96700E-01
   2.94583E-01  2.87400E-01  2.76081E-01  2.62246E-01  2.47521E-01  2.33502E-01
   2.20953E-01  2.09726E-01  1.99626E-01  1.90460E-01  1.82034E-01  1.74154E-01
   1.66628E-01  1.59261E-01  1.42736E-01  1.43126E-01  1.43539E-01  1.43973E-01
   1.44429E-01  1.44907E-01  1.45408E-01  1.45931E-01  1.46477E-01  1.47044E-01
   1.47633E-01  1.48244E-01  1.48873E-01  1.49520E-01  1.50182E-01  1.50855E-01
   1.51540E-01  1.52236E-01  1.52946E-01  1.53671E-01  1.54412E-01  1.55168E-01
   1.55937E-01  1.56719E-01  1.57511E-01  1.58310E-01  1.59112E-01  1.59912E-01
   1.60706E-01  1.61492E-01  1.62270E-01  1.63039E-01  1.63799E-01  1.64547E-01
   1.65282E-01  1.65998E-01  1.66692E-01  1.67361E-01  1.67998E-01  1.68600E-01
   1.69161E-01  1.69676E-01  1.70139E-01  1.70545E-01  1.70886E-01  1.71156E-01
   1.71350E-01  1.71460E-01  1.71481E-01  1.71406E-01  1.71230E-01  1.70947E-01
   1.70553E-01  1.70042E-01  1.69412E-01  1.68660E-01  1.67785E-01  1.66784E-01
   1.65658E-01  1.64408E-01  1.63036E-01  1.61545E-01  1.59937E-01  1.58216E-01
   1.56388E-01  1.54457E-01  1.52429E-01  1.50310E-01  1.48104E-01  1.45818E-01
   1.43459E-01  1.41031E-01  1.38542E-01  1.35998E-01  1.33406E-01  1.30771E-01
   1.28100E-01  1.25398E-01  1.22670E-01  1.19921E-01  1.17155E-01  1.14377E-01
   1.11589E-01  1.08796E-01  1.06000E-01  1.03205E-01  1.00414E-01  9.76292E-02
   9.48538E-02  9.20904E-02  8.93415E-02  8.66098E-02  8.38974E-02  8.12061E-02
   7.85373E-02  7.58926E-02  7.32735E-02  7.06819E-02  6.81197E-02  6.55890E-02
   6.30916E-02  6.06289E-02  5.82020E-02  5.58117E-02  5.34591E-02  5.11449E-02
   4.88698E-02  4.66345E-02  4.44395E-02  4.22855E-02  4.01727E-02  3.81014E-02
   3.60717E-02  3.40840E-02  3.21381E-02  3.02341E-02  2.83718E-02  2.65512E-02
   2.47722E-02  2.30343E-02  2.13372E-02  1.96807E-02  1.80645E-02  1.64879E-02
   1.49505E-02  1.34519E-02  1.19915E-02  1.05688E-02  9.18328E-03  7.83428E-03
   6.52129E-03  5.24369E-03  4.00093E-03  2.79247E-03  1.61768E-03  4.76078E-04
  -6.32862E-04 -1.70963E-03 -2.75476E-03 -3.76867E-03 -4.75174E-03 -5.70432E-03
  -6.62680E-03 -7.51947E-03 -8.38253E-03 -9.21614E-03 -1.00205E-02 -1.07958E-02
  -1.15419E-02 -1.22588E-02 -1.29464E-02 -1.36048E-02 -1.42335E-02 -1.48324E-02
  -1.54010E-02 -1.59392E-02 -1.64464E-02 -1.69220E-02 -1.73654E-02 -1.77761E-02
  -1.81535E-02 -1.84965E-02 -1.88045E-02 -1.90766E-02 -1.93118E-02 -1.95092E-02
  -1.96675E-02 -1.97859E-02 -1.98631E-02 -1.98978E-02 -1.98889E-02 -1.98350E-02
  -1.97349E-02 -1.95870E-02 -1.93901E-02 -1.91426E-02 -1.88430E-02 -1.84899E-02
  -1.80817E-02 -1.76167E-02 -1.70934E-02 -1.65102E-02 -1.58654E-02 -1.51572E-02
  -1.43841E-02 -1.35442E-02 -1.26358E-02 -1.16570E-02 -1.06062E-02 -9.48130E-03
  -8.28055E-03 -7.00195E-03 -5.64352E-03 -4.20327E-03 -2.67908E-03 -1.06871E-03
   6.29988E-04  2.41934E-03  4.30169E-03  6.27972E-03  8.35608E-03  1.05335E-02
   1.28149E-02  1.52034E-02  1.77025E-02  2.03157E-02  2.30463E-02  2.58989E-02
   2.88781E-02  3.19890E-02  3.52363E-02  3.86255E-02  4.21629E-02  4.58546E-02
   4.97069E-02  5.37282E-02  5.79303E-02  6.23251E-02  6.69247E-02  7.17403E-02
   7.67816E-02  8.20576E-02  8.75774E-02  9.33548E-02  9.94328E-02  1.05865E-01
   1.12705E-01  1.20001E-01  1.27747E-01  1.35895E-01  1.44399E-01  1.53214E-01
   1.62516E-01  1.72754E-01  1.84400E-01  1.97921E-01  2.13317E-01  2.29437E-01
   2.44955E-01  2.58549E-01  2.69024E-01  2.75815E-01  2.78554E-01  2.76869E-01
   2.70495E-01  2.60266E-01  2.47661E-01  2.34168E-01  2.21247E-01  2.09601E-01
   1.99110E-01  1.89614E-01  1.80949E-01  1.72955E-01  1.65471E-01  1.58334E-01
   1.51382E-01  1.42819E-01  1.43228E-01  1.43661E-01  1.44117E-01  1.44598E-01
   1.45104E-01  1.45634E-01  1.46190E-01  1.46770E-01  1.47376E-01  1.48007E-01
   1.48663E-01  1.49342E-01  1.50042E-01  1.50759E-01  1.51492E-01  1.52238E-01
   1.53000E-01  1.53779E-01  1.54577E-01  1.55395E-01  1.56233E-01  1.57089E-01
   1.57963E-01  1.58853E-01  1.59755E-01  1.60665E-01  1.61578E-01  1.62489E-01
   1.63396E-01  1.64298E-01  1.65195E-01  1.66087E-01  1.66970E-01  1.67842E-01
   1.68698E-01  1.69534E-01  1.70346E-01  1.71128E-01  1.71873E-01  1.72575E-01
   1.73227E-01  1.73823E-01  1.74356E-01  1.74816E-01  1.75198E-01  1.75494E-01
   1.75696E-01  1.75799E-01  1.75795E-01  1.75677E-01  1.75439E-01  1.75074E-01
   1.74576E-01  1.73938E-01  1.73161E-01  1.72244E-01  1.71188E-01  1.69992E-01
   1.68657E-01  1.67183E-01  1.65569E-01  1.63817E-01  1.61933E-01  1.59923E-01
   1.57797E-01  1.55563E-01  1.53228E-01  1.50798E-01  1.48278E-01  1.45677E-01
   1.42999E-01  1.40254E-01  1.37451E-01  1.34598E-01  1.31703E-01  1.28773E-01
   1.25814E-01  1.22833E-01  1.19834E-01  1.16822E-01  1.13803E-01  1.10781E-01
   1.07758E-01  1.04741E-01  1.01729E-01  9.87280E-02  9.57389E-02  9.27648E-02
   8.98078E-02  8.68702E-02  8.39543E-02  8.10624E-02  7.81968E-02  7.53600E-02
   7.25546E-02  6.97829E-02  6.70464E-02  6.43465E-02  6.16845E-02  5.90617E-02
   5.64789E-02  5.39367E-02  5.14358E-02  4.89766E-02  4.65600E-02  4.41864E-02
   4.18566E-02  3.95712E-02  3.73310E-02  3.51360E-02  3.29866E-02  3.08830E-02
   2.88254E-02  2.68138E-02  2.48484E-02  2.29290E-02  2.10556E-02  1.92278E-02
   1.74450E-02  1.57065E-02  1.40116E-02  1.23598E-02  1.07504E-02  9.18273E-03
   7.65612E-03  6.16992E-03  4.72335E-03  3.31568E-03  1.94616E-03  6.14045E-04
  -6.81451E-04 -1.94106E-03 -3.16551E-03 -4.35560E-03 -5.51199E-03 -6.63536E-03
  -7.72636E-03 -8.78570E-03 -9.81392E-03 -1.08115E-02 -1.17790E-02 -1.27169E-02
  -1.36255E-02 -1.45052E-02 -1.53564E-02 -1.61792E-02 -1.69739E-02 -1.77405E-02
  -1.84791E-02 -1.91895E-02 -1.98718E-02 -2.05257E-02 -2.11508E-02 -2.17471E-02
  -2.23140E-02 -2.28512E-02 -2.33581E-02 -2.38340E-02 -2.42784E-02 -2.46905E-02
  -2.50695E-02 -2.54144E-02 -2.57243E-02 -2.59982E-02 -2.62351E-02 -2.64337E-02
  -2.65930E-02 -2.67117E-02 -2.67886E-02 -2.68221E-02 -2.68109E-02 -2.67535E-02
  -2.66485E-02 -2.64943E-02 -2.62892E-02 -2.60317E-02 -2.57203E-02 -2.53531E-02
  -2.49287E-02 -2.44452E-02 -2.39010E-02 -2.32944E-02 -2.26234E-02 -2.18864E-02
  -2.10815E-02 -2.02069E-02 -1.92609E-02 -1.82417E-02 -1.71475E-02 -1.59765E-02
  -1.47266E-02 -1.33960E-02 -1.19826E-02 -1.04843E-02 -8.89906E-03 -7.22479E-03
  -5.45924E-03 -3.60020E-03 -1.64516E-03  4.08376E-04  2.56299E-03  4.82127E-03
   7.18619E-03  9.66075E-03  1.22481E-02  1.49513E-02  1.77744E-02  2.07213E-02
   2.37964E-02  2.70040E-02  3.03489E-02  3.38365E-02  3.74722E-02  4.12616E-02
   4.52116E-02  4.93320E-02  5.36324E-02  5.81227E-02  6.28121E-02  6.77092E-02
   7.28218E-02  7.81582E-02  8.37296E-02  8.95679E-02  9.57120E-02  1.02201E-01
   1.09071E-01  1.16318E-01  1.23911E-01  1.31816E-01  1.40005E-01  1.48598E-01
   1.57907E-01  1.68257E-01  1.79972E-01  1.93024E-01  2.06520E-01  2.19439E-01
   2.30760E-01  2.39558E-01  2.45372E-01  2.47882E-01  2.46769E-01  2.41801E-01
   2.33635E-01  2.23450E-01  2.12436E-01  2.01756E-01  1.91984E-01  1.83044E-01
   1.74830E-01  1.67234E-01  1.60149E-01  1.53469E-01  1.47085E-01  1.40891E-01
   1.42866E-01  1.43292E-01  1.43744E-01  1.44222E-01  1.44728E-01  1.45260E-01
   1.45821E-01  1.46409E-01  1.47025E-01  1.47671E-01  1.48345E-01  1.49050E-01
   1.49782E-01  1.50540E-01  1.51318E-01  1.52114E-01  1.52926E-01  1.53756E-01
   1.54608E-01  1.55484E-01  1.56385E-01  1.57311E-01  1.58261E-01  1.59235E-01
   1.60230E-01  1.61244E-01  1.62270E-01  1.63305E-01  1.64344E-01  1.65384E-01
   1.66424E-01  1.67463E-01  1.68502E-01  1.69537E-01  1.70565E-01  1.71582E-01
   1.72583E-01  1.73564E-01  1.74518E-01  1.75437E-01  1.76313E-01  1.77140E-01
   1.77908E-01  1.78608E-01  1.79232E-01  1.79770E-01  1.80214E-01  1.80555E-01
   1.80785E-01  1.80894E-01  1.80874E-01  1.80716E-01  1.80408E-01  1.79943E-01
   1.79312E-01  1.78516E-01  1.77556E-01  1.76432E-01  1.75146E-01  1.73697E-01
   1.72084E-01  1.70305E-01  1.68363E-01  1.66263E-01  1.64019E-01  1.61642E-01
   1.59146E-01  1.56539E-01  1.53829E-01  1.51022E-01  1.48127E-01  1.45150E-01
   1.42103E-01  1.38997E-01  1.35842E-01  1.32650E-01  1.29427E-01  1.26180E-01
   1.22916E-01  1.19641E-01  1.16360E-01  1.13077E-01  1.09798E-01  1.06527E-01
   1.03268E-01  1.00022E-01  9.67939E-02  9.35852E-02  9.03986E-02  8.72362E-02
   8.41002E-02  8.09926E-02  7.79155E-02  7.48716E-02  7.18634E-02  6.88937E-02
   6.59648E-02  6.30781E-02  6.02348E-02  5.74358E-02  5.46822E-02  5.19745E-02
   4.93131E-02  4.66983E-02  4.41304E-02  4.16098E-02  3.91372E-02  3.67131E-02
   3.43382E-02  3.20130E-02  2.97378E-02  2.75127E-02  2.53380E-02  2.32139E-02
   2.11405E-02  1.91177E-02  1.71456E-02  1.52240E-02  1.33525E-02  1.15299E-02
   9.75523E-03  8.02759E-03  6.34603E-03  4.70965E-03  3.11763E-03  1.56913E-03
   6.32838E-05 -1.40093E-03 -2.82446E-03 -4.20830E-03 -5.55338E-03 -6.86071E-03
  -8.13123E-03 -9.36588E-03 -1.05656E-02 -1.17314E-02 -1.28639E-02 -1.39641E-02
  -1.50329E-02 -1.60709E-02 -1.70788E-02 -1.80573E-02 -1.90069E-02 -1.99283E-02
  -2.08219E-02 -2.16880E-02 -2.25272E-02 -2.33396E-02 -2.41254E-02 -2.48846E-02
  -2.56172E-02 -2.63233E-02 -2.70027E-02 -2.76549E-02 -2.82799E-02 -2.88773E-02
  -2.94465E-02 -2.99870E-02 -3.04982E-02 -3.09795E-02 -3.14301E-02 -3.18489E-02
  -3.22351E-02 -3.25876E-02 -3.29054E-02 -3.31873E-02 -3.34320E-02 -3.36383E-02
  -3.38049E-02 -3.39303E-02 -3.40131E-02 -3.40516E-02 -3.40443E-02 -3.39896E-02
  -3.38857E-02 -3.37309E-02 -3.35235E-02 -3.32618E-02 -3.29439E-02 -3.25682E-02
  -3.21330E-02 -3.16363E-02 -3.10763E-02 -3.04512E-02 -2.97589E-02 -2.89977E-02
  -2.81657E-02 -2.72613E-02 -2.62827E-02 -2.52282E-02 -2.40960E-02 -2.28840E-02
  -2.15905E-02 -2.02134E-02 -1.87509E-02 -1.72009E-02 -1.55614E-02 -1.38305E-02
  -1.20060E-02 -1.00857E-02 -8.06732E-03 -5.94863E-03 -3.72731E-03 -1.40084E-03
   1.03333E-03  3.57783E-03  6.23529E-03  9.00888E-03  1.19019E-02  1.49180E-02
   1.80604E-02  2.13331E-02  2.47404E-02  2.82866E-02  3.19761E-02  3.58142E-02
   3.98078E-02  4.39639E-02  4.82895E-02  5.27913E-02  5.74754E-02  6.23477E-02
   6.74140E-02  7.26819E-02  7.81703E-02  8.39019E-02  8.98998E-02  9.61843E-02
   1.02751E-01  1.09576E-01  1.16635E-01  1.23909E-01  1.31455E-01  1.39441E-01
   1.48039E-01  1.57420E-01  1.67534E-01  1.77784E-01  1.87489E-01  1.95972E-01
   2.02614E-01  2.07103E-01  2.09218E-01  2.08737E-01  2.05499E-01  1.99941E-01
   1.92856E-01  1.85039E-01  1.77273E-01  1.69956E-01  1.63067E-01  1.56562E-01
   1.50399E-01  1.44536E-01  1.38931E-01  1.33540E-01  1.28322E-01  1.42864E-01
   1.43304E-01  1.43773E-01  1.44272E-01  1.44801E-01  1.45361E-01  1.45951E-01
   1.46573E-01  1.47227E-01  1.47913E-01  1.48634E-01  1.49390E-01  1.50179E-01
   1.50997E-01  1.51840E-01  1.52703E-01  1.53585E-01  1.54488E-01  1.55418E-01
   1.56376E-01  1.57366E-01  1.58387E-01  1.59438E-01  1.60517E-01  1.61624E-01
   1.62754E-01  1.63904E-01  1.65068E-01  1.66243E-01  1.67425E-01  1.68615E-01
   1.69811E-01  1.71013E-01  1.72218E-01  1.73423E-01  1.74625E-01  1.75821E-01
   1.77005E-01  1.78170E-01  1.79308E-01  1.80412E-01  1.81471E-01  1.82477E-01
   1.83419E-01  1.84284E-01  1.85063E-01  1.85742E-01  1.86309E-01  1.86752E-01
   1.87055E-01  1.87208E-01  1.87194E-01  1.87000E-01  1.86612E-01  1.86020E-01
   1.85222E-01  1.84217E-01  1.83006E-01  1.81588E-01  1.79965E-01  1.78140E-01
   1.76115E-01  1.73894E-01  1.71489E-01  1.68917E-01  1.66194E-01  1.63339E-01
   1.60365E-01  1.57281E-01  1.54099E-01  1.50829E-01  1.47482E-01  1.44070E-01
   1.40605E-01  1.37100E-01  1.33566E-01  1.30011E-01  1.26440E-01  1.22862E-01
   1.19283E-01  1.15707E-01  1.12139E-01  1.08583E-01  1.05044E-01  1.01526E-01
   9.80307E-02  9.45609E-02  9.11194E-02  8.77086E-02  8.43304E-02  8.09870E-02
   7.76802E-02  7.44120E-02  7.11848E-02  6.80006E-02  6.48617E-02  6.17701E-02
   5.87273E-02  5.57341E-02  5.27918E-02  4.99011E-02  4.70628E-02  4.42771E-02
   4.15445E-02  3.88651E-02  3.62394E-02  3.36678E-02  3.11508E-02  2.86888E-02
   2.62823E-02  2.39313E-02  2.16360E-02  1.93963E-02  1.72124E-02  1.50841E-02
   1.30112E-02  1.09936E-02  9.03089E-03  7.12235E-03  5.26669E-03  3.46271E-03
   1.70920E-03  5.02467E-06 -1.65096E-03 -3.25981E-03 -4.82264E-03 -6.34053E-03
  -7.81478E-03 -9.24658E-03 -1.06372E-02 -1.19878E-02 -1.32996E-02 -1.45738E-02
  -1.58116E-02 -1.70142E-02 -1.81827E-02 -1.93181E-02 -2.04214E-02 -2.14938E-02
  -2.25362E-02 -2.35493E-02 -2.45340E-02 -2.54911E-02 -2.64213E-02 -2.73251E-02
  -2.82031E-02 -2.90558E-02 -2.98836E-02 -3.06867E-02 -3.14651E-02 -3.22190E-02
  -3.29485E-02 -3.36534E-02 -3.43334E-02 -3.49883E-02 -3.56177E-02 -3.62212E-02
  -3.67981E-02 -3.73478E-02 -3.78696E-02 -3.83627E-02 -3.88260E-02 -3.92585E-02
  -3.96590E-02 -4.00265E-02 -4.03596E-02 -4.06570E-02 -4.09172E-02 -4.11388E-02
  -4.13204E-02 -4.14600E-02 -4.15562E-02 -4.16071E-02 -4.16110E-02 -4.15660E-02
  -4.14701E-02 -4.13217E-02 -4.11187E-02 -4.08592E-02 -4.05415E-02 -4.01636E-02
  -3.97235E-02 -3.92194E-02 -3.86493E-02 -3.80110E-02 -3.73028E-02 -3.65228E-02
  -3.56692E-02 -3.47404E-02 -3.37345E-02 -3.26498E-02 -3.14844E-02 -3.02366E-02
  -2.89044E-02 -2.74862E-02 -2.59799E-02 -2.43840E-02 -2.26966E-02 -2.09157E-02
  -1.90396E-02 -1.70664E-02 -1.49940E-02 -1.28208E-02 -1.05445E-02 -8.16328E-03
  -5.67501E-03 -3.07765E-03 -3.68853E-04  2.45385E-03  5.39303E-03  8.45117E-03
   1.16310E-02  1.49356E-02  1.83680E-02  2.19311E-02  2.56284E-02  2.94640E-02
   3.34419E-02  3.75662E-02  4.18407E-02  4.62688E-02  5.08534E-02  5.55974E-02
   6.05044E-02  6.55808E-02  7.08340E-02  7.62713E-02  8.18990E-02  8.77083E-02
   9.36804E-02  9.97959E-02  1.06036E-01  1.12406E-01  1.18942E-01  1.25680E-01
   1.32659E-01  1.39812E-01  1.46822E-01  1.53330E-01  1.58981E-01  1.63451E-01
   1.66581E-01  1.68261E-01  1.68382E-01  1.66864E-01  1.63928E-01  1.59976E-01
   1.55413E-01  1.50634E-01  1.45860E-01  1.41118E-01  1.36427E-01  1.31803E-01
   1.27264E-01  1.22829E-01  1.18514E-01  1.14338E-01  1.42801E-01  1.43252E-01
   1.43736E-01  1.44253E-01  1.44804E-01  1.45389E-01  1.46010E-01  1.46666E-01
   1.47359E-01  1.48089E-01  1.48859E-01  1.49668E-01  1.50516E-01  1.51397E-01
   1.52306E-01  1.53240E-01  1.54197E-01  1.55179E-01  1.56192E-01  1.57240E-01
   1.58325E-01  1.59447E-01  1.60603E-01  1.61793E-01  1.63014E-01  1.64264E-01
   1.65540E-01  1.66838E-01  1.68155E-01  1.69490E-01  1.70842E-01  1.72209E-01
   1.73590E-01  1.74984E-01  1.76390E-01  1.77805E-01  1.79229E-01  1.80657E-01
   1.82084E-01  1.83502E-01  1.84903E-01  1.86279E-01  1.87618E-01  1.88904E-01
   1.90125E-01  1.91266E-01  1.92309E-01  1.93231E-01  1.94012E-01  1.94630E-01
   1.95063E-01  1.95292E-01  1.95296E-01  1.95053E-01  1.94549E-01  1.93775E-01
   1.92726E-01  1.91397E-01  1.89785E-01  1.87899E-01  1.85753E-01  1.83360E-01
   1.80734E-01  1.77893E-01  1.74860E-01  1.71657E-01  1.68306E-01  1.64827E-01
   1.61238E-01  1.57558E-01  1.53804E-01  1.49993E-01  1.46137E-01  1.42246E-01
   1.38332E-01  1.34405E-01  1.30472E-01  1.26539E-01  1.22613E-01  1.18700E-01
   1.14804E-01  1.10928E-01  1.07077E-01  1.03253E-01  9.94607E-02  9.57016E-02
   9.19781E-02  8.82928E-02  8.46477E-02  8.10448E-02  7.74859E-02  7.39727E-02
   7.05071E-02  6.70905E-02  6.37245E-02  6.04105E-02  5.71499E-02  5.39441E-02
   5.07941E-02  4.77012E-02  4.46664E-02  4.16907E-02  3.87748E-02  3.59196E-02
   3.31257E-02  3.03937E-02  2.77238E-02  2.51163E-02  2.25714E-02  2.00893E-02
   1.76697E-02  1.53125E-02  1.30171E-02  1.07834E-02  8.61065E-03  6.49812E-03
   4.44499E-03  2.45050E-03  5.13643E-04 -1.36679E-03 -3.19194E-03 -4.96297E-03
  -6.68113E-03 -8.34788E-03 -9.96461E-03 -1.15327E-02 -1.30537E-02 -1.45289E-02
  -1.59601E-02 -1.73486E-02 -1.86959E-02 -2.00036E-02 -2.12730E-02 -2.25057E-02
  -2.37032E-02 -2.48666E-02 -2.59974E-02 -2.70967E-02 -2.81660E-02 -2.92063E-02
  -3.02186E-02 -3.12039E-02 -3.21633E-02 -3.30976E-02 -3.40074E-02 -3.48934E-02
  -3.57563E-02 -3.65966E-02 -3.74146E-02 -3.82104E-02 -3.89843E-02 -3.97365E-02
  -4.04668E-02 -4.11750E-02 -4.18609E-02 -4.25241E-02 -4.31643E-02 -4.37805E-02
  -4.43722E-02 -4.49386E-02 -4.54788E-02 -4.59917E-02 -4.64760E-02 -4.69308E-02
  -4.73546E-02 -4.77460E-02 -4.81034E-02 -4.84253E-02 -4.87100E-02 -4.89559E-02
  -4.91610E-02 -4.93236E-02 -4.94417E-02 -4.95133E-02 -4.95365E-02 -4.95093E-02
  -4.94295E-02 -4.92952E-02 -4.91042E-02 -4.88545E-02 -4.85439E-02 -4.81704E-02
  -4.77320E-02 -4.72266E-02 -4.66523E-02 -4.60069E-02 -4.52886E-02 -4.44955E-02
  -4.36257E-02 -4.26774E-02 -4.16488E-02 -4.05382E-02 -3.93438E-02 -3.80641E-02
  -3.66973E-02 -3.52420E-02 -3.36966E-02 -3.20596E-02 -3.03295E-02 -2.85048E-02
  -2.65841E-02 -2.45660E-02 -2.24490E-02 -2.02317E-02 -1.79126E-02 -1.54903E-02
  -1.29633E-02 -1.03301E-02 -7.58926E-03 -4.73904E-03 -1.77798E-03  1.29552E-03
   4.48311E-03  7.78648E-03  1.12072E-02  1.47468E-02  1.84069E-02  2.21888E-02
   2.60940E-02  3.01235E-02  3.42778E-02  3.85570E-02  4.29612E-02  4.74900E-02
   5.21403E-02  5.69073E-02  6.17869E-02  6.67738E-02  7.18558E-02  7.70156E-02
   8.22356E-02  8.74981E-02  9.27692E-02  9.79945E-02  1.03118E-01  1.08084E-01
   1.12823E-01  1.17227E-01  1.21185E-01  1.24585E-01  1.27329E-01  1.29378E-01
   1.30713E-01  1.31315E-01  1.31171E-01  1.30338E-01  1.28912E-01  1.26992E-01
   1.24673E-01  1.22036E-01  1.19139E-01  1.16042E-01  1.12803E-01  1.09481E-01
   1.06135E-01  1.02824E-01  9.96049E-02  1.42665E-01  1.43123E-01  1.43618E-01
   1.44150E-01  1.44720E-01  1.45330E-01  1.45980E-01  1.46672E-01  1.47406E-01
   1.48182E-01  1.49003E-01  1.49868E-01  1.50775E-01  1.51721E-01  1.52700E-01
   1.53708E-01  1.54744E-01  1.55812E-01  1.56915E-01  1.58059E-01  1.59246E-01
   1.60474E-01  1.61741E-01  1.63045E-01  1.64383E-01  1.65754E-01  1.67158E-01
   1.68592E-01  1.70058E-01  1.71553E-01  1.73076E-01  1.74626E-01  1.76201E-01
   1.77802E-01  1.79429E-01  1.81085E-01  1.82772E-01  1.84488E-01  1.86230E-01
   1.87992E-01  1.89769E-01  1.91554E-01  1.93332E-01  1.95086E-01  1.96796E-01
   1.98446E-01  2.00007E-01  2.01444E-01  2.02724E-01  2.03811E-01  2.04673E-01
   2.05279E-01  2.05595E-01  2.05592E-01  2.05242E-01  2.04528E-01  2.03435E-01
   2.01949E-01  2.00061E-01  1.97795E-01  1.95185E-01  1.92265E-01  1.89066E-01
   1.85619E-01  1.81953E-01  1.78097E-01  1.74080E-01  1.69932E-01  1.65682E-01
   1.61362E-01  1.57002E-01  1.52624E-01  1.48237E-01  1.43848E-01  1.39463E-01
   1.35090E-01  1.30735E-01  1.26401E-01  1.22094E-01  1.17818E-01  1.13578E-01
   1.09375E-01  1.05211E-01  1.01088E-01  9.70095E-02  9.29759E-02  8.89893E-02
   8.50517E-02  8.11647E-02  7.73297E-02  7.35485E-02  6.98225E-02  6.61529E-02
   6.25407E-02  5.89864E-02  5.54910E-02  5.20550E-02  4.86797E-02  4.53664E-02
   4.21165E-02  3.89311E-02  3.58119E-02  3.27605E-02  2.97786E-02  2.68677E-02
   2.40289E-02  2.12622E-02  1.85676E-02  1.59450E-02  1.33944E-02  1.09149E-02
   8.50553E-03  6.16548E-03  3.89374E-03  1.68870E-03 -4.51333E-04 -2.52816E-03
  -4.54347E-03 -6.49837E-03 -8.39372E-03 -1.02303E-02 -1.20089E-02 -1.37308E-02
  -1.53979E-02 -1.70119E-02 -1.85746E-02 -2.00880E-02 -2.15538E-02 -2.29737E-02
  -2.43498E-02 -2.56836E-02 -2.69770E-02 -2.82319E-02 -2.94498E-02 -3.06327E-02
  -3.17821E-02 -3.28996E-02 -3.39867E-02 -3.50450E-02 -3.60758E-02 -3.70804E-02
  -3.80599E-02 -3.90156E-02 -3.99484E-02 -4.08592E-02 -4.17488E-02 -4.26180E-02
  -4.34674E-02 -4.42974E-02 -4.51085E-02 -4.59008E-02 -4.66748E-02 -4.74303E-02
  -4.81672E-02 -4.88852E-02 -4.95842E-02 -5.02635E-02 -5.09224E-02 -5.15600E-02
  -5.21755E-02 -5.27679E-02 -5.33360E-02 -5.38786E-02 -5.43943E-02 -5.48818E-02
  -5.53393E-02 -5.57650E-02 -5.61572E-02 -5.65140E-02 -5.68335E-02 -5.71136E-02
  -5.73522E-02 -5.75474E-02 -5.76969E-02 -5.77987E-02 -5.78505E-02 -5.78501E-02
  -5.77952E-02 -5.76836E-02 -5.75127E-02 -5.72803E-02 -5.69839E-02 -5.66216E-02
  -5.61914E-02 -5.56911E-02 -5.51187E-02 -5.44721E-02 -5.37492E-02 -5.29478E-02
  -5.20658E-02 -5.11015E-02 -5.00532E-02 -4.89195E-02 -4.76988E-02 -4.63897E-02
  -4.49910E-02 -4.35017E-02 -4.19204E-02 -4.02462E-02 -3.84781E-02 -3.66152E-02
  -3.46566E-02 -3.26014E-02 -3.04487E-02 -2.81977E-02 -2.58474E-02 -2.33970E-02
  -2.08457E-02 -1.81931E-02 -1.54384E-02 -1.25810E-02 -9.62043E-03 -6.55637E-03
  -3.38842E-03 -1.16304E-04  3.25999E-03  6.73991E-03  1.03227E-02  1.40078E-02
   1.77939E-02  2.16793E-02  2.56615E-02  2.97383E-02  3.39064E-02  3.81572E-02
   4.24799E-02  4.68637E-02  5.12975E-02  5.57671E-02  6.02560E-02  6.47478E-02
   6.92249E-02  7.36394E-02  7.79026E-02  8.19235E-02  8.56111E-02  8.89019E-02
   9.17999E-02  9.43188E-02  9.64726E-02  9.82768E-02  9.97540E-02  1.00929E-01
   1.01827E-01  1.02468E-01  1.02825E-01  1.02840E-01  1.02460E-01  1.01629E-01
   1.00350E-01  9.86925E-02  9.67248E-02  9.45176E-02  9.21410E-02  8.96652E-02
   8.71604E-02  8.46967E-02  1.42441E-01  1.42903E-01  1.43405E-01  1.43949E-01
   1.44537E-01  1.45170E-01  1.45849E-01  1.46575E-01  1.47350E-01  1.48173E-01
   1.49045E-01  1.49966E-01  1.50935E-01  1.51947E-01  1.52998E-01  1.54085E-01
   1.55206E-01  1.56365E-01  1.57566E-01  1.58813E-01  1.60108E-01  1.61448E-01
   1.62832E-01  1.64256E-01  1.65716E-01  1.67214E-01  1.68750E-01  1.70326E-01
   1.71943E-01  1.73602E-01  1.75301E-01  1.77038E-01  1.78812E-01  1.80625E-01
   1.82481E-01  1.84387E-01  1.86348E-01  1.88367E-01  1.90444E-01  1.92579E-01
   1.94771E-01  1.97017E-01  1.99301E-01  2.01602E-01  2.03900E-01  2.06172E-01
   2.08382E-01  2.10482E-01  2.12426E-01  2.14167E-01  2.15652E-01  2.16823E-01
   2.17621E-01  2.17988E-01  2.17876E-01  2.17258E-01  2.16111E-01  2.14414E-01
   2.12155E-01  2.09378E-01  2.06143E-01  2.02506E-01  1.98527E-01  1.94256E-01
   1.89742E-01  1.85033E-01  1.80177E-01  1.75217E-01  1.70191E-01  1.65136E-01
   1.60089E-01  1.55077E-01  1.50103E-01  1.45168E-01  1.40274E-01  1.35424E-01
   1.30619E-01  1.25862E-01  1.21157E-01  1.16506E-01  1.11910E-01  1.07369E-01
   1.02885E-01  9.84561E-02  9.40848E-02  8.97716E-02  8.55175E-02  8.13233E-02
   7.71901E-02  7.31189E-02  6.91111E-02  6.51678E-02  6.12897E-02  5.74772E-02
   5.37306E-02  5.00501E-02  4.64359E-02  4.28893E-02  3.94115E-02  3.60042E-02
   3.26687E-02  2.94070E-02  2.62217E-02  2.31151E-02  2.00898E-02  1.71470E-02
   1.42865E-02  1.15083E-02  8.81217E-03  6.19758E-03  3.66317E-03  1.20750E-03
  -1.17092E-03 -3.47369E-03 -5.70328E-03 -7.86235E-03 -9.95362E-03 -1.19797E-02
  -1.39417E-02 -1.58405E-02 -1.76766E-02 -1.94505E-02 -2.11636E-02 -2.28182E-02
  -2.44167E-02 -2.59613E-02 -2.74541E-02 -2.88975E-02 -3.02936E-02 -3.16445E-02
  -3.29525E-02 -3.42195E-02 -3.54479E-02 -3.66396E-02 -3.77968E-02 -3.89215E-02
  -4.00154E-02 -4.10805E-02 -4.21185E-02 -4.31312E-02 -4.41199E-02 -4.50860E-02
  -4.60310E-02 -4.69561E-02 -4.78623E-02 -4.87505E-02 -4.96217E-02 -5.04767E-02
  -5.13160E-02 -5.21401E-02 -5.29496E-02 -5.37447E-02 -5.45255E-02 -5.52918E-02
  -5.60436E-02 -5.67805E-02 -5.75020E-02 -5.82071E-02 -5.88950E-02 -5.95647E-02
  -6.02150E-02 -6.08448E-02 -6.14524E-02 -6.20367E-02 -6.25959E-02 -6.31282E-02
  -6.36315E-02 -6.41036E-02 -6.45426E-02 -6.49461E-02 -6.53119E-02 -6.56378E-02
  -6.59213E-02 -6.61602E-02 -6.63520E-02 -6.64945E-02 -6.65851E-02 -6.66213E-02
  -6.66004E-02 -6.65197E-02 -6.63765E-02 -6.61682E-02 -6.58927E-02 -6.55478E-02
  -6.51315E-02 -6.46416E-02 -6.40758E-02 -6.34317E-02 -6.27069E-02 -6.18991E-02
  -6.10065E-02 -6.00277E-02 -5.89612E-02 -5.78058E-02 -5.65602E-02 -5.52236E-02
  -5.37953E-02 -5.22745E-02 -5.06605E-02 -4.89529E-02 -4.71514E-02 -4.52556E-02
  -4.32651E-02 -4.11797E-02 -3.89991E-02 -3.67230E-02 -3.43512E-02 -3.18837E-02
  -2.93208E-02 -2.66628E-02 -2.39100E-02 -2.10628E-02 -1.81222E-02 -1.50890E-02
  -1.19640E-02 -8.74865E-03 -5.44494E-03 -2.05518E-03  1.41840E-03  4.97307E-03
   8.60504E-03  1.23101E-02  1.60840E-02  1.99216E-02  2.38126E-02  2.77442E-02
   3.17040E-02  3.56790E-02  3.96548E-02  4.36156E-02  4.75454E-02  5.14276E-02
   5.52183E-02  5.88378E-02  6.22041E-02  6.52352E-02  6.78824E-02  7.01783E-02
   7.21673E-02  7.38940E-02  7.54013E-02  7.67231E-02  7.78905E-02  7.89347E-02
   7.98803E-02  8.06816E-02  8.12517E-02  8.15032E-02  8.13512E-02  8.07779E-02
   7.98389E-02  7.85932E-02  7.70998E-02  7.54182E-02  7.36073E-02  7.17263E-02
   6.98343E-02  1.42113E-01  1.42576E-01  1.43084E-01  1.43638E-01  1.44241E-01
   1.44895E-01  1.45600E-01  1.46359E-01  1.47172E-01  1.48040E-01  1.48963E-01
   1.49941E-01  1.50972E-01  1.52053E-01  1.53180E-01  1.54350E-01  1.55562E-01
   1.56819E-01  1.58124E-01  1.59480E-01  1.60889E-01  1.62348E-01  1.63855E-01
   1.65406E-01  1.66999E-01  1.68633E-01  1.70312E-01  1.72037E-01  1.73811E-01
   1.75633E-01  1.77503E-01  1.79422E-01  1.81387E-01  1.83403E-01  1.85478E-01
   1.87621E-01  1.89838E-01  1.92140E-01  1.94532E-01  1.97023E-01  1.99619E-01
   2.02324E-01  2.05124E-01  2.07998E-01  2.10927E-01  2.13888E-01  2.16840E-01
   2.19731E-01  2.22505E-01  2.25108E-01  2.27460E-01  2.29445E-01  2.30950E-01
   2.31859E-01  2.32084E-01  2.31596E-01  2.30375E-01  2.28399E-01  2.25663E-01
   2.22233E-01  2.18193E-01  2.13626E-01  2.08616E-01  2.03255E-01  1.97634E-01
   1.91846E-01  1.85983E-01  1.80105E-01  1.74241E-01  1.68419E-01  1.62666E-01
   1.56999E-01  1.51419E-01  1.45923E-01  1.40510E-01  1.35175E-01  1.29920E-01
   1.24742E-01  1.19642E-01  1.14617E-01  1.09667E-01  1.04791E-01  9.99874E-02
   9.52547E-02  9.05927E-02  8.60011E-02  8.14802E-02  7.70297E-02  7.26500E-02
   6.83419E-02  6.41062E-02  5.99436E-02  5.58547E-02  5.18399E-02  4.78995E-02
   4.40338E-02  4.02432E-02  3.65287E-02  3.28920E-02  2.93344E-02  2.58575E-02
   2.24633E-02  1.91542E-02  1.59326E-02  1.28011E-02  9.76082E-03  6.81167E-03
   3.95346E-03  1.18591E-03 -1.49150E-03 -4.08034E-03 -6.58222E-03 -8.99885E-03
  -1.13320E-02 -1.35845E-02 -1.57592E-02 -1.78592E-02 -1.98874E-02 -2.18455E-02
  -2.37346E-02 -2.55558E-02 -2.73102E-02 -2.89996E-02 -3.06268E-02 -3.21945E-02
  -3.37055E-02 -3.51625E-02 -3.65682E-02 -3.79252E-02 -3.92360E-02 -4.05033E-02
  -4.17296E-02 -4.29175E-02 -4.40694E-02 -4.51880E-02 -4.62754E-02 -4.73338E-02
  -4.83655E-02 -4.93725E-02 -5.03569E-02 -5.13203E-02 -5.22644E-02 -5.31908E-02
  -5.41011E-02 -5.49963E-02 -5.58777E-02 -5.67463E-02 -5.76033E-02 -5.84491E-02
  -5.92845E-02 -6.01099E-02 -6.09259E-02 -6.17325E-02 -6.25295E-02 -6.33169E-02
  -6.40944E-02 -6.48615E-02 -6.56169E-02 -6.63599E-02 -6.70894E-02 -6.78041E-02
  -6.85025E-02 -6.91831E-02 -6.98443E-02 -7.04842E-02 -7.11008E-02 -7.16916E-02
  -7.22543E-02 -7.27867E-02 -7.32860E-02 -7.37497E-02 -7.41752E-02 -7.45599E-02
  -7.49011E-02 -7.51960E-02 -7.54419E-02 -7.56360E-02 -7.57755E-02 -7.58573E-02
  -7.58785E-02 -7.58359E-02 -7.57268E-02 -7.55488E-02 -7.52995E-02 -7.49766E-02
  -7.45778E-02 -7.41007E-02 -7.35427E-02 -7.29014E-02 -7.21745E-02 -7.13603E-02
  -7.04573E-02 -6.94644E-02 -6.83802E-02 -6.72038E-02 -6.59346E-02 -6.45722E-02
  -6.31160E-02 -6.15658E-02 -5.99217E-02 -5.81837E-02 -5.63521E-02 -5.44268E-02
  -5.24084E-02 -5.02973E-02 -4.80937E-02 -4.57981E-02 -4.34116E-02 -4.09351E-02
  -3.83698E-02 -3.57168E-02 -3.29776E-02 -3.01542E-02 -2.72484E-02 -2.42621E-02
  -2.11978E-02 -1.80587E-02 -1.48481E-02 -1.15695E-02 -8.22674E-03 -4.82492E-03
  -1.36964E-03  2.13355E-03  5.67840E-03  9.25489E-03  1.28513E-02  1.64560E-02
   2.00571E-02  2.36409E-02  2.71922E-02  3.06960E-02  3.41365E-02  3.74838E-02
   4.06889E-02  4.37018E-02  4.64722E-02  4.89690E-02  5.12065E-02  5.32062E-02
   5.49895E-02  5.65772E-02  5.79865E-02  5.92339E-02  6.03355E-02  6.13039E-02
   6.21130E-02  6.27137E-02  6.30566E-02  6.30940E-02  6.28174E-02  6.22620E-02
   6.14647E-02  6.04627E-02  5.92931E-02  5.79930E-02  5.65995E-02  5.51496E-02
   1.41667E-01  1.42130E-01  1.42641E-01  1.43204E-01  1.43821E-01  1.44492E-01
   1.45221E-01  1.46008E-01  1.46855E-01  1.47763E-01  1.48734E-01  1.49767E-01
   1.50862E-01  1.52015E-01  1.53223E-01  1.54483E-01  1.55792E-01  1.57153E-01
   1.58568E-01  1.60039E-01  1.61567E-01  1.63151E-01  1.64789E-01  1.66478E-01
   1.68217E-01  1.70005E-01  1.71841E-01  1.73726E-01  1.75658E-01  1.77639E-01
   1.79671E-01  1.81755E-01  1.83892E-01  1.86088E-01  1.88352E-01  1.90695E-01
   1.93124E-01  1.95654E-01  1.98301E-01  2.01084E-01  2.04022E-01  2.07130E-01
   2.10399E-01  2.13817E-01  2.17369E-01  2.21039E-01  2.24790E-01  2.28575E-01
   2.32344E-01  2.36046E-01  2.39556E-01  2.42665E-01  2.45158E-01  2.46821E-01
   2.47500E-01  2.47176E-01  2.45847E-01  2.43510E-01  2.40181E-01  2.35944E-01
   2.30903E-01  2.25163E-01  2.18834E-01  2.12066E-01  2.05036E-01  1.97919E-01
   1.90886E-01  1.84019E-01  1.77311E-01  1.70751E-01  1.64328E-01  1.58036E-01
   1.51871E-01  1.45831E-01  1.39913E-01  1.34116E-01  1.28433E-01  1.22857E-01
   1.17383E-01  1.12005E-01  1.06718E-01  1.01520E-01  9.64095E-02  9.13829E-02
   8.64390E-02  8.15767E-02  7.67951E-02  7.20932E-02  6.74708E-02  6.29282E-02
   5.84661E-02  5.40849E-02  4.97853E-02  4.55685E-02  4.14357E-02  3.73882E-02
   3.34273E-02  2.95542E-02  2.57704E-02  2.20773E-02  1.84761E-02  1.49680E-02
   1.15538E-02  8.23448E-03  5.01094E-03  1.88367E-03 -1.14734E-03 -4.08207E-03
  -6.92055E-03 -9.66302E-03 -1.23105E-02 -1.48641E-02 -1.73250E-02 -1.96942E-02
  -2.19739E-02 -2.41659E-02 -2.62726E-02 -2.82959E-02 -3.02385E-02 -3.21033E-02
  -3.38930E-02 -3.56105E-02 -3.72587E-02 -3.88410E-02 -4.03604E-02 -4.18202E-02
  -4.32235E-02 -4.45737E-02 -4.58738E-02 -4.71270E-02 -4.83367E-02 -4.95057E-02
  -5.06371E-02 -5.17337E-02 -5.27986E-02 -5.38345E-02 -5.48437E-02 -5.58290E-02
  -5.67928E-02 -5.77374E-02 -5.86648E-02 -5.95770E-02 -6.04759E-02 -6.13634E-02
  -6.22408E-02 -6.31095E-02 -6.39708E-02 -6.48260E-02 -6.56757E-02 -6.65205E-02
  -6.73612E-02 -6.81981E-02 -6.90314E-02 -6.98609E-02 -7.06863E-02 -7.15075E-02
  -7.23238E-02 -7.31341E-02 -7.39375E-02 -7.47329E-02 -7.55190E-02 -7.62940E-02
  -7.70560E-02 -7.78032E-02 -7.85336E-02 -7.92447E-02 -7.99341E-02 -8.05991E-02
  -8.12371E-02 -8.18453E-02 -8.24205E-02 -8.29597E-02 -8.34598E-02 -8.39176E-02
  -8.43298E-02 -8.46932E-02 -8.50043E-02 -8.52600E-02 -8.54569E-02 -8.55919E-02
  -8.56617E-02 -8.56632E-02 -8.55936E-02 -8.54499E-02 -8.52294E-02 -8.49294E-02
  -8.45475E-02 -8.40816E-02 -8.35295E-02 -8.28892E-02 -8.21591E-02 -8.13379E-02
  -8.04244E-02 -7.94171E-02 -7.83153E-02 -7.71187E-02 -7.58267E-02 -7.44391E-02
  -7.29557E-02 -7.13769E-02 -6.97033E-02 -6.79351E-02 -6.60731E-02 -6.41184E-02
  -6.20722E-02 -5.99356E-02 -5.77099E-02 -5.53969E-02 -5.29985E-02 -5.05166E-02
  -4.79532E-02 -4.53107E-02 -4.25918E-02 -3.97994E-02 -3.69364E-02 -3.40060E-02
  -3.10122E-02 -2.79593E-02 -2.48513E-02 -2.16930E-02 -1.84903E-02 -1.52497E-02
  -1.19774E-02 -8.68029E-03 -5.36713E-03 -2.04775E-03  1.26824E-03  4.57074E-03
   7.84747E-03  1.10844E-02  1.42674E-02  1.73823E-02  2.04139E-02  2.33452E-02
   2.61590E-02  2.88383E-02  3.13668E-02  3.37295E-02  3.59120E-02  3.78997E-02
   3.96796E-02  4.12463E-02  4.25965E-02  4.37270E-02  4.46351E-02  4.53228E-02
   4.57947E-02  4.60556E-02  4.61103E-02  4.59686E-02  4.56459E-02  4.51575E-02
   4.45191E-02  4.37461E-02  4.28540E-02  4.18584E-02  4.07747E-02  1.41079E-01
   1.41539E-01  1.42052E-01  1.42622E-01  1.43249E-01  1.43935E-01  1.44682E-01
   1.45493E-01  1.46369E-01  1.47313E-01  1.48328E-01  1.49417E-01  1.50579E-01
   1.51809E-01  1.53104E-01  1.54460E-01  1.55874E-01  1.57347E-01  1.58880E-01
   1.60474E-01  1.62129E-01  1.63845E-01  1.65623E-01  1.67463E-01  1.69365E-01
   1.71323E-01  1.73332E-01  1.75386E-01  1.77478E-01  1.79610E-01  1.81786E-01
   1.84011E-01  1.86289E-01  1.88628E-01  1.91036E-01  1.93522E-01  1.96094E-01
   1.98769E-01  2.01576E-01  2.04550E-01  2.07723E-01  2.11124E-01  2.14761E-01
   2.18631E-01  2.22735E-01  2.27068E-01  2.31611E-01  2.36337E-01  2.41214E-01
   2.46208E-01  2.51140E-01  2.55658E-01  2.59402E-01  2.62013E-01  2.63245E-01
   2.63104E-01  2.61627E-01  2.58850E-01  2.54825E-01  2.49651E-01  2.43446E-01
   2.36324E-01  2.28414E-01  2.19955E-01  2.11247E-01  2.02589E-01  1.94272E-01
   1.86402E-01  1.78904E-01  1.71697E-01  1.64699E-01  1.57855E-01  1.51164E-01
   1.44629E-01  1.38254E-01  1.32039E-01  1.25974E-01  1.20044E-01  1.14237E-01
   1.08539E-01  1.02945E-01  9.74504E-02  9.20537E-02  8.67512E-02  8.15408E-02
   7.64206E-02  7.13890E-02  6.64444E-02  6.15858E-02  5.68137E-02  5.21286E-02
   4.75311E-02  4.30221E-02  3.86046E-02  3.42818E-02  3.00569E-02  2.59328E-02
   2.19113E-02  1.79935E-02  1.41807E-02  1.04738E-02  6.87209E-03  3.37315E-03
  -2.51669E-05 -3.32515E-03 -6.52789E-03 -9.63303E-03 -1.26401E-02 -1.55485E-02
  -1.83580E-02 -2.10681E-02 -2.36786E-02 -2.61894E-02 -2.86000E-02 -3.09104E-02
  -3.31205E-02 -3.52302E-02 -3.72397E-02 -3.91529E-02 -4.09758E-02 -4.27144E-02
  -4.43746E-02 -4.59614E-02 -4.74783E-02 -4.89289E-02 -5.03169E-02 -5.16459E-02
  -5.29198E-02 -5.41427E-02 -5.53184E-02 -5.64509E-02 -5.75436E-02 -5.86001E-02
  -5.96238E-02 -6.06181E-02 -6.15861E-02 -6.25308E-02 -6.34550E-02 -6.43616E-02
  -6.52534E-02 -6.61327E-02 -6.70018E-02 -6.78632E-02 -6.87190E-02 -6.95707E-02
  -7.04201E-02 -7.12686E-02 -7.21178E-02 -7.29682E-02 -7.38206E-02 -7.46755E-02
  -7.55335E-02 -7.63944E-02 -7.72581E-02 -7.81243E-02 -7.89926E-02 -7.98624E-02
  -8.07326E-02 -8.16025E-02 -8.24709E-02 -8.33363E-02 -8.41967E-02 -8.50499E-02
  -8.58937E-02 -8.67257E-02 -8.75433E-02 -8.83437E-02 -8.91244E-02 -8.98824E-02
  -9.06143E-02 -9.13165E-02 -9.19854E-02 -9.26172E-02 -9.32081E-02 -9.37540E-02
  -9.42508E-02 -9.46943E-02 -9.50808E-02 -9.54069E-02 -9.56694E-02 -9.58647E-02
  -9.59896E-02 -9.60403E-02 -9.60133E-02 -9.59049E-02 -9.57117E-02 -9.54319E-02
  -9.50640E-02 -9.46067E-02 -9.40584E-02 -9.34177E-02 -9.26834E-02 -9.18541E-02
  -9.09285E-02 -8.99057E-02 -8.87852E-02 -8.75666E-02 -8.62494E-02 -8.48335E-02
  -8.33196E-02 -8.17082E-02 -8.00000E-02 -7.81959E-02 -7.62980E-02 -7.43083E-02
  -7.22290E-02 -7.00624E-02 -6.78110E-02 -6.54776E-02 -6.30648E-02 -6.05754E-02
  -5.80126E-02 -5.53800E-02 -5.26811E-02 -4.99196E-02 -4.70994E-02 -4.42251E-02
  -4.13015E-02 -3.83333E-02 -3.53257E-02 -3.22849E-02 -2.92177E-02 -2.61308E-02
  -2.30310E-02 -1.99261E-02 -1.68246E-02 -1.37345E-02 -1.06644E-02 -7.62520E-03
  -4.62912E-03 -1.68859E-03  1.18409E-03  3.98202E-03  6.70504E-03  9.35348E-03
   1.19276E-02  1.44197E-02  1.68020E-02  1.90440E-02  2.11150E-02  2.29867E-02
   2.46418E-02  2.60662E-02  2.72459E-02  2.81697E-02  2.88535E-02  2.93293E-02
   2.96294E-02  2.97856E-02  2.98163E-02  2.97257E-02  2.95169E-02  2.91934E-02
   2.87585E-02  2.82154E-02  2.75675E-02  2.68180E-02  1.40291E-01  1.40738E-01
   1.41244E-01  1.41812E-01  1.42443E-01  1.43140E-01  1.43903E-01  1.44736E-01
   1.45642E-01  1.46625E-01  1.47690E-01  1.48841E-01  1.50078E-01  1.51396E-01
   1.52789E-01  1.54254E-01  1.55787E-01  1.57387E-01  1.59053E-01  1.60786E-01
   1.62585E-01  1.64451E-01  1.66385E-01  1.68389E-01  1.70462E-01  1.72597E-01
   1.74780E-01  1.77000E-01  1.79245E-01  1.81515E-01  1.83815E-01  1.86153E-01
   1.88536E-01  1.90970E-01  1.93463E-01  1.96026E-01  1.98664E-01  2.01397E-01
   2.04266E-01  2.07316E-01  2.10593E-01  2.14140E-01  2.17979E-01  2.22127E-01
   2.26601E-01  2.31416E-01  2.36577E-01  2.42080E-01  2.47923E-01  2.54095E-01
   2.60359E-01  2.66218E-01  2.71156E-01  2.74662E-01  2.76393E-01  2.76387E-01
   2.74728E-01  2.71502E-01  2.66799E-01  2.60731E-01  2.53416E-01  2.44972E-01
   2.35538E-01  2.25446E-01  2.15125E-01  2.05009E-01  1.95517E-01  1.86778E-01
   1.78638E-01  1.70930E-01  1.63491E-01  1.56212E-01  1.49094E-01  1.42152E-01
   1.35397E-01  1.28835E-01  1.22450E-01  1.16223E-01  1.10131E-01  1.04157E-01
   9.82913E-02  9.25316E-02  8.68750E-02  8.13183E-02  7.58593E-02  7.04957E-02
   6.52255E-02  6.00463E-02  5.49574E-02  4.99593E-02  4.50529E-02  4.02390E-02
   3.55193E-02  3.08985E-02  2.63818E-02  2.19744E-02  1.76809E-02  1.35037E-02
   9.44419E-03  5.50377E-03  1.68351E-03 -2.01888E-03 -5.60827E-03 -9.08937E-03
  -1.24670E-02 -1.57435E-02 -1.89180E-02 -2.19897E-02 -2.49575E-02 -2.78204E-02
  -3.05769E-02 -3.32258E-02 -3.57658E-02 -3.81953E-02 -4.05127E-02 -4.27160E-02
  -4.48037E-02 -4.67743E-02 -4.86332E-02 -5.03894E-02 -5.20519E-02 -5.36296E-02
  -5.51293E-02 -5.65552E-02 -5.79116E-02 -5.92024E-02 -6.04321E-02 -6.16054E-02
  -6.27270E-02 -6.38018E-02 -6.48344E-02 -6.58289E-02 -6.67893E-02 -6.77196E-02
  -6.86237E-02 -6.95052E-02 -7.03673E-02 -7.12136E-02 -7.20472E-02 -7.28712E-02
  -7.36884E-02 -7.45016E-02 -7.53135E-02 -7.61266E-02 -7.69428E-02 -7.77640E-02
  -7.85921E-02 -7.94286E-02 -8.02744E-02 -8.11300E-02 -8.19962E-02 -8.28735E-02
  -8.37617E-02 -8.46606E-02 -8.55698E-02 -8.64889E-02 -8.74173E-02 -8.83540E-02
  -8.92981E-02 -9.02485E-02 -9.12037E-02 -9.21612E-02 -9.31184E-02 -9.40726E-02
  -9.50214E-02 -9.59615E-02 -9.68902E-02 -9.78045E-02 -9.87011E-02 -9.95761E-02
  -1.00425E-01 -1.01244E-01 -1.02028E-01 -1.02773E-01 -1.03474E-01 -1.04125E-01
  -1.04722E-01 -1.05260E-01 -1.05736E-01 -1.06146E-01 -1.06486E-01 -1.06753E-01
  -1.06941E-01 -1.07047E-01 -1.07066E-01 -1.06994E-01 -1.06829E-01 -1.06571E-01
  -1.06218E-01 -1.05769E-01 -1.05224E-01 -1.04581E-01 -1.03838E-01 -1.02995E-01
  -1.02049E-01 -1.01002E-01 -9.98521E-02 -9.85992E-02 -9.72433E-02 -9.57853E-02
  -9.42262E-02 -9.25669E-02 -9.08088E-02 -8.89546E-02 -8.70076E-02 -8.49708E-02
  -8.28475E-02 -8.06410E-02 -7.83549E-02 -7.59926E-02 -7.35575E-02 -7.10537E-02
  -6.84853E-02 -6.58566E-02 -6.31717E-02 -6.04353E-02 -5.76523E-02 -5.48279E-02
  -5.19671E-02 -4.90753E-02 -4.61590E-02 -4.32247E-02 -4.02790E-02 -3.73287E-02
  -3.43809E-02 -3.14430E-02 -2.85223E-02 -2.56265E-02 -2.27648E-02 -1.99473E-02
  -1.71846E-02 -1.44867E-02 -1.18579E-02 -9.29510E-03 -6.79463E-03 -4.35284E-03
  -1.97420E-03  3.16615E-04  2.49197E-03  4.52419E-03  6.38723E-03  8.06247E-03
   9.53359E-03  1.07843E-02  1.18011E-02  1.26005E-02  1.32163E-02  1.36827E-02
   1.40334E-02  1.42859E-02  1.44408E-02  1.44975E-02  1.44557E-02  1.43148E-02
   1.40744E-02  1.37340E-02  1.32933E-02  1.39238E-01  1.39652E-01  1.40133E-01
   1.40684E-01  1.41308E-01  1.42008E-01  1.42787E-01  1.43647E-01  1.44592E-01
   1.45627E-01  1.46757E-01  1.47986E-01  1.49313E-01  1.50734E-01  1.52243E-01
   1.53836E-01  1.55508E-01  1.57258E-01  1.59084E-01  1.60984E-01  1.62956E-01
   1.64998E-01  1.67111E-01  1.69291E-01  1.71537E-01  1.73838E-01  1.76179E-01
   1.78547E-01  1.80927E-01  1.83317E-01  1.85721E-01  1.88143E-01  1.90586E-01
   1.93058E-01  1.95570E-01  1.98133E-01  2.00758E-01  2.03465E-01  2.06299E-01
   2.09309E-01  2.12542E-01  2.16046E-01  2.19860E-01  2.24020E-01  2.28563E-01
   2.33526E-01  2.38933E-01  2.44806E-01  2.51166E-01  2.58023E-01  2.65103E-01
   2.71796E-01  2.77476E-01  2.81515E-01  2.83504E-01  2.83505E-01  2.81643E-01
   2.78043E-01  2.72829E-01  2.66114E-01  2.58012E-01  2.48635E-01  2.38124E-01
   2.26875E-01  2.15419E-01  2.04288E-01  1.93998E-01  1.84693E-01  1.76154E-01
   1.68148E-01  1.60441E-01  1.52884E-01  1.45482E-01  1.38257E-01  1.31230E-01
   1.24414E-01  1.17790E-01  1.11332E-01  1.05013E-01  9.88117E-02  9.27173E-02
   8.67280E-02  8.08414E-02  7.50552E-02  6.93672E-02  6.37752E-02  5.82772E-02
   5.28708E-02  4.75554E-02  4.23325E-02  3.72035E-02  3.21700E-02  2.72345E-02
   2.24025E-02  1.76799E-02  1.30727E-02  8.58657E-03  4.22473E-03 -1.04259E-05
  -4.11636E-03 -8.09099E-03 -1.19356E-02 -1.56541E-02 -1.92503E-02 -2.27280E-02
  -2.60890E-02 -2.93323E-02 -3.24568E-02 -3.54614E-02 -3.83449E-02 -4.11066E-02
  -4.37457E-02 -4.62612E-02 -4.86525E-02 -5.09188E-02 -5.30592E-02 -5.50731E-02
  -5.69602E-02 -5.87269E-02 -6.03830E-02 -6.19384E-02 -6.34030E-02 -6.47845E-02
  -6.60880E-02 -6.73189E-02 -6.84821E-02 -6.95829E-02 -7.06269E-02 -7.16196E-02
  -7.25666E-02 -7.34733E-02 -7.43443E-02 -7.51843E-02 -7.59978E-02 -7.67893E-02
  -7.75630E-02 -7.83224E-02 -7.90715E-02 -7.98140E-02 -8.05532E-02 -8.12924E-02
  -8.20347E-02 -8.27831E-02 -8.35405E-02 -8.43090E-02 -8.50908E-02 -8.58880E-02
  -8.67025E-02 -8.75353E-02 -8.83873E-02 -8.92592E-02 -9.01519E-02 -9.10653E-02
  -9.19991E-02 -9.29532E-02 -9.39272E-02 -9.49202E-02 -9.59314E-02 -9.69594E-02
  -9.80034E-02 -9.90614E-02 -1.00131E-01 -1.01208E-01 -1.02291E-01 -1.03376E-01
  -1.04460E-01 -1.05539E-01 -1.06610E-01 -1.07669E-01 -1.08712E-01 -1.09732E-01
  -1.10726E-01 -1.11688E-01 -1.12613E-01 -1.13495E-01 -1.14328E-01 -1.15106E-01
  -1.15824E-01 -1.16478E-01 -1.17062E-01 -1.17574E-01 -1.18007E-01 -1.18358E-01
  -1.18620E-01 -1.18788E-01 -1.18859E-01 -1.18829E-01 -1.18698E-01 -1.18465E-01
  -1.18127E-01 -1.17685E-01 -1.17136E-01 -1.16479E-01 -1.15713E-01 -1.14837E-01
  -1.13851E-01 -1.12756E-01 -1.11552E-01 -1.10239E-01 -1.08818E-01 -1.07292E-01
  -1.05662E-01 -1.03930E-01 -1.02100E-01 -1.00176E-01 -9.81615E-02 -9.60607E-02
  -9.38777E-02 -9.16168E-02 -8.92821E-02 -8.68779E-02 -8.44088E-02 -8.18795E-02
  -7.92948E-02 -7.66595E-02 -7.39785E-02 -7.12572E-02 -6.85008E-02 -6.57148E-02
  -6.29047E-02 -6.00766E-02 -5.72369E-02 -5.43917E-02 -5.15477E-02 -4.87112E-02
  -4.58893E-02 -4.30888E-02 -4.03166E-02 -3.75805E-02 -3.48885E-02 -3.22489E-02
  -2.96698E-02 -2.71562E-02 -2.47092E-02 -2.23293E-02 -2.00174E-02 -1.77779E-02
  -1.56242E-02 -1.35713E-02 -1.16340E-02 -9.82703E-03 -8.16431E-03 -6.65964E-03
  -5.32679E-03 -4.17743E-03 -3.20209E-03 -2.37883E-03 -1.68556E-03 -1.10050E-03
  -6.11714E-04 -2.17933E-04  8.15832E-05  2.87578E-04  4.00758E-04  4.21867E-04
   3.51645E-04  1.90821E-04  1.37857E-01  1.38206E-01  1.38634E-01  1.39146E-01
   1.39748E-01  1.40444E-01  1.41238E-01  1.42135E-01  1.43138E-01  1.44248E-01
   1.45467E-01  1.46797E-01  1.48237E-01  1.49782E-01  1.51430E-01  1.53176E-01
   1.55016E-01  1.56948E-01  1.58968E-01  1.61074E-01  1.63260E-01  1.65518E-01
   1.67838E-01  1.70207E-01  1.72617E-01  1.75058E-01  1.77524E-01  1.80004E-01
   1.82493E-01  1.84982E-01  1.87466E-01  1.89939E-01  1.92395E-01  1.94839E-01
   1.97291E-01  1.99770E-01  2.02298E-01  2.04899E-01  2.07605E-01  2.10452E-01
   2.13474E-01  2.16709E-01  2.20207E-01  2.24024E-01  2.28216E-01  2.32836E-01
   2.37925E-01  2.43515E-01  2.49636E-01  2.56311E-01  2.63257E-01  2.69843E-01
   2.75415E-01  2.79321E-01  2.81137E-01  2.80937E-01  2.78862E-01  2.75052E-01
   2.69640E-01  2.62734E-01  2.54435E-01  2.44843E-01  2.34088E-01  2.22581E-01
   2.10877E-01  1.99534E-01  1.89091E-01  1.79693E-01  1.71098E-01  1.63048E-01
   1.55286E-01  1.47649E-01  1.40145E-01  1.32801E-01  1.25644E-01  1.18690E-01
   1.11921E-01  1.05310E-01  9.88299E-02  9.24566E-02  8.61817E-02  8.00035E-02
   7.39210E-02  6.79325E-02  6.20368E-02  5.62321E-02  5.05168E-02  4.48892E-02
   3.93496E-02  3.39005E-02  2.85448E-02  2.32853E-02  1.81252E-02  1.30686E-02
   8.12013E-03  3.28413E-03 -1.43501E-03 -6.03243E-03 -1.05033E-02 -1.48428E-02
  -1.90460E-02 -2.31089E-02 -2.70282E-02 -3.08003E-02 -3.44218E-02 -3.78906E-02
  -4.12060E-02 -4.43673E-02 -4.73741E-02 -5.02264E-02 -5.29269E-02 -5.54781E-02
  -5.78829E-02 -6.01443E-02 -6.22672E-02 -6.42568E-02 -6.61187E-02 -6.78583E-02
  -6.94817E-02 -7.09958E-02 -7.24072E-02 -7.37227E-02 -7.49490E-02 -7.60930E-02
  -7.71616E-02 -7.81614E-02 -7.90992E-02 -7.99812E-02 -8.08135E-02 -8.16023E-02
  -8.23536E-02 -8.30727E-02 -8.37649E-02 -8.44354E-02 -8.50893E-02 -8.57311E-02
  -8.63651E-02 -8.69956E-02 -8.76267E-02 -8.82622E-02 -8.89055E-02 -8.95599E-02
  -9.02287E-02 -9.09151E-02 -9.16213E-02 -9.23499E-02 -9.31033E-02 -9.38836E-02
  -9.46924E-02 -9.55309E-02 -9.64006E-02 -9.73027E-02 -9.82374E-02 -9.92049E-02
  -1.00205E-01 -1.01238E-01 -1.02303E-01 -1.03398E-01 -1.04522E-01 -1.05673E-01
  -1.06850E-01 -1.08048E-01 -1.09266E-01 -1.10499E-01 -1.11745E-01 -1.12999E-01
  -1.14257E-01 -1.15513E-01 -1.16763E-01 -1.18002E-01 -1.19224E-01 -1.20423E-01
  -1.21593E-01 -1.22729E-01 -1.23824E-01 -1.24871E-01 -1.25865E-01 -1.26798E-01
  -1.27666E-01 -1.28461E-01 -1.29177E-01 -1.29809E-01 -1.30352E-01 -1.30799E-01
  -1.31146E-01 -1.31388E-01 -1.31522E-01 -1.31544E-01 -1.31450E-01 -1.31238E-01
  -1.30906E-01 -1.30453E-01 -1.29878E-01 -1.29179E-01 -1.28358E-01 -1.27416E-01
  -1.26353E-01 -1.25172E-01 -1.23874E-01 -1.22463E-01 -1.20941E-01 -1.19312E-01
  -1.17579E-01 -1.15747E-01 -1.13820E-01 -1.11802E-01 -1.09698E-01 -1.07512E-01
  -1.05250E-01 -1.02916E-01 -1.00515E-01 -9.80530E-02 -9.55346E-02 -9.29651E-02
  -9.03498E-02 -8.76941E-02 -8.50034E-02 -8.22832E-02 -7.95392E-02 -7.67769E-02
  -7.40021E-02 -7.12208E-02 -6.84388E-02 -6.56623E-02 -6.28973E-02 -6.01504E-02
  -5.74279E-02 -5.47363E-02 -5.20819E-02 -4.94711E-02 -4.69102E-02 -4.44057E-02
  -4.19638E-02 -3.95913E-02 -3.72947E-02 -3.50808E-02 -3.29546E-02 -3.09183E-02
  -2.89733E-02 -2.71212E-02 -2.53645E-02 -2.37115E-02 -2.21722E-02 -2.07564E-02
  -1.94729E-02 -1.83203E-02 -1.72909E-02 -1.63769E-02 -1.55705E-02 -1.48660E-02
  -1.42600E-02 -1.37489E-02 -1.33294E-02 -1.29982E-02 -1.27516E-02 -1.25865E-02
  -1.24992E-02  1.36090E-01  1.36338E-01  1.36681E-01  1.37129E-01  1.37690E-01
   1.38371E-01  1.39181E-01  1.40125E-01  1.41204E-01  1.42413E-01  1.43749E-01
   1.45207E-01  1.46785E-01  1.48482E-01  1.50296E-01  1.52225E-01  1.54268E-01
   1.56420E-01  1.58679E-01  1.61041E-01  1.63497E-01  1.66023E-01  1.68592E-01
   1.71179E-01  1.73758E-01  1.76328E-01  1.78895E-01  1.81466E-01  1.84045E-01
   1.86620E-01  1.89169E-01  1.91665E-01  1.94086E-01  1.96431E-01  1.98735E-01
   2.01036E-01  2.03370E-01  2.05766E-01  2.08232E-01  2.10772E-01  2.13388E-01
   2.16094E-01  2.18945E-01  2.22010E-01  2.25359E-01  2.29060E-01  2.33152E-01
   2.37658E-01  2.42601E-01  2.47995E-01  2.53596E-01  2.58863E-01  2.63234E-01
   2.66151E-01  2.67251E-01  2.66597E-01  2.64308E-01  2.60504E-01  2.55299E-01
   2.48783E-01  2.41039E-01  2.32150E-01  2.22226E-01  2.11619E-01  2.00808E-01
   1.90275E-01  1.80486E-01  1.71566E-01  1.63310E-01  1.55498E-01  1.47911E-01
   1.40411E-01  1.33008E-01  1.25729E-01  1.18599E-01  1.11636E-01  1.04825E-01
   9.81426E-02  9.15684E-02  8.50816E-02  7.86761E-02  7.23515E-02  6.61077E-02
   5.99444E-02  5.38614E-02  4.78580E-02  4.19339E-02  3.60885E-02  3.03234E-02
   2.46430E-02  1.90521E-02  1.35554E-02  8.15650E-03  2.85626E-03 -2.34495E-03
  -7.44677E-03 -1.24480E-02 -1.73417E-02 -2.21191E-02 -2.67712E-02 -3.12888E-02
  -3.56575E-02 -3.98597E-02 -4.38775E-02 -4.76933E-02 -5.12972E-02 -5.46894E-02
  -5.78704E-02 -6.08411E-02 -6.36044E-02 -6.61691E-02 -6.85450E-02 -7.07415E-02
  -7.27694E-02 -7.46443E-02 -7.63834E-02 -7.80039E-02 -7.95218E-02 -8.09424E-02
  -8.22651E-02 -8.34887E-02 -8.46125E-02 -8.56404E-02 -8.65815E-02 -8.74451E-02
  -8.82405E-02 -8.89761E-02 -8.96587E-02 -9.02948E-02 -9.08912E-02 -9.14542E-02
  -9.19898E-02 -9.25038E-02 -9.30023E-02 -9.34908E-02 -9.39745E-02 -9.44581E-02
  -9.49463E-02 -9.54439E-02 -9.59548E-02 -9.64825E-02 -9.70305E-02 -9.76020E-02
  -9.82004E-02 -9.88282E-02 -9.94883E-02 -1.00183E-01 -1.00916E-01 -1.01688E-01
  -1.02502E-01 -1.03361E-01 -1.04265E-01 -1.05217E-01 -1.06216E-01 -1.07264E-01
  -1.08360E-01 -1.09505E-01 -1.10694E-01 -1.11928E-01 -1.13202E-01 -1.14515E-01
  -1.15863E-01 -1.17243E-01 -1.18652E-01 -1.20087E-01 -1.21541E-01 -1.23008E-01
  -1.24482E-01 -1.25957E-01 -1.27426E-01 -1.28884E-01 -1.30323E-01 -1.31737E-01
  -1.33120E-01 -1.34464E-01 -1.35764E-01 -1.37013E-01 -1.38204E-01 -1.39326E-01
  -1.40372E-01 -1.41333E-01 -1.42200E-01 -1.42970E-01 -1.43636E-01 -1.44196E-01
  -1.44643E-01 -1.44971E-01 -1.45172E-01 -1.45241E-01 -1.45170E-01 -1.44957E-01
  -1.44600E-01 -1.44101E-01 -1.43458E-01 -1.42673E-01 -1.41750E-01 -1.40692E-01
  -1.39504E-01 -1.38188E-01 -1.36752E-01 -1.35200E-01 -1.33538E-01 -1.31772E-01
  -1.29906E-01 -1.27945E-01 -1.25893E-01 -1.23754E-01 -1.21535E-01 -1.19240E-01
  -1.16876E-01 -1.14448E-01 -1.11961E-01 -1.09422E-01 -1.06836E-01 -1.04209E-01
  -1.01547E-01 -9.88546E-02 -9.61381E-02 -9.34032E-02 -9.06554E-02 -8.79003E-02
  -8.51435E-02 -8.23906E-02 -7.96472E-02 -7.69191E-02 -7.42121E-02 -7.15320E-02
  -6.88849E-02 -6.62760E-02 -6.37104E-02 -6.11930E-02 -5.87291E-02 -5.63251E-02
  -5.39901E-02 -5.17330E-02 -4.95629E-02 -4.74850E-02 -4.54956E-02 -4.35894E-02
  -4.17614E-02 -4.00079E-02 -3.83342E-02 -3.67478E-02 -3.52565E-02 -3.38673E-02
  -3.25826E-02 -3.14022E-02 -3.03254E-02 -2.93519E-02 -2.84790E-02 -2.77022E-02
  -2.70165E-02 -2.64173E-02 -2.58998E-02 -2.54591E-02 -2.50904E-02 -2.47890E-02
   1.33912E-01  1.34041E-01  1.34280E-01  1.34646E-01  1.35151E-01  1.35805E-01
   1.36619E-01  1.37601E-01  1.38749E-01  1.40054E-01  1.41507E-01  1.43101E-01
   1.44831E-01  1.46699E-01  1.48705E-01  1.50849E-01  1.53133E-01  1.55551E-01
   1.58102E-01  1.60781E-01  1.63577E-01  1.66452E-01  1.69364E-01  1.72268E-01
   1.75129E-01  1.77943E-01  1.80723E-01  1.83481E-01  1.86227E-01  1.88940E-01
   1.91577E-01  1.94096E-01  1.96453E-01  1.98643E-01  2.00714E-01  2.02716E-01
   2.04699E-01  2.06698E-01  2.08701E-01  2.10688E-01  2.12641E-01  2.14550E-01
   2.16469E-01  2.18470E-01  2.20623E-01  2.22997E-01  2.25620E-01  2.28493E-01
   2.31618E-01  2.34991E-01  2.38435E-01  2.41573E-01  2.44016E-01  2.45376E-01
   2.45399E-01  2.44121E-01  2.41617E-01  2.37963E-01  2.33232E-01  2.27490E-01
   2.20800E-01  2.13224E-01  2.04844E-01  1.95909E-01  1.86753E-01  1.77715E-01
   1.69120E-01  1.61063E-01  1.53415E-01  1.46035E-01  1.38784E-01  1.31574E-01
   1.24418E-01  1.17335E-01  1.10347E-01  1.03468E-01  9.66897E-02  8.99983E-02
   8.33802E-02  7.68228E-02  7.03230E-02  6.38817E-02  5.74997E-02  5.11780E-02
   4.49178E-02  3.87200E-02  3.25859E-02  2.65166E-02  2.05154E-02  1.45889E-02
   8.74405E-03  2.98754E-03 -2.67589E-03 -8.24755E-03 -1.37298E-02 -1.91249E-02
  -2.44337E-02 -2.96462E-02 -3.47492E-02 -3.97290E-02 -4.45713E-02 -4.92520E-02
  -5.37399E-02 -5.80037E-02 -6.20123E-02 -6.57488E-02 -6.92136E-02 -7.24082E-02
  -7.53342E-02 -7.79973E-02 -8.04121E-02 -8.25950E-02 -8.45623E-02 -8.63318E-02
  -8.79296E-02 -8.93841E-02 -9.07236E-02 -9.19747E-02 -9.31426E-02 -9.42207E-02
  -9.52021E-02 -9.60803E-02 -9.68573E-02 -9.75446E-02 -9.81540E-02 -9.86974E-02
  -9.91852E-02 -9.96249E-02 -1.00023E-01 -1.00388E-01 -1.00725E-01 -1.01042E-01
  -1.01345E-01 -1.01640E-01 -1.01934E-01 -1.02231E-01 -1.02538E-01 -1.02860E-01
  -1.03200E-01 -1.03565E-01 -1.03956E-01 -1.04379E-01 -1.04835E-01 -1.05329E-01
  -1.05864E-01 -1.06442E-01 -1.07067E-01 -1.07742E-01 -1.08469E-01 -1.09253E-01
  -1.10095E-01 -1.10999E-01 -1.11967E-01 -1.13000E-01 -1.14099E-01 -1.15264E-01
  -1.16496E-01 -1.17791E-01 -1.19145E-01 -1.20558E-01 -1.22024E-01 -1.23542E-01
  -1.25108E-01 -1.26718E-01 -1.28368E-01 -1.30050E-01 -1.31758E-01 -1.33483E-01
  -1.35218E-01 -1.36955E-01 -1.38686E-01 -1.40405E-01 -1.42103E-01 -1.43775E-01
  -1.45411E-01 -1.47006E-01 -1.48552E-01 -1.50039E-01 -1.51456E-01 -1.52792E-01
  -1.54033E-01 -1.55171E-01 -1.56200E-01 -1.57116E-01 -1.57914E-01 -1.58588E-01
  -1.59129E-01 -1.59525E-01 -1.59767E-01 -1.59845E-01 -1.59754E-01 -1.59496E-01
  -1.59069E-01 -1.58475E-01 -1.57717E-01 -1.56801E-01 -1.55732E-01 -1.54517E-01
  -1.53163E-01 -1.51677E-01 -1.50068E-01 -1.48344E-01 -1.46514E-01 -1.44581E-01
  -1.42552E-01 -1.40431E-01 -1.38224E-01 -1.35935E-01 -1.33573E-01 -1.31143E-01
  -1.28653E-01 -1.26107E-01 -1.23514E-01 -1.20878E-01 -1.18205E-01 -1.15503E-01
  -1.12776E-01 -1.10031E-01 -1.07272E-01 -1.04507E-01 -1.01739E-01 -9.89752E-02
  -9.62197E-02 -9.34781E-02 -9.07555E-02 -8.80573E-02 -8.53886E-02 -8.27547E-02
  -8.01602E-02 -7.76093E-02 -7.51059E-02 -7.26544E-02 -7.02605E-02 -6.79322E-02
  -6.56778E-02 -6.35054E-02 -6.14195E-02 -5.94154E-02 -5.74874E-02 -5.56296E-02
  -5.38377E-02 -5.21161E-02 -5.04718E-02 -4.89116E-02 -4.74422E-02 -4.60663E-02
  -4.47843E-02 -4.35967E-02 -4.25037E-02 -4.15035E-02 -4.05913E-02 -3.97624E-02
  -3.90120E-02 -3.83355E-02 -3.77279E-02 -3.71846E-02 -3.67009E-02  1.31307E-01
   1.31318E-01  1.31455E-01  1.31736E-01  1.32175E-01  1.32784E-01  1.33576E-01
   1.34560E-01  1.35737E-01  1.37098E-01  1.38638E-01  1.40350E-01  1.42231E-01
   1.44282E-01  1.46503E-01  1.48896E-01  1.51460E-01  1.54194E-01  1.57097E-01
   1.60167E-01  1.63391E-01  1.66729E-01  1.70129E-01  1.73544E-01  1.76927E-01
   1.80257E-01  1.83524E-01  1.86715E-01  1.89816E-01  1.92794E-01  1.95596E-01
   1.98168E-01  2.00459E-01  2.02459E-01  2.04212E-01  2.05767E-01  2.07174E-01
   2.08468E-01  2.09653E-01  2.10724E-01  2.11680E-01  2.12523E-01  2.13295E-01
   2.14050E-01  2.14841E-01  2.15718E-01  2.16687E-01  2.17728E-01  2.18818E-01
   2.19935E-01  2.20975E-01  2.21747E-01  2.22051E-01  2.21690E-01  2.20531E-01
   2.18578E-01  2.15856E-01  2.12390E-01  2.08206E-01  2.03344E-01  1.97847E-01
   1.91758E-01  1.85129E-01  1.78090E-01  1.70814E-01  1.63476E-01  1.56245E-01
   1.49180E-01  1.42237E-01  1.35367E-01  1.28521E-01  1.21670E-01  1.14825E-01
   1.08000E-01  1.01209E-01  9.44623E-02  8.77578E-02  8.10909E-02  7.44574E-02
   6.78528E-02  6.12774E-02  5.47328E-02  4.82210E-02  4.17437E-02  3.53036E-02
   2.89036E-02  2.25470E-02  1.62366E-02  9.97789E-03  3.77932E-03 -2.35020E-03
  -8.40194E-03 -1.43688E-02 -2.02488E-02 -2.60405E-02 -3.17427E-02 -3.73525E-02
  -4.28562E-02 -4.82365E-02 -5.34760E-02 -5.85566E-02 -6.34510E-02 -6.81256E-02
  -7.25465E-02 -7.66805E-02 -8.05085E-02 -8.40301E-02 -8.72460E-02 -9.01570E-02
  -9.27684E-02 -9.50964E-02 -9.71591E-02 -9.89744E-02 -1.00562E-01 -1.01951E-01
  -1.03172E-01 -1.04256E-01 -1.05234E-01 -1.06113E-01 -1.06891E-01 -1.07564E-01
  -1.08130E-01 -1.08594E-01 -1.08969E-01 -1.09268E-01 -1.09505E-01 -1.09693E-01
  -1.09839E-01 -1.09952E-01 -1.10040E-01 -1.10110E-01 -1.10169E-01 -1.10225E-01
  -1.10283E-01 -1.10351E-01 -1.10433E-01 -1.10537E-01 -1.10665E-01 -1.10825E-01
  -1.11020E-01 -1.11254E-01 -1.11531E-01 -1.11855E-01 -1.12230E-01 -1.12658E-01
  -1.13144E-01 -1.13692E-01 -1.14304E-01 -1.14984E-01 -1.15736E-01 -1.16565E-01
  -1.17472E-01 -1.18460E-01 -1.19532E-01 -1.20687E-01 -1.21929E-01 -1.23255E-01
  -1.24664E-01 -1.26152E-01 -1.27716E-01 -1.29353E-01 -1.31060E-01 -1.32832E-01
  -1.34666E-01 -1.36556E-01 -1.38494E-01 -1.40472E-01 -1.42481E-01 -1.44511E-01
  -1.46554E-01 -1.48602E-01 -1.50645E-01 -1.52675E-01 -1.54681E-01 -1.56657E-01
  -1.58591E-01 -1.60475E-01 -1.62298E-01 -1.64045E-01 -1.65703E-01 -1.67259E-01
  -1.68699E-01 -1.70017E-01 -1.71205E-01 -1.72258E-01 -1.73168E-01 -1.73923E-01
  -1.74512E-01 -1.74924E-01 -1.75147E-01 -1.75179E-01 -1.75018E-01 -1.74667E-01
  -1.74125E-01 -1.73396E-01 -1.72489E-01 -1.71409E-01 -1.70165E-01 -1.68765E-01
  -1.67219E-01 -1.65537E-01 -1.63731E-01 -1.61808E-01 -1.59777E-01 -1.57644E-01
  -1.55416E-01 -1.53100E-01 -1.50704E-01 -1.48234E-01 -1.45700E-01 -1.43108E-01
  -1.40466E-01 -1.37780E-01 -1.35058E-01 -1.32305E-01 -1.29529E-01 -1.26734E-01
  -1.23927E-01 -1.21113E-01 -1.18299E-01 -1.15488E-01 -1.12687E-01 -1.09899E-01
  -1.07131E-01 -1.04386E-01 -1.01668E-01 -9.89837E-02 -9.63362E-02 -9.37296E-02
  -9.11676E-02 -8.86535E-02 -8.61909E-02 -8.37842E-02 -8.14390E-02 -7.91608E-02
  -7.69553E-02 -7.48257E-02 -7.27695E-02 -7.07832E-02 -6.88636E-02 -6.70086E-02
  -6.52232E-02 -6.35145E-02 -6.18895E-02 -6.03546E-02 -5.89110E-02 -5.75566E-02
  -5.62891E-02 -5.51062E-02 -5.40051E-02 -5.29818E-02 -5.20325E-02 -5.11532E-02
  -5.03402E-02 -4.95894E-02 -4.88971E-02 -4.82594E-02  1.28260E-01  1.28176E-01
   1.28229E-01  1.28434E-01  1.28802E-01  1.29346E-01  1.30075E-01  1.31001E-01
   1.32133E-01  1.33476E-01  1.35039E-01  1.36826E-01  1.38841E-01  1.41079E-01
   1.43537E-01  1.46211E-01  1.49099E-01  1.52204E-01  1.55527E-01  1.59072E-01
   1.62832E-01  1.66776E-01  1.70868E-01  1.75073E-01  1.79349E-01  1.83624E-01
   1.87813E-01  1.91830E-01  1.95592E-01  1.99039E-01  2.02128E-01  2.04819E-01
   2.07069E-01  2.08862E-01  2.10215E-01  2.11147E-01  2.11680E-01  2.11848E-01
   2.11727E-01  2.11401E-01  2.10954E-01  2.10458E-01  2.09937E-01  2.09399E-01
   2.08849E-01  2.08295E-01  2.07714E-01  2.07072E-01  2.06334E-01  2.05463E-01
   2.04419E-01  2.03156E-01  2.01628E-01  1.99787E-01  1.97596E-01  1.95037E-01
   1.92092E-01  1.88745E-01  1.84987E-01  1.80834E-01  1.76313E-01  1.71448E-01
   1.66265E-01  1.60800E-01  1.55092E-01  1.49183E-01  1.43111E-01  1.36908E-01
   1.30597E-01  1.24199E-01  1.17737E-01  1.11229E-01  1.04684E-01  9.81080E-02
   9.15100E-02  8.48964E-02  7.82706E-02  7.16349E-02  6.49921E-02  5.83445E-02
   5.16944E-02  4.50440E-02  3.83958E-02  3.17520E-02  2.51167E-02  1.84947E-02
   1.18915E-02  5.31191E-03 -1.23673E-03 -7.74454E-03 -1.42012E-02 -2.05965E-02
  -2.69190E-02 -3.31533E-02 -3.92832E-02 -4.52925E-02 -5.11649E-02 -5.68818E-02
  -6.24240E-02 -6.77722E-02 -7.29074E-02 -7.78128E-02 -8.24732E-02 -8.68735E-02
  -9.09988E-02 -9.48389E-02 -9.83901E-02 -1.01649E-01 -1.04613E-01 -1.07281E-01
  -1.09662E-01 -1.11768E-01 -1.13606E-01 -1.15190E-01 -1.16535E-01 -1.17659E-01
  -1.18580E-01 -1.19316E-01 -1.19884E-01 -1.20303E-01 -1.20592E-01 -1.20767E-01
  -1.20844E-01 -1.20839E-01 -1.20765E-01 -1.20636E-01 -1.20464E-01 -1.20261E-01
  -1.20034E-01 -1.19794E-01 -1.19551E-01 -1.19310E-01 -1.19080E-01 -1.18866E-01
  -1.18675E-01 -1.18512E-01 -1.18383E-01 -1.18293E-01 -1.18246E-01 -1.18248E-01
  -1.18303E-01 -1.18415E-01 -1.18589E-01 -1.18830E-01 -1.19142E-01 -1.19528E-01
  -1.19994E-01 -1.20544E-01 -1.21181E-01 -1.21908E-01 -1.22729E-01 -1.23648E-01
  -1.24666E-01 -1.25785E-01 -1.27007E-01 -1.28332E-01 -1.29761E-01 -1.31291E-01
  -1.32922E-01 -1.34651E-01 -1.36475E-01 -1.38390E-01 -1.40389E-01 -1.42469E-01
  -1.44621E-01 -1.46839E-01 -1.49114E-01 -1.51438E-01 -1.53801E-01 -1.56194E-01
  -1.58604E-01 -1.61021E-01 -1.63433E-01 -1.65828E-01 -1.68193E-01 -1.70514E-01
  -1.72779E-01 -1.74972E-01 -1.77082E-01 -1.79092E-01 -1.80990E-01 -1.82760E-01
  -1.84392E-01 -1.85871E-01 -1.87187E-01 -1.88325E-01 -1.89280E-01 -1.90042E-01
  -1.90605E-01 -1.90962E-01 -1.91110E-01 -1.91048E-01 -1.90778E-01 -1.90299E-01
  -1.89615E-01 -1.88732E-01 -1.87657E-01 -1.86397E-01 -1.84961E-01 -1.83358E-01
  -1.81599E-01 -1.79695E-01 -1.77657E-01 -1.75495E-01 -1.73220E-01 -1.70844E-01
  -1.68377E-01 -1.65829E-01 -1.63209E-01 -1.60526E-01 -1.57791E-01 -1.55011E-01
  -1.52193E-01 -1.49346E-01 -1.46476E-01 -1.43589E-01 -1.40692E-01 -1.37791E-01
  -1.34891E-01 -1.31998E-01 -1.29115E-01 -1.26249E-01 -1.23402E-01 -1.20581E-01
  -1.17788E-01 -1.15028E-01 -1.12304E-01 -1.09620E-01 -1.06979E-01 -1.04385E-01
  -1.01840E-01 -9.93477E-02 -9.69105E-02 -9.45315E-02 -9.22135E-02 -8.99595E-02
  -8.77714E-02 -8.56492E-02 -8.35925E-02 -8.16011E-02 -7.96755E-02 -7.78215E-02
  -7.60463E-02 -7.43573E-02 -7.27610E-02 -7.12563E-02 -6.98381E-02 -6.85009E-02
  -6.72393E-02 -6.60492E-02 -6.49278E-02 -6.38724E-02 -6.28802E-02 -6.19486E-02
  -6.10746E-02 -6.02557E-02 -5.94891E-02  1.24672E-01  1.24510E-01  1.24494E-01
   1.24627E-01  1.24916E-01  1.25368E-01  1.25989E-01  1.26791E-01  1.27797E-01
   1.29042E-01  1.30557E-01  1.32375E-01  1.34503E-01  1.36931E-01  1.39643E-01
   1.42629E-01  1.45881E-01  1.49408E-01  1.53217E-01  1.57316E-01  1.61713E-01
   1.66410E-01  1.71408E-01  1.76710E-01  1.82296E-01  1.88003E-01  1.93614E-01
   1.98909E-01  2.03679E-01  2.07828E-01  2.11349E-01  2.14237E-01  2.16486E-01
   2.18074E-01  2.18961E-01  2.19101E-01  2.18453E-01  2.17045E-01  2.15102E-01
   2.12878E-01  2.10629E-01  2.08567E-01  2.06695E-01  2.04940E-01  2.03234E-01
   2.01508E-01  1.99715E-01  1.97820E-01  1.95789E-01  1.93591E-01  1.91217E-01
   1.88688E-01  1.86027E-01  1.83257E-01  1.80384E-01  1.77379E-01  1.74207E-01
   1.70836E-01  1.67237E-01  1.63415E-01  1.59382E-01  1.55150E-01  1.50729E-01
   1.46103E-01  1.41247E-01  1.36133E-01  1.30736E-01  1.25070E-01  1.19184E-01
   1.13130E-01  1.06961E-01  1.00712E-01  9.43905E-02  8.80002E-02  8.15452E-02
   7.50299E-02  6.84596E-02  6.18397E-02  5.51762E-02  4.84739E-02  4.17362E-02
   3.49649E-02  2.81624E-02  2.13309E-02  1.44753E-02  7.60233E-03  7.19168E-04
  -6.16733E-03 -1.30486E-02 -1.99142E-02 -2.67531E-02 -3.35547E-02 -4.03009E-02
  -4.69525E-02 -5.34659E-02 -5.97980E-02 -6.59083E-02 -7.17715E-02 -7.73684E-02
  -8.26793E-02 -8.76869E-02 -9.23991E-02 -9.68417E-02 -1.01041E-01 -1.05021E-01
  -1.08794E-01 -1.12349E-01 -1.15675E-01 -1.18761E-01 -1.21597E-01 -1.24175E-01
  -1.26487E-01 -1.28527E-01 -1.30285E-01 -1.31751E-01 -1.32911E-01 -1.33752E-01
  -1.34266E-01 -1.34487E-01 -1.34473E-01 -1.34282E-01 -1.33972E-01 -1.33579E-01
  -1.33118E-01 -1.32599E-01 -1.32036E-01 -1.31441E-01 -1.30826E-01 -1.30202E-01
  -1.29582E-01 -1.28977E-01 -1.28393E-01 -1.27837E-01 -1.27315E-01 -1.26833E-01
  -1.26394E-01 -1.26005E-01 -1.25669E-01 -1.25390E-01 -1.25175E-01 -1.25027E-01
  -1.24954E-01 -1.24960E-01 -1.25052E-01 -1.25234E-01 -1.25512E-01 -1.25891E-01
  -1.26376E-01 -1.26971E-01 -1.27677E-01 -1.28497E-01 -1.29435E-01 -1.30490E-01
  -1.31665E-01 -1.32961E-01 -1.34377E-01 -1.35915E-01 -1.37576E-01 -1.39360E-01
  -1.41269E-01 -1.43298E-01 -1.45442E-01 -1.47693E-01 -1.50043E-01 -1.52486E-01
  -1.55013E-01 -1.57618E-01 -1.60295E-01 -1.63034E-01 -1.65825E-01 -1.68651E-01
  -1.71500E-01 -1.74356E-01 -1.77202E-01 -1.80018E-01 -1.82784E-01 -1.85481E-01
  -1.88092E-01 -1.90605E-01 -1.93007E-01 -1.95286E-01 -1.97427E-01 -1.99407E-01
  -2.01204E-01 -2.02797E-01 -2.04165E-01 -2.05307E-01 -2.06225E-01 -2.06922E-01
  -2.07398E-01 -2.07655E-01 -2.07691E-01 -2.07505E-01 -2.07095E-01 -2.06464E-01
  -2.05616E-01 -2.04555E-01 -2.03285E-01 -2.01813E-01 -2.00147E-01 -1.98298E-01
  -1.96274E-01 -1.94086E-01 -1.91752E-01 -1.89288E-01 -1.86713E-01 -1.84044E-01
  -1.81293E-01 -1.78473E-01 -1.75595E-01 -1.72669E-01 -1.69707E-01 -1.66715E-01
  -1.63702E-01 -1.60675E-01 -1.57644E-01 -1.54611E-01 -1.51584E-01 -1.48567E-01
  -1.45566E-01 -1.42585E-01 -1.39628E-01 -1.36698E-01 -1.33801E-01 -1.30939E-01
  -1.28114E-01 -1.25331E-01 -1.22593E-01 -1.19901E-01 -1.17258E-01 -1.14667E-01
  -1.12131E-01 -1.09650E-01 -1.07227E-01 -1.04862E-01 -1.02557E-01 -1.00312E-01
  -9.81296E-02 -9.60099E-02 -9.39543E-02 -9.19644E-02 -9.00462E-02 -8.82065E-02
  -8.64524E-02 -8.47901E-02 -8.32175E-02 -8.17280E-02 -8.03148E-02 -7.89710E-02
  -7.76923E-02 -7.64768E-02 -7.53226E-02 -7.42280E-02 -7.31911E-02 -7.22102E-02
  -7.12835E-02 -7.04092E-02  1.20119E-01  1.19787E-01  1.19619E-01  1.19610E-01
   1.19766E-01  1.20090E-01  1.20589E-01  1.21270E-01  1.22173E-01  1.23350E-01
   1.24853E-01  1.26732E-01  1.29001E-01  1.31640E-01  1.34626E-01  1.37939E-01
   1.41570E-01  1.45531E-01  1.49838E-01  1.54504E-01  1.59551E-01  1.65027E-01
   1.70981E-01  1.77466E-01  1.84489E-01  1.91786E-01  1.98983E-01  2.05704E-01
   2.11592E-01  2.16514E-01  2.20509E-01  2.23619E-01  2.25886E-01  2.27285E-01
   2.27703E-01  2.27020E-01  2.25113E-01  2.22008E-01  2.18103E-01  2.13862E-01
   2.09744E-01  2.06135E-01  2.03011E-01  2.00215E-01  1.97590E-01  1.94985E-01
   1.92330E-01  1.89603E-01  1.86784E-01  1.83853E-01  1.80812E-01  1.77684E-01
   1.74496E-01  1.71275E-01  1.68030E-01  1.64733E-01  1.61350E-01  1.57849E-01
   1.54203E-01  1.50408E-01  1.46468E-01  1.42386E-01  1.38162E-01  1.33771E-01
   1.29173E-01  1.24329E-01  1.19201E-01  1.13794E-01  1.08154E-01  1.02328E-01
   9.63649E-02  9.02969E-02  8.41294E-02  7.78647E-02  7.15055E-02  6.50544E-02
   5.85165E-02  5.18966E-02  4.52002E-02  3.84320E-02  3.15945E-02  2.46887E-02
   1.77163E-02  1.06785E-02  3.58038E-03 -3.57095E-03 -1.07679E-02 -1.80030E-02
  -2.52676E-02 -3.25515E-02 -3.98439E-02 -4.71345E-02 -5.44000E-02 -6.15794E-02
  -6.86049E-02 -7.54084E-02 -8.19273E-02 -8.81262E-02 -9.39803E-02 -9.94646E-02
  -1.04558E-01 -1.09284E-01 -1.13698E-01 -1.17855E-01 -1.21812E-01 -1.25590E-01
  -1.29175E-01 -1.32547E-01 -1.35686E-01 -1.38575E-01 -1.41195E-01 -1.43530E-01
  -1.45562E-01 -1.47272E-01 -1.48629E-01 -1.49599E-01 -1.50148E-01 -1.50250E-01
  -1.49955E-01 -1.49358E-01 -1.48557E-01 -1.47644E-01 -1.46675E-01 -1.45662E-01
  -1.44615E-01 -1.43545E-01 -1.42461E-01 -1.41377E-01 -1.40307E-01 -1.39263E-01
  -1.38257E-01 -1.37296E-01 -1.36383E-01 -1.35525E-01 -1.34724E-01 -1.33986E-01
  -1.33313E-01 -1.32708E-01 -1.32174E-01 -1.31716E-01 -1.31342E-01 -1.31057E-01
  -1.30869E-01 -1.30783E-01 -1.30808E-01 -1.30948E-01 -1.31210E-01 -1.31600E-01
  -1.32121E-01 -1.32777E-01 -1.33570E-01 -1.34503E-01 -1.35577E-01 -1.36795E-01
  -1.38156E-01 -1.39663E-01 -1.41318E-01 -1.43123E-01 -1.45081E-01 -1.47196E-01
  -1.49464E-01 -1.51877E-01 -1.54425E-01 -1.57098E-01 -1.59887E-01 -1.62786E-01
  -1.65788E-01 -1.68887E-01 -1.72076E-01 -1.75340E-01 -1.78662E-01 -1.82024E-01
  -1.85409E-01 -1.88794E-01 -1.92153E-01 -1.95462E-01 -1.98693E-01 -2.01828E-01
  -2.04853E-01 -2.07756E-01 -2.10525E-01 -2.13141E-01 -2.15573E-01 -2.17786E-01
  -2.19747E-01 -2.21429E-01 -2.22833E-01 -2.23968E-01 -2.24841E-01 -2.25463E-01
  -2.25834E-01 -2.25952E-01 -2.25817E-01 -2.25426E-01 -2.24782E-01 -2.23888E-01
  -2.22750E-01 -2.21373E-01 -2.19763E-01 -2.17930E-01 -2.15886E-01 -2.13641E-01
  -2.11208E-01 -2.08611E-01 -2.05873E-01 -2.03020E-01 -2.00075E-01 -1.97055E-01
  -1.93972E-01 -1.90840E-01 -1.87672E-01 -1.84478E-01 -1.81268E-01 -1.78049E-01
  -1.74831E-01 -1.71619E-01 -1.68420E-01 -1.65239E-01 -1.62079E-01 -1.58946E-01
  -1.55844E-01 -1.52775E-01 -1.49743E-01 -1.46751E-01 -1.43802E-01 -1.40897E-01
  -1.38040E-01 -1.35232E-01 -1.32476E-01 -1.29773E-01 -1.27125E-01 -1.24533E-01
  -1.21999E-01 -1.19524E-01 -1.17108E-01 -1.14751E-01 -1.12455E-01 -1.10219E-01
  -1.08045E-01 -1.05934E-01 -1.03887E-01 -1.01910E-01 -1.00009E-01 -9.81898E-02
  -9.64583E-02 -9.48123E-02 -9.32452E-02 -9.17504E-02 -9.03216E-02 -8.89545E-02
  -8.76480E-02 -8.64010E-02 -8.52121E-02 -8.40804E-02 -8.30047E-02 -8.19838E-02
  -8.10166E-02  1.14097E-01  1.13364E-01  1.12838E-01  1.12527E-01  1.12442E-01
   1.12593E-01  1.12991E-01  1.13648E-01  1.14597E-01  1.15879E-01  1.17537E-01
   1.19609E-01  1.22104E-01  1.25002E-01  1.28281E-01  1.31920E-01  1.35913E-01
   1.40275E-01  1.45027E-01  1.50186E-01  1.55788E-01  1.61917E-01  1.68668E-01
   1.76135E-01  1.84353E-01  1.92970E-01  2.01483E-01  2.09386E-01  2.16196E-01
   2.21751E-01  2.26129E-01  2.29413E-01  2.31687E-01  2.32923E-01  2.32949E-01
   2.31580E-01  2.28630E-01  2.24118E-01  2.18595E-01  2.12695E-01  2.07058E-01
   2.02211E-01  1.98114E-01  1.94540E-01  1.91261E-01  1.88063E-01  1.84858E-01
   1.81643E-01  1.78413E-01  1.75165E-01  1.71896E-01  1.68601E-01  1.65275E-01
   1.61915E-01  1.58510E-01  1.55040E-01  1.51483E-01  1.47818E-01  1.44025E-01
   1.40099E-01  1.36037E-01  1.31837E-01  1.27497E-01  1.23000E-01  1.18325E-01
   1.13449E-01  1.08353E-01  1.03037E-01  9.75279E-02  9.18512E-02  8.60330E-02
   8.00915E-02  7.40300E-02  6.78504E-02  6.15546E-02  5.51446E-02  4.86230E-02
   4.19921E-02  3.52548E-02  2.84133E-02  2.14683E-02  1.44195E-02  7.26704E-03
   1.07499E-05 -7.34631E-03 -1.47990E-02 -2.23420E-02 -2.99700E-02 -3.76760E-02
  -4.54509E-02 -5.32850E-02 -6.11689E-02 -6.90794E-02 -7.69528E-02 -8.47180E-02
  -9.23042E-02 -9.96433E-02 -1.06685E-01 -1.13384E-01 -1.19697E-01 -1.25583E-01
  -1.31044E-01 -1.36110E-01 -1.40814E-01 -1.45186E-01 -1.49236E-01 -1.52941E-01
  -1.56280E-01 -1.59229E-01 -1.61772E-01 -1.63909E-01 -1.65644E-01 -1.66978E-01
  -1.67914E-01 -1.68441E-01 -1.68548E-01 -1.68222E-01 -1.67458E-01 -1.66319E-01
  -1.64905E-01 -1.63318E-01 -1.61659E-01 -1.59985E-01 -1.58306E-01 -1.56633E-01
  -1.54973E-01 -1.53338E-01 -1.51737E-01 -1.50181E-01 -1.48682E-01 -1.47248E-01
  -1.45885E-01 -1.44595E-01 -1.43380E-01 -1.42244E-01 -1.41188E-01 -1.40212E-01
  -1.39319E-01 -1.38509E-01 -1.37787E-01 -1.37159E-01 -1.36632E-01 -1.36212E-01
  -1.35908E-01 -1.35726E-01 -1.35673E-01 -1.35757E-01 -1.35985E-01 -1.36364E-01
  -1.36899E-01 -1.37597E-01 -1.38465E-01 -1.39506E-01 -1.40726E-01 -1.42127E-01
  -1.43715E-01 -1.45492E-01 -1.47462E-01 -1.49627E-01 -1.51990E-01 -1.54549E-01
  -1.57292E-01 -1.60208E-01 -1.63287E-01 -1.66517E-01 -1.69890E-01 -1.73396E-01
  -1.77027E-01 -1.80772E-01 -1.84616E-01 -1.88539E-01 -1.92524E-01 -1.96550E-01
  -2.00593E-01 -2.04626E-01 -2.08620E-01 -2.12547E-01 -2.16384E-01 -2.20111E-01
  -2.23710E-01 -2.27162E-01 -2.30442E-01 -2.33509E-01 -2.36321E-01 -2.38837E-01
  -2.41022E-01 -2.42867E-01 -2.44376E-01 -2.45549E-01 -2.46387E-01 -2.46893E-01
  -2.47065E-01 -2.46904E-01 -2.46410E-01 -2.45592E-01 -2.44462E-01 -2.43035E-01
  -2.41325E-01 -2.39348E-01 -2.37123E-01 -2.34669E-01 -2.32007E-01 -2.29158E-01
  -2.26148E-01 -2.23007E-01 -2.19762E-01 -2.16442E-01 -2.13063E-01 -2.09640E-01
  -2.06187E-01 -2.02717E-01 -1.99241E-01 -1.95768E-01 -1.92304E-01 -1.88858E-01
  -1.85437E-01 -1.82044E-01 -1.78684E-01 -1.75360E-01 -1.72075E-01 -1.68834E-01
  -1.65637E-01 -1.62487E-01 -1.59387E-01 -1.56338E-01 -1.53342E-01 -1.50399E-01
  -1.47513E-01 -1.44683E-01 -1.41911E-01 -1.39198E-01 -1.36544E-01 -1.33951E-01
  -1.31419E-01 -1.28949E-01 -1.26540E-01 -1.24193E-01 -1.21908E-01 -1.19685E-01
  -1.17524E-01 -1.15426E-01 -1.13395E-01 -1.11436E-01 -1.09554E-01 -1.07754E-01
  -1.06034E-01 -1.04388E-01 -1.02812E-01 -1.01299E-01 -9.98467E-02 -9.84539E-02
  -9.71199E-02 -9.58438E-02 -9.46248E-02 -9.34621E-02 -9.23549E-02 -9.13024E-02
   1.06100E-01  1.04599E-01  1.03388E-01  1.02522E-01  1.02036E-01  1.01957E-01
   1.02315E-01  1.03134E-01  1.04407E-01  1.06110E-01  1.08220E-01  1.10715E-01
   1.13580E-01  1.16812E-01  1.20403E-01  1.24350E-01  1.28656E-01  1.33339E-01
   1.38418E-01  1.43913E-01  1.49864E-01  1.56371E-01  1.63549E-01  1.71514E-01
   1.80312E-01  1.89554E-01  1.98679E-01  2.07124E-01  2.14354E-01  2.20191E-01
   2.24728E-01  2.28067E-01  2.30305E-01  2.31417E-01  2.31205E-01  2.29460E-01
   2.25972E-01  2.20760E-01  2.14439E-01  2.07724E-01  2.01329E-01  1.95846E-01
   1.91231E-01  1.87232E-01  1.83594E-01  1.80078E-01  1.76596E-01  1.73156E-01
   1.69768E-01  1.66440E-01  1.63161E-01  1.59894E-01  1.56602E-01  1.53246E-01
   1.49797E-01  1.46242E-01  1.42571E-01  1.38775E-01  1.34845E-01  1.30773E-01
   1.26556E-01  1.22189E-01  1.17666E-01  1.12988E-01  1.08156E-01  1.03171E-01
   9.80372E-02  9.27551E-02  8.73280E-02  8.17586E-02  7.60498E-02  7.02037E-02
   6.42220E-02  5.81057E-02  5.18564E-02  4.54749E-02  3.89606E-02  3.23125E-02
   2.55301E-02  1.86119E-02  1.15564E-02  4.36121E-03 -2.97582E-03 -1.04569E-02
  -1.80833E-02 -2.58560E-02 -3.37758E-02 -4.18434E-02 -5.00564E-02 -5.84072E-02
  -6.68880E-02 -7.54909E-02 -8.42023E-02 -9.29912E-02 -1.01824E-01 -1.10666E-01
  -1.19478E-01 -1.28186E-01 -1.36704E-01 -1.44946E-01 -1.52826E-01 -1.60256E-01
  -1.67147E-01 -1.73412E-01 -1.78961E-01 -1.83738E-01 -1.87721E-01 -1.90892E-01
  -1.93231E-01 -1.94747E-01 -1.95503E-01 -1.95577E-01 -1.95041E-01 -1.93974E-01
  -1.92458E-01 -1.90581E-01 -1.88429E-01 -1.86086E-01 -1.83613E-01 -1.81059E-01
  -1.78470E-01 -1.75894E-01 -1.73361E-01 -1.70882E-01 -1.68470E-01 -1.66134E-01
  -1.63885E-01 -1.61724E-01 -1.59655E-01 -1.57682E-01 -1.55806E-01 -1.54028E-01
  -1.52349E-01 -1.50768E-01 -1.49285E-01 -1.47900E-01 -1.46611E-01 -1.45415E-01
  -1.44311E-01 -1.43301E-01 -1.42390E-01 -1.41584E-01 -1.40887E-01 -1.40307E-01
  -1.39850E-01 -1.39525E-01 -1.39339E-01 -1.39302E-01 -1.39428E-01 -1.39732E-01
  -1.40228E-01 -1.40932E-01 -1.41856E-01 -1.43011E-01 -1.44407E-01 -1.46057E-01
  -1.47963E-01 -1.50124E-01 -1.52540E-01 -1.55210E-01 -1.58128E-01 -1.61283E-01
  -1.64666E-01 -1.68265E-01 -1.72068E-01 -1.76057E-01 -1.80216E-01 -1.84526E-01
  -1.88970E-01 -1.93530E-01 -1.98190E-01 -2.02933E-01 -2.07740E-01 -2.12591E-01
  -2.17463E-01 -2.22333E-01 -2.27177E-01 -2.31967E-01 -2.36667E-01 -2.41241E-01
  -2.45653E-01 -2.49865E-01 -2.53834E-01 -2.57516E-01 -2.60867E-01 -2.63845E-01
  -2.66419E-01 -2.68556E-01 -2.70227E-01 -2.71403E-01 -2.72079E-01 -2.72260E-01
  -2.71953E-01 -2.71165E-01 -2.69918E-01 -2.68251E-01 -2.66200E-01 -2.63806E-01
  -2.61106E-01 -2.58142E-01 -2.54954E-01 -2.51584E-01 -2.48070E-01 -2.44440E-01
  -2.40720E-01 -2.36936E-01 -2.33114E-01 -2.29269E-01 -2.25414E-01 -2.21562E-01
  -2.17725E-01 -2.13912E-01 -2.10129E-01 -2.06381E-01 -2.02676E-01 -1.99017E-01
  -1.95406E-01 -1.91847E-01 -1.88340E-01 -1.84890E-01 -1.81496E-01 -1.78160E-01
  -1.74883E-01 -1.71665E-01 -1.68509E-01 -1.65413E-01 -1.62379E-01 -1.59408E-01
  -1.56500E-01 -1.53655E-01 -1.50873E-01 -1.48154E-01 -1.45499E-01 -1.42908E-01
  -1.40381E-01 -1.37919E-01 -1.35522E-01 -1.33188E-01 -1.30918E-01 -1.28710E-01
  -1.26564E-01 -1.24483E-01 -1.22470E-01 -1.20530E-01 -1.18665E-01 -1.16875E-01
  -1.15156E-01 -1.13503E-01 -1.11911E-01 -1.10380E-01 -1.08907E-01 -1.07492E-01
  -1.06134E-01 -1.04832E-01 -1.03586E-01 -1.02395E-01 -1.01258E-01  9.58960E-02
   9.31858E-02  9.08981E-02  8.91767E-02  8.81003E-02  8.77318E-02  8.81341E-02
   8.93532E-02  9.12992E-02  9.38171E-02  9.67514E-02  9.99519E-02  1.03362E-01
   1.07011E-01  1.10929E-01  1.15148E-01  1.19693E-01  1.24578E-01  1.29820E-01
   1.35431E-01  1.41445E-01  1.47949E-01  1.55042E-01  1.62824E-01  1.71333E-01
   1.80213E-01  1.88951E-01  1.97034E-01  2.03972E-01  2.09595E-01  2.13979E-01
   2.17202E-01  2.19342E-01  2.20374E-01  2.20132E-01  2.18437E-01  2.15111E-01
   2.10182E-01  2.04209E-01  1.97841E-01  1.91725E-01  1.86402E-01  1.81840E-01
   1.77822E-01  1.74129E-01  1.70554E-01  1.67024E-01  1.63552E-01  1.60151E-01
   1.56831E-01  1.53578E-01  1.50344E-01  1.47080E-01  1.43737E-01  1.40279E-01
   1.36698E-01  1.32990E-01  1.29151E-01  1.25178E-01  1.21064E-01  1.16804E-01
   1.12389E-01  1.07817E-01  1.03093E-01  9.82295E-02  9.32394E-02  8.81350E-02
   8.29175E-02  7.75779E-02  7.21065E-02  6.64938E-02  6.07333E-02  5.48245E-02
   4.87673E-02  4.25617E-02  3.62067E-02  2.96989E-02  2.30340E-02  1.62079E-02
   9.21622E-03  2.05438E-03 -5.28262E-03 -1.27995E-02 -2.05013E-02 -2.83965E-02
  -3.64966E-02 -4.48127E-02 -5.33565E-02 -6.21326E-02 -7.11362E-02 -8.03614E-02
  -8.98026E-02 -9.94672E-02 -1.09401E-01 -1.19657E-01 -1.30288E-01 -1.41325E-01
  -1.52660E-01 -1.64142E-01 -1.75614E-01 -1.86916E-01 -1.97789E-01 -2.07908E-01
  -2.16949E-01 -2.24587E-01 -2.30636E-01 -2.35082E-01 -2.37921E-01 -2.39150E-01
  -2.38822E-01 -2.37126E-01 -2.34273E-01 -2.30471E-01 -2.25940E-01 -2.20944E-01
  -2.15760E-01 -2.10668E-01 -2.05924E-01 -2.01572E-01 -1.97532E-01 -1.93725E-01
  -1.90069E-01 -1.86532E-01 -1.83128E-01 -1.79875E-01 -1.76788E-01 -1.73877E-01
  -1.71131E-01 -1.68540E-01 -1.66091E-01 -1.63774E-01 -1.61584E-01 -1.59519E-01
  -1.57575E-01 -1.55748E-01 -1.54034E-01 -1.52427E-01 -1.50921E-01 -1.49512E-01
  -1.48197E-01 -1.46978E-01 -1.45857E-01 -1.44836E-01 -1.43918E-01 -1.43110E-01
  -1.42420E-01 -1.41855E-01 -1.41427E-01 -1.41163E-01 -1.41095E-01 -1.41252E-01
  -1.41666E-01 -1.42362E-01 -1.43363E-01 -1.44693E-01 -1.46374E-01 -1.48411E-01
  -1.50793E-01 -1.53512E-01 -1.56557E-01 -1.59918E-01 -1.63587E-01 -1.67554E-01
  -1.71811E-01 -1.76341E-01 -1.81114E-01 -1.86096E-01 -1.91252E-01 -1.96552E-01
  -2.01978E-01 -2.07519E-01 -2.13164E-01 -2.18900E-01 -2.24718E-01 -2.30610E-01
  -2.36564E-01 -2.42573E-01 -2.48602E-01 -2.54587E-01 -2.60467E-01 -2.66175E-01
  -2.71656E-01 -2.76865E-01 -2.81761E-01 -2.86305E-01 -2.90446E-01 -2.94103E-01
  -2.97183E-01 -2.99595E-01 -3.01255E-01 -3.02143E-01 -3.02274E-01 -3.01663E-01
  -3.00328E-01 -2.98319E-01 -2.95719E-01 -2.92614E-01 -2.89089E-01 -2.85226E-01
  -2.81101E-01 -2.76789E-01 -2.72368E-01 -2.67901E-01 -2.63413E-01 -2.58919E-01
  -2.54435E-01 -2.49975E-01 -2.45551E-01 -2.41170E-01 -2.36841E-01 -2.32574E-01
  -2.28372E-01 -2.24239E-01 -2.20175E-01 -2.16183E-01 -2.12264E-01 -2.08419E-01
  -2.04646E-01 -2.00947E-01 -1.97321E-01 -1.93768E-01 -1.90288E-01 -1.86878E-01
  -1.83540E-01 -1.80273E-01 -1.77076E-01 -1.73949E-01 -1.70892E-01 -1.67905E-01
  -1.64986E-01 -1.62135E-01 -1.59351E-01 -1.56634E-01 -1.53984E-01 -1.51401E-01
  -1.48885E-01 -1.46437E-01 -1.44054E-01 -1.41736E-01 -1.39482E-01 -1.37289E-01
  -1.35161E-01 -1.33099E-01 -1.31106E-01 -1.29184E-01 -1.27333E-01 -1.25548E-01
  -1.23827E-01 -1.22167E-01 -1.20564E-01 -1.19018E-01 -1.17528E-01 -1.16093E-01
  -1.14712E-01 -1.13383E-01 -1.12106E-01 -1.10880E-01  8.43499E-02  8.01670E-02
   7.65701E-02  7.38159E-02  7.20392E-02  7.13453E-02  7.18395E-02  7.35932E-02
   7.64097E-02  7.99633E-02  8.39278E-02  8.79875E-02  9.20310E-02  9.61294E-02
   1.00360E-01  1.04800E-01  1.09502E-01  1.14475E-01  1.19726E-01  1.25262E-01
   1.31099E-01  1.37291E-01  1.43899E-01  1.50981E-01  1.58553E-01  1.66342E-01
   1.73958E-01  1.81011E-01  1.87128E-01  1.92167E-01  1.96158E-01  1.99134E-01
   2.01131E-01  2.02123E-01  2.02010E-01  2.00684E-01  1.98037E-01  1.94106E-01
   1.89312E-01  1.84136E-01  1.79061E-01  1.74489E-01  1.70413E-01  1.66693E-01
   1.63186E-01  1.59757E-01  1.56360E-01  1.53002E-01  1.49692E-01  1.46439E-01
   1.43227E-01  1.40018E-01  1.36770E-01  1.33441E-01  1.30001E-01  1.26445E-01
   1.22768E-01  1.18969E-01  1.15043E-01  1.10986E-01  1.06790E-01  1.02449E-01
   9.79581E-02  9.33225E-02  8.85535E-02  8.36626E-02  7.86606E-02  7.35471E-02
   6.83105E-02  6.29390E-02  5.74206E-02  5.17466E-02  4.59146E-02  3.99224E-02
   3.37681E-02  2.74488E-02  2.09583E-02  1.42894E-02  7.43548E-03  3.89209E-04
  -6.85679E-03 -1.43103E-02 -2.19789E-02 -2.98709E-02 -3.80028E-02 -4.63985E-02
  -5.50818E-02 -6.40766E-02 -7.33965E-02 -8.30397E-02 -9.30029E-02 -1.03283E-01
  -1.13915E-01 -1.25041E-01 -1.36823E-01 -1.49425E-01 -1.62964E-01 -1.77301E-01
  -1.92203E-01 -2.07435E-01 -2.22748E-01 -2.37678E-01 -2.51613E-01 -2.63938E-01
  -2.74046E-01 -2.81594E-01 -2.86575E-01 -2.89008E-01 -2.88908E-01 -2.86387E-01
  -2.81782E-01 -2.75466E-01 -2.67808E-01 -2.59201E-01 -2.50126E-01 -2.41093E-01
  -2.32614E-01 -2.25154E-01 -2.18733E-01 -2.13110E-01 -2.08041E-01 -2.03288E-01
  -1.98735E-01 -1.94401E-01 -1.90310E-01 -1.86487E-01 -1.82939E-01 -1.79641E-01
  -1.76563E-01 -1.73677E-01 -1.70956E-01 -1.68389E-01 -1.65971E-01 -1.63694E-01
  -1.61551E-01 -1.59532E-01 -1.57629E-01 -1.55831E-01 -1.54129E-01 -1.52515E-01
  -1.50989E-01 -1.49546E-01 -1.48184E-01 -1.46903E-01 -1.45705E-01 -1.44594E-01
  -1.43572E-01 -1.42654E-01 -1.41886E-01 -1.41322E-01 -1.41017E-01 -1.41023E-01
  -1.41385E-01 -1.42142E-01 -1.43337E-01 -1.45006E-01 -1.47157E-01 -1.49770E-01
  -1.52828E-01 -1.56312E-01 -1.60204E-01 -1.64492E-01 -1.69163E-01 -1.74203E-01
  -1.79589E-01 -1.85271E-01 -1.91194E-01 -1.97304E-01 -2.03552E-01 -2.09927E-01
  -2.16426E-01 -2.23050E-01 -2.29798E-01 -2.36673E-01 -2.43686E-01 -2.50845E-01
  -2.58156E-01 -2.65586E-01 -2.73056E-01 -2.80483E-01 -2.87782E-01 -2.94878E-01
  -3.01706E-01 -3.08202E-01 -3.14304E-01 -3.19936E-01 -3.24954E-01 -3.29200E-01
  -3.32513E-01 -3.34746E-01 -3.35857E-01 -3.35861E-01 -3.34776E-01 -3.32621E-01
  -3.29488E-01 -3.25543E-01 -3.20955E-01 -3.15893E-01 -3.10505E-01 -3.04905E-01
  -2.99201E-01 -2.93503E-01 -2.87898E-01 -2.82403E-01 -2.77017E-01 -2.71738E-01
  -2.66566E-01 -2.61502E-01 -2.56550E-01 -2.51711E-01 -2.46987E-01 -2.42379E-01
  -2.37882E-01 -2.33494E-01 -2.29211E-01 -2.25030E-01 -2.20949E-01 -2.16964E-01
  -2.13075E-01 -2.09277E-01 -2.05569E-01 -2.01948E-01 -1.98411E-01 -1.94957E-01
  -1.91583E-01 -1.88288E-01 -1.85072E-01 -1.81934E-01 -1.78872E-01 -1.75884E-01
  -1.72968E-01 -1.70123E-01 -1.67347E-01 -1.64641E-01 -1.62004E-01 -1.59437E-01
  -1.56939E-01 -1.54508E-01 -1.52144E-01 -1.49844E-01 -1.47608E-01 -1.45436E-01
  -1.43329E-01 -1.41290E-01 -1.39318E-01 -1.37414E-01 -1.35573E-01 -1.33792E-01
  -1.32071E-01 -1.30405E-01 -1.28793E-01 -1.27235E-01 -1.25728E-01 -1.24271E-01
  -1.22863E-01 -1.21502E-01 -1.20188E-01  7.25994E-02  6.69218E-02  6.19988E-02
   5.82015E-02  5.57189E-02  5.46960E-02  5.52774E-02  5.75580E-02  6.12333E-02
   6.58075E-02  7.07835E-02  7.56809E-02  8.03308E-02  8.48433E-02  8.93381E-02
   9.39344E-02  9.87085E-02  1.03665E-01  1.08803E-01  1.14121E-01  1.19619E-01
   1.25310E-01  1.31207E-01  1.37325E-01  1.43652E-01  1.50014E-01  1.56174E-01
   1.61894E-01  1.66945E-01  1.71217E-01  1.74692E-01  1.77355E-01  1.79188E-01
   1.80171E-01  1.80276E-01  1.79476E-01  1.77742E-01  1.75124E-01  1.71867E-01
   1.68252E-01  1.64559E-01  1.61026E-01  1.57671E-01  1.54441E-01  1.51281E-01
   1.48140E-01  1.45001E-01  1.41864E-01  1.38730E-01  1.35602E-01  1.32469E-01
   1.29308E-01  1.26095E-01  1.22805E-01  1.19422E-01  1.15937E-01  1.12347E-01
   1.08647E-01  1.04832E-01  1.00898E-01  9.68365E-02  9.26433E-02  8.83128E-02
   8.38455E-02  7.92455E-02  7.45164E-02  6.96621E-02  6.46798E-02  5.95612E-02
   5.42976E-02  4.88802E-02  4.33020E-02  3.75586E-02  3.16461E-02  2.55605E-02
   1.92968E-02  1.28468E-02  6.20128E-03 -6.48603E-04 -7.71223E-03 -1.49995E-02
  -2.25207E-02 -3.02860E-02 -3.83066E-02 -4.66064E-02 -5.52201E-02 -6.41828E-02
  -7.35293E-02 -8.32813E-02 -9.34406E-02 -1.04007E-01 -1.14981E-01 -1.26421E-01
  -1.38555E-01 -1.51642E-01 -1.65941E-01 -1.81648E-01 -1.98592E-01 -2.16470E-01
  -2.34977E-01 -2.53785E-01 -2.72250E-01 -2.89509E-01 -3.04696E-01 -3.16954E-01
  -3.25804E-01 -3.31248E-01 -3.33317E-01 -3.32047E-01 -3.27598E-01 -3.20438E-01
  -3.11082E-01 -3.00045E-01 -2.87867E-01 -2.75223E-01 -2.62826E-01 -2.51388E-01
  -2.41559E-01 -2.33338E-01 -2.26342E-01 -2.20188E-01 -2.14496E-01 -2.09081E-01
  -2.03961E-01 -1.99169E-01 -1.94732E-01 -1.90657E-01 -1.86906E-01 -1.83432E-01
  -1.80191E-01 -1.77143E-01 -1.74272E-01 -1.71568E-01 -1.69020E-01 -1.66619E-01
  -1.64349E-01 -1.62199E-01 -1.60152E-01 -1.58196E-01 -1.56320E-01 -1.54517E-01
  -1.52780E-01 -1.51103E-01 -1.49479E-01 -1.47901E-01 -1.46360E-01 -1.44851E-01
  -1.43384E-01 -1.42032E-01 -1.40880E-01 -1.40011E-01 -1.39509E-01 -1.39442E-01
  -1.39869E-01 -1.40853E-01 -1.42452E-01 -1.44678E-01 -1.47510E-01 -1.50925E-01
  -1.54901E-01 -1.59413E-01 -1.64428E-01 -1.69915E-01 -1.75844E-01 -1.82172E-01
  -1.88830E-01 -1.95742E-01 -2.02834E-01 -2.10043E-01 -2.17363E-01 -2.24813E-01
  -2.32406E-01 -2.40160E-01 -2.48095E-01 -2.56232E-01 -2.64594E-01 -2.73203E-01
  -2.82039E-01 -2.91038E-01 -3.00131E-01 -3.09250E-01 -3.18305E-01 -3.27159E-01
  -3.35669E-01 -3.43690E-01 -3.51070E-01 -3.57615E-01 -3.63118E-01 -3.67374E-01
  -3.70190E-01 -3.71494E-01 -3.71281E-01 -3.69544E-01 -3.66285E-01 -3.61654E-01
  -3.55949E-01 -3.49478E-01 -3.42544E-01 -3.35392E-01 -3.28156E-01 -3.20957E-01
  -3.13916E-01 -3.07128E-01 -3.00596E-01 -2.94299E-01 -2.88219E-01 -2.82338E-01
  -2.76646E-01 -2.71138E-01 -2.65807E-01 -2.60648E-01 -2.55654E-01 -2.50816E-01
  -2.46124E-01 -2.41571E-01 -2.37149E-01 -2.32852E-01 -2.28675E-01 -2.24612E-01
  -2.20660E-01 -2.16812E-01 -2.13065E-01 -2.09415E-01 -2.05857E-01 -2.02388E-01
  -1.99008E-01 -1.95714E-01 -1.92503E-01 -1.89375E-01 -1.86325E-01 -1.83352E-01
  -1.80453E-01 -1.77626E-01 -1.74871E-01 -1.72187E-01 -1.69573E-01 -1.67030E-01
  -1.64556E-01 -1.62149E-01 -1.59808E-01 -1.57532E-01 -1.55321E-01 -1.53174E-01
  -1.51094E-01 -1.49078E-01 -1.47126E-01 -1.45236E-01 -1.43404E-01 -1.41628E-01
  -1.39907E-01 -1.38237E-01 -1.36617E-01 -1.35045E-01 -1.33520E-01 -1.32039E-01
  -1.30601E-01 -1.29204E-01  6.17823E-02  5.48296E-02  4.87793E-02  4.40953E-02
   4.10058E-02  3.96817E-02  4.02940E-02  4.29513E-02  4.72651E-02  5.26084E-02
   5.83530E-02  6.38911E-02  6.90057E-02  7.38289E-02  7.85052E-02  8.31781E-02
   8.79381E-02  9.27868E-02  9.77178E-02  1.02725E-01  1.07797E-01  1.12915E-01
   1.18056E-01  1.23197E-01  1.28307E-01  1.33301E-01  1.38076E-01  1.42524E-01
   1.46542E-01  1.50056E-01  1.53011E-01  1.55354E-01  1.57031E-01  1.58024E-01
   1.58364E-01  1.58085E-01  1.57221E-01  1.55823E-01  1.53990E-01  1.51829E-01
   1.49446E-01  1.46935E-01  1.44335E-01  1.41660E-01  1.38929E-01  1.36157E-01
   1.33348E-01  1.30498E-01  1.27603E-01  1.24660E-01  1.21662E-01  1.18604E-01
   1.15478E-01  1.12278E-01  1.08998E-01  1.05630E-01  1.02168E-01  9.86065E-02
   9.49388E-02  9.11597E-02  8.72643E-02  8.32475E-02  7.91046E-02  7.48310E-02
   7.04230E-02  6.58765E-02  6.11875E-02  5.63517E-02  5.13652E-02  4.62235E-02
   4.09225E-02  3.54575E-02  2.98231E-02  2.40135E-02  1.80235E-02  1.18464E-02
   5.47272E-03 -1.10800E-03 -7.90575E-03 -1.49312E-02 -2.21960E-02 -2.97124E-02
  -3.74926E-02 -4.55496E-02 -5.39117E-02 -6.26201E-02 -7.17159E-02 -8.12403E-02
  -9.12204E-02 -1.01662E-01 -1.12569E-01 -1.23945E-01 -1.35863E-01 -1.48591E-01
  -1.62437E-01 -1.77705E-01 -1.94629E-01 -2.13019E-01 -2.32527E-01 -2.52809E-01
  -2.73489E-01 -2.93831E-01 -3.12846E-01 -3.29539E-01 -3.42929E-01 -3.52463E-01
  -3.58145E-01 -3.60013E-01 -3.58106E-01 -3.52609E-01 -3.44061E-01 -3.33053E-01
  -3.20176E-01 -3.06053E-01 -2.91456E-01 -2.77202E-01 -2.64109E-01 -2.52920E-01
  -2.43627E-01 -2.35782E-01 -2.28934E-01 -2.22641E-01 -2.16680E-01 -2.11071E-01
  -2.05842E-01 -2.01023E-01 -1.96618E-01 -1.92580E-01 -1.88853E-01 -1.85385E-01
  -1.82127E-01 -1.79061E-01 -1.76172E-01 -1.73449E-01 -1.70876E-01 -1.68438E-01
  -1.66117E-01 -1.63894E-01 -1.61751E-01 -1.59676E-01 -1.57658E-01 -1.55691E-01
  -1.53764E-01 -1.51863E-01 -1.49962E-01 -1.48034E-01 -1.46051E-01 -1.44018E-01
  -1.42036E-01 -1.40230E-01 -1.38722E-01 -1.37630E-01 -1.37049E-01 -1.37064E-01
  -1.37757E-01 -1.39211E-01 -1.41452E-01 -1.44466E-01 -1.48237E-01 -1.52751E-01
  -1.57969E-01 -1.63821E-01 -1.70234E-01 -1.77138E-01 -1.84454E-01 -1.92096E-01
  -1.99974E-01 -2.07997E-01 -2.16094E-01 -2.24274E-01 -2.32578E-01 -2.41046E-01
  -2.49717E-01 -2.58621E-01 -2.67785E-01 -2.77234E-01 -2.86992E-01 -2.97078E-01
  -3.07497E-01 -3.18253E-01 -3.29352E-01 -3.40708E-01 -3.52027E-01 -3.62992E-01
  -3.73285E-01 -3.82604E-01 -3.90726E-01 -3.97450E-01 -4.02574E-01 -4.05904E-01
  -4.07331E-01 -4.06791E-01 -4.04219E-01 -3.99562E-01 -3.93045E-01 -3.85166E-01
  -3.76439E-01 -3.67372E-01 -3.58338E-01 -3.49459E-01 -3.40828E-01 -3.32538E-01
  -3.24660E-01 -3.17177E-01 -3.10053E-01 -3.03254E-01 -2.96744E-01 -2.90503E-01
  -2.84516E-01 -2.78766E-01 -2.73240E-01 -2.67921E-01 -2.62797E-01 -2.57853E-01
  -2.53077E-01 -2.48457E-01 -2.43984E-01 -2.39650E-01 -2.35448E-01 -2.31371E-01
  -2.27411E-01 -2.23564E-01 -2.19823E-01 -2.16183E-01 -2.12640E-01 -2.09192E-01
  -2.05836E-01 -2.02569E-01 -1.99388E-01 -1.96290E-01 -1.93271E-01 -1.90329E-01
  -1.87462E-01 -1.84667E-01 -1.81945E-01 -1.79294E-01 -1.76714E-01 -1.74203E-01
  -1.71760E-01 -1.69384E-01 -1.67073E-01 -1.64827E-01 -1.62646E-01 -1.60528E-01
  -1.58474E-01 -1.56481E-01 -1.54547E-01 -1.52669E-01 -1.50846E-01 -1.49075E-01
  -1.47353E-01 -1.45679E-01 -1.44051E-01 -1.42466E-01 -1.40923E-01 -1.39420E-01
  -1.37955E-01  5.27925E-02  4.49663E-02  3.81499E-02  3.28608E-02  2.93424E-02
   2.77711E-02  2.83237E-02  3.11088E-02  3.56940E-02  4.13877E-02  4.74965E-02
   5.33496E-02  5.86988E-02  6.36739E-02  6.84181E-02  7.30740E-02  7.77310E-02
   8.23912E-02  8.70482E-02  9.16959E-02  9.63218E-02  1.00893E-01  1.05374E-01
   1.09727E-01  1.13916E-01  1.17912E-01  1.21686E-01  1.25209E-01  1.28453E-01
   1.31368E-01  1.33891E-01  1.35958E-01  1.37506E-01  1.38521E-01  1.39053E-01
   1.39161E-01  1.38900E-01  1.38316E-01  1.37425E-01  1.36237E-01  1.34763E-01
   1.33019E-01  1.31043E-01  1.28886E-01  1.26594E-01  1.24214E-01  1.21760E-01
   1.19228E-01  1.16612E-01  1.13908E-01  1.11116E-01  1.08236E-01  1.05272E-01
   1.02228E-01  9.91031E-02  9.58917E-02  9.25878E-02  8.91848E-02  8.56770E-02
   8.20598E-02  7.83292E-02  7.44813E-02  7.05117E-02  6.64139E-02  6.21804E-02
   5.78035E-02  5.32759E-02  4.85927E-02  4.37517E-02  3.87510E-02  3.35887E-02
   2.82612E-02  2.27625E-02  1.70863E-02  1.12264E-02  5.17541E-03 -1.07634E-03
  -7.53961E-03 -1.42247E-02 -2.11425E-02 -2.83054E-02 -3.57266E-02 -4.34192E-02
  -5.13970E-02 -5.96884E-02 -6.83335E-02 -7.73728E-02 -8.68467E-02 -9.67832E-02
  -1.07192E-01 -1.18082E-01 -1.29461E-01 -1.41398E-01 -1.54139E-01 -1.67964E-01
  -1.83150E-01 -1.99907E-01 -2.18039E-01 -2.37201E-01 -2.57049E-01 -2.77211E-01
  -2.96986E-01 -3.15441E-01 -3.31638E-01 -3.44653E-01 -3.53961E-01 -3.59556E-01
  -3.61465E-01 -3.59715E-01 -3.54477E-01 -3.46270E-01 -3.35663E-01 -3.23228E-01
  -3.09561E-01 -2.95398E-01 -2.81513E-01 -2.68680E-01 -2.57606E-01 -2.48297E-01
  -2.40351E-01 -2.33364E-01 -2.26938E-01 -2.20871E-01 -2.15176E-01 -2.09873E-01
  -2.04984E-01 -2.00509E-01 -1.96401E-01 -1.92605E-01 -1.89072E-01 -1.85753E-01
  -1.82628E-01 -1.79683E-01 -1.76902E-01 -1.74271E-01 -1.71769E-01 -1.69377E-01
  -1.67072E-01 -1.64834E-01 -1.62648E-01 -1.60507E-01 -1.58403E-01 -1.56328E-01
  -1.54256E-01 -1.52135E-01 -1.49907E-01 -1.47517E-01 -1.44952E-01 -1.42351E-01
  -1.39878E-01 -1.37701E-01 -1.35979E-01 -1.34837E-01 -1.34382E-01 -1.34721E-01
  -1.35960E-01 -1.38146E-01 -1.41288E-01 -1.45392E-01 -1.50463E-01 -1.56448E-01
  -1.63215E-01 -1.70624E-01 -1.78537E-01 -1.86826E-01 -1.95388E-01 -2.04129E-01
  -2.12953E-01 -2.21785E-01 -2.30658E-01 -2.39642E-01 -2.48808E-01 -2.58224E-01
  -2.67923E-01 -2.77920E-01 -2.88228E-01 -2.98863E-01 -3.09898E-01 -3.21480E-01
  -3.33755E-01 -3.46872E-01 -3.60765E-01 -3.74897E-01 -3.88667E-01 -4.01476E-01
  -4.12795E-01 -4.22407E-01 -4.30183E-01 -4.35991E-01 -4.39699E-01 -4.41153E-01
  -4.40187E-01 -4.36634E-01 -4.30350E-01 -4.21646E-01 -4.11286E-01 -4.00058E-01
  -3.88743E-01 -3.77873E-01 -3.67514E-01 -3.57681E-01 -3.48390E-01 -3.39647E-01
  -3.31413E-01 -3.23642E-01 -3.16286E-01 -3.09300E-01 -3.02653E-01 -2.96319E-01
  -2.90271E-01 -2.84484E-01 -2.78938E-01 -2.73614E-01 -2.68495E-01 -2.63565E-01
  -2.58810E-01 -2.54218E-01 -2.49780E-01 -2.45485E-01 -2.41324E-01 -2.37291E-01
  -2.33378E-01 -2.29578E-01 -2.25884E-01 -2.22294E-01 -2.18802E-01 -2.15406E-01
  -2.12102E-01 -2.08887E-01 -2.05756E-01 -2.02708E-01 -1.99737E-01 -1.96842E-01
  -1.94021E-01 -1.91273E-01 -1.88596E-01 -1.85989E-01 -1.83452E-01 -1.80981E-01
  -1.78578E-01 -1.76239E-01 -1.73965E-01 -1.71753E-01 -1.69604E-01 -1.67515E-01
  -1.65485E-01 -1.63512E-01 -1.61594E-01 -1.59729E-01 -1.57913E-01 -1.56147E-01
  -1.54426E-01 -1.52751E-01 -1.51118E-01 -1.49526E-01 -1.47973E-01 -1.46457E-01
   4.55482E-02  3.71950E-02  2.99222E-02  2.42690E-02  2.04771E-02  1.87159E-02
   1.91547E-02  2.18943E-02  2.64861E-02  3.22189E-02  3.83795E-02  4.42776E-02
   4.96488E-02  5.46103E-02  5.92924E-02  6.38249E-02  6.82899E-02  7.26908E-02
   7.70233E-02  8.12834E-02  8.54612E-02  8.95284E-02  9.34533E-02  9.72040E-02
   1.00752E-01  1.04090E-01  1.07219E-01  1.10140E-01  1.12852E-01  1.15326E-01
   1.17508E-01  1.19346E-01  1.20789E-01  1.21824E-01  1.22497E-01  1.22855E-01
   1.22948E-01  1.22808E-01  1.22422E-01  1.21771E-01  1.20836E-01  1.19606E-01
   1.18113E-01  1.16407E-01  1.14534E-01  1.12538E-01  1.10437E-01  1.08228E-01
   1.05910E-01  1.03479E-01  1.00938E-01  9.82918E-02  9.55459E-02  9.27061E-02
   8.97749E-02  8.67484E-02  8.36220E-02  8.03909E-02  7.70505E-02  7.35975E-02
   7.00288E-02  6.63411E-02  6.25310E-02  5.85924E-02  5.45179E-02  5.03000E-02
   4.59316E-02  4.14078E-02  3.67267E-02  3.18866E-02  2.68855E-02  2.17202E-02
   1.63845E-02  1.08720E-02  5.17654E-03 -7.09071E-04 -6.79416E-03 -1.30889E-02
  -1.96029E-02 -2.63467E-02 -3.33323E-02 -4.05729E-02 -4.80812E-02 -5.58710E-02
  -6.39668E-02 -7.24027E-02 -8.12125E-02 -9.04305E-02 -1.00082E-01 -1.10180E-01
  -1.20737E-01 -1.31764E-01 -1.43316E-01 -1.55569E-01 -1.68722E-01 -1.82974E-01
  -1.98467E-01 -2.15012E-01 -2.32302E-01 -2.50025E-01 -2.67856E-01 -2.85219E-01
  -3.01374E-01 -3.15574E-01 -3.27083E-01 -3.35476E-01 -3.40733E-01 -3.42858E-01
  -3.41856E-01 -3.37857E-01 -3.31291E-01 -3.22634E-01 -3.12361E-01 -3.00967E-01
  -2.89048E-01 -2.77229E-01 -2.66135E-01 -2.56337E-01 -2.47870E-01 -2.40458E-01
  -2.33820E-01 -2.27679E-01 -2.21894E-01 -2.16468E-01 -2.11410E-01 -2.06729E-01
  -2.02419E-01 -1.98441E-01 -1.94751E-01 -1.91306E-01 -1.88069E-01 -1.85019E-01
  -1.82141E-01 -1.79420E-01 -1.76841E-01 -1.74382E-01 -1.72022E-01 -1.69736E-01
  -1.67502E-01 -1.65308E-01 -1.63147E-01 -1.61016E-01 -1.58909E-01 -1.56793E-01
  -1.54583E-01 -1.52193E-01 -1.49533E-01 -1.46577E-01 -1.43492E-01 -1.40482E-01
  -1.37754E-01 -1.35507E-01 -1.33887E-01 -1.33024E-01 -1.33044E-01 -1.34071E-01
  -1.36179E-01 -1.39404E-01 -1.43781E-01 -1.49342E-01 -1.56021E-01 -1.63617E-01
  -1.71914E-01 -1.80702E-01 -1.89794E-01 -1.99084E-01 -2.08478E-01 -2.17882E-01
  -2.27225E-01 -2.36564E-01 -2.46000E-01 -2.55632E-01 -2.65554E-01 -2.75799E-01
  -2.86359E-01 -2.97226E-01 -3.08395E-01 -3.20006E-01 -3.32368E-01 -3.45799E-01
  -3.60614E-01 -3.76782E-01 -3.93494E-01 -4.09838E-01 -4.24904E-01 -4.37916E-01
  -4.48691E-01 -4.57208E-01 -4.63447E-01 -4.67370E-01 -4.68781E-01 -4.67401E-01
  -4.62950E-01 -4.55174E-01 -4.44467E-01 -4.31860E-01 -4.18416E-01 -4.05189E-01
  -3.92861E-01 -3.81421E-01 -3.70785E-01 -3.60868E-01 -3.51589E-01 -3.42892E-01
  -3.34726E-01 -3.27037E-01 -3.19777E-01 -3.12904E-01 -3.06384E-01 -3.00182E-01
  -2.94262E-01 -2.88601E-01 -2.83177E-01 -2.77973E-01 -2.72969E-01 -2.68149E-01
  -2.63503E-01 -2.59017E-01 -2.54681E-01 -2.50484E-01 -2.46419E-01 -2.42477E-01
  -2.38652E-01 -2.34937E-01 -2.31328E-01 -2.27818E-01 -2.24406E-01 -2.21087E-01
  -2.17857E-01 -2.14712E-01 -2.11650E-01 -2.08666E-01 -2.05758E-01 -2.02924E-01
  -2.00162E-01 -1.97472E-01 -1.94850E-01 -1.92296E-01 -1.89809E-01 -1.87386E-01
  -1.85027E-01 -1.82731E-01 -1.80495E-01 -1.78319E-01 -1.76202E-01 -1.74141E-01
  -1.72135E-01 -1.70182E-01 -1.68280E-01 -1.66428E-01 -1.64623E-01 -1.62865E-01
  -1.61151E-01 -1.59480E-01 -1.57851E-01 -1.56262E-01 -1.54711E-01  3.97233E-02
   3.10753E-02  2.35512E-02  1.76925E-02  1.37344E-02  1.18377E-02  1.21633E-02
   1.48033E-02  1.93013E-02  2.49382E-02  3.09932E-02  3.67683E-02  4.19934E-02
   4.67811E-02  5.12576E-02  5.55484E-02  5.97326E-02  6.38127E-02  6.77840E-02
   7.16418E-02  7.53789E-02  7.89802E-02  8.24292E-02  8.57091E-02  8.88053E-02
   9.17140E-02  9.44364E-02  9.69733E-02  9.93247E-02  1.01473E-01  1.03386E-01
   1.05033E-01  1.06383E-01  1.07428E-01  1.08190E-01  1.08695E-01  1.08966E-01
   1.09022E-01  1.08854E-01  1.08452E-01  1.07805E-01  1.06907E-01  1.05779E-01
   1.04451E-01  1.02952E-01  1.01311E-01  9.95389E-02  9.76386E-02  9.56119E-02
   9.34606E-02  9.11879E-02  8.87980E-02  8.62950E-02  8.36833E-02  8.09652E-02
   7.81388E-02  7.52016E-02  7.21510E-02  6.89848E-02  6.57004E-02  6.22954E-02
   5.87675E-02  5.51140E-02  5.13307E-02  4.74123E-02  4.33535E-02  3.91495E-02
   3.47959E-02  3.02902E-02  2.56295E-02  2.08112E-02  1.58313E-02  1.06844E-02
   5.36457E-03 -1.34027E-04 -5.81784E-03 -1.16951E-02 -1.77748E-02 -2.40654E-02
  -3.05762E-02 -3.73181E-02 -4.43031E-02 -5.15428E-02 -5.90498E-02 -6.68428E-02
  -7.49466E-02 -8.33858E-02 -9.21853E-02 -1.01365E-01 -1.10941E-01 -1.20924E-01
  -1.31330E-01 -1.42191E-01 -1.53596E-01 -1.65646E-01 -1.78440E-01 -1.92038E-01
  -2.06270E-01 -2.20882E-01 -2.35619E-01 -2.50217E-01 -2.64274E-01 -2.77295E-01
  -2.88782E-01 -2.98242E-01 -3.05383E-01 -3.10170E-01 -3.12582E-01 -3.12601E-01
  -3.10304E-01 -3.06002E-01 -3.00042E-01 -2.92767E-01 -2.84535E-01 -2.75759E-01
  -2.66867E-01 -2.58289E-01 -2.50420E-01 -2.43327E-01 -2.36882E-01 -2.30957E-01
  -2.25424E-01 -2.20215E-01 -2.15326E-01 -2.10752E-01 -2.06493E-01 -2.02537E-01
  -1.98858E-01 -1.95424E-01 -1.92206E-01 -1.89178E-01 -1.86323E-01 -1.83626E-01
  -1.81073E-01 -1.78650E-01 -1.76335E-01 -1.74107E-01 -1.71943E-01 -1.69819E-01
  -1.67726E-01 -1.65661E-01 -1.63624E-01 -1.61614E-01 -1.59591E-01 -1.57450E-01
  -1.55080E-01 -1.52371E-01 -1.49280E-01 -1.45993E-01 -1.42741E-01 -1.39752E-01
  -1.37249E-01 -1.35394E-01 -1.34324E-01 -1.34178E-01 -1.35092E-01 -1.37157E-01
  -1.40436E-01 -1.44987E-01 -1.50870E-01 -1.58009E-01 -1.66148E-01 -1.75015E-01
  -1.84340E-01 -1.93896E-01 -2.03577E-01 -2.13297E-01 -2.22968E-01 -2.32530E-01
  -2.42057E-01 -2.51667E-01 -2.61481E-01 -2.71611E-01 -2.82081E-01 -2.92861E-01
  -3.03919E-01 -3.15231E-01 -3.26986E-01 -3.39627E-01 -3.53612E-01 -3.69394E-01
  -3.86972E-01 -4.05329E-01 -4.23313E-01 -4.39773E-01 -4.53745E-01 -4.65090E-01
  -4.73896E-01 -4.80249E-01 -4.84207E-01 -4.85549E-01 -4.83905E-01 -4.78906E-01
  -4.70215E-01 -4.58275E-01 -4.44305E-01 -4.29557E-01 -4.15278E-01 -4.02246E-01
  -3.90382E-01 -3.79511E-01 -3.69457E-01 -3.60071E-01 -3.51283E-01 -3.43043E-01
  -3.35300E-01 -3.28007E-01 -3.21120E-01 -3.14599E-01 -3.08403E-01 -3.02493E-01
  -2.96841E-01 -2.91428E-01 -2.86235E-01 -2.81243E-01 -2.76437E-01 -2.71804E-01
  -2.67332E-01 -2.63010E-01 -2.58826E-01 -2.54772E-01 -2.50843E-01 -2.47029E-01
  -2.43325E-01 -2.39726E-01 -2.36226E-01 -2.32823E-01 -2.29510E-01 -2.26286E-01
  -2.23146E-01 -2.20087E-01 -2.17105E-01 -2.14199E-01 -2.11366E-01 -2.08605E-01
  -2.05912E-01 -2.03287E-01 -2.00728E-01 -1.98233E-01 -1.95801E-01 -1.93430E-01
  -1.91120E-01 -1.88867E-01 -1.86673E-01 -1.84534E-01 -1.82449E-01 -1.80417E-01
  -1.78437E-01 -1.76506E-01 -1.74624E-01 -1.72788E-01 -1.70999E-01 -1.69255E-01
  -1.67555E-01 -1.65898E-01 -1.64282E-01 -1.62708E-01  3.49922E-02  2.61671E-02
   1.84918E-02  1.25039E-02  8.43877E-03  6.45875E-03  6.72604E-03  9.33174E-03
   1.37997E-02  1.93819E-02  2.53290E-02  3.09154E-02  3.58702E-02  4.03296E-02
   4.44438E-02  4.83623E-02  5.21769E-02  5.58841E-02  5.94714E-02  6.29262E-02
   6.62387E-02  6.94082E-02  7.24356E-02  7.53218E-02  7.80667E-02  8.06628E-02
   8.30998E-02  8.53676E-02  8.74557E-02  8.93535E-02  9.10500E-02  9.25342E-02
   9.37953E-02  9.48272E-02  9.56308E-02  9.62071E-02  9.65574E-02  9.66848E-02
   9.65973E-02  9.63037E-02  9.58128E-02  9.51334E-02  9.42747E-02  9.32457E-02
   9.20555E-02  9.07131E-02  8.92253E-02  8.75973E-02  8.58344E-02  8.39420E-02
   8.19236E-02  7.97811E-02  7.75164E-02  7.51311E-02  7.26264E-02  7.00020E-02
   6.72573E-02  6.43920E-02  6.14053E-02  5.82958E-02  5.50616E-02  5.17011E-02
   4.82123E-02  4.45929E-02  4.08403E-02  3.69518E-02  3.29248E-02  2.87560E-02
   2.44420E-02  1.99791E-02  1.53636E-02  1.05916E-02  5.65808E-03  5.58076E-04
  -4.71333E-03 -1.01616E-02 -1.57935E-02 -2.16164E-02 -2.76371E-02 -3.38632E-02
  -4.03039E-02 -4.69690E-02 -5.38682E-02 -6.10117E-02 -6.84120E-02 -7.60843E-02
  -8.40435E-02 -9.23047E-02 -1.00882E-01 -1.09787E-01 -1.19033E-01 -1.28631E-01
  -1.38594E-01 -1.48937E-01 -1.59672E-01 -1.70814E-01 -1.82354E-01 -1.94146E-01
  -2.05997E-01 -2.17711E-01 -2.29090E-01 -2.39895E-01 -2.49854E-01 -2.58696E-01
  -2.66154E-01 -2.72056E-01 -2.76359E-01 -2.79026E-01 -2.80021E-01 -2.79374E-01
  -2.77282E-01 -2.73964E-01 -2.69639E-01 -2.64532E-01 -2.58883E-01 -2.52943E-01
  -2.46959E-01 -2.41165E-01 -2.35646E-01 -2.30402E-01 -2.25432E-01 -2.20733E-01
  -2.16301E-01 -2.12126E-01 -2.08199E-01 -2.04512E-01 -2.01054E-01 -1.97808E-01
  -1.94758E-01 -1.91888E-01 -1.89182E-01 -1.86628E-01 -1.84214E-01 -1.81928E-01
  -1.79758E-01 -1.77685E-01 -1.75689E-01 -1.73750E-01 -1.71848E-01 -1.69974E-01
  -1.68131E-01 -1.66321E-01 -1.64547E-01 -1.62770E-01 -1.60879E-01 -1.58761E-01
  -1.56298E-01 -1.53447E-01 -1.50389E-01 -1.47353E-01 -1.44565E-01 -1.42244E-01
  -1.40551E-01 -1.39618E-01 -1.39581E-01 -1.40571E-01 -1.42688E-01 -1.46005E-01
  -1.50595E-01 -1.56528E-01 -1.63731E-01 -1.71930E-01 -1.80836E-01 -1.90161E-01
  -1.99669E-01 -2.09261E-01 -2.18862E-01 -2.28398E-01 -2.37817E-01 -2.47197E-01
  -2.56658E-01 -2.66321E-01 -2.76295E-01 -2.86598E-01 -2.97182E-01 -3.08000E-01
  -3.19011E-01 -3.30421E-01 -3.42721E-01 -3.56420E-01 -3.72024E-01 -3.89547E-01
  -4.07912E-01 -4.25899E-01 -4.42284E-01 -4.56056E-01 -4.67115E-01 -4.75614E-01
  -4.81704E-01 -4.85501E-01 -4.86788E-01 -4.85169E-01 -4.80245E-01 -4.71654E-01
  -4.59838E-01 -4.46037E-01 -4.31528E-01 -4.17580E-01 -4.04976E-01 -3.93596E-01
  -3.83225E-01 -3.73647E-01 -3.64679E-01 -3.56252E-01 -3.48329E-01 -3.40866E-01
  -3.33826E-01 -3.27167E-01 -3.20852E-01 -3.14841E-01 -3.09096E-01 -3.03591E-01
  -2.98308E-01 -2.93232E-01 -2.88346E-01 -2.83636E-01 -2.79089E-01 -2.74696E-01
  -2.70444E-01 -2.66325E-01 -2.62330E-01 -2.58454E-01 -2.54689E-01 -2.51031E-01
  -2.47472E-01 -2.44011E-01 -2.40641E-01 -2.37359E-01 -2.34161E-01 -2.31045E-01
  -2.28008E-01 -2.25046E-01 -2.22157E-01 -2.19339E-01 -2.16591E-01 -2.13909E-01
  -2.11292E-01 -2.08738E-01 -2.06246E-01 -2.03815E-01 -2.01442E-01 -1.99126E-01
  -1.96866E-01 -1.94661E-01 -1.92510E-01 -1.90410E-01 -1.88361E-01 -1.86362E-01
  -1.84410E-01 -1.82506E-01 -1.80648E-01 -1.78836E-01 -1.77069E-01 -1.75346E-01
  -1.73668E-01 -1.72033E-01 -1.70441E-01  3.10603E-02  2.20809E-02  1.42678E-02
   8.15883E-03  4.00482E-03  1.98719E-03  2.28737E-03  5.00845E-03  9.62871E-03
   1.53272E-02  2.12813E-02  2.66958E-02  3.13005E-02  3.52945E-02  3.88934E-02
   4.23118E-02  4.56769E-02  4.89720E-02  5.21667E-02  5.52311E-02  5.81438E-02
   6.09134E-02  6.35539E-02  6.60795E-02  6.85012E-02  7.08095E-02  7.29865E-02
   7.50144E-02  7.68762E-02  7.85645E-02  8.00791E-02  8.14201E-02  8.25876E-02
   8.35771E-02  8.43783E-02  8.49802E-02  8.53721E-02  8.55500E-02  8.55285E-02
   8.53253E-02  8.49580E-02  8.44417E-02  8.37786E-02  8.29667E-02  8.20040E-02
   8.08888E-02  7.96244E-02  7.82169E-02  7.66726E-02  7.49976E-02  7.31955E-02
   7.12667E-02  6.92117E-02  6.70308E-02  6.47245E-02  6.22932E-02  5.97375E-02
   5.70580E-02  5.42551E-02  5.13277E-02  4.82748E-02  4.50949E-02  4.17869E-02
   3.83496E-02  3.47819E-02  3.10827E-02  2.72507E-02  2.32836E-02  1.91777E-02
   1.49295E-02  1.05352E-02  5.99123E-03  1.29356E-03 -3.56179E-03 -8.57868E-03
  -1.37614E-02 -1.91150E-02 -2.46450E-02 -3.03564E-02 -3.62549E-02 -4.23470E-02
  -4.86399E-02 -5.51404E-02 -6.18558E-02 -6.87930E-02 -7.59591E-02 -8.33611E-02
  -9.10062E-02 -9.89012E-02 -1.07053E-01 -1.15468E-01 -1.24154E-01 -1.33108E-01
  -1.42301E-01 -1.51703E-01 -1.61278E-01 -1.70983E-01 -1.80701E-01 -1.90291E-01
  -1.99609E-01 -2.08514E-01 -2.16874E-01 -2.24563E-01 -2.31454E-01 -2.37423E-01
  -2.42381E-01 -2.46283E-01 -2.49091E-01 -2.50764E-01 -2.51306E-01 -2.50831E-01
  -2.49466E-01 -2.47338E-01 -2.44577E-01 -2.41313E-01 -2.37677E-01 -2.33798E-01
  -2.29805E-01 -2.25784E-01 -2.21796E-01 -2.17905E-01 -2.14172E-01 -2.10626E-01
  -2.07262E-01 -2.04071E-01 -2.01046E-01 -1.98182E-01 -1.95470E-01 -1.92906E-01
  -1.90483E-01 -1.88195E-01 -1.86034E-01 -1.83991E-01 -1.82059E-01 -1.80228E-01
  -1.78485E-01 -1.76814E-01 -1.75201E-01 -1.73629E-01 -1.72094E-01 -1.70599E-01
  -1.69151E-01 -1.67752E-01 -1.66373E-01 -1.64922E-01 -1.63306E-01 -1.61429E-01
  -1.59255E-01 -1.56937E-01 -1.54668E-01 -1.52640E-01 -1.51037E-01 -1.49993E-01
  -1.49623E-01 -1.50040E-01 -1.51356E-01 -1.53657E-01 -1.57010E-01 -1.61482E-01
  -1.67136E-01 -1.73910E-01 -1.81568E-01 -1.89858E-01 -1.98530E-01 -2.07379E-01
  -2.16323E-01 -2.25303E-01 -2.34257E-01 -2.43143E-01 -2.52023E-01 -2.60994E-01
  -2.70151E-01 -2.79584E-01 -2.89296E-01 -2.99240E-01 -3.09362E-01 -3.19621E-01
  -3.30184E-01 -3.41473E-01 -3.53923E-01 -3.67967E-01 -3.83613E-01 -3.99930E-01
  -4.15861E-01 -4.30348E-01 -4.42516E-01 -4.52293E-01 -4.59824E-01 -4.65255E-01
  -4.68700E-01 -4.69978E-01 -4.68755E-01 -4.64690E-01 -4.57477E-01 -4.47489E-01
  -4.35774E-01 -4.23413E-01 -4.11481E-01 -4.00637E-01 -3.90780E-01 -3.81721E-01
  -3.73277E-01 -3.65289E-01 -3.57711E-01 -3.50520E-01 -3.43692E-01 -3.37203E-01
  -3.31025E-01 -3.25129E-01 -3.19484E-01 -3.14062E-01 -3.08842E-01 -3.03812E-01
  -2.98960E-01 -2.94273E-01 -2.89741E-01 -2.85355E-01 -2.81105E-01 -2.76982E-01
  -2.72979E-01 -2.69090E-01 -2.65309E-01 -2.61631E-01 -2.58051E-01 -2.54565E-01
  -2.51168E-01 -2.47858E-01 -2.44629E-01 -2.41481E-01 -2.38409E-01 -2.35411E-01
  -2.32485E-01 -2.29629E-01 -2.26840E-01 -2.24117E-01 -2.21458E-01 -2.18861E-01
  -2.16324E-01 -2.13846E-01 -2.11425E-01 -2.09060E-01 -2.06749E-01 -2.04491E-01
  -2.02286E-01 -2.00131E-01 -1.98027E-01 -1.95970E-01 -1.93961E-01 -1.91998E-01
  -1.90080E-01 -1.88208E-01 -1.86380E-01 -1.84597E-01 -1.82858E-01 -1.81164E-01
  -1.79513E-01 -1.77906E-01  2.77584E-02  1.86293E-02  1.06773E-02  4.44419E-03
   2.06263E-04 -1.82444E-03 -1.43589E-03  1.49532E-03  6.38590E-03  1.23141E-02
   1.83561E-02  2.36209E-02  2.78389E-02  3.12964E-02  3.42992E-02  3.71514E-02
   4.00299E-02  4.29011E-02  4.57119E-02  4.84091E-02  5.09552E-02  5.33624E-02
   5.56532E-02  5.78497E-02  5.99701E-02  6.20052E-02  6.39350E-02  6.57396E-02
   6.73997E-02  6.89087E-02  7.02691E-02  7.14839E-02  7.25557E-02  7.34812E-02
   7.42484E-02  7.48448E-02  7.52578E-02  7.54819E-02  7.55296E-02  7.54163E-02
   7.51577E-02  7.47668E-02  7.42432E-02  7.35823E-02  7.27795E-02  7.18308E-02
   7.07377E-02  6.95053E-02  6.81389E-02  6.66436E-02  6.50223E-02  6.32751E-02
   6.14022E-02  5.94037E-02  5.72798E-02  5.50313E-02  5.26590E-02  5.01636E-02
   4.75459E-02  4.48053E-02  4.19408E-02  3.89517E-02  3.58372E-02  3.25964E-02
   2.92290E-02  2.57343E-02  2.21116E-02  1.83593E-02  1.44743E-02  1.04537E-02
   6.29464E-03  1.99408E-03 -2.45076E-03 -7.04281E-03 -1.17848E-02 -1.66799E-02
  -2.17312E-02 -2.69424E-02 -3.23167E-02 -3.78577E-02 -4.35691E-02 -4.94549E-02
  -5.55189E-02 -6.17650E-02 -6.81953E-02 -7.48112E-02 -8.16135E-02 -8.86035E-02
  -9.57813E-02 -1.03146E-01 -1.10697E-01 -1.18434E-01 -1.26344E-01 -1.34388E-01
  -1.42519E-01 -1.50690E-01 -1.58850E-01 -1.66912E-01 -1.74775E-01 -1.82341E-01
  -1.89512E-01 -1.96216E-01 -2.02398E-01 -2.08004E-01 -2.12979E-01 -2.17278E-01
  -2.20868E-01 -2.23714E-01 -2.25784E-01 -2.27073E-01 -2.27640E-01 -2.27555E-01
  -2.26889E-01 -2.25712E-01 -2.24093E-01 -2.22103E-01 -2.19811E-01 -2.17287E-01
  -2.14604E-01 -2.11835E-01 -2.09054E-01 -2.06333E-01 -2.03711E-01 -2.01190E-01
  -1.98769E-01 -1.96449E-01 -1.94230E-01 -1.92113E-01 -1.90098E-01 -1.88188E-01
  -1.86381E-01 -1.84675E-01 -1.83065E-01 -1.81548E-01 -1.80119E-01 -1.78771E-01
  -1.77493E-01 -1.76278E-01 -1.75115E-01 -1.74004E-01 -1.72948E-01 -1.71955E-01
  -1.71028E-01 -1.70150E-01 -1.69267E-01 -1.68319E-01 -1.67247E-01 -1.66034E-01
  -1.64788E-01 -1.63644E-01 -1.62737E-01 -1.62198E-01 -1.62121E-01 -1.62589E-01
  -1.63685E-01 -1.65488E-01 -1.68062E-01 -1.71451E-01 -1.75702E-01 -1.80859E-01
  -1.86880E-01 -1.93597E-01 -2.00837E-01 -2.08423E-01 -2.16211E-01 -2.24142E-01
  -2.32168E-01 -2.40243E-01 -2.48333E-01 -2.56472E-01 -2.64718E-01 -2.73127E-01
  -2.81751E-01 -2.90585E-01 -2.99584E-01 -3.08706E-01 -3.17910E-01 -3.27299E-01
  -3.37139E-01 -3.47710E-01 -3.59286E-01 -3.71857E-01 -3.84772E-01 -3.97296E-01
  -4.08692E-01 -4.18352E-01 -4.26213E-01 -4.32364E-01 -4.36895E-01 -4.39874E-01
  -4.41181E-01 -4.40597E-01 -4.37900E-01 -4.32892E-01 -4.25833E-01 -4.17442E-01
  -4.08461E-01 -3.99625E-01 -3.91394E-01 -3.83716E-01 -3.76484E-01 -3.69590E-01
  -3.62946E-01 -3.56534E-01 -3.50351E-01 -3.44395E-01 -3.38660E-01 -3.33137E-01
  -3.27807E-01 -3.22657E-01 -3.17670E-01 -3.12837E-01 -3.08149E-01 -3.03600E-01
  -2.99184E-01 -2.94893E-01 -2.90723E-01 -2.86666E-01 -2.82718E-01 -2.78873E-01
  -2.75126E-01 -2.71475E-01 -2.67914E-01 -2.64441E-01 -2.61052E-01 -2.57744E-01
  -2.54514E-01 -2.51359E-01 -2.48278E-01 -2.45267E-01 -2.42325E-01 -2.39450E-01
  -2.36640E-01 -2.33893E-01 -2.31208E-01 -2.28583E-01 -2.26016E-01 -2.23505E-01
  -2.21050E-01 -2.18650E-01 -2.16301E-01 -2.14005E-01 -2.11759E-01 -2.09562E-01
  -2.07414E-01 -2.05313E-01 -2.03258E-01 -2.01248E-01 -1.99282E-01 -1.97359E-01
  -1.95479E-01 -1.93643E-01 -1.91850E-01 -1.90099E-01 -1.88393E-01 -1.86729E-01
  -1.85109E-01  2.49488E-02  1.56761E-02  7.58726E-03  1.22971E-03 -3.09320E-03
  -5.13741E-03 -4.65885E-03 -1.51251E-03  3.65619E-03  9.82332E-03  1.59626E-02
   2.10857E-02  2.49238E-02  2.78516E-02  3.02663E-02  3.25630E-02  3.49693E-02
   3.74362E-02  3.98890E-02  4.22527E-02  4.44734E-02  4.65638E-02  4.85499E-02
   5.04577E-02  5.23087E-02  5.40956E-02  5.57997E-02  5.74022E-02  5.88850E-02
   6.02408E-02  6.14703E-02  6.25741E-02  6.35533E-02  6.44047E-02  6.51204E-02
   6.56920E-02  6.61109E-02  6.63729E-02  6.64840E-02  6.64520E-02  6.62849E-02
   6.59891E-02  6.55646E-02  6.50088E-02  6.43195E-02  6.34946E-02  6.25352E-02
   6.14445E-02  6.02257E-02  5.88819E-02  5.74151E-02  5.58257E-02  5.41142E-02
   5.22810E-02  5.03266E-02  4.82514E-02  4.60561E-02  4.37413E-02  4.13074E-02
   3.87540E-02  3.60807E-02  3.32868E-02  3.03719E-02  2.73354E-02  2.41766E-02
   2.08950E-02  1.74901E-02  1.39605E-02  1.03043E-02  6.51966E-03  2.60466E-03
  -1.44264E-03 -5.62394E-03 -9.94110E-03 -1.43958E-02 -1.89899E-02 -2.37250E-02
  -2.86028E-02 -3.36249E-02 -3.87929E-02 -4.41079E-02 -4.95707E-02 -5.51821E-02
  -6.09429E-02 -6.68516E-02 -7.29052E-02 -7.91005E-02 -8.54344E-02 -9.19017E-02
  -9.84940E-02 -1.05203E-01 -1.12019E-01 -1.18927E-01 -1.25891E-01 -1.32872E-01
  -1.39828E-01 -1.46718E-01 -1.53482E-01 -1.60053E-01 -1.66365E-01 -1.72355E-01
  -1.77977E-01 -1.83200E-01 -1.87995E-01 -1.92332E-01 -1.96183E-01 -1.99528E-01
  -2.02346E-01 -2.04615E-01 -2.06330E-01 -2.07523E-01 -2.08229E-01 -2.08486E-01
  -2.08330E-01 -2.07806E-01 -2.06960E-01 -2.05836E-01 -2.04482E-01 -2.02947E-01
  -2.01288E-01 -1.99559E-01 -1.97813E-01 -1.96083E-01 -1.94381E-01 -1.92715E-01
  -1.91096E-01 -1.89530E-01 -1.88024E-01 -1.86584E-01 -1.85213E-01 -1.83918E-01
  -1.82698E-01 -1.81554E-01 -1.80486E-01 -1.79494E-01 -1.78576E-01 -1.77729E-01
  -1.76951E-01 -1.76238E-01 -1.75593E-01 -1.75020E-01 -1.74525E-01 -1.74112E-01
  -1.73779E-01 -1.73508E-01 -1.73281E-01 -1.73080E-01 -1.72905E-01 -1.72817E-01
  -1.72889E-01 -1.73195E-01 -1.73805E-01 -1.74773E-01 -1.76148E-01 -1.77979E-01
  -1.80311E-01 -1.83178E-01 -1.86602E-01 -1.90603E-01 -1.95201E-01 -2.00374E-01
  -2.06037E-01 -2.12099E-01 -2.18473E-01 -2.25083E-01 -2.31888E-01 -2.38856E-01
  -2.45952E-01 -2.53151E-01 -2.60455E-01 -2.67879E-01 -2.75439E-01 -2.83146E-01
  -2.90986E-01 -2.98926E-01 -3.06932E-01 -3.14974E-01 -3.23077E-01 -3.31334E-01
  -3.39841E-01 -3.48695E-01 -3.57859E-01 -3.67002E-01 -3.75756E-01 -3.83751E-01
  -3.90677E-01 -3.96477E-01 -4.01165E-01 -4.04755E-01 -4.07252E-01 -4.08604E-01
  -4.08721E-01 -4.07517E-01 -4.04911E-01 -4.01043E-01 -3.96271E-01 -3.90960E-01
  -3.85473E-01 -3.80051E-01 -3.74705E-01 -3.69421E-01 -3.64183E-01 -3.58985E-01
  -3.53836E-01 -3.48755E-01 -3.43757E-01 -3.38857E-01 -3.34060E-01 -3.29364E-01
  -3.24768E-01 -3.20274E-01 -3.15878E-01 -3.11581E-01 -3.07380E-01 -3.03276E-01
  -2.99265E-01 -2.95346E-01 -2.91516E-01 -2.87772E-01 -2.84112E-01 -2.80534E-01
  -2.77036E-01 -2.73614E-01 -2.70269E-01 -2.66996E-01 -2.63794E-01 -2.60661E-01
  -2.57596E-01 -2.54597E-01 -2.51661E-01 -2.48788E-01 -2.45976E-01 -2.43223E-01
  -2.40529E-01 -2.37892E-01 -2.35310E-01 -2.32782E-01 -2.30307E-01 -2.27885E-01
  -2.25513E-01 -2.23190E-01 -2.20916E-01 -2.18690E-01 -2.16510E-01 -2.14376E-01
  -2.12287E-01 -2.10241E-01 -2.08238E-01 -2.06276E-01 -2.04355E-01 -2.02475E-01
  -2.00635E-01 -1.98837E-01 -1.97080E-01 -1.95364E-01 -1.93689E-01 -1.92056E-01
   2.24936E-02  1.30847E-02  4.86440E-03 -1.61491E-03 -6.02995E-03 -8.11307E-03
  -7.59663E-03 -4.31993E-03  1.02451E-03  7.33562E-03  1.35097E-02  1.84851E-02
   2.19935E-02  2.44763E-02  2.64001E-02  2.82285E-02  3.02285E-02  3.23419E-02
   3.44800E-02  3.65539E-02  3.84989E-02  4.03256E-02  4.20602E-02  4.37285E-02
   4.53522E-02  4.69263E-02  4.84347E-02  4.98615E-02  5.11911E-02  5.24157E-02
   5.35325E-02  5.45393E-02  5.54336E-02  5.62129E-02  5.68737E-02  5.74131E-02
   5.78278E-02  5.81153E-02  5.82752E-02  5.83075E-02  5.82121E-02  5.79889E-02
   5.76388E-02  5.71625E-02  5.65611E-02  5.58355E-02  5.49868E-02  5.40161E-02
   5.29247E-02  5.17139E-02  5.03846E-02  4.89377E-02  4.73739E-02  4.56940E-02
   4.38988E-02  4.19884E-02  3.99632E-02  3.78232E-02  3.55687E-02  3.31994E-02
   3.07151E-02  2.81155E-02  2.54001E-02  2.25683E-02  1.96196E-02  1.65532E-02
   1.33684E-02  1.00644E-02  6.64021E-03  3.09507E-03 -5.71945E-04 -4.36174E-03
  -8.27507E-03 -1.23128E-02 -1.64757E-02 -2.07645E-02 -2.51793E-02 -2.97205E-02
  -3.43880E-02 -3.91819E-02 -4.41011E-02 -4.91438E-02 -5.43085E-02 -5.95933E-02
  -6.49943E-02 -7.05057E-02 -7.61218E-02 -8.18368E-02 -8.76418E-02 -9.35228E-02
  -9.94657E-02 -1.05456E-01 -1.11478E-01 -1.17504E-01 -1.23510E-01 -1.29467E-01
  -1.35349E-01 -1.41116E-01 -1.46726E-01 -1.52138E-01 -1.57311E-01 -1.62210E-01
  -1.66809E-01 -1.71078E-01 -1.74991E-01 -1.78527E-01 -1.81677E-01 -1.84433E-01
  -1.86786E-01 -1.88735E-01 -1.90294E-01 -1.91484E-01 -1.92321E-01 -1.92827E-01
  -1.93036E-01 -1.92987E-01 -1.92716E-01 -1.92262E-01 -1.91656E-01 -1.90926E-01
  -1.90101E-01 -1.89209E-01 -1.88272E-01 -1.87308E-01 -1.86333E-01 -1.85365E-01
  -1.84416E-01 -1.83495E-01 -1.82611E-01 -1.81770E-01 -1.80981E-01 -1.80247E-01
  -1.79571E-01 -1.78958E-01 -1.78411E-01 -1.77932E-01 -1.77524E-01 -1.77189E-01
  -1.76930E-01 -1.76751E-01 -1.76656E-01 -1.76651E-01 -1.76741E-01 -1.76934E-01
  -1.77242E-01 -1.77678E-01 -1.78255E-01 -1.78988E-01 -1.79899E-01 -1.81012E-01
  -1.82350E-01 -1.83935E-01 -1.85790E-01 -1.87933E-01 -1.90385E-01 -1.93166E-01
  -1.96284E-01 -1.99739E-01 -2.03533E-01 -2.07665E-01 -2.12128E-01 -2.16904E-01
  -2.21972E-01 -2.27314E-01 -2.32909E-01 -2.38734E-01 -2.44767E-01 -2.50984E-01
  -2.57362E-01 -2.63882E-01 -2.70527E-01 -2.77279E-01 -2.84118E-01 -2.91024E-01
  -2.97973E-01 -3.04941E-01 -3.11905E-01 -3.18831E-01 -3.25672E-01 -3.32379E-01
  -3.38906E-01 -3.45198E-01 -3.51185E-01 -3.56796E-01 -3.61960E-01 -3.66609E-01
  -3.70690E-01 -3.74157E-01 -3.76963E-01 -3.79064E-01 -3.80456E-01 -3.81156E-01
  -3.81180E-01 -3.80545E-01 -3.79293E-01 -3.77489E-01 -3.75198E-01 -3.72485E-01
  -3.69415E-01 -3.66047E-01 -3.62441E-01 -3.58654E-01 -3.54741E-01 -3.50735E-01
  -3.46666E-01 -3.42563E-01 -3.38453E-01 -3.34352E-01 -3.30273E-01 -3.26226E-01
  -3.22223E-01 -3.18270E-01 -3.14370E-01 -3.10529E-01 -3.06748E-01 -3.03030E-01
  -2.99376E-01 -2.95787E-01 -2.92262E-01 -2.88803E-01 -2.85408E-01 -2.82076E-01
  -2.78808E-01 -2.75603E-01 -2.72459E-01 -2.69376E-01 -2.66352E-01 -2.63388E-01
  -2.60481E-01 -2.57631E-01 -2.54837E-01 -2.52097E-01 -2.49412E-01 -2.46779E-01
  -2.44198E-01 -2.41668E-01 -2.39188E-01 -2.36757E-01 -2.34373E-01 -2.32037E-01
  -2.29748E-01 -2.27503E-01 -2.25303E-01 -2.23147E-01 -2.21034E-01 -2.18963E-01
  -2.16933E-01 -2.14943E-01 -2.12992E-01 -2.11079E-01 -2.09205E-01 -2.07369E-01
  -2.05571E-01 -2.03810E-01 -2.02088E-01 -2.00402E-01 -1.98754E-01  2.02733E-02
   1.07366E-02  2.39278E-03 -4.20333E-03 -8.72177E-03 -1.08871E-02 -1.04239E-02
  -7.16690E-03 -1.82929E-03  4.45496E-03  1.05492E-02  1.53605E-02  1.86209E-02
   2.08006E-02  2.23957E-02  2.38994E-02  2.55972E-02  2.74309E-02  2.93103E-02
   3.11452E-02  3.28688E-02  3.44892E-02  3.60294E-02  3.75123E-02  3.89574E-02
   4.03608E-02  4.17095E-02  4.29901E-02  4.41900E-02  4.53013E-02  4.63200E-02
   4.72419E-02  4.80633E-02  4.87814E-02  4.93956E-02  4.99054E-02  5.03101E-02
   5.06085E-02  5.07966E-02  5.08705E-02  5.08260E-02  5.06599E-02  5.03729E-02
   4.99675E-02  4.94458E-02  4.88101E-02  4.80612E-02  4.71992E-02  4.62240E-02
   4.51356E-02  4.39346E-02  4.26217E-02  4.11977E-02  3.96635E-02  3.80197E-02
   3.62664E-02  3.44036E-02  3.24313E-02  3.03495E-02  2.81580E-02  2.58568E-02
   2.34456E-02  2.09244E-02  1.82925E-02  1.55494E-02  1.26945E-02  9.72723E-03
   6.64706E-03  3.45389E-03  1.47557E-04 -3.27208E-03 -6.80519E-03 -1.04518E-02
  -1.42118E-02 -1.80854E-02 -2.20724E-02 -2.61718E-02 -3.03829E-02 -3.47045E-02
  -3.91356E-02 -4.36735E-02 -4.83151E-02 -5.30570E-02 -5.78961E-02 -6.28268E-02
  -6.78422E-02 -7.29352E-02 -7.80987E-02 -8.33222E-02 -8.85903E-02 -9.38868E-02
  -9.91957E-02 -1.04501E-01 -1.09785E-01 -1.15030E-01 -1.20218E-01 -1.25332E-01
  -1.30346E-01 -1.35234E-01 -1.39970E-01 -1.44529E-01 -1.48883E-01 -1.53006E-01
  -1.56874E-01 -1.60459E-01 -1.63748E-01 -1.66738E-01 -1.69428E-01 -1.71820E-01
  -1.73913E-01 -1.75716E-01 -1.77236E-01 -1.78480E-01 -1.79461E-01 -1.80204E-01
  -1.80740E-01 -1.81099E-01 -1.81311E-01 -1.81395E-01 -1.81364E-01 -1.81231E-01
  -1.81009E-01 -1.80713E-01 -1.80363E-01 -1.79977E-01 -1.79574E-01 -1.79169E-01
  -1.78773E-01 -1.78394E-01 -1.78042E-01 -1.77726E-01 -1.77450E-01 -1.77222E-01
  -1.77045E-01 -1.76926E-01 -1.76870E-01 -1.76883E-01 -1.76970E-01 -1.77136E-01
  -1.77388E-01 -1.77730E-01 -1.78167E-01 -1.78705E-01 -1.79357E-01 -1.80146E-01
  -1.81099E-01 -1.82243E-01 -1.83598E-01 -1.85165E-01 -1.86943E-01 -1.88928E-01
  -1.91121E-01 -1.93524E-01 -1.96140E-01 -1.98975E-01 -2.02033E-01 -2.05309E-01
  -2.08795E-01 -2.12481E-01 -2.16357E-01 -2.20424E-01 -2.24695E-01 -2.29185E-01
  -2.33907E-01 -2.38869E-01 -2.44057E-01 -2.49454E-01 -2.55043E-01 -2.60805E-01
  -2.66711E-01 -2.72729E-01 -2.78826E-01 -2.84972E-01 -2.91142E-01 -2.97316E-01
  -3.03475E-01 -3.09598E-01 -3.15625E-01 -3.21450E-01 -3.26962E-01 -3.32052E-01
  -3.36663E-01 -3.40852E-01 -3.44693E-01 -3.48258E-01 -3.51598E-01 -3.54671E-01
  -3.57407E-01 -3.59735E-01 -3.61597E-01 -3.63010E-01 -3.64036E-01 -3.64737E-01
  -3.65170E-01 -3.65328E-01 -3.65134E-01 -3.64509E-01 -3.63375E-01 -3.61707E-01
  -3.59581E-01 -3.57084E-01 -3.54304E-01 -3.51315E-01 -3.48160E-01 -3.44870E-01
  -3.41478E-01 -3.38014E-01 -3.34501E-01 -3.30955E-01 -3.27393E-01 -3.23833E-01
  -3.20286E-01 -3.16758E-01 -3.13255E-01 -3.09785E-01 -3.06352E-01 -3.02959E-01
  -2.99608E-01 -2.96304E-01 -2.93047E-01 -2.89838E-01 -2.86679E-01 -2.83569E-01
  -2.80510E-01 -2.77502E-01 -2.74545E-01 -2.71637E-01 -2.68781E-01 -2.65974E-01
  -2.63217E-01 -2.60509E-01 -2.57849E-01 -2.55238E-01 -2.52673E-01 -2.50156E-01
  -2.47685E-01 -2.45259E-01 -2.42878E-01 -2.40541E-01 -2.38247E-01 -2.35996E-01
  -2.33788E-01 -2.31620E-01 -2.29494E-01 -2.27407E-01 -2.25359E-01 -2.23350E-01
  -2.21379E-01 -2.19444E-01 -2.17546E-01 -2.15683E-01 -2.13855E-01 -2.12061E-01
  -2.10301E-01 -2.08574E-01 -2.06879E-01 -2.05215E-01  1.82422E-02  8.58507E-03
   1.25132E-04 -6.58272E-03 -1.12123E-02 -1.34928E-02 -1.31537E-02 -1.00336E-02
  -4.84579E-03  1.27800E-03  7.20339E-03  1.18394E-02  1.49187E-02  1.69100E-02
   1.83083E-02  1.96057E-02  2.10893E-02  2.27080E-02  2.43789E-02  2.60192E-02
   2.75670E-02  2.90275E-02  3.04191E-02  3.17603E-02  3.30667E-02  3.43352E-02
   3.55550E-02  3.67153E-02  3.78058E-02  3.88196E-02  3.97527E-02  4.06010E-02
   4.13605E-02  4.20288E-02  4.26053E-02  4.30898E-02  4.34820E-02  4.37804E-02
   4.39809E-02  4.40788E-02  4.40695E-02  4.39492E-02  4.37183E-02  4.33786E-02
   4.29320E-02  4.23802E-02  4.17235E-02  4.09616E-02  4.00939E-02  3.91199E-02
   3.80399E-02  3.68541E-02  3.55634E-02  3.41681E-02  3.26689E-02  3.10656E-02
   2.93581E-02  2.75464E-02  2.56305E-02  2.36103E-02  2.14858E-02  1.92569E-02
   1.69235E-02  1.44855E-02  1.19425E-02  9.29407E-03  6.53995E-03  3.68003E-03
   7.14618E-04 -2.35601E-03 -5.53155E-03 -8.81167E-03 -1.21957E-02 -1.56833E-02
  -1.92736E-02 -2.29659E-02 -2.67588E-02 -3.06504E-02 -3.46390E-02 -3.87227E-02
  -4.28982E-02 -4.71616E-02 -5.15088E-02 -5.59357E-02 -6.04365E-02 -6.50039E-02
  -6.96304E-02 -7.43088E-02 -7.90288E-02 -8.37759E-02 -8.85355E-02 -9.32928E-02
  -9.80334E-02 -1.02744E-01 -1.07411E-01 -1.12021E-01 -1.16560E-01 -1.21012E-01
  -1.25360E-01 -1.29586E-01 -1.33673E-01 -1.37601E-01 -1.41348E-01 -1.44894E-01
  -1.48215E-01 -1.51303E-01 -1.54160E-01 -1.56788E-01 -1.59193E-01 -1.61376E-01
  -1.63341E-01 -1.65090E-01 -1.66624E-01 -1.67950E-01 -1.69084E-01 -1.70049E-01
  -1.70866E-01 -1.71557E-01 -1.72135E-01 -1.72607E-01 -1.72981E-01 -1.73267E-01
  -1.73476E-01 -1.73625E-01 -1.73731E-01 -1.73810E-01 -1.73877E-01 -1.73942E-01
  -1.74015E-01 -1.74105E-01 -1.74221E-01 -1.74369E-01 -1.74557E-01 -1.74790E-01
  -1.75075E-01 -1.75418E-01 -1.75826E-01 -1.76306E-01 -1.76865E-01 -1.77508E-01
  -1.78241E-01 -1.79070E-01 -1.80000E-01 -1.81044E-01 -1.82225E-01 -1.83567E-01
  -1.85096E-01 -1.86830E-01 -1.88766E-01 -1.90896E-01 -1.93211E-01 -1.95706E-01
  -1.98378E-01 -2.01225E-01 -2.04247E-01 -2.07443E-01 -2.10806E-01 -2.14325E-01
  -2.17990E-01 -2.21791E-01 -2.25729E-01 -2.29821E-01 -2.34086E-01 -2.38542E-01
  -2.43201E-01 -2.48052E-01 -2.53081E-01 -2.58272E-01 -2.63612E-01 -2.69070E-01
  -2.74615E-01 -2.80216E-01 -2.85841E-01 -2.91466E-01 -2.97071E-01 -3.02637E-01
  -3.08144E-01 -3.13532E-01 -3.18699E-01 -3.23540E-01 -3.27949E-01 -3.31879E-01
  -3.35403E-01 -3.38614E-01 -3.41606E-01 -3.44446E-01 -3.47103E-01 -3.49516E-01
  -3.51626E-01 -3.53378E-01 -3.54795E-01 -3.55933E-01 -3.56854E-01 -3.57612E-01
  -3.58188E-01 -3.58487E-01 -3.58412E-01 -3.57864E-01 -3.56804E-01 -3.55298E-01
  -3.53424E-01 -3.51259E-01 -3.48872E-01 -3.46298E-01 -3.43567E-01 -3.40707E-01
  -3.37746E-01 -3.34704E-01 -3.31600E-01 -3.28451E-01 -3.25276E-01 -3.22086E-01
  -3.18891E-01 -3.15697E-01 -3.12514E-01 -3.09347E-01 -3.06201E-01 -3.03080E-01
  -2.99988E-01 -2.96928E-01 -2.93903E-01 -2.90914E-01 -2.87963E-01 -2.85052E-01
  -2.82182E-01 -2.79353E-01 -2.76565E-01 -2.73820E-01 -2.71117E-01 -2.68457E-01
  -2.65840E-01 -2.63265E-01 -2.60733E-01 -2.58242E-01 -2.55793E-01 -2.53386E-01
  -2.51020E-01 -2.48694E-01 -2.46409E-01 -2.44163E-01 -2.41957E-01 -2.39789E-01
  -2.37659E-01 -2.35566E-01 -2.33511E-01 -2.31492E-01 -2.29508E-01 -2.27560E-01
  -2.25647E-01 -2.23767E-01 -2.21921E-01 -2.20106E-01 -2.18321E-01 -2.16566E-01
  -2.14838E-01 -2.13137E-01 -2.11461E-01  1.63728E-02  6.60145E-03 -1.96867E-03
  -8.78367E-03 -1.35266E-02 -1.59380E-02 -1.57583E-02 -1.28353E-02 -7.87070E-03
  -1.97541E-03  3.73710E-03  8.19581E-03  1.11339E-02  1.30038E-02  1.42831E-02
   1.54468E-02  1.67751E-02  1.82262E-02  1.97281E-02  2.12087E-02  2.26139E-02
   2.39464E-02  2.52200E-02  2.64486E-02  2.76441E-02  2.88033E-02  2.99175E-02
   3.09779E-02  3.19758E-02  3.29058E-02  3.37647E-02  3.45493E-02  3.52565E-02
   3.58839E-02  3.64299E-02  3.68933E-02  3.72726E-02  3.75660E-02  3.77703E-02
   3.78824E-02  3.78990E-02  3.78173E-02  3.76369E-02  3.73584E-02  3.69821E-02
   3.65085E-02  3.59374E-02  3.52683E-02  3.45006E-02  3.36339E-02  3.26680E-02
   3.16029E-02  3.04389E-02  2.91763E-02  2.78150E-02  2.63551E-02  2.47964E-02
   2.31390E-02  2.13828E-02  1.95277E-02  1.75739E-02  1.55214E-02  1.33702E-02
   1.11202E-02  8.77161E-03  6.32424E-03  3.77816E-03  1.13357E-03 -1.60898E-03
  -4.44898E-03 -7.38588E-03 -1.04190E-02 -1.35474E-02 -1.67699E-02 -2.00857E-02
  -2.34934E-02 -2.69910E-02 -3.05765E-02 -3.42474E-02 -3.80016E-02 -4.18354E-02
  -4.57447E-02 -4.97253E-02 -5.37729E-02 -5.78818E-02 -6.20449E-02 -6.62554E-02
  -7.05061E-02 -7.47882E-02 -7.90899E-02 -8.33994E-02 -8.77047E-02 -9.19939E-02
  -9.62553E-02 -1.00477E-01 -1.04647E-01 -1.08753E-01 -1.12783E-01 -1.16724E-01
  -1.20564E-01 -1.24288E-01 -1.27883E-01 -1.31332E-01 -1.34619E-01 -1.37729E-01
  -1.40655E-01 -1.43401E-01 -1.45972E-01 -1.48372E-01 -1.50605E-01 -1.52672E-01
  -1.54572E-01 -1.56305E-01 -1.57873E-01 -1.59287E-01 -1.60560E-01 -1.61706E-01
  -1.62739E-01 -1.63668E-01 -1.64504E-01 -1.65254E-01 -1.65928E-01 -1.66536E-01
  -1.67092E-01 -1.67609E-01 -1.68099E-01 -1.68575E-01 -1.69045E-01 -1.69518E-01
  -1.70004E-01 -1.70511E-01 -1.71047E-01 -1.71617E-01 -1.72228E-01 -1.72888E-01
  -1.73602E-01 -1.74377E-01 -1.75219E-01 -1.76137E-01 -1.77136E-01 -1.78221E-01
  -1.79398E-01 -1.80674E-01 -1.82058E-01 -1.83564E-01 -1.85210E-01 -1.87009E-01
  -1.88976E-01 -1.91110E-01 -1.93408E-01 -1.95868E-01 -1.98489E-01 -2.01269E-01
  -2.04209E-01 -2.07308E-01 -2.10567E-01 -2.13981E-01 -2.17543E-01 -2.21246E-01
  -2.25085E-01 -2.29057E-01 -2.33168E-01 -2.37427E-01 -2.41839E-01 -2.46406E-01
  -2.51118E-01 -2.55961E-01 -2.60923E-01 -2.65987E-01 -2.71132E-01 -2.76335E-01
  -2.81570E-01 -2.86813E-01 -2.92042E-01 -2.97236E-01 -3.02373E-01 -3.07434E-01
  -3.12375E-01 -3.17133E-01 -3.21641E-01 -3.25834E-01 -3.29676E-01 -3.33202E-01
  -3.36453E-01 -3.39472E-01 -3.42290E-01 -3.44887E-01 -3.47226E-01 -3.49272E-01
  -3.50994E-01 -3.52403E-01 -3.53529E-01 -3.54404E-01 -3.55060E-01 -3.55486E-01
  -3.55638E-01 -3.55468E-01 -3.54927E-01 -3.53999E-01 -3.52728E-01 -3.51162E-01
  -3.49351E-01 -3.47339E-01 -3.45152E-01 -3.42812E-01 -3.40341E-01 -3.37761E-01
  -3.35090E-01 -3.32343E-01 -3.29536E-01 -3.26685E-01 -3.23803E-01 -3.20897E-01
  -3.17976E-01 -3.15049E-01 -3.12123E-01 -3.09203E-01 -3.06294E-01 -3.03401E-01
  -3.00527E-01 -2.97677E-01 -2.94852E-01 -2.92055E-01 -2.89288E-01 -2.86553E-01
  -2.83851E-01 -2.81182E-01 -2.78549E-01 -2.75952E-01 -2.73391E-01 -2.70866E-01
  -2.68378E-01 -2.65928E-01 -2.63514E-01 -2.61138E-01 -2.58798E-01 -2.56496E-01
  -2.54229E-01 -2.51999E-01 -2.49806E-01 -2.47648E-01 -2.45525E-01 -2.43437E-01
  -2.41383E-01 -2.39363E-01 -2.37376E-01 -2.35422E-01 -2.33502E-01 -2.31614E-01
  -2.29758E-01 -2.27932E-01 -2.26135E-01 -2.24364E-01 -2.22618E-01 -2.20896E-01
  -2.19196E-01 -2.17516E-01  1.46377E-02  4.75702E-03 -3.91872E-03 -1.08367E-02
  -1.56897E-02 -1.82302E-02 -1.82105E-02 -1.54872E-02 -1.07496E-02 -5.08539E-03
   4.15326E-04  4.70365E-03  7.51399E-03  9.28128E-03  1.04651E-02  1.15224E-02
   1.27250E-02  1.40385E-02  1.54000E-02  1.67465E-02  1.80300E-02  1.92519E-02
   2.04228E-02  2.15537E-02  2.26534E-02  2.37192E-02  2.47434E-02  2.57186E-02
   2.66373E-02  2.74952E-02  2.82901E-02  2.90199E-02  2.96826E-02  3.02757E-02
   3.07968E-02  3.12430E-02  3.16117E-02  3.19004E-02  3.21077E-02  3.22318E-02
   3.22714E-02  3.22249E-02  3.20913E-02  3.18695E-02  3.15588E-02  3.11581E-02
   3.06668E-02  3.00844E-02  2.94105E-02  2.86447E-02  2.77865E-02  2.68359E-02
   2.57925E-02  2.46562E-02  2.34268E-02  2.21042E-02  2.06885E-02  1.91795E-02
   1.75773E-02  1.58818E-02  1.40932E-02  1.22115E-02  1.02369E-02  8.16949E-03
   6.00962E-03  3.75752E-03  1.41353E-03 -1.02196E-03 -3.54824E-03 -6.16467E-03
  -8.87055E-03 -1.16651E-02 -1.45469E-02 -1.75147E-02 -2.05672E-02 -2.37029E-02
  -2.69195E-02 -3.02147E-02 -3.35859E-02 -3.70306E-02 -4.05453E-02 -4.41259E-02
  -4.77683E-02 -5.14685E-02 -5.52210E-02 -5.90196E-02 -6.28579E-02 -6.67296E-02
  -7.06274E-02 -7.45425E-02 -7.84659E-02 -8.23888E-02 -8.63017E-02 -9.01938E-02
  -9.40536E-02 -9.78699E-02 -1.01631E-01 -1.05328E-01 -1.08948E-01 -1.12481E-01
  -1.15917E-01 -1.19245E-01 -1.22454E-01 -1.25533E-01 -1.28472E-01 -1.31267E-01
  -1.33921E-01 -1.36439E-01 -1.38825E-01 -1.41082E-01 -1.43210E-01 -1.45208E-01
  -1.47076E-01 -1.48813E-01 -1.50425E-01 -1.51921E-01 -1.53309E-01 -1.54595E-01
  -1.55791E-01 -1.56905E-01 -1.57950E-01 -1.58935E-01 -1.59870E-01 -1.60765E-01
  -1.61629E-01 -1.62471E-01 -1.63299E-01 -1.64123E-01 -1.64950E-01 -1.65788E-01
  -1.66644E-01 -1.67526E-01 -1.68441E-01 -1.69395E-01 -1.70395E-01 -1.71447E-01
  -1.72557E-01 -1.73731E-01 -1.74975E-01 -1.76296E-01 -1.77698E-01 -1.79189E-01
  -1.80774E-01 -1.82460E-01 -1.84251E-01 -1.86155E-01 -1.88178E-01 -1.90325E-01
  -1.92602E-01 -1.95015E-01 -1.97567E-01 -2.00266E-01 -2.03113E-01 -2.06112E-01
  -2.09265E-01 -2.12575E-01 -2.16041E-01 -2.19661E-01 -2.23433E-01 -2.27354E-01
  -2.31421E-01 -2.35626E-01 -2.39960E-01 -2.44417E-01 -2.48986E-01 -2.53655E-01
  -2.58412E-01 -2.63244E-01 -2.68136E-01 -2.73073E-01 -2.78037E-01 -2.83011E-01
  -2.87977E-01 -2.92916E-01 -2.97807E-01 -3.02629E-01 -3.07360E-01 -3.11980E-01
  -3.16465E-01 -3.20793E-01 -3.24942E-01 -3.28889E-01 -3.32614E-01 -3.36099E-01
  -3.39323E-01 -3.42268E-01 -3.44922E-01 -3.47274E-01 -3.49314E-01 -3.51033E-01
  -3.52428E-01 -3.53503E-01 -3.54259E-01 -3.54701E-01 -3.54836E-01 -3.54678E-01
  -3.54240E-01 -3.53538E-01 -3.52585E-01 -3.51401E-01 -3.50004E-01 -3.48413E-01
  -3.46647E-01 -3.44722E-01 -3.42657E-01 -3.40468E-01 -3.38173E-01 -3.35785E-01
  -3.33317E-01 -3.30784E-01 -3.28196E-01 -3.25566E-01 -3.22901E-01 -3.20211E-01
  -3.17504E-01 -3.14787E-01 -3.12065E-01 -3.09344E-01 -3.06629E-01 -3.03925E-01
  -3.01235E-01 -2.98561E-01 -2.95908E-01 -2.93277E-01 -2.90670E-01 -2.88090E-01
  -2.85537E-01 -2.83013E-01 -2.80518E-01 -2.78055E-01 -2.75623E-01 -2.73223E-01
  -2.70855E-01 -2.68520E-01 -2.66217E-01 -2.63947E-01 -2.61710E-01 -2.59506E-01
  -2.57334E-01 -2.55196E-01 -2.53089E-01 -2.51014E-01 -2.48971E-01 -2.46960E-01
  -2.44979E-01 -2.43028E-01 -2.41109E-01 -2.39219E-01 -2.37360E-01 -2.35531E-01
  -2.33729E-01 -2.31953E-01 -2.30202E-01 -2.28473E-01 -2.26765E-01 -2.25077E-01
  -2.23406E-01  1.30110E-02  3.02443E-03 -5.75405E-03 -1.27720E-02 -1.77283E-02
  -2.03830E-02 -2.04962E-02 -1.79304E-02 -1.33685E-02 -7.88556E-03 -2.55937E-03
   1.57318E-03  4.24850E-03  5.89453E-03  6.96353E-03  7.90528E-03  8.98797E-03
   1.01797E-02  1.14203E-02  1.26497E-02  1.38225E-02  1.49395E-02  1.60111E-02
   1.70474E-02  1.80569E-02  1.90370E-02  1.99807E-02  2.08809E-02  2.17307E-02
   2.25265E-02  2.32666E-02  2.39497E-02  2.45743E-02  2.51382E-02  2.56383E-02
   2.60712E-02  2.64336E-02  2.67229E-02  2.69382E-02  2.70786E-02  2.71436E-02
   2.71323E-02  2.70432E-02  2.68747E-02  2.66250E-02  2.62925E-02  2.58763E-02
   2.53758E-02  2.47907E-02  2.41203E-02  2.33643E-02  2.25221E-02  2.15934E-02
   2.05777E-02  1.94746E-02  1.82840E-02  1.70058E-02  1.56401E-02  1.41866E-02
   1.26456E-02  1.10170E-02  9.30106E-03  7.49778E-03  5.60749E-03  3.63067E-03
   1.56771E-03 -5.80872E-04 -2.81455E-03 -5.13254E-03 -7.53409E-03 -1.00184E-02
  -1.25845E-02 -1.52310E-02 -1.79564E-02 -2.07591E-02 -2.36376E-02 -2.65895E-02
  -2.96124E-02 -3.27035E-02 -3.58606E-02 -3.90799E-02 -4.23578E-02 -4.56904E-02
  -4.90737E-02 -5.25030E-02 -5.59726E-02 -5.94768E-02 -6.30101E-02 -6.65664E-02
  -7.01389E-02 -7.37207E-02 -7.73052E-02 -8.08847E-02 -8.44496E-02 -8.79897E-02
  -9.14950E-02 -9.49554E-02 -9.83620E-02 -1.01706E-01 -1.04979E-01 -1.08171E-01
  -1.11276E-01 -1.14285E-01 -1.17192E-01 -1.19991E-01 -1.22677E-01 -1.25254E-01
  -1.27725E-01 -1.30094E-01 -1.32361E-01 -1.34528E-01 -1.36592E-01 -1.38553E-01
  -1.40410E-01 -1.42168E-01 -1.43833E-01 -1.45411E-01 -1.46906E-01 -1.48327E-01
  -1.49683E-01 -1.50984E-01 -1.52238E-01 -1.53454E-01 -1.54640E-01 -1.55801E-01
  -1.56946E-01 -1.58081E-01 -1.59214E-01 -1.60350E-01 -1.61496E-01 -1.62660E-01
  -1.63848E-01 -1.65067E-01 -1.66324E-01 -1.67628E-01 -1.68982E-01 -1.70393E-01
  -1.71866E-01 -1.73406E-01 -1.75018E-01 -1.76709E-01 -1.78484E-01 -1.80350E-01
  -1.82310E-01 -1.84367E-01 -1.86520E-01 -1.88771E-01 -1.91123E-01 -1.93582E-01
  -1.96158E-01 -1.98856E-01 -2.01687E-01 -2.04654E-01 -2.07761E-01 -2.11012E-01
  -2.14411E-01 -2.17960E-01 -2.21658E-01 -2.25505E-01 -2.29503E-01 -2.33643E-01
  -2.37913E-01 -2.42298E-01 -2.46782E-01 -2.51351E-01 -2.55993E-01 -2.60696E-01
  -2.65447E-01 -2.70233E-01 -2.75040E-01 -2.79851E-01 -2.84650E-01 -2.89421E-01
  -2.94147E-01 -2.98810E-01 -3.03392E-01 -3.07875E-01 -3.12250E-01 -3.16516E-01
  -3.20673E-01 -3.24722E-01 -3.28648E-01 -3.32404E-01 -3.35942E-01 -3.39210E-01
  -3.42168E-01 -3.44808E-01 -3.47131E-01 -3.49142E-01 -3.50840E-01 -3.52221E-01
  -3.53273E-01 -3.53986E-01 -3.54350E-01 -3.54381E-01 -3.54122E-01 -3.53615E-01
  -3.52903E-01 -3.52014E-01 -3.50952E-01 -3.49718E-01 -3.48312E-01 -3.46737E-01
  -3.45009E-01 -3.43143E-01 -3.41158E-01 -3.39070E-01 -3.36891E-01 -3.34632E-01
  -3.32304E-01 -3.29918E-01 -3.27483E-01 -3.25008E-01 -3.22502E-01 -3.19972E-01
  -3.17427E-01 -3.14870E-01 -3.12309E-01 -3.09747E-01 -3.07190E-01 -3.04640E-01
  -3.02102E-01 -2.99578E-01 -2.97071E-01 -2.94583E-01 -2.92115E-01 -2.89671E-01
  -2.87250E-01 -2.84855E-01 -2.82486E-01 -2.80143E-01 -2.77829E-01 -2.75543E-01
  -2.73285E-01 -2.71057E-01 -2.68857E-01 -2.66687E-01 -2.64546E-01 -2.62435E-01
  -2.60353E-01 -2.58300E-01 -2.56276E-01 -2.54281E-01 -2.52314E-01 -2.50376E-01
  -2.48465E-01 -2.46582E-01 -2.44727E-01 -2.42900E-01 -2.41099E-01 -2.39325E-01
  -2.37574E-01 -2.35848E-01 -2.34143E-01 -2.32459E-01 -2.30796E-01 -2.29150E-01
   1.14726E-02  1.38171E-03 -7.49926E-03 -1.46176E-02 -1.96746E-02 -2.24331E-02
  -2.26561E-02 -2.02089E-02 -1.57735E-02 -1.04232E-02 -5.23372E-03 -1.24004E-03
   1.29651E-03  2.80628E-03  3.74398E-03  4.56177E-03  5.52870E-03  6.61108E-03
   7.74684E-03  8.87393E-03  9.94555E-03  1.09636E-02  1.19396E-02  1.28852E-02
   1.38101E-02  1.47121E-02  1.55840E-02  1.64187E-02  1.72096E-02  1.79528E-02
   1.86472E-02  1.92916E-02  1.98849E-02  2.04249E-02  2.09086E-02  2.13327E-02
   2.16939E-02  2.19895E-02  2.22186E-02  2.23805E-02  2.24744E-02  2.24996E-02
   2.24543E-02  2.23368E-02  2.21452E-02  2.18777E-02  2.15333E-02  2.11114E-02
   2.06113E-02  2.00324E-02  1.93741E-02  1.86358E-02  1.78169E-02  1.69169E-02
   1.59353E-02  1.48720E-02  1.37268E-02  1.24995E-02  1.11902E-02  9.79868E-03
   8.32521E-03  6.76982E-03  5.13263E-03  3.41396E-03  1.61434E-03 -2.65782E-04
  -2.22587E-03 -4.26531E-03 -6.38326E-03 -8.57890E-03 -1.08514E-02 -1.31996E-02
  -1.56222E-02 -1.81175E-02 -2.06841E-02 -2.33202E-02 -2.60235E-02 -2.87916E-02
  -3.16220E-02 -3.45122E-02 -3.74588E-02 -4.04585E-02 -4.35075E-02 -4.66023E-02
  -4.97385E-02 -5.29112E-02 -5.61153E-02 -5.93460E-02 -6.25979E-02 -6.58656E-02
  -6.91434E-02 -7.24258E-02 -7.57066E-02 -7.89778E-02 -8.22311E-02 -8.54581E-02
  -8.86506E-02 -9.18014E-02 -9.49035E-02 -9.79497E-02 -1.00933E-01 -1.03848E-01
  -1.06690E-01 -1.09453E-01 -1.12134E-01 -1.14729E-01 -1.17240E-01 -1.19669E-01
  -1.22017E-01 -1.24287E-01 -1.26476E-01 -1.28583E-01 -1.30609E-01 -1.32552E-01
  -1.34418E-01 -1.36212E-01 -1.37941E-01 -1.39610E-01 -1.41226E-01 -1.42795E-01
  -1.44321E-01 -1.45810E-01 -1.47268E-01 -1.48702E-01 -1.50119E-01 -1.51524E-01
  -1.52925E-01 -1.54326E-01 -1.55732E-01 -1.57148E-01 -1.58581E-01 -1.60037E-01
  -1.61524E-01 -1.63049E-01 -1.64621E-01 -1.66245E-01 -1.67926E-01 -1.69666E-01
  -1.71472E-01 -1.73349E-01 -1.75301E-01 -1.77335E-01 -1.79456E-01 -1.81668E-01
  -1.83971E-01 -1.86366E-01 -1.88853E-01 -1.91433E-01 -1.94112E-01 -1.96896E-01
  -1.99792E-01 -2.02807E-01 -2.05944E-01 -2.09207E-01 -2.12599E-01 -2.16125E-01
  -2.19785E-01 -2.23580E-01 -2.27510E-01 -2.31575E-01 -2.35769E-01 -2.40079E-01
  -2.44490E-01 -2.48987E-01 -2.53556E-01 -2.58186E-01 -2.62866E-01 -2.67584E-01
  -2.72329E-01 -2.77084E-01 -2.81831E-01 -2.86551E-01 -2.91226E-01 -2.95841E-01
  -3.00381E-01 -3.04830E-01 -3.09176E-01 -3.13411E-01 -3.17538E-01 -3.21559E-01
  -3.25477E-01 -3.29281E-01 -3.32923E-01 -3.36354E-01 -3.39524E-01 -3.42390E-01
  -3.44947E-01 -3.47200E-01 -3.49153E-01 -3.50809E-01 -3.52163E-01 -3.53205E-01
  -3.53926E-01 -3.54317E-01 -3.54393E-01 -3.54196E-01 -3.53768E-01 -3.53152E-01
  -3.52375E-01 -3.51434E-01 -3.50328E-01 -3.49051E-01 -3.47603E-01 -3.46000E-01
  -3.44262E-01 -3.42406E-01 -3.40451E-01 -3.38409E-01 -3.36290E-01 -3.34104E-01
  -3.31859E-01 -3.29566E-01 -3.27232E-01 -3.24865E-01 -3.22473E-01 -3.20064E-01
  -3.17642E-01 -3.15211E-01 -3.12778E-01 -3.10346E-01 -3.07919E-01 -3.05499E-01
  -3.03090E-01 -3.00694E-01 -2.98315E-01 -2.95952E-01 -2.93608E-01 -2.91285E-01
  -2.88984E-01 -2.86705E-01 -2.84450E-01 -2.82219E-01 -2.80013E-01 -2.77832E-01
  -2.75677E-01 -2.73548E-01 -2.71446E-01 -2.69369E-01 -2.67319E-01 -2.65295E-01
  -2.63298E-01 -2.61327E-01 -2.59382E-01 -2.57462E-01 -2.55569E-01 -2.53701E-01
  -2.51858E-01 -2.50040E-01 -2.48247E-01 -2.46478E-01 -2.44733E-01 -2.43012E-01
  -2.41314E-01 -2.39639E-01 -2.37986E-01 -2.36355E-01 -2.34746E-01  1.00038E-02
  -1.91722E-04 -9.17788E-03 -1.64014E-02 -2.15625E-02 -2.44231E-02 -2.47448E-02
  -2.23923E-02 -1.80510E-02 -1.27989E-02 -7.71680E-03 -3.84417E-03 -1.44056E-03
  -6.80023E-05  7.36014E-04  1.43141E-03  2.29059E-03  3.27601E-03  4.32105E-03
   5.35911E-03  6.34028E-03  7.26791E-03  8.15595E-03  9.01836E-03  9.86694E-03
   1.06998E-02  1.15096E-02  1.22888E-02  1.30305E-02  1.37307E-02  1.43884E-02
   1.50025E-02  1.55717E-02  1.60942E-02  1.65673E-02  1.69879E-02  1.73532E-02
   1.76606E-02  1.79088E-02  1.80967E-02  1.82229E-02  1.82864E-02  1.82856E-02
   1.82187E-02  1.80842E-02  1.78804E-02  1.76063E-02  1.72610E-02  1.68437E-02
   1.63535E-02  1.57899E-02  1.51521E-02  1.44395E-02  1.36516E-02  1.27877E-02
   1.18478E-02  1.08314E-02  9.73842E-03  8.56868E-03  7.32217E-03  5.99897E-03
   4.59911E-03  3.12269E-03  1.57002E-03 -5.84074E-05 -1.76218E-03 -3.54078E-03
  -5.39361E-03 -7.31978E-03 -9.31843E-03 -1.13887E-02 -1.35295E-02 -1.57394E-02
  -1.80168E-02 -2.03603E-02 -2.27683E-02 -2.52384E-02 -2.77684E-02 -3.03560E-02
  -3.29987E-02 -3.56936E-02 -3.84374E-02 -4.12269E-02 -4.40587E-02 -4.69289E-02
  -4.98333E-02 -5.27675E-02 -5.57271E-02 -5.87076E-02 -6.17041E-02 -6.47117E-02
  -6.77255E-02 -7.07402E-02 -7.37498E-02 -7.67478E-02 -7.97278E-02 -8.26837E-02
  -8.56096E-02 -8.85002E-02 -9.13501E-02 -9.41538E-02 -9.69070E-02 -9.96061E-02
  -1.02247E-01 -1.04827E-01 -1.07343E-01 -1.09795E-01 -1.12185E-01 -1.14512E-01
  -1.16776E-01 -1.18976E-01 -1.21111E-01 -1.23181E-01 -1.25186E-01 -1.27132E-01
  -1.29026E-01 -1.30876E-01 -1.32689E-01 -1.34470E-01 -1.36219E-01 -1.37937E-01
  -1.39627E-01 -1.41291E-01 -1.42937E-01 -1.44571E-01 -1.46199E-01 -1.47828E-01
  -1.49461E-01 -1.51102E-01 -1.52755E-01 -1.54423E-01 -1.56115E-01 -1.57839E-01
  -1.59602E-01 -1.61413E-01 -1.63277E-01 -1.65198E-01 -1.67179E-01 -1.69225E-01
  -1.71339E-01 -1.73527E-01 -1.75795E-01 -1.78147E-01 -1.80588E-01 -1.83119E-01
  -1.85743E-01 -1.88460E-01 -1.91272E-01 -1.94183E-01 -1.97194E-01 -2.00310E-01
  -2.03532E-01 -2.06863E-01 -2.10306E-01 -2.13864E-01 -2.17538E-01 -2.21330E-01
  -2.25238E-01 -2.29262E-01 -2.33402E-01 -2.37653E-01 -2.42004E-01 -2.46447E-01
  -2.50970E-01 -2.55564E-01 -2.60219E-01 -2.64924E-01 -2.69670E-01 -2.74445E-01
  -2.79232E-01 -2.84012E-01 -2.88766E-01 -2.93472E-01 -2.98116E-01 -3.02682E-01
  -3.07156E-01 -3.11521E-01 -3.15768E-01 -3.19888E-01 -3.23876E-01 -3.27723E-01
  -3.31415E-01 -3.34921E-01 -3.38207E-01 -3.41238E-01 -3.43986E-01 -3.46444E-01
  -3.48614E-01 -3.50496E-01 -3.52089E-01 -3.53392E-01 -3.54403E-01 -3.55118E-01
  -3.55537E-01 -3.55672E-01 -3.55550E-01 -3.55199E-01 -3.54648E-01 -3.53915E-01
  -3.53006E-01 -3.51923E-01 -3.50669E-01 -3.49251E-01 -3.47685E-01 -3.45990E-01
  -3.44185E-01 -3.42289E-01 -3.40314E-01 -3.38269E-01 -3.36163E-01 -3.34005E-01
  -3.31803E-01 -3.29565E-01 -3.27297E-01 -3.25008E-01 -3.22702E-01 -3.20385E-01
  -3.18060E-01 -3.15733E-01 -3.13406E-01 -3.11083E-01 -3.08767E-01 -3.06461E-01
  -3.04166E-01 -3.01884E-01 -2.99618E-01 -2.97368E-01 -2.95137E-01 -2.92925E-01
  -2.90732E-01 -2.88561E-01 -2.86412E-01 -2.84284E-01 -2.82179E-01 -2.80098E-01
  -2.78039E-01 -2.76004E-01 -2.73993E-01 -2.72005E-01 -2.70041E-01 -2.68100E-01
  -2.66183E-01 -2.64290E-01 -2.62420E-01 -2.60574E-01 -2.58750E-01 -2.56950E-01
  -2.55171E-01 -2.53415E-01 -2.51680E-01 -2.49968E-01 -2.48278E-01 -2.46612E-01
  -2.44969E-01 -2.43349E-01 -2.41754E-01 -2.40183E-01  8.58612E-03 -1.71650E-03
  -1.08135E-02 -1.81511E-02 -2.34259E-02 -2.63953E-02 -2.68165E-02 -2.45506E-02
  -2.02875E-02 -1.51135E-02 -1.01177E-02 -6.34741E-03 -4.06133E-03 -2.81292E-03
  -2.13081E-03 -1.54629E-03 -7.82970E-04  1.17606E-04  1.08410E-03  2.04518E-03
   2.94766E-03  3.79639E-03  4.60771E-03  5.39798E-03  6.18115E-03  6.95567E-03
   7.71379E-03  8.44776E-03  9.15010E-03  9.81690E-03  1.04470E-02  1.10391E-02
   1.15922E-02  1.21046E-02  1.25737E-02  1.29971E-02  1.33721E-02  1.36965E-02
   1.39684E-02  1.41862E-02  1.43482E-02  1.44527E-02  1.44982E-02  1.44834E-02
   1.44069E-02  1.42673E-02  1.40633E-02  1.37942E-02  1.34588E-02  1.30563E-02
   1.25857E-02  1.20465E-02  1.14379E-02  1.07594E-02  1.00104E-02  9.19060E-03
   8.29964E-03  7.33720E-03  6.30307E-03  5.19717E-03  4.01955E-03  2.77021E-03
   1.44920E-03  5.67758E-05 -1.40665E-03 -2.94071E-03 -4.54497E-03 -6.21885E-03
  -7.96149E-03 -9.77203E-03 -1.16496E-02 -1.35932E-02 -1.56014E-02 -1.76728E-02
  -1.98060E-02 -2.19994E-02 -2.42510E-02 -2.65586E-02 -2.89201E-02 -3.13334E-02
  -3.37957E-02 -3.63040E-02 -3.88555E-02 -4.14471E-02 -4.40755E-02 -4.67370E-02
  -4.94276E-02 -5.21437E-02 -5.48813E-02 -5.76360E-02 -6.04033E-02 -6.31789E-02
  -6.59582E-02 -6.87368E-02 -7.15099E-02 -7.42728E-02 -7.70211E-02 -7.97504E-02
  -8.24565E-02 -8.51354E-02 -8.77829E-02 -9.03955E-02 -9.29705E-02 -9.55046E-02
  -9.79949E-02 -1.00440E-01 -1.02838E-01 -1.05188E-01 -1.07491E-01 -1.09745E-01
  -1.11949E-01 -1.14104E-01 -1.16207E-01 -1.18260E-01 -1.20269E-01 -1.22244E-01
  -1.24192E-01 -1.26123E-01 -1.28037E-01 -1.29934E-01 -1.31811E-01 -1.33666E-01
  -1.35503E-01 -1.37327E-01 -1.39145E-01 -1.40964E-01 -1.42789E-01 -1.44624E-01
  -1.46469E-01 -1.48328E-01 -1.50205E-01 -1.52105E-01 -1.54039E-01 -1.56014E-01
  -1.58038E-01 -1.60117E-01 -1.62253E-01 -1.64450E-01 -1.66710E-01 -1.69039E-01
  -1.71441E-01 -1.73920E-01 -1.76481E-01 -1.79129E-01 -1.81868E-01 -1.84700E-01
  -1.87629E-01 -1.90659E-01 -1.93788E-01 -1.97017E-01 -2.00344E-01 -2.03769E-01
  -2.07293E-01 -2.10917E-01 -2.14644E-01 -2.18475E-01 -2.22409E-01 -2.26444E-01
  -2.30581E-01 -2.34816E-01 -2.39147E-01 -2.43569E-01 -2.48079E-01 -2.52670E-01
  -2.57339E-01 -2.62075E-01 -2.66870E-01 -2.71715E-01 -2.76600E-01 -2.81511E-01
  -2.86431E-01 -2.91346E-01 -2.96240E-01 -3.01092E-01 -3.05879E-01 -3.10579E-01
  -3.15169E-01 -3.19626E-01 -3.23927E-01 -3.28051E-01 -3.31975E-01 -3.35679E-01
  -3.39149E-01 -3.42369E-01 -3.45326E-01 -3.48006E-01 -3.50401E-01 -3.52508E-01
  -3.54320E-01 -3.55832E-01 -3.57047E-01 -3.57967E-01 -3.58599E-01 -3.58947E-01
  -3.59021E-01 -3.58836E-01 -3.58407E-01 -3.57751E-01 -3.56883E-01 -3.55824E-01
  -3.54592E-01 -3.53207E-01 -3.51688E-01 -3.50049E-01 -3.48305E-01 -3.46471E-01
  -3.44559E-01 -3.42582E-01 -3.40546E-01 -3.38462E-01 -3.36339E-01 -3.34182E-01
  -3.31999E-01 -3.29795E-01 -3.27575E-01 -3.25344E-01 -3.23106E-01 -3.20864E-01
  -3.18622E-01 -3.16383E-01 -3.14150E-01 -3.11923E-01 -3.09707E-01 -3.07502E-01
  -3.05310E-01 -3.03132E-01 -3.00970E-01 -2.98825E-01 -2.96697E-01 -2.94588E-01
  -2.92498E-01 -2.90427E-01 -2.88376E-01 -2.86346E-01 -2.84337E-01 -2.82348E-01
  -2.80381E-01 -2.78435E-01 -2.76510E-01 -2.74606E-01 -2.72724E-01 -2.70863E-01
  -2.69023E-01 -2.67204E-01 -2.65406E-01 -2.63629E-01 -2.61873E-01 -2.60136E-01
  -2.58419E-01 -2.56721E-01 -2.55044E-01 -2.53388E-01 -2.51754E-01 -2.50142E-01
  -2.48555E-01 -2.46992E-01 -2.45454E-01  7.20196E-03 -3.21117E-03 -1.24259E-02
  -1.98885E-02 -2.52898E-02 -2.83802E-02 -2.89101E-02 -2.67349E-02 -2.25480E-02
  -1.74446E-02 -1.25221E-02 -8.83590E-03 -6.64539E-03 -5.49782E-03 -4.91540E-03
  -4.42307E-03 -3.74140E-03 -2.91442E-03 -2.01645E-03 -1.12181E-03 -2.85697E-04
   4.97738E-04  1.24649E-03  1.97855E-03  2.70934E-03  3.43755E-03  4.15524E-03
   4.85444E-03  5.52745E-03  6.17031E-03  6.78183E-03  7.36091E-03  7.90644E-03
   8.41679E-03  8.88966E-03  9.32268E-03  9.71348E-03  1.00598E-02  1.03597E-02
   1.06111E-02  1.08122E-02  1.09611E-02  1.10563E-02  1.10965E-02  1.10805E-02
   1.10069E-02  1.08746E-02  1.06825E-02  1.04295E-02  1.01145E-02  9.73669E-03
   9.29526E-03  8.78957E-03  8.21894E-03  7.58280E-03  6.88070E-03  6.11227E-03
   5.27713E-03  4.37495E-03  3.40562E-03  2.36913E-03  1.26542E-03  9.45020E-05
  -1.14344E-03 -2.44807E-03 -3.81909E-03 -5.25612E-03 -6.75866E-03 -8.32589E-03
  -9.95701E-03 -1.16512E-02 -1.34076E-02 -1.52248E-02 -1.71016E-02 -1.90366E-02
  -2.10285E-02 -2.30753E-02 -2.51753E-02 -2.73263E-02 -2.95266E-02 -3.17735E-02
  -3.40647E-02 -3.63975E-02 -3.87692E-02 -4.11768E-02 -4.36173E-02 -4.60873E-02
  -4.85836E-02 -5.11027E-02 -5.36409E-02 -5.61942E-02 -5.87587E-02 -6.13308E-02
  -6.39069E-02 -6.64836E-02 -6.90573E-02 -7.16247E-02 -7.41825E-02 -7.67276E-02
  -7.92565E-02 -8.17663E-02 -8.42542E-02 -8.67178E-02 -8.91546E-02 -9.15624E-02
  -9.39391E-02 -9.62838E-02 -9.85950E-02 -1.00872E-01 -1.03113E-01 -1.05318E-01
  -1.07487E-01 -1.09619E-01 -1.11716E-01 -1.13782E-01 -1.15827E-01 -1.17857E-01
  -1.19882E-01 -1.21900E-01 -1.23911E-01 -1.25912E-01 -1.27901E-01 -1.29879E-01
  -1.31852E-01 -1.33827E-01 -1.35809E-01 -1.37803E-01 -1.39811E-01 -1.41834E-01
  -1.43875E-01 -1.45936E-01 -1.48023E-01 -1.50146E-01 -1.52311E-01 -1.54527E-01
  -1.56798E-01 -1.59127E-01 -1.61517E-01 -1.63970E-01 -1.66492E-01 -1.69085E-01
  -1.71754E-01 -1.74504E-01 -1.77339E-01 -1.80263E-01 -1.83280E-01 -1.86396E-01
  -1.89612E-01 -1.92927E-01 -1.96339E-01 -1.99847E-01 -2.03448E-01 -2.07142E-01
  -2.10930E-01 -2.14815E-01 -2.18798E-01 -2.22877E-01 -2.27051E-01 -2.31320E-01
  -2.35680E-01 -2.40132E-01 -2.44674E-01 -2.49306E-01 -2.54028E-01 -2.58837E-01
  -2.63726E-01 -2.68685E-01 -2.73707E-01 -2.78782E-01 -2.83906E-01 -2.89076E-01
  -2.94288E-01 -2.99536E-01 -3.04794E-01 -3.10020E-01 -3.15174E-01 -3.20215E-01
  -3.25103E-01 -3.29802E-01 -3.34275E-01 -3.38483E-01 -3.42401E-01 -3.46023E-01
  -3.49347E-01 -3.52370E-01 -3.55089E-01 -3.57497E-01 -3.59583E-01 -3.61339E-01
  -3.62758E-01 -3.63839E-01 -3.64590E-01 -3.65015E-01 -3.65121E-01 -3.64919E-01
  -3.64426E-01 -3.63658E-01 -3.62632E-01 -3.61373E-01 -3.59924E-01 -3.58328E-01
  -3.56628E-01 -3.54860E-01 -3.53032E-01 -3.51145E-01 -3.49202E-01 -3.47205E-01
  -3.45160E-01 -3.43076E-01 -3.40962E-01 -3.38827E-01 -3.36676E-01 -3.34514E-01
  -3.32342E-01 -3.30164E-01 -3.27984E-01 -3.25803E-01 -3.23624E-01 -3.21450E-01
  -3.19283E-01 -3.17125E-01 -3.14977E-01 -3.12840E-01 -3.10716E-01 -3.08606E-01
  -3.06510E-01 -3.04430E-01 -3.02365E-01 -3.00318E-01 -2.98288E-01 -2.96276E-01
  -2.94282E-01 -2.92307E-01 -2.90350E-01 -2.88412E-01 -2.86493E-01 -2.84593E-01
  -2.82712E-01 -2.80851E-01 -2.79008E-01 -2.77185E-01 -2.75380E-01 -2.73595E-01
  -2.71828E-01 -2.70081E-01 -2.68352E-01 -2.66641E-01 -2.64948E-01 -2.63272E-01
  -2.61614E-01 -2.59974E-01 -2.58352E-01 -2.56751E-01 -2.55170E-01 -2.53609E-01
  -2.52071E-01 -2.50555E-01  5.83832E-03 -4.68616E-03 -1.40207E-02 -2.16117E-02
  -2.71439E-02 -3.03600E-02 -3.10029E-02 -2.89214E-02 -2.48121E-02 -1.97773E-02
  -1.49217E-02 -1.13078E-02 -9.19649E-03 -8.13133E-03 -7.63079E-03 -7.21606E-03
  -6.60570E-03 -5.84455E-03 -5.00802E-03 -4.17153E-03 -3.39100E-03 -2.66012E-03
  -1.96021E-03 -1.27255E-03 -5.81149E-04  1.12842E-04  8.01417E-04  1.47655E-03
   2.13050E-03  2.75929E-03  3.36181E-03  3.93703E-03  4.48390E-03  5.00083E-03
   5.48551E-03  5.93560E-03  6.34872E-03  6.72262E-03  7.05528E-03  7.34474E-03
   7.58902E-03  7.78623E-03  7.93491E-03  8.03372E-03  8.08133E-03  8.07640E-03
   8.01773E-03  7.90418E-03  7.73459E-03  7.50783E-03  7.22294E-03  6.87917E-03
   6.47578E-03  6.01203E-03  5.48728E-03  4.90103E-03  4.25285E-03  3.54228E-03
   2.76894E-03  1.93266E-03  1.03336E-03  7.09284E-05 -9.54704E-04 -2.04341E-03
  -3.19493E-03 -4.40901E-03 -5.68538E-03 -7.02359E-03 -8.42293E-03 -9.88270E-03
  -1.14022E-02 -1.29805E-02 -1.46166E-02 -1.63093E-02 -1.80573E-02 -1.98595E-02
  -2.17142E-02 -2.36198E-02 -2.55744E-02 -2.75764E-02 -2.96237E-02 -3.17140E-02
  -3.38451E-02 -3.60147E-02 -3.82202E-02 -4.04590E-02 -4.27282E-02 -4.50252E-02
  -4.73470E-02 -4.96904E-02 -5.20521E-02 -5.44289E-02 -5.68177E-02 -5.92157E-02
  -6.16201E-02 -6.40282E-02 -6.64373E-02 -6.88448E-02 -7.12481E-02 -7.36447E-02
  -7.60321E-02 -7.84081E-02 -8.07708E-02 -8.31183E-02 -8.54488E-02 -8.77605E-02
  -9.00525E-02 -9.23237E-02 -9.45728E-02 -9.67991E-02 -9.90024E-02 -1.01183E-01
  -1.03340E-01 -1.05475E-01 -1.07592E-01 -1.09698E-01 -1.11797E-01 -1.13896E-01
  -1.15995E-01 -1.18094E-01 -1.20191E-01 -1.22286E-01 -1.24380E-01 -1.26478E-01
  -1.28585E-01 -1.30706E-01 -1.32845E-01 -1.35003E-01 -1.37182E-01 -1.39382E-01
  -1.41606E-01 -1.43860E-01 -1.46152E-01 -1.48489E-01 -1.50876E-01 -1.53320E-01
  -1.55821E-01 -1.58384E-01 -1.61011E-01 -1.63705E-01 -1.66470E-01 -1.69311E-01
  -1.72230E-01 -1.75233E-01 -1.78322E-01 -1.81503E-01 -1.84779E-01 -1.88153E-01
  -1.91624E-01 -1.95190E-01 -1.98848E-01 -2.02598E-01 -2.06440E-01 -2.10375E-01
  -2.14405E-01 -2.18531E-01 -2.22754E-01 -2.27073E-01 -2.31487E-01 -2.35995E-01
  -2.40597E-01 -2.45296E-01 -2.50094E-01 -2.54993E-01 -2.59993E-01 -2.65087E-01
  -2.70265E-01 -2.75520E-01 -2.80846E-01 -2.86250E-01 -2.91748E-01 -2.97353E-01
  -3.03074E-01 -3.08876E-01 -3.14692E-01 -3.20457E-01 -3.26106E-01 -3.31579E-01
  -3.36825E-01 -3.41795E-01 -3.46437E-01 -3.50717E-01 -3.54633E-01 -3.58189E-01
  -3.61387E-01 -3.64229E-01 -3.66707E-01 -3.68810E-01 -3.70528E-01 -3.71851E-01
  -3.72778E-01 -3.73309E-01 -3.73446E-01 -3.73191E-01 -3.72560E-01 -3.71581E-01
  -3.70284E-01 -3.68696E-01 -3.66863E-01 -3.64854E-01 -3.62740E-01 -3.60595E-01
  -3.58475E-01 -3.56377E-01 -3.54283E-01 -3.52178E-01 -3.50047E-01 -3.47892E-01
  -3.45721E-01 -3.43543E-01 -3.41367E-01 -3.39196E-01 -3.37031E-01 -3.34872E-01
  -3.32719E-01 -3.30573E-01 -3.28435E-01 -3.26307E-01 -3.24190E-01 -3.22085E-01
  -3.19994E-01 -3.17916E-01 -3.15852E-01 -3.13803E-01 -3.11769E-01 -3.09751E-01
  -3.07749E-01 -3.05763E-01 -3.03793E-01 -3.01841E-01 -2.99905E-01 -2.97987E-01
  -2.96085E-01 -2.94201E-01 -2.92335E-01 -2.90485E-01 -2.88653E-01 -2.86838E-01
  -2.85041E-01 -2.83260E-01 -2.81497E-01 -2.79750E-01 -2.78020E-01 -2.76308E-01
  -2.74611E-01 -2.72931E-01 -2.71268E-01 -2.69620E-01 -2.67987E-01 -2.66371E-01
  -2.64770E-01 -2.63185E-01 -2.61616E-01 -2.60064E-01 -2.58528E-01 -2.57010E-01
  -2.55508E-01  4.48329E-03 -6.14987E-03 -1.55999E-02 -2.33130E-02 -2.89690E-02
  -3.23046E-02 -3.30564E-02 -3.10681E-02 -2.70380E-02 -2.20736E-02 -1.72849E-02
  -1.37394E-02 -1.16994E-02 -1.07069E-02 -1.02785E-02 -9.93369E-03 -9.38969E-03
  -8.69074E-03 -7.91175E-03 -7.12760E-03 -6.39387E-03 -5.70443E-03 -5.04085E-03
  -4.38472E-03 -3.72026E-03 -3.04867E-03 -2.37791E-03 -1.71594E-03 -1.07048E-03
  -4.45448E-04  1.58093E-04  7.39131E-04  1.29665E-03  1.82906E-03  2.33398E-03
   2.80894E-03  3.25149E-03  3.65934E-03  4.03054E-03  4.36324E-03  4.65557E-03
   4.90571E-03  5.11213E-03  5.27340E-03  5.38808E-03  5.45474E-03  5.47213E-03
   5.43908E-03  5.35441E-03  5.21697E-03  5.02576E-03  4.77996E-03  4.47877E-03
   4.12138E-03  3.70708E-03  3.23533E-03  2.70564E-03  2.11749E-03  1.47045E-03
   7.64276E-04 -1.17893E-06 -8.26097E-04 -1.71061E-03 -2.65467E-03 -3.65808E-03
  -4.72067E-03 -5.84225E-03 -7.02245E-03 -8.26069E-03 -9.55637E-03 -1.09089E-02
  -1.23176E-02 -1.37814E-02 -1.52994E-02 -1.68705E-02 -1.84937E-02 -2.01675E-02
  -2.18906E-02 -2.36613E-02 -2.54782E-02 -2.73396E-02 -2.92434E-02 -3.11878E-02
  -3.31709E-02 -3.51904E-02 -3.72441E-02 -3.93298E-02 -4.14450E-02 -4.35874E-02
  -4.57543E-02 -4.79431E-02 -5.01513E-02 -5.23762E-02 -5.46155E-02 -5.68669E-02
  -5.91281E-02 -6.13967E-02 -6.36706E-02 -6.59478E-02 -6.82262E-02 -7.05037E-02
  -7.27786E-02 -7.50494E-02 -7.73146E-02 -7.95727E-02 -8.18226E-02 -8.40635E-02
  -8.62945E-02 -8.85149E-02 -9.07241E-02 -9.29225E-02 -9.51102E-02 -9.72875E-02
  -9.94551E-02 -1.01616E-01 -1.03772E-01 -1.05928E-01 -1.08086E-01 -1.10249E-01
  -1.12416E-01 -1.14590E-01 -1.16771E-01 -1.18962E-01 -1.21165E-01 -1.23386E-01
  -1.25626E-01 -1.27890E-01 -1.30178E-01 -1.32491E-01 -1.34831E-01 -1.37200E-01
  -1.39603E-01 -1.42046E-01 -1.44536E-01 -1.47078E-01 -1.49675E-01 -1.52331E-01
  -1.55049E-01 -1.57831E-01 -1.60679E-01 -1.63599E-01 -1.66593E-01 -1.69664E-01
  -1.72817E-01 -1.76054E-01 -1.79379E-01 -1.82796E-01 -1.86306E-01 -1.89910E-01
  -1.93607E-01 -1.97395E-01 -2.01274E-01 -2.05246E-01 -2.09313E-01 -2.13476E-01
  -2.17739E-01 -2.22102E-01 -2.26565E-01 -2.31128E-01 -2.35793E-01 -2.40560E-01
  -2.45434E-01 -2.50419E-01 -2.55518E-01 -2.60734E-01 -2.66059E-01 -2.71486E-01
  -2.77005E-01 -2.82614E-01 -2.88335E-01 -2.94202E-01 -3.00247E-01 -3.06495E-01
  -3.12899E-01 -3.19368E-01 -3.25808E-01 -3.32126E-01 -3.38243E-01 -3.44096E-01
  -3.49622E-01 -3.54758E-01 -3.59463E-01 -3.63735E-01 -3.67580E-01 -3.71002E-01
  -3.74006E-01 -3.76584E-01 -3.78726E-01 -3.80422E-01 -3.81664E-01 -3.82443E-01
  -3.82752E-01 -3.82584E-01 -3.81932E-01 -3.80818E-01 -3.79285E-01 -3.77383E-01
  -3.75158E-01 -3.72676E-01 -3.70036E-01 -3.67343E-01 -3.64700E-01 -3.62184E-01
  -3.59780E-01 -3.57451E-01 -3.55161E-01 -3.52877E-01 -3.50594E-01 -3.48322E-01
  -3.46067E-01 -3.43838E-01 -3.41637E-01 -3.39461E-01 -3.37307E-01 -3.35172E-01
  -3.33055E-01 -3.30954E-01 -3.28872E-01 -3.26807E-01 -3.24761E-01 -3.22733E-01
  -3.20723E-01 -3.18730E-01 -3.16754E-01 -3.14794E-01 -3.12852E-01 -3.10927E-01
  -3.09018E-01 -3.07126E-01 -3.05250E-01 -3.03391E-01 -3.01548E-01 -2.99721E-01
  -2.97910E-01 -2.96115E-01 -2.94336E-01 -2.92573E-01 -2.90825E-01 -2.89092E-01
  -2.87375E-01 -2.85672E-01 -2.83985E-01 -2.82312E-01 -2.80654E-01 -2.79011E-01
  -2.77381E-01 -2.75766E-01 -2.74165E-01 -2.72578E-01 -2.71005E-01 -2.69444E-01
  -2.67897E-01 -2.66362E-01 -2.64840E-01 -2.63329E-01 -2.61830E-01 -2.60342E-01
   3.12497E-03 -7.61067E-03 -1.71653E-02 -2.49845E-02 -3.07461E-02 -3.41841E-02
  -3.50325E-02 -3.31328E-02 -2.91839E-02 -2.42956E-02 -1.95800E-02 -1.61067E-02
  -1.41388E-02 -1.32178E-02 -1.28600E-02 -1.25844E-02 -1.21072E-02 -1.14710E-02
  -1.07488E-02 -1.00136E-02 -9.31992E-03 -8.66240E-03 -8.02392E-03 -7.38731E-03
  -6.73791E-03 -6.07718E-03 -5.41296E-03 -4.75310E-03 -4.10521E-03 -3.47318E-03
  -2.85813E-03 -2.26114E-03 -1.68325E-03 -1.12613E-03 -5.92275E-04 -8.42395E-05
   3.95420E-04  8.44356E-04  1.26073E-03  1.64280E-03  1.98881E-03  2.29705E-03
   2.56592E-03  2.79389E-03  2.97942E-03  3.12100E-03  3.21730E-03  3.26716E-03
   3.26939E-03  3.22284E-03  3.12647E-03  2.97939E-03  2.78075E-03  2.52968E-03
   2.22540E-03  1.86732E-03  1.45490E-03  9.87576E-04  4.64849E-04 -1.13583E-04
  -7.47944E-04 -1.43849E-03 -2.18542E-03 -2.98876E-03 -3.84840E-03 -4.76427E-03
  -5.73623E-03 -6.76404E-03 -7.84722E-03 -8.98534E-03 -1.01779E-02 -1.14244E-02
  -1.27239E-02 -1.40756E-02 -1.54788E-02 -1.69324E-02 -1.84353E-02 -1.99863E-02
  -2.15840E-02 -2.32273E-02 -2.49147E-02 -2.66444E-02 -2.84150E-02 -3.02248E-02
  -3.20721E-02 -3.39548E-02 -3.58711E-02 -3.78191E-02 -3.97969E-02 -4.18022E-02
  -4.38332E-02 -4.58876E-02 -4.79634E-02 -5.00587E-02 -5.21714E-02 -5.42994E-02
  -5.64408E-02 -5.85937E-02 -6.07565E-02 -6.29274E-02 -6.51048E-02 -6.72871E-02
  -6.94734E-02 -7.16624E-02 -7.38529E-02 -7.60442E-02 -7.82358E-02 -8.04273E-02
  -8.26183E-02 -8.48086E-02 -8.69986E-02 -8.91889E-02 -9.13798E-02 -9.35721E-02
  -9.57665E-02 -9.79643E-02 -1.00166E-01 -1.02374E-01 -1.04589E-01 -1.06815E-01
  -1.09054E-01 -1.11309E-01 -1.13582E-01 -1.15876E-01 -1.18194E-01 -1.20537E-01
  -1.22909E-01 -1.25310E-01 -1.27742E-01 -1.30205E-01 -1.32702E-01 -1.35237E-01
  -1.37816E-01 -1.40442E-01 -1.43121E-01 -1.45857E-01 -1.48651E-01 -1.51507E-01
  -1.54428E-01 -1.57415E-01 -1.60472E-01 -1.63604E-01 -1.66811E-01 -1.70099E-01
  -1.73468E-01 -1.76922E-01 -1.80464E-01 -1.84095E-01 -1.87817E-01 -1.91630E-01
  -1.95534E-01 -1.99530E-01 -2.03620E-01 -2.07808E-01 -2.12095E-01 -2.16485E-01
  -2.20980E-01 -2.25581E-01 -2.30289E-01 -2.35107E-01 -2.40037E-01 -2.45085E-01
  -2.50256E-01 -2.55556E-01 -2.60988E-01 -2.66546E-01 -2.72222E-01 -2.78009E-01
  -2.83908E-01 -2.89953E-01 -2.96193E-01 -3.02675E-01 -3.09438E-01 -3.16426E-01
  -3.23521E-01 -3.30605E-01 -3.37560E-01 -3.44289E-01 -3.50715E-01 -3.56767E-01
  -3.62371E-01 -3.67477E-01 -3.72085E-01 -3.76204E-01 -3.79841E-01 -3.83001E-01
  -3.85679E-01 -3.87869E-01 -3.89562E-01 -3.90749E-01 -3.91417E-01 -3.91546E-01
  -3.91118E-01 -3.90116E-01 -3.88563E-01 -3.86521E-01 -3.84056E-01 -3.81231E-01
  -3.78135E-01 -3.74897E-01 -3.71651E-01 -3.68530E-01 -3.65634E-01 -3.62936E-01
  -3.60381E-01 -3.57914E-01 -3.55485E-01 -3.53084E-01 -3.50718E-01 -3.48395E-01
  -3.46121E-01 -3.43896E-01 -3.41714E-01 -3.39570E-01 -3.37457E-01 -3.35371E-01
  -3.33312E-01 -3.31278E-01 -3.29268E-01 -3.27283E-01 -3.25320E-01 -3.23379E-01
  -3.21458E-01 -3.19557E-01 -3.17674E-01 -3.15809E-01 -3.13962E-01 -3.12132E-01
  -3.10319E-01 -3.08521E-01 -3.06740E-01 -3.04973E-01 -3.03222E-01 -3.01486E-01
  -2.99764E-01 -2.98057E-01 -2.96363E-01 -2.94683E-01 -2.93017E-01 -2.91364E-01
  -2.89724E-01 -2.88098E-01 -2.86483E-01 -2.84882E-01 -2.83292E-01 -2.81715E-01
  -2.80150E-01 -2.78597E-01 -2.77056E-01 -2.75527E-01 -2.74009E-01 -2.72501E-01
  -2.71002E-01 -2.69512E-01 -2.68029E-01 -2.66553E-01 -2.65083E-01  1.74865E-03
  -9.08219E-03 -1.87277E-02 -2.66324E-02 -3.24757E-02 -3.59940E-02 -3.69236E-02
  -3.51079E-02 -3.12454E-02 -2.64438E-02 -2.18134E-02 -1.84220E-02 -1.65322E-02
  -1.56861E-02 -1.54008E-02 -1.51959E-02 -1.47872E-02 -1.42145E-02 -1.35482E-02
  -1.28585E-02 -1.21981E-02 -1.15631E-02 -1.09386E-02 -1.03095E-02 -9.66317E-03
  -9.00147E-03 -8.33210E-03 -7.66277E-03 -7.00098E-03 -6.35064E-03 -5.71306E-03
  -5.08947E-03 -4.48109E-03 -3.88972E-03 -3.31789E-03 -2.76821E-03 -2.24327E-03
  -1.74545E-03 -1.27654E-03 -8.38242E-04 -4.32245E-04 -6.02306E-05  2.76189E-04
   5.75426E-04  8.35893E-04  1.05602E-03  1.23448E-03  1.37007E-03  1.46163E-03
   1.50796E-03  1.50801E-03  1.46084E-03  1.36555E-03  1.22121E-03  1.02699E-03
   7.82270E-04  4.86433E-04  1.38872E-04 -2.60966E-04 -7.13452E-04 -1.21889E-03
  -1.77759E-03 -2.38985E-03 -3.05576E-03 -3.77533E-03 -4.54854E-03 -5.37538E-03
  -6.25570E-03 -7.18916E-03 -8.17545E-03 -9.21421E-03 -1.03050E-02 -1.14472E-02
  -1.26402E-02 -1.38832E-02 -1.51755E-02 -1.65161E-02 -1.79041E-02 -1.93384E-02
  -2.08179E-02 -2.23415E-02 -2.39078E-02 -2.55155E-02 -2.71632E-02 -2.88495E-02
  -3.05729E-02 -3.23317E-02 -3.41244E-02 -3.59494E-02 -3.78050E-02 -3.96896E-02
  -4.16015E-02 -4.35392E-02 -4.55009E-02 -4.74848E-02 -4.94893E-02 -5.15126E-02
  -5.35533E-02 -5.56100E-02 -5.76813E-02 -5.97657E-02 -6.18622E-02 -6.39699E-02
  -6.60878E-02 -6.82151E-02 -7.03512E-02 -7.24959E-02 -7.46490E-02 -7.68103E-02
  -7.89799E-02 -8.11582E-02 -8.33457E-02 -8.55432E-02 -8.77510E-02 -8.99693E-02
  -9.21982E-02 -9.44376E-02 -9.66878E-02 -9.89510E-02 -1.01231E-01 -1.03530E-01
  -1.05851E-01 -1.08198E-01 -1.10573E-01 -1.12976E-01 -1.15410E-01 -1.17876E-01
  -1.20377E-01 -1.22912E-01 -1.25485E-01 -1.28095E-01 -1.30748E-01 -1.33446E-01
  -1.36194E-01 -1.38996E-01 -1.41855E-01 -1.44774E-01 -1.47753E-01 -1.50798E-01
  -1.53909E-01 -1.57091E-01 -1.60344E-01 -1.63674E-01 -1.67082E-01 -1.70570E-01
  -1.74141E-01 -1.77796E-01 -1.81538E-01 -1.85369E-01 -1.89290E-01 -1.93302E-01
  -1.97407E-01 -2.01609E-01 -2.05909E-01 -2.10311E-01 -2.14819E-01 -2.19435E-01
  -2.24161E-01 -2.29001E-01 -2.33957E-01 -2.39034E-01 -2.44238E-01 -2.49577E-01
  -2.55057E-01 -2.60682E-01 -2.66449E-01 -2.72353E-01 -2.78388E-01 -2.84558E-01
  -2.90905E-01 -2.97485E-01 -3.04357E-01 -3.11566E-01 -3.19048E-01 -3.26667E-01
  -3.34284E-01 -3.41764E-01 -3.48993E-01 -3.55885E-01 -3.62359E-01 -3.68331E-01
  -3.73745E-01 -3.78605E-01 -3.82925E-01 -3.86718E-01 -3.89994E-01 -3.92750E-01
  -3.94983E-01 -3.96688E-01 -3.97857E-01 -3.98469E-01 -3.98492E-01 -3.97897E-01
  -3.96654E-01 -3.94786E-01 -3.92369E-01 -3.89478E-01 -3.86192E-01 -3.82614E-01
  -3.78900E-01 -3.75210E-01 -3.71703E-01 -3.68499E-01 -3.65562E-01 -3.62825E-01
  -3.60217E-01 -3.57678E-01 -3.55191E-01 -3.52763E-01 -3.50399E-01 -3.48104E-01
  -3.45877E-01 -3.43708E-01 -3.41589E-01 -3.39512E-01 -3.37471E-01 -3.35463E-01
  -3.33488E-01 -3.31543E-01 -3.29626E-01 -3.27736E-01 -3.25870E-01 -3.24028E-01
  -3.22206E-01 -3.20404E-01 -3.18621E-01 -3.16856E-01 -3.15107E-01 -3.13376E-01
  -3.11659E-01 -3.09958E-01 -3.08271E-01 -3.06598E-01 -3.04939E-01 -3.03292E-01
  -3.01658E-01 -3.00036E-01 -2.98426E-01 -2.96828E-01 -2.95241E-01 -2.93666E-01
  -2.92101E-01 -2.90547E-01 -2.89003E-01 -2.87469E-01 -2.85945E-01 -2.84432E-01
  -2.82928E-01 -2.81435E-01 -2.79951E-01 -2.78476E-01 -2.77009E-01 -2.75549E-01
  -2.74094E-01 -2.72645E-01 -2.71199E-01 -2.69757E-01  3.28462E-04 -1.05990E-02
  -2.03334E-02 -2.83180E-02 -3.42367E-02 -3.78316E-02 -3.88450E-02 -3.71254E-02
  -3.33677E-02 -2.86729E-02 -2.41440E-02 -2.08420E-02 -1.90280E-02 -1.82477E-02
  -1.80216E-02 -1.78728E-02 -1.75184E-02 -1.69954E-02 -1.63710E-02 -1.57124E-02
  -1.50702E-02 -1.44424E-02 -1.38163E-02 -1.31795E-02 -1.25214E-02 -1.18444E-02
  -1.11560E-02 -1.04638E-02 -9.77526E-03 -9.09425E-03 -8.42231E-03 -7.76089E-03
  -7.11144E-03 -6.47586E-03 -5.85668E-03 -5.25650E-03 -4.67790E-03 -4.12323E-03
  -3.59428E-03 -3.09275E-03 -2.62034E-03 -2.17870E-03 -1.76947E-03 -1.39421E-03
  -1.05452E-03 -7.51963E-04 -4.87877E-04 -2.63458E-04 -7.99011E-05  6.16034E-05
   1.59968E-04  2.14231E-04  2.23436E-04  1.86628E-04  1.02939E-04 -2.83187E-05
  -2.07801E-04 -4.36170E-04 -7.14039E-04 -1.04185E-03 -1.41997E-03 -1.84881E-03
  -2.32872E-03 -2.85990E-03 -3.44244E-03 -4.07644E-03 -4.76198E-03 -5.49902E-03
  -6.28736E-03 -7.12681E-03 -8.01715E-03 -8.95809E-03 -9.94914E-03 -1.09898E-02
  -1.20795E-02 -1.32178E-02 -1.44039E-02 -1.56369E-02 -1.69160E-02 -1.82405E-02
  -1.96092E-02 -2.10213E-02 -2.24756E-02 -2.39710E-02 -2.55063E-02 -2.70803E-02
  -2.86917E-02 -3.03393E-02 -3.20217E-02 -3.37376E-02 -3.54857E-02 -3.72647E-02
  -3.90733E-02 -4.09101E-02 -4.27737E-02 -4.46627E-02 -4.65757E-02 -4.85116E-02
  -5.04691E-02 -5.24472E-02 -5.44448E-02 -5.64610E-02 -5.84952E-02 -6.05465E-02
  -6.26143E-02 -6.46981E-02 -6.67979E-02 -6.89136E-02 -7.10451E-02 -7.31924E-02
  -7.53561E-02 -7.75367E-02 -7.97346E-02 -8.19504E-02 -8.41841E-02 -8.64355E-02
  -8.87046E-02 -9.09915E-02 -9.32981E-02 -9.56272E-02 -9.79817E-02 -1.00364E-01
  -1.02777E-01 -1.05222E-01 -1.07701E-01 -1.10214E-01 -1.12764E-01 -1.15352E-01
  -1.17979E-01 -1.20647E-01 -1.23358E-01 -1.26114E-01 -1.28919E-01 -1.31775E-01
  -1.34687E-01 -1.37656E-01 -1.40684E-01 -1.43775E-01 -1.46930E-01 -1.50152E-01
  -1.53444E-01 -1.56808E-01 -1.60246E-01 -1.63761E-01 -1.67355E-01 -1.71030E-01
  -1.74789E-01 -1.78633E-01 -1.82564E-01 -1.86584E-01 -1.90696E-01 -1.94902E-01
  -1.99205E-01 -2.03608E-01 -2.08115E-01 -2.12728E-01 -2.17451E-01 -2.22288E-01
  -2.27242E-01 -2.32316E-01 -2.37517E-01 -2.42852E-01 -2.48330E-01 -2.53958E-01
  -2.59744E-01 -2.65685E-01 -2.71778E-01 -2.78022E-01 -2.84421E-01 -2.91022E-01
  -2.97884E-01 -3.05070E-01 -3.12627E-01 -3.20485E-01 -3.28496E-01 -3.36511E-01
  -3.44379E-01 -3.51979E-01 -3.59215E-01 -3.65995E-01 -3.72228E-01 -3.77853E-01
  -3.82879E-01 -3.87328E-01 -3.91219E-01 -3.94567E-01 -3.97375E-01 -3.99639E-01
  -4.01358E-01 -4.02526E-01 -4.03115E-01 -4.03085E-01 -4.02396E-01 -4.01011E-01
  -3.98951E-01 -3.96300E-01 -3.93143E-01 -3.89566E-01 -3.85683E-01 -3.81667E-01
  -3.77695E-01 -3.73944E-01 -3.70544E-01 -3.67457E-01 -3.64609E-01 -3.61921E-01
  -3.59326E-01 -3.56805E-01 -3.54361E-01 -3.51998E-01 -3.49718E-01 -3.47519E-01
  -3.45390E-01 -3.43320E-01 -3.41300E-01 -3.39323E-01 -3.37384E-01 -3.35483E-01
  -3.33615E-01 -3.31779E-01 -3.29972E-01 -3.28191E-01 -3.26434E-01 -3.24700E-01
  -3.22985E-01 -3.21290E-01 -3.19612E-01 -3.17950E-01 -3.16305E-01 -3.14674E-01
  -3.13056E-01 -3.11452E-01 -3.09860E-01 -3.08280E-01 -3.06711E-01 -3.05153E-01
  -3.03605E-01 -3.02067E-01 -3.00539E-01 -2.99020E-01 -2.97510E-01 -2.96009E-01
  -2.94516E-01 -2.93032E-01 -2.91555E-01 -2.90086E-01 -2.88625E-01 -2.87172E-01
  -2.85727E-01 -2.84289E-01 -2.82858E-01 -2.81433E-01 -2.80014E-01 -2.78598E-01
  -2.77187E-01 -2.75779E-01 -2.74372E-01 -1.16428E-03 -1.22009E-02 -2.20378E-02
  -3.01168E-02 -3.61276E-02 -3.98198E-02 -4.09432E-02 -3.93518E-02 -3.57337E-02
  -3.11760E-02 -2.67684E-02 -2.35591E-02 -2.18073E-02 -2.10668E-02 -2.08668E-02
  -2.07390E-02 -2.04047E-02 -1.98989E-02 -1.92861E-02 -1.86307E-02 -1.79816E-02
  -1.73380E-02 -1.66895E-02 -1.60254E-02 -1.53371E-02 -1.46273E-02 -1.39035E-02
  -1.31730E-02 -1.24432E-02 -1.17179E-02 -1.09989E-02 -1.02878E-02 -9.58619E-03
  -8.89604E-03 -8.21982E-03 -7.56004E-03 -6.91923E-03 -6.29969E-03 -5.70319E-03
  -5.13146E-03 -4.58617E-03 -4.06902E-03 -3.58158E-03 -3.12540E-03 -2.70201E-03
  -2.31295E-03 -1.95955E-03 -1.64300E-03 -1.36452E-03 -1.12530E-03 -9.26439E-04
  -7.68924E-04 -6.53735E-04 -5.81846E-04 -5.54160E-04 -5.71413E-04 -6.34319E-04
  -7.43596E-04 -8.99916E-04 -1.10379E-03 -1.35569E-03 -1.65607E-03 -2.00538E-03
  -2.40391E-03 -2.85187E-03 -3.34945E-03 -3.89684E-03 -4.49412E-03 -5.14122E-03
  -5.83806E-03 -6.58458E-03 -7.38060E-03 -8.22580E-03 -9.11984E-03 -1.00624E-02
  -1.10530E-02 -1.20911E-02 -1.31761E-02 -1.43074E-02 -1.54843E-02 -1.67061E-02
  -1.79720E-02 -1.92811E-02 -2.06326E-02 -2.20254E-02 -2.34588E-02 -2.49315E-02
  -2.64427E-02 -2.79913E-02 -2.95762E-02 -3.11963E-02 -3.28507E-02 -3.45383E-02
  -3.62579E-02 -3.80086E-02 -3.97892E-02 -4.15987E-02 -4.34361E-02 -4.53006E-02
  -4.71913E-02 -4.91073E-02 -5.10479E-02 -5.30127E-02 -5.50010E-02 -5.70123E-02
  -5.90463E-02 -6.11028E-02 -6.31819E-02 -6.52835E-02 -6.74075E-02 -6.95545E-02
  -7.17248E-02 -7.39188E-02 -7.61370E-02 -7.83797E-02 -8.06471E-02 -8.29395E-02
  -8.52573E-02 -8.76019E-02 -8.99753E-02 -9.23795E-02 -9.48163E-02 -9.72874E-02
  -9.97944E-02 -1.02339E-01 -1.04921E-01 -1.07544E-01 -1.10208E-01 -1.12916E-01
  -1.15669E-01 -1.18468E-01 -1.21315E-01 -1.24214E-01 -1.27167E-01 -1.30175E-01
  -1.33241E-01 -1.36368E-01 -1.39557E-01 -1.42811E-01 -1.46132E-01 -1.49522E-01
  -1.52983E-01 -1.56518E-01 -1.60128E-01 -1.63817E-01 -1.67585E-01 -1.71436E-01
  -1.75370E-01 -1.79392E-01 -1.83502E-01 -1.87704E-01 -1.92000E-01 -1.96392E-01
  -2.00885E-01 -2.05481E-01 -2.10185E-01 -2.14998E-01 -2.19927E-01 -2.24973E-01
  -2.30142E-01 -2.35440E-01 -2.40876E-01 -2.46458E-01 -2.52198E-01 -2.58101E-01
  -2.64168E-01 -2.70400E-01 -2.76795E-01 -2.83361E-01 -2.90145E-01 -2.97206E-01
  -3.04604E-01 -3.12389E-01 -3.20487E-01 -3.28744E-01 -3.37006E-01 -3.45120E-01
  -3.52956E-01 -3.60413E-01 -3.67389E-01 -3.73784E-01 -3.79535E-01 -3.84657E-01
  -3.89176E-01 -3.93117E-01 -3.96502E-01 -3.99335E-01 -4.01613E-01 -4.03334E-01
  -4.04493E-01 -4.05061E-01 -4.04995E-01 -4.04252E-01 -4.02792E-01 -4.00640E-01
  -3.97886E-01 -3.94621E-01 -3.90940E-01 -3.86962E-01 -3.82860E-01 -3.78815E-01
  -3.75003E-01 -3.71558E-01 -3.68442E-01 -3.65578E-01 -3.62892E-01 -3.60315E-01
  -3.57826E-01 -3.55427E-01 -3.53119E-01 -3.50902E-01 -3.48772E-01 -3.46718E-01
  -3.44729E-01 -3.42793E-01 -3.40903E-01 -3.39055E-01 -3.37246E-01 -3.35473E-01
  -3.33732E-01 -3.32022E-01 -3.30338E-01 -3.28678E-01 -3.27040E-01 -3.25421E-01
  -3.23821E-01 -3.22237E-01 -3.20669E-01 -3.19114E-01 -3.17573E-01 -3.16045E-01
  -3.14527E-01 -3.13020E-01 -3.11522E-01 -3.10034E-01 -3.08555E-01 -3.07083E-01
  -3.05620E-01 -3.04164E-01 -3.02714E-01 -3.01272E-01 -2.99836E-01 -2.98406E-01
  -2.96982E-01 -2.95564E-01 -2.94152E-01 -2.92744E-01 -2.91343E-01 -2.89947E-01
  -2.88556E-01 -2.87169E-01 -2.85788E-01 -2.84410E-01 -2.83036E-01 -2.81666E-01
  -2.80298E-01 -2.78934E-01 -2.75825E-03 -1.39278E-02 -2.38960E-02 -3.21041E-02
  -3.82471E-02 -4.20816E-02 -4.33642E-02 -4.19539E-02 -3.85258E-02 -3.41462E-02
  -2.98836E-02 -2.67660E-02 -2.50511E-02 -2.43080E-02 -2.40812E-02 -2.39183E-02
  -2.35499E-02 -2.30104E-02 -2.23626E-02 -2.16690E-02 -2.09774E-02 -2.02877E-02
  -1.95902E-02 -1.88752E-02 -1.81347E-02 -1.73716E-02 -1.65933E-02 -1.58070E-02
  -1.50197E-02 -1.42354E-02 -1.34559E-02 -1.26826E-02 -1.19173E-02 -1.11617E-02
  -1.04184E-02 -9.68971E-03 -8.97799E-03 -8.28549E-03 -7.61395E-03 -6.96504E-03
  -6.34044E-03 -5.74181E-03 -5.17066E-03 -4.62848E-03 -4.11674E-03 -3.63691E-03
  -3.19029E-03 -2.77810E-03 -2.40154E-03 -2.06179E-03 -1.75998E-03 -1.49709E-03
  -1.27409E-03 -1.09198E-03 -9.51674E-04 -8.53965E-04 -7.99629E-04 -7.89439E-04
  -8.24136E-04 -9.04311E-04 -1.03051E-03 -1.20329E-03 -1.42317E-03 -1.69056E-03
  -2.00575E-03 -2.36907E-03 -2.78080E-03 -3.24114E-03 -3.75015E-03 -4.30788E-03
  -4.91438E-03 -5.56965E-03 -6.27348E-03 -7.02569E-03 -7.82609E-03 -8.67443E-03
  -9.57032E-03 -1.05133E-02 -1.15030E-02 -1.25389E-02 -1.36204E-02 -1.47470E-02
  -1.59179E-02 -1.71325E-02 -1.83902E-02 -1.96901E-02 -2.10314E-02 -2.24136E-02
  -2.38356E-02 -2.52967E-02 -2.67961E-02 -2.83330E-02 -2.99064E-02 -3.15157E-02
  -3.31599E-02 -3.48384E-02 -3.65502E-02 -3.82948E-02 -4.00714E-02 -4.18794E-02
  -4.37182E-02 -4.55872E-02 -4.74860E-02 -4.94142E-02 -5.13714E-02 -5.33572E-02
  -5.53718E-02 -5.74149E-02 -5.94865E-02 -6.15865E-02 -6.37153E-02 -6.58733E-02
  -6.80606E-02 -7.02777E-02 -7.25253E-02 -7.48039E-02 -7.71143E-02 -7.94574E-02
  -8.18339E-02 -8.42450E-02 -8.66918E-02 -8.91753E-02 -9.16967E-02 -9.42574E-02
  -9.68588E-02 -9.95023E-02 -1.02189E-01 -1.04921E-01 -1.07699E-01 -1.10526E-01
  -1.13403E-01 -1.16331E-01 -1.19312E-01 -1.22349E-01 -1.25443E-01 -1.28596E-01
  -1.31809E-01 -1.35086E-01 -1.38427E-01 -1.41835E-01 -1.45312E-01 -1.48860E-01
  -1.52480E-01 -1.56175E-01 -1.59947E-01 -1.63797E-01 -1.67729E-01 -1.71744E-01
  -1.75845E-01 -1.80033E-01 -1.84312E-01 -1.88684E-01 -1.93151E-01 -1.97717E-01
  -2.02386E-01 -2.07161E-01 -2.12046E-01 -2.17044E-01 -2.22159E-01 -2.27395E-01
  -2.32759E-01 -2.38259E-01 -2.43907E-01 -2.49711E-01 -2.55681E-01 -2.61817E-01
  -2.68121E-01 -2.74594E-01 -2.81243E-01 -2.88114E-01 -2.95265E-01 -3.02751E-01
  -3.10622E-01 -3.18802E-01 -3.27143E-01 -3.35493E-01 -3.43701E-01 -3.51636E-01
  -3.59189E-01 -3.66254E-01 -3.72723E-01 -3.78529E-01 -3.83688E-01 -3.88232E-01
  -3.92188E-01 -3.95582E-01 -3.98415E-01 -4.00682E-01 -4.02377E-01 -4.03496E-01
  -4.04011E-01 -4.03890E-01 -4.03097E-01 -4.01600E-01 -3.99433E-01 -3.96694E-01
  -3.93483E-01 -3.89902E-01 -3.86069E-01 -3.82141E-01 -3.78277E-01 -3.74634E-01
  -3.71331E-01 -3.68335E-01 -3.65579E-01 -3.62998E-01 -3.60531E-01 -3.58158E-01
  -3.55879E-01 -3.53692E-01 -3.51596E-01 -3.49585E-01 -3.47649E-01 -3.45777E-01
  -3.43959E-01 -3.42186E-01 -3.40455E-01 -3.38763E-01 -3.37105E-01 -3.35478E-01
  -3.33880E-01 -3.32308E-01 -3.30758E-01 -3.29227E-01 -3.27715E-01 -3.26219E-01
  -3.24738E-01 -3.23270E-01 -3.21814E-01 -3.20368E-01 -3.18933E-01 -3.17507E-01
  -3.16089E-01 -3.14678E-01 -3.13274E-01 -3.11876E-01 -3.10484E-01 -3.09098E-01
  -3.07716E-01 -3.06338E-01 -3.04965E-01 -3.03596E-01 -3.02230E-01 -3.00869E-01
  -2.99510E-01 -2.98155E-01 -2.96803E-01 -2.95453E-01 -2.94107E-01 -2.92763E-01
  -2.91422E-01 -2.90084E-01 -2.88750E-01 -2.87418E-01 -2.86091E-01 -2.84766E-01
  -2.83446E-01 -4.47024E-03 -1.58041E-02 -2.59433E-02 -3.43293E-02 -4.06610E-02
  -4.47000E-02 -4.62078E-02 -4.50455E-02 -4.18693E-02 -3.77156E-02 -3.36236E-02
  -3.05930E-02 -2.88808E-02 -2.80797E-02 -2.77588E-02 -2.74901E-02 -2.70198E-02
  -2.63832E-02 -2.56428E-02 -2.48610E-02 -2.40849E-02 -2.33138E-02 -2.25373E-02
  -2.17450E-02 -2.09283E-02 -2.00897E-02 -1.92364E-02 -1.83755E-02 -1.75139E-02
  -1.66554E-02 -1.58014E-02 -1.49533E-02 -1.41126E-02 -1.32809E-02 -1.24604E-02
  -1.16534E-02 -1.08622E-02 -1.00888E-02 -9.33485E-03 -8.60196E-03 -7.89173E-03
  -7.20571E-03 -6.54534E-03 -5.91204E-03 -5.30720E-03 -4.73223E-03 -4.18840E-03
  -3.67690E-03 -3.19892E-03 -2.75565E-03 -2.34820E-03 -1.97752E-03 -1.64461E-03
  -1.35042E-03 -1.09590E-03 -8.81895E-04 -7.09242E-04 -5.78780E-04 -4.91321E-04
  -4.47540E-04 -4.48078E-04 -4.93576E-04 -5.84660E-04 -7.21821E-04 -9.05477E-04
  -1.13605E-03 -1.41395E-03 -1.73947E-03 -2.11282E-03 -2.53417E-03 -3.00370E-03
  -3.52153E-03 -4.08762E-03 -4.70193E-03 -5.36440E-03 -6.07495E-03 -6.83333E-03
  -7.63929E-03 -8.49252E-03 -9.39275E-03 -1.03396E-02 -1.13325E-02 -1.23710E-02
  -1.34546E-02 -1.45829E-02 -1.57553E-02 -1.69713E-02 -1.82304E-02 -1.95319E-02
  -2.08753E-02 -2.22599E-02 -2.36851E-02 -2.51503E-02 -2.66549E-02 -2.81983E-02
  -2.97800E-02 -3.13993E-02 -3.30558E-02 -3.47491E-02 -3.64785E-02 -3.82436E-02
  -4.00441E-02 -4.18797E-02 -4.37500E-02 -4.56549E-02 -4.75940E-02 -4.95674E-02
  -5.15750E-02 -5.36166E-02 -5.56922E-02 -5.78021E-02 -5.99466E-02 -6.21258E-02
  -6.43401E-02 -6.65903E-02 -6.88771E-02 -7.12015E-02 -7.35643E-02 -7.59661E-02
  -7.84076E-02 -8.08893E-02 -8.34118E-02 -8.59759E-02 -8.85829E-02 -9.12341E-02
  -9.39307E-02 -9.66739E-02 -9.94653E-02 -1.02306E-01 -1.05198E-01 -1.08143E-01
  -1.11142E-01 -1.14196E-01 -1.17307E-01 -1.20476E-01 -1.23705E-01 -1.26996E-01
  -1.30350E-01 -1.33769E-01 -1.37254E-01 -1.40808E-01 -1.44432E-01 -1.48128E-01
  -1.51897E-01 -1.55742E-01 -1.59665E-01 -1.63667E-01 -1.67751E-01 -1.71919E-01
  -1.76173E-01 -1.80515E-01 -1.84947E-01 -1.89472E-01 -1.94094E-01 -1.98816E-01
  -2.03642E-01 -2.08576E-01 -2.13619E-01 -2.18776E-01 -2.24049E-01 -2.29445E-01
  -2.34971E-01 -2.40640E-01 -2.46460E-01 -2.52439E-01 -2.58579E-01 -2.64880E-01
  -2.71345E-01 -2.77980E-01 -2.84828E-01 -2.91942E-01 -2.99377E-01 -3.07176E-01
  -3.15272E-01 -3.23526E-01 -3.31795E-01 -3.39940E-01 -3.47833E-01 -3.55361E-01
  -3.62410E-01 -3.68870E-01 -3.74667E-01 -3.79819E-01 -3.84354E-01 -3.88300E-01
  -3.91681E-01 -3.94493E-01 -3.96723E-01 -3.98362E-01 -3.99396E-01 -3.99815E-01
  -3.99603E-01 -3.98747E-01 -3.97236E-01 -3.95119E-01 -3.92506E-01 -3.89508E-01
  -3.86236E-01 -3.82805E-01 -3.79327E-01 -3.75920E-01 -3.72696E-01 -3.69742E-01
  -3.67033E-01 -3.64522E-01 -3.62162E-01 -3.59908E-01 -3.57744E-01 -3.55668E-01
  -3.53676E-01 -3.51766E-01 -3.49930E-01 -3.48160E-01 -3.46448E-01 -3.44784E-01
  -3.43162E-01 -3.41577E-01 -3.40028E-01 -3.38508E-01 -3.37017E-01 -3.35550E-01
  -3.34104E-01 -3.32678E-01 -3.31269E-01 -3.29875E-01 -3.28493E-01 -3.27124E-01
  -3.25764E-01 -3.24414E-01 -3.23071E-01 -3.21735E-01 -3.20406E-01 -3.19081E-01
  -3.17761E-01 -3.16445E-01 -3.15132E-01 -3.13822E-01 -3.12515E-01 -3.11210E-01
  -3.09906E-01 -3.08604E-01 -3.07304E-01 -3.06004E-01 -3.04705E-01 -3.03408E-01
  -3.02111E-01 -3.00814E-01 -2.99518E-01 -2.98222E-01 -2.96926E-01 -2.95631E-01
  -2.94337E-01 -2.93046E-01 -2.91757E-01 -2.90472E-01 -2.89191E-01 -2.87915E-01
  -6.26964E-03 -1.77929E-02 -2.81351E-02 -3.67384E-02 -4.33049E-02 -4.75996E-02
  -4.93875E-02 -4.85302E-02 -4.56585E-02 -4.17716E-02 -3.78709E-02 -3.49206E-02
  -3.31779E-02 -3.22675E-02 -3.17919E-02 -3.13559E-02 -3.07271E-02 -2.99425E-02
  -2.90641E-02 -2.81542E-02 -2.72594E-02 -2.63774E-02 -2.54964E-02 -2.46041E-02
  -2.36904E-02 -2.27574E-02 -2.18119E-02 -2.08607E-02 -1.99105E-02 -1.89648E-02
  -1.80245E-02 -1.70907E-02 -1.61644E-02 -1.52471E-02 -1.43407E-02 -1.34474E-02
  -1.25690E-02 -1.17077E-02 -1.08648E-02 -1.00418E-02 -9.24021E-03 -8.46142E-03
  -7.70679E-03 -6.97764E-03 -6.27530E-03 -5.60110E-03 -4.95624E-03 -4.34192E-03
  -3.75928E-03 -3.20951E-03 -2.69367E-03 -2.21273E-03 -1.76764E-03 -1.35936E-03
  -9.88839E-04 -6.56977E-04 -3.64688E-04 -1.12875E-04  9.75770E-05  2.65904E-04
   3.91368E-04  4.73237E-04  5.10788E-04  5.03427E-04  4.50626E-04  3.51858E-04
   2.06604E-04  1.44396E-05 -2.24949E-04 -5.11877E-04 -8.46653E-04 -1.22952E-03
  -1.66059E-03 -2.13995E-03 -2.66769E-03 -3.24388E-03 -3.86842E-03 -4.54118E-03
  -5.26203E-03 -6.03084E-03 -6.84732E-03 -7.71115E-03 -8.62198E-03 -9.57948E-03
  -1.05833E-02 -1.16332E-02 -1.27288E-02 -1.38699E-02 -1.50560E-02 -1.62868E-02
  -1.75618E-02 -1.88805E-02 -2.02426E-02 -2.16476E-02 -2.30952E-02 -2.45849E-02
  -2.61163E-02 -2.76891E-02 -2.93030E-02 -3.09575E-02 -3.26524E-02 -3.43875E-02
  -3.61624E-02 -3.79772E-02 -3.98315E-02 -4.17252E-02 -4.36584E-02 -4.56309E-02
  -4.76427E-02 -4.96938E-02 -5.17843E-02 -5.39144E-02 -5.60845E-02 -5.82948E-02
  -6.05459E-02 -6.28385E-02 -6.51735E-02 -6.75517E-02 -6.99734E-02 -7.24391E-02
  -7.49493E-02 -7.75044E-02 -8.01049E-02 -8.27521E-02 -8.54469E-02 -8.81904E-02
  -9.09837E-02 -9.38281E-02 -9.67249E-02 -9.96752E-02 -1.02680E-01 -1.05741E-01
  -1.08860E-01 -1.12036E-01 -1.15273E-01 -1.18570E-01 -1.21929E-01 -1.25352E-01
  -1.28839E-01 -1.32394E-01 -1.36016E-01 -1.39708E-01 -1.43471E-01 -1.47306E-01
  -1.51216E-01 -1.55201E-01 -1.59265E-01 -1.63408E-01 -1.67632E-01 -1.71940E-01
  -1.76332E-01 -1.80811E-01 -1.85379E-01 -1.90041E-01 -1.94799E-01 -1.99658E-01
  -2.04620E-01 -2.09686E-01 -2.14860E-01 -2.20143E-01 -2.25539E-01 -2.31058E-01
  -2.36709E-01 -2.42501E-01 -2.48439E-01 -2.54526E-01 -2.60761E-01 -2.67144E-01
  -2.73681E-01 -2.80409E-01 -2.87379E-01 -2.94640E-01 -3.02233E-01 -3.10096E-01
  -3.18108E-01 -3.26144E-01 -3.34078E-01 -3.41791E-01 -3.49169E-01 -3.56097E-01
  -3.62460E-01 -3.68184E-01 -3.73281E-01 -3.77776E-01 -3.81692E-01 -3.85049E-01
  -3.87833E-01 -3.90027E-01 -3.91610E-01 -3.92566E-01 -3.92898E-01 -3.92618E-01
  -3.91742E-01 -3.90284E-01 -3.88312E-01 -3.85947E-01 -3.83309E-01 -3.80521E-01
  -3.77683E-01 -3.74857E-01 -3.72103E-01 -3.69478E-01 -3.67026E-01 -3.64734E-01
  -3.62578E-01 -3.60533E-01 -3.58577E-01 -3.56699E-01 -3.54894E-01 -3.53158E-01
  -3.51486E-01 -3.49872E-01 -3.48310E-01 -3.46794E-01 -3.45317E-01 -3.43874E-01
  -3.42463E-01 -3.41079E-01 -3.39719E-01 -3.38380E-01 -3.37061E-01 -3.35758E-01
  -3.34469E-01 -3.33193E-01 -3.31926E-01 -3.30669E-01 -3.29420E-01 -3.28176E-01
  -3.26938E-01 -3.25704E-01 -3.24473E-01 -3.23244E-01 -3.22018E-01 -3.20792E-01
  -3.19567E-01 -3.18343E-01 -3.17118E-01 -3.15892E-01 -3.14665E-01 -3.13437E-01
  -3.12208E-01 -3.10977E-01 -3.09744E-01 -3.08510E-01 -3.07273E-01 -3.06035E-01
  -3.04795E-01 -3.03552E-01 -3.02307E-01 -3.01059E-01 -2.99810E-01 -2.98561E-01
  -2.97312E-01 -2.96065E-01 -2.94821E-01 -2.93580E-01 -2.92345E-01 -8.11393E-03
  -1.98418E-02 -3.04065E-02 -3.92514E-02 -4.60815E-02 -5.06651E-02 -5.27704E-02
  -5.22587E-02 -4.97304E-02 -4.61402E-02 -4.24451E-02 -3.95670E-02 -3.77641E-02
  -3.67012E-02 -3.60221E-02 -3.53728E-02 -3.45467E-02 -3.35814E-02 -3.25372E-02
  -3.14744E-02 -3.04381E-02 -2.94242E-02 -2.84193E-02 -2.74095E-02 -2.63832E-02
  -2.53416E-02 -2.42911E-02 -2.32380E-02 -2.21884E-02 -2.11453E-02 -2.01094E-02
  -1.90811E-02 -1.80612E-02 -1.70506E-02 -1.60511E-02 -1.50647E-02 -1.40929E-02
  -1.31377E-02 -1.22003E-02 -1.12819E-02 -1.03840E-02 -9.50767E-03 -8.65430E-03
  -7.82508E-03 -7.02126E-03 -6.24408E-03 -5.49470E-03 -4.77426E-03 -4.08389E-03
  -3.42471E-03 -2.79776E-03 -2.20400E-03 -1.64439E-03 -1.11987E-03 -6.31407E-04
  -1.79960E-04  2.33486E-04  6.07962E-04  9.42506E-04  1.23627E-03  1.48841E-03
   1.69812E-03  1.86456E-03  1.98705E-03  2.06495E-03  2.09762E-03  2.08444E-03
   2.02486E-03  1.91845E-03  1.76476E-03  1.56335E-03  1.31385E-03  1.01602E-03
   6.69608E-04  2.74398E-04 -1.69813E-04 -6.63070E-04 -1.20541E-03 -1.79682E-03
  -2.43733E-03 -3.12679E-03 -3.86501E-03 -4.65179E-03 -5.48692E-03 -6.37026E-03
  -7.30171E-03 -8.28116E-03 -9.30853E-03 -1.03836E-02 -1.15062E-02 -1.26760E-02
  -1.38928E-02 -1.51562E-02 -1.64661E-02 -1.78222E-02 -1.92242E-02 -2.06719E-02
  -2.21650E-02 -2.37033E-02 -2.52866E-02 -2.69146E-02 -2.85872E-02 -3.03042E-02
  -3.20656E-02 -3.38713E-02 -3.57211E-02 -3.76151E-02 -3.95533E-02 -4.15356E-02
  -4.35620E-02 -4.56328E-02 -4.77481E-02 -4.99082E-02 -5.21132E-02 -5.43638E-02
  -5.66603E-02 -5.90033E-02 -6.13935E-02 -6.38312E-02 -6.63169E-02 -6.88510E-02
  -7.14339E-02 -7.40663E-02 -7.67489E-02 -7.94826E-02 -8.22682E-02 -8.51066E-02
  -8.79989E-02 -9.09459E-02 -9.39487E-02 -9.70082E-02 -1.00126E-01 -1.03302E-01
  -1.06537E-01 -1.09833E-01 -1.13192E-01 -1.16612E-01 -1.20097E-01 -1.23648E-01
  -1.27264E-01 -1.30948E-01 -1.34701E-01 -1.38524E-01 -1.42417E-01 -1.46384E-01
  -1.50425E-01 -1.54541E-01 -1.58735E-01 -1.63007E-01 -1.67358E-01 -1.71791E-01
  -1.76306E-01 -1.80907E-01 -1.85595E-01 -1.90376E-01 -1.95251E-01 -2.00222E-01
  -2.05291E-01 -2.10459E-01 -2.15728E-01 -2.21101E-01 -2.26585E-01 -2.32188E-01
  -2.37916E-01 -2.43776E-01 -2.49765E-01 -2.55883E-01 -2.62127E-01 -2.68502E-01
  -2.75040E-01 -2.81784E-01 -2.88776E-01 -2.96053E-01 -3.03563E-01 -3.11204E-01
  -3.18871E-01 -3.26459E-01 -3.33859E-01 -3.40962E-01 -3.47656E-01 -3.53830E-01
  -3.59410E-01 -3.64403E-01 -3.68826E-01 -3.72696E-01 -3.76026E-01 -3.78797E-01
  -3.80984E-01 -3.82559E-01 -3.83503E-01 -3.83831E-01 -3.83585E-01 -3.82802E-01
  -3.81524E-01 -3.79833E-01 -3.77854E-01 -3.75711E-01 -3.73531E-01 -3.71398E-01
  -3.69326E-01 -3.67317E-01 -3.65377E-01 -3.63509E-01 -3.61711E-01 -3.59981E-01
  -3.58318E-01 -3.56719E-01 -3.55178E-01 -3.53692E-01 -3.52254E-01 -3.50858E-01
  -3.49501E-01 -3.48178E-01 -3.46886E-01 -3.45622E-01 -3.44382E-01 -3.43164E-01
  -3.41964E-01 -3.40781E-01 -3.39611E-01 -3.38453E-01 -3.37304E-01 -3.36164E-01
  -3.35030E-01 -3.33901E-01 -3.32776E-01 -3.31654E-01 -3.30533E-01 -3.29412E-01
  -3.28292E-01 -3.27170E-01 -3.26047E-01 -3.24922E-01 -3.23794E-01 -3.22663E-01
  -3.21528E-01 -3.20390E-01 -3.19248E-01 -3.18101E-01 -3.16950E-01 -3.15794E-01
  -3.14634E-01 -3.13469E-01 -3.12299E-01 -3.11124E-01 -3.09945E-01 -3.08761E-01
  -3.07572E-01 -3.06377E-01 -3.05178E-01 -3.03974E-01 -3.02769E-01 -3.01561E-01
  -3.00354E-01 -2.99148E-01 -2.97943E-01 -2.96743E-01 -9.96062E-03 -2.18988E-02
  -3.26930E-02 -4.17884E-02 -4.88937E-02 -5.37812E-02 -5.62235E-02 -5.60816E-02
  -5.39217E-02 -5.06479E-02 -4.71662E-02 -4.43505E-02 -4.24612E-02 -4.12105E-02
  -4.02912E-02 -3.93978E-02 -3.83533E-02 -3.71932E-02 -3.59728E-02 -3.47476E-02
  -3.35583E-02 -3.24000E-02 -3.12581E-02 -3.01185E-02 -2.89686E-02 -2.78091E-02
  -2.66452E-02 -2.54824E-02 -2.43262E-02 -2.31787E-02 -2.20402E-02 -2.09110E-02
  -1.97912E-02 -1.86815E-02 -1.75834E-02 -1.64985E-02 -1.54284E-02 -1.43744E-02
  -1.33378E-02 -1.23196E-02 -1.13211E-02 -1.03432E-02 -9.38717E-03 -8.45416E-03
  -7.54531E-03 -6.66178E-03 -5.80468E-03 -4.97507E-03 -4.17402E-03 -3.40259E-03
  -2.66182E-03 -1.95265E-03 -1.27607E-03 -6.33029E-04 -2.45264E-05  5.48415E-04
   1.08475E-03  1.58343E-03  2.04343E-03  2.46381E-03  2.84366E-03  3.18205E-03
   3.47807E-03  3.73094E-03  3.93991E-03  4.10423E-03  4.22318E-03  4.29610E-03
   4.32241E-03  4.30155E-03  4.23295E-03  4.11610E-03  3.95062E-03  3.73614E-03
   3.47229E-03  3.15872E-03  2.79525E-03  2.38168E-03  1.91788E-03  1.40367E-03
   8.39047E-04  2.24055E-04 -4.41247E-04 -1.15682E-03 -1.92267E-03 -2.73888E-03
  -3.60552E-03 -4.52266E-03 -5.49031E-03 -6.50837E-03 -7.57672E-03 -8.69528E-03
  -9.86394E-03 -1.10826E-02 -1.23510E-02 -1.36691E-02 -1.50368E-02 -1.64538E-02
  -1.79201E-02 -1.94355E-02 -2.09998E-02 -2.26130E-02 -2.42749E-02 -2.59853E-02
  -2.77443E-02 -2.95518E-02 -3.14078E-02 -3.33124E-02 -3.52657E-02 -3.72677E-02
  -3.93186E-02 -4.14187E-02 -4.35680E-02 -4.57669E-02 -4.80156E-02 -5.03144E-02
  -5.26637E-02 -5.50638E-02 -5.75151E-02 -6.00181E-02 -6.25733E-02 -6.51812E-02
  -6.78422E-02 -7.05571E-02 -7.33263E-02 -7.61506E-02 -7.90304E-02 -8.19666E-02
  -8.49599E-02 -8.80110E-02 -9.11206E-02 -9.42895E-02 -9.75184E-02 -1.00808E-01
  -1.04160E-01 -1.07574E-01 -1.11052E-01 -1.14594E-01 -1.18201E-01 -1.21874E-01
  -1.25614E-01 -1.29422E-01 -1.33299E-01 -1.37246E-01 -1.41264E-01 -1.45353E-01
  -1.49516E-01 -1.53753E-01 -1.58066E-01 -1.62454E-01 -1.66919E-01 -1.71464E-01
  -1.76088E-01 -1.80794E-01 -1.85585E-01 -1.90462E-01 -1.95426E-01 -2.00480E-01
  -2.05624E-01 -2.10859E-01 -2.16188E-01 -2.21617E-01 -2.27149E-01 -2.32789E-01
  -2.38540E-01 -2.44399E-01 -2.50364E-01 -2.56432E-01 -2.62602E-01 -2.68901E-01
  -2.75362E-01 -2.82019E-01 -2.88899E-01 -2.95963E-01 -3.03128E-01 -3.10310E-01
  -3.17427E-01 -3.24386E-01 -3.31089E-01 -3.37434E-01 -3.43320E-01 -3.48680E-01
  -3.53514E-01 -3.57832E-01 -3.61644E-01 -3.64956E-01 -3.67745E-01 -3.69984E-01
  -3.71644E-01 -3.72702E-01 -3.73186E-01 -3.73150E-01 -3.72648E-01 -3.71737E-01
  -3.70503E-01 -3.69063E-01 -3.67536E-01 -3.66041E-01 -3.64645E-01 -3.63327E-01
  -3.62053E-01 -3.60791E-01 -3.59517E-01 -3.58238E-01 -3.56969E-01 -3.55723E-01
  -3.54514E-01 -3.53340E-01 -3.52198E-01 -3.51081E-01 -3.49985E-01 -3.48906E-01
  -3.47844E-01 -3.46797E-01 -3.45764E-01 -3.44744E-01 -3.43735E-01 -3.42734E-01
  -3.41740E-01 -3.40750E-01 -3.39764E-01 -3.38780E-01 -3.37798E-01 -3.36815E-01
  -3.35830E-01 -3.34844E-01 -3.33855E-01 -3.32861E-01 -3.31864E-01 -3.30861E-01
  -3.29852E-01 -3.28838E-01 -3.27817E-01 -3.26789E-01 -3.25754E-01 -3.24711E-01
  -3.23661E-01 -3.22603E-01 -3.21538E-01 -3.20464E-01 -3.19382E-01 -3.18293E-01
  -3.17195E-01 -3.16090E-01 -3.14977E-01 -3.13857E-01 -3.12729E-01 -3.11592E-01
  -3.10448E-01 -3.09297E-01 -3.08139E-01 -3.06976E-01 -3.05808E-01 -3.04637E-01
  -3.03463E-01 -3.02289E-01 -3.01113E-01 -1.17667E-02 -2.39110E-02 -3.49297E-02
  -4.42697E-02 -5.16447E-02 -5.68331E-02 -5.96134E-02 -5.98477E-02 -5.80652E-02
  -5.51147E-02 -5.18469E-02 -4.90833E-02 -4.70877E-02 -4.56252E-02 -4.44436E-02
  -4.32921E-02 -4.20255E-02 -4.06736E-02 -3.92827E-02 -3.78990E-02 -3.65563E-02
  -3.52491E-02 -3.39640E-02 -3.26877E-02 -3.14086E-02 -3.01263E-02 -2.88450E-02
  -2.75689E-02 -2.63020E-02 -2.50460E-02 -2.38007E-02 -2.25662E-02 -2.13422E-02
  -2.01294E-02 -1.89287E-02 -1.77416E-02 -1.65693E-02 -1.54128E-02 -1.42734E-02
  -1.31518E-02 -1.20491E-02 -1.09662E-02 -9.90420E-03 -8.86416E-03 -7.84716E-03
  -6.85428E-03 -5.88654E-03 -4.94492E-03 -4.03043E-03 -3.14403E-03 -2.28674E-03
  -1.45955E-03 -6.63501E-04  1.00424E-04  8.31169E-04  1.52765E-03  2.18875E-03
   2.81338E-03  3.40043E-03  3.94889E-03  4.45774E-03  4.92601E-03  5.35268E-03
   5.73688E-03  6.07775E-03  6.37445E-03  6.62613E-03  6.83203E-03  6.99145E-03
   7.10369E-03  7.16806E-03  7.18393E-03  7.15075E-03  7.06803E-03  6.93525E-03
   6.75191E-03  6.51768E-03  6.23221E-03  5.89519E-03  5.50630E-03  5.06535E-03
   4.57222E-03  4.02679E-03  3.42893E-03  2.77848E-03  2.07521E-03  1.31891E-03
   5.09347E-04 -3.53606E-04 -1.27001E-03 -2.23989E-03 -3.26329E-03 -4.34026E-03
  -5.47075E-03 -6.65472E-03 -7.89212E-03 -9.18293E-03 -1.05270E-02 -1.19244E-02
  -1.33750E-02 -1.48786E-02 -1.64352E-02 -1.80445E-02 -1.97064E-02 -2.14208E-02
  -2.31875E-02 -2.50068E-02 -2.68788E-02 -2.88038E-02 -3.07818E-02 -3.28130E-02
  -3.48977E-02 -3.70359E-02 -3.92279E-02 -4.14739E-02 -4.37740E-02 -4.61284E-02
  -4.85375E-02 -5.10014E-02 -5.35208E-02 -5.60960E-02 -5.87274E-02 -6.14155E-02
  -6.41608E-02 -6.69635E-02 -6.98242E-02 -7.27430E-02 -7.57207E-02 -7.87576E-02
  -8.18542E-02 -8.50110E-02 -8.82286E-02 -9.15076E-02 -9.48486E-02 -9.82523E-02
  -1.01719E-01 -1.05250E-01 -1.08845E-01 -1.12506E-01 -1.16232E-01 -1.20024E-01
  -1.23884E-01 -1.27811E-01 -1.31807E-01 -1.35871E-01 -1.40005E-01 -1.44210E-01
  -1.48485E-01 -1.52832E-01 -1.57251E-01 -1.61744E-01 -1.66312E-01 -1.70955E-01
  -1.75673E-01 -1.80466E-01 -1.85335E-01 -1.90279E-01 -1.95302E-01 -2.00406E-01
  -2.05593E-01 -2.10866E-01 -2.16224E-01 -2.21670E-01 -2.27206E-01 -2.32831E-01
  -2.38541E-01 -2.44333E-01 -2.50201E-01 -2.56145E-01 -2.62180E-01 -2.68328E-01
  -2.74610E-01 -2.81045E-01 -2.87601E-01 -2.94215E-01 -3.00827E-01 -3.07372E-01
  -3.13780E-01 -3.19969E-01 -3.25858E-01 -3.31365E-01 -3.36432E-01 -3.41056E-01
  -3.45241E-01 -3.48988E-01 -3.52298E-01 -3.55152E-01 -3.57523E-01 -3.59388E-01
  -3.60727E-01 -3.61569E-01 -3.61966E-01 -3.61974E-01 -3.61647E-01 -3.61060E-01
  -3.60311E-01 -3.59498E-01 -3.58717E-01 -3.58021E-01 -3.57376E-01 -3.56742E-01
  -3.56076E-01 -3.55349E-01 -3.54572E-01 -3.53763E-01 -3.52945E-01 -3.52134E-01
  -3.51335E-01 -3.50543E-01 -3.49754E-01 -3.48966E-01 -3.48178E-01 -3.47388E-01
  -3.46599E-01 -3.45810E-01 -3.45021E-01 -3.44231E-01 -3.43439E-01 -3.42643E-01
  -3.41842E-01 -3.41037E-01 -3.40225E-01 -3.39406E-01 -3.38580E-01 -3.37746E-01
  -3.36904E-01 -3.36052E-01 -3.35191E-01 -3.34319E-01 -3.33437E-01 -3.32545E-01
  -3.31641E-01 -3.30726E-01 -3.29800E-01 -3.28862E-01 -3.27913E-01 -3.26952E-01
  -3.25979E-01 -3.24995E-01 -3.23999E-01 -3.22992E-01 -3.21973E-01 -3.20943E-01
  -3.19902E-01 -3.18850E-01 -3.17787E-01 -3.16714E-01 -3.15630E-01 -3.14537E-01
  -3.13433E-01 -3.12319E-01 -3.11197E-01 -3.10066E-01 -3.08927E-01 -3.07781E-01
  -3.06627E-01 -3.05467E-01 -1.34872E-02 -2.58242E-02 -3.70510E-02 -4.66162E-02
  -5.42396E-02 -5.97072E-02 -6.28047E-02 -6.33969E-02 -6.19764E-02 -5.93367E-02
  -5.62733E-02 -5.35549E-02 -5.14490E-02 -4.97746E-02 -4.83348E-02 -4.69338E-02
  -4.54580E-02 -4.39293E-02 -4.23825E-02 -4.08521E-02 -3.93634E-02 -3.79113E-02
  -3.64844E-02 -3.50718E-02 -3.36635E-02 -3.22587E-02 -3.08600E-02 -2.94703E-02
  -2.80919E-02 -2.67260E-02 -2.53722E-02 -2.40303E-02 -2.27001E-02 -2.13817E-02
  -2.00761E-02 -1.87843E-02 -1.75072E-02 -1.62457E-02 -1.50007E-02 -1.37730E-02
  -1.25634E-02 -1.13728E-02 -1.02021E-02 -9.05234E-03 -7.92452E-03 -6.81963E-03
  -5.73861E-03 -4.68238E-03 -3.65185E-03 -2.64792E-03 -1.67160E-03 -7.23933E-04
   1.93972E-04  1.08105E-03  1.93619E-03  2.75823E-03  3.54601E-03  4.29836E-03
   5.01412E-03  5.69220E-03  6.33151E-03  6.93099E-03  7.48956E-03  8.00623E-03
   8.48005E-03  8.91008E-03  9.29536E-03  9.63501E-03  9.92821E-03  1.01741E-02
   1.03720E-02  1.05210E-02  1.06204E-02  1.06696E-02  1.06680E-02  1.06150E-02
   1.05099E-02  1.03523E-02  1.01418E-02  9.87777E-03  9.55993E-03  9.18794E-03
   8.76149E-03  8.28028E-03  7.74397E-03  7.15222E-03  6.50470E-03  5.80107E-03
   5.04105E-03  4.22447E-03  3.35115E-03  2.42093E-03  1.43364E-03  3.89228E-04
  -7.12359E-04 -1.87116E-03 -3.08723E-03 -4.36057E-03 -5.69116E-03 -7.07897E-03
  -8.52401E-03 -1.00261E-02 -1.15849E-02 -1.32001E-02 -1.48715E-02 -1.65991E-02
  -1.83830E-02 -2.02237E-02 -2.21214E-02 -2.40764E-02 -2.60887E-02 -2.81586E-02
  -3.02862E-02 -3.24716E-02 -3.47149E-02 -3.70163E-02 -3.93759E-02 -4.17940E-02
  -4.42706E-02 -4.68063E-02 -4.94013E-02 -5.20560E-02 -5.47706E-02 -5.75453E-02
  -6.03804E-02 -6.32761E-02 -6.62326E-02 -6.92502E-02 -7.23291E-02 -7.54696E-02
  -7.86720E-02 -8.19367E-02 -8.52641E-02 -8.86545E-02 -9.21085E-02 -9.56263E-02
  -9.92084E-02 -1.02855E-01 -1.06566E-01 -1.10343E-01 -1.14186E-01 -1.18095E-01
  -1.22070E-01 -1.26112E-01 -1.30221E-01 -1.34396E-01 -1.38639E-01 -1.42950E-01
  -1.47328E-01 -1.51776E-01 -1.56295E-01 -1.60884E-01 -1.65543E-01 -1.70270E-01
  -1.75061E-01 -1.79916E-01 -1.84835E-01 -1.89821E-01 -1.94878E-01 -2.00010E-01
  -2.05219E-01 -2.10501E-01 -2.15856E-01 -2.21282E-01 -2.26775E-01 -2.32330E-01
  -2.37943E-01 -2.43609E-01 -2.49324E-01 -2.55093E-01 -2.60925E-01 -2.66831E-01
  -2.72814E-01 -2.78852E-01 -2.84902E-01 -2.90919E-01 -2.96861E-01 -3.02677E-01
  -3.08309E-01 -3.13699E-01 -3.18788E-01 -3.23535E-01 -3.27931E-01 -3.31975E-01
  -3.35663E-01 -3.38991E-01 -3.41944E-01 -3.44506E-01 -3.46660E-01 -3.48392E-01
  -3.49726E-01 -3.50703E-01 -3.51364E-01 -3.51751E-01 -3.51921E-01 -3.51939E-01
  -3.51876E-01 -3.51797E-01 -3.51740E-01 -3.51681E-01 -3.51590E-01 -3.51437E-01
  -3.51201E-01 -3.50893E-01 -3.50532E-01 -3.50136E-01 -3.49721E-01 -3.49292E-01
  -3.48847E-01 -3.48386E-01 -3.47908E-01 -3.47413E-01 -3.46901E-01 -3.46375E-01
  -3.45836E-01 -3.45284E-01 -3.44719E-01 -3.44141E-01 -3.43549E-01 -3.42943E-01
  -3.42322E-01 -3.41687E-01 -3.41037E-01 -3.40372E-01 -3.39692E-01 -3.38996E-01
  -3.38285E-01 -3.37557E-01 -3.36814E-01 -3.36055E-01 -3.35280E-01 -3.34488E-01
  -3.33680E-01 -3.32856E-01 -3.32016E-01 -3.31160E-01 -3.30288E-01 -3.29400E-01
  -3.28497E-01 -3.27578E-01 -3.26645E-01 -3.25696E-01 -3.24732E-01 -3.23754E-01
  -3.22762E-01 -3.21756E-01 -3.20736E-01 -3.19703E-01 -3.18658E-01 -3.17600E-01
  -3.16530E-01 -3.15447E-01 -3.14351E-01 -3.13241E-01 -3.12118E-01 -3.10981E-01
  -3.09830E-01 -1.50766E-02 -2.75836E-02 -3.89913E-02 -4.87491E-02 -5.65839E-02
  -6.22900E-02 -6.56617E-02 -6.65673E-02 -6.54669E-02 -6.31042E-02 -6.02242E-02
  -5.75485E-02 -5.53474E-02 -5.34879E-02 -5.18226E-02 -5.02051E-02 -4.85495E-02
  -4.68696E-02 -4.51886E-02 -4.35299E-02 -4.19101E-02 -4.03249E-02 -3.87658E-02
  -3.72244E-02 -3.56932E-02 -3.41710E-02 -3.26591E-02 -3.11587E-02 -2.96712E-02
  -2.81968E-02 -2.67354E-02 -2.52864E-02 -2.38498E-02 -2.24255E-02 -2.10142E-02
  -1.96166E-02 -1.82334E-02 -1.68653E-02 -1.55131E-02 -1.41774E-02 -1.28590E-02
  -1.15586E-02 -1.02771E-02 -9.01544E-03 -7.77455E-03 -6.55534E-03 -5.35871E-03
  -4.18549E-03 -3.03654E-03 -1.91272E-03 -8.15026E-04  2.55396E-04  1.29737E-03
   2.30974E-03  3.29130E-03  4.24087E-03  5.15719E-03  6.03905E-03  6.88522E-03
   7.69453E-03  8.46583E-03  9.19797E-03  9.88979E-03  1.05402E-02  1.11482E-02
   1.17127E-02  1.22326E-02  1.27070E-02  1.31348E-02  1.35152E-02  1.38472E-02
   1.41300E-02  1.43626E-02  1.45443E-02  1.46743E-02  1.47518E-02  1.47761E-02
   1.47466E-02  1.46626E-02  1.45235E-02  1.43287E-02  1.40777E-02  1.37700E-02
   1.34050E-02  1.29824E-02  1.25017E-02  1.19624E-02  1.13640E-02  1.07062E-02
   9.98870E-03  9.21116E-03  8.37329E-03  7.47483E-03  6.51562E-03  5.49551E-03
   4.41437E-03  3.27207E-03  2.06853E-03  8.03708E-04 -5.22433E-04 -1.90994E-03
  -3.35859E-03 -4.86802E-03 -6.43784E-03 -8.06766E-03 -9.75746E-03 -1.15076E-02
  -1.33185E-02 -1.51905E-02 -1.71239E-02 -1.91189E-02 -2.11755E-02 -2.32938E-02
  -2.54738E-02 -2.77158E-02 -3.00197E-02 -3.23857E-02 -3.48138E-02 -3.73042E-02
  -3.98571E-02 -4.24726E-02 -4.51509E-02 -4.78920E-02 -5.06962E-02 -5.35634E-02
  -5.64938E-02 -5.94873E-02 -6.25442E-02 -6.56646E-02 -6.88485E-02 -7.20960E-02
  -7.54073E-02 -7.87826E-02 -8.22220E-02 -8.57258E-02 -8.92941E-02 -9.29269E-02
  -9.66242E-02 -1.00386E-01 -1.04214E-01 -1.08106E-01 -1.12063E-01 -1.16085E-01
  -1.20173E-01 -1.24326E-01 -1.28543E-01 -1.32824E-01 -1.37170E-01 -1.41580E-01
  -1.46056E-01 -1.50599E-01 -1.55210E-01 -1.59886E-01 -1.64621E-01 -1.69412E-01
  -1.74254E-01 -1.79149E-01 -1.84101E-01 -1.89114E-01 -1.94193E-01 -1.99340E-01
  -2.04549E-01 -2.09816E-01 -2.15136E-01 -2.20504E-01 -2.25913E-01 -2.31360E-01
  -2.36837E-01 -2.42339E-01 -2.47863E-01 -2.53407E-01 -2.58967E-01 -2.64540E-01
  -2.70108E-01 -2.75643E-01 -2.81118E-01 -2.86505E-01 -2.91773E-01 -2.96887E-01
  -3.01812E-01 -3.06514E-01 -3.10964E-01 -3.15154E-01 -3.19076E-01 -3.22723E-01
  -3.26089E-01 -3.29165E-01 -3.31943E-01 -3.34415E-01 -3.36577E-01 -3.38441E-01
  -3.40032E-01 -3.41374E-01 -3.42493E-01 -3.43418E-01 -3.44187E-01 -3.44839E-01
  -3.45409E-01 -3.45921E-01 -3.46368E-01 -3.46743E-01 -3.47035E-01 -3.47240E-01
  -3.47368E-01 -3.47430E-01 -3.47438E-01 -3.47405E-01 -3.47334E-01 -3.47228E-01
  -3.47087E-01 -3.46913E-01 -3.46708E-01 -3.46474E-01 -3.46211E-01 -3.45923E-01
  -3.45609E-01 -3.45270E-01 -3.44907E-01 -3.44520E-01 -3.44110E-01 -3.43676E-01
  -3.43219E-01 -3.42739E-01 -3.42236E-01 -3.41710E-01 -3.41163E-01 -3.40592E-01
  -3.40000E-01 -3.39385E-01 -3.38749E-01 -3.38090E-01 -3.37410E-01 -3.36709E-01
  -3.35987E-01 -3.35244E-01 -3.34480E-01 -3.33696E-01 -3.32892E-01 -3.32068E-01
  -3.31225E-01 -3.30363E-01 -3.29483E-01 -3.28584E-01 -3.27667E-01 -3.26732E-01
  -3.25780E-01 -3.24812E-01 -3.23828E-01 -3.22829E-01 -3.21816E-01 -3.20786E-01
  -3.19740E-01 -3.18677E-01 -3.17595E-01 -3.16495E-01 -3.15375E-01 -3.14234E-01
  -1.64893E-02 -2.91346E-02 -4.06847E-02 -5.05895E-02 -5.85830E-02 -6.44683E-02
  -6.80484E-02 -6.91967E-02 -6.83482E-02 -6.62070E-02 -6.34788E-02 -6.08476E-02
  -5.85851E-02 -5.65943E-02 -5.47651E-02 -5.29884E-02 -5.11986E-02 -4.94036E-02
  -4.76176E-02 -4.58552E-02 -4.41265E-02 -4.24283E-02 -4.07547E-02 -3.90997E-02
  -3.74580E-02 -3.58284E-02 -3.42112E-02 -3.26067E-02 -3.10152E-02 -2.94367E-02
  -2.78710E-02 -2.63177E-02 -2.47765E-02 -2.32476E-02 -2.17313E-02 -2.02283E-02
  -1.87389E-02 -1.72638E-02 -1.58036E-02 -1.43590E-02 -1.29306E-02 -1.15191E-02
  -1.01254E-02 -8.75019E-03 -7.39443E-03 -6.05896E-03 -4.74463E-03 -3.45227E-03
  -2.18273E-03 -9.36837E-04  2.84355E-04  1.47963E-03  2.64771E-03  3.78737E-03
   4.89732E-03  5.97629E-03  7.02299E-03  8.03615E-03  9.01446E-03  9.95669E-03
   1.08616E-02  1.17279E-02  1.25545E-02  1.33401E-02  1.40836E-02  1.47838E-02
   1.54396E-02  1.60498E-02  1.66134E-02  1.71293E-02  1.75965E-02  1.80138E-02
   1.83804E-02  1.86954E-02  1.89576E-02  1.91664E-02  1.93207E-02  1.94198E-02
   1.94628E-02  1.94490E-02  1.93776E-02  1.92480E-02  1.90594E-02  1.88111E-02
   1.85026E-02  1.81332E-02  1.77025E-02  1.72097E-02  1.66545E-02  1.60364E-02
   1.53550E-02  1.46098E-02  1.38005E-02  1.29267E-02  1.19884E-02  1.09852E-02
   9.91683E-03  8.78325E-03  7.58429E-03  6.31986E-03  4.98983E-03  3.59444E-03
   2.13402E-03  6.09021E-04 -9.80187E-04 -2.63356E-03 -4.35151E-03 -6.13443E-03
  -7.98276E-03 -9.89678E-03 -1.18766E-02 -1.39221E-02 -1.60335E-02 -1.82107E-02
  -2.04537E-02 -2.27625E-02 -2.51371E-02 -2.75775E-02 -3.00835E-02 -3.26553E-02
  -3.52928E-02 -3.79959E-02 -4.07646E-02 -4.35989E-02 -4.64988E-02 -4.94643E-02
  -5.24954E-02 -5.55921E-02 -5.87543E-02 -6.19820E-02 -6.52752E-02 -6.86338E-02
  -7.20578E-02 -7.55470E-02 -7.91014E-02 -8.27210E-02 -8.64055E-02 -9.01547E-02
  -9.39686E-02 -9.78470E-02 -1.01790E-01 -1.05797E-01 -1.09868E-01 -1.14003E-01
  -1.18201E-01 -1.22461E-01 -1.26783E-01 -1.31166E-01 -1.35610E-01 -1.40117E-01
  -1.44688E-01 -1.49322E-01 -1.54016E-01 -1.58763E-01 -1.63559E-01 -1.68397E-01
  -1.73279E-01 -1.78207E-01 -1.83188E-01 -1.88226E-01 -1.93321E-01 -1.98467E-01
  -2.03658E-01 -2.08887E-01 -2.14149E-01 -2.19437E-01 -2.24745E-01 -2.30065E-01
  -2.35392E-01 -2.40715E-01 -2.46024E-01 -2.51309E-01 -2.56559E-01 -2.61761E-01
  -2.66898E-01 -2.71955E-01 -2.76915E-01 -2.81763E-01 -2.86482E-01 -2.91054E-01
  -2.95463E-01 -2.99695E-01 -3.03739E-01 -3.07585E-01 -3.11224E-01 -3.14648E-01
  -3.17854E-01 -3.20842E-01 -3.23611E-01 -3.26160E-01 -3.28496E-01 -3.30628E-01
  -3.32563E-01 -3.34312E-01 -3.35885E-01 -3.37296E-01 -3.38557E-01 -3.39681E-01
  -3.40681E-01 -3.41566E-01 -3.42347E-01 -3.43034E-01 -3.43636E-01 -3.44159E-01
  -3.44610E-01 -3.44995E-01 -3.45319E-01 -3.45587E-01 -3.45802E-01 -3.45968E-01
  -3.46087E-01 -3.46163E-01 -3.46198E-01 -3.46192E-01 -3.46149E-01 -3.46069E-01
  -3.45953E-01 -3.45803E-01 -3.45619E-01 -3.45402E-01 -3.45153E-01 -3.44872E-01
  -3.44561E-01 -3.44219E-01 -3.43847E-01 -3.43446E-01 -3.43015E-01 -3.42556E-01
  -3.42068E-01 -3.41553E-01 -3.41010E-01 -3.40440E-01 -3.39844E-01 -3.39222E-01
  -3.38573E-01 -3.37900E-01 -3.37202E-01 -3.36479E-01 -3.35732E-01 -3.34963E-01
  -3.34170E-01 -3.33355E-01 -3.32518E-01 -3.31660E-01 -3.30780E-01 -3.29880E-01
  -3.28961E-01 -3.28023E-01 -3.27068E-01 -3.26094E-01 -3.25103E-01 -3.24091E-01
  -3.23060E-01 -3.22007E-01 -3.20931E-01 -3.19833E-01 -3.18710E-01 -1.76918E-02
  -3.04375E-02 -4.20850E-02 -5.20834E-02 -6.01737E-02 -6.61672E-02 -6.98755E-02
  -7.11777E-02 -7.04940E-02 -6.85034E-02 -6.58868E-02 -6.33042E-02 -6.10266E-02
  -5.89766E-02 -5.70647E-02 -5.52019E-02 -5.33344E-02 -5.14669E-02 -4.96092E-02
  -4.77716E-02 -4.59611E-02 -4.41754E-02 -4.24106E-02 -4.06623E-02 -3.89270E-02
  -3.72035E-02 -3.54919E-02 -3.37922E-02 -3.21043E-02 -3.04281E-02 -2.87635E-02
  -2.71103E-02 -2.54682E-02 -2.38374E-02 -2.22182E-02 -2.06110E-02 -1.90164E-02
  -1.74348E-02 -1.58668E-02 -1.43130E-02 -1.27742E-02 -1.12508E-02 -9.74382E-03
  -8.25388E-03 -6.78181E-03 -5.32842E-03 -3.89456E-03 -2.48112E-03 -1.08898E-03
   2.80976E-04  1.62763E-03  2.94969E-03  4.24580E-03  5.51463E-03  6.75482E-03
   7.96505E-03  9.14396E-03  1.02902E-02  1.14024E-02  1.24793E-02  1.35195E-02
   1.45218E-02  1.54847E-02  1.64071E-02  1.72876E-02  1.81250E-02  1.89180E-02
   1.96654E-02  2.03661E-02  2.10187E-02  2.16221E-02  2.21753E-02  2.26769E-02
   2.31261E-02  2.35216E-02  2.38625E-02  2.41477E-02  2.43763E-02  2.45472E-02
   2.46596E-02  2.47125E-02  2.47051E-02  2.46365E-02  2.45059E-02  2.43126E-02
   2.40557E-02  2.37347E-02  2.33488E-02  2.28974E-02  2.23799E-02  2.17958E-02
   2.11446E-02  2.04257E-02  1.96387E-02  1.87834E-02  1.78593E-02  1.68661E-02
   1.58035E-02  1.46715E-02  1.34697E-02  1.21980E-02  1.08565E-02  9.44542E-03
   7.96519E-03  6.41604E-03  4.79800E-03  3.11071E-03  1.35383E-03 -4.73022E-04
  -2.37006E-03 -4.33729E-03 -6.37464E-03 -8.48209E-03 -1.06595E-02 -1.29068E-02
  -1.52237E-02 -1.76099E-02 -2.00654E-02 -2.25898E-02 -2.51830E-02 -2.78447E-02
  -3.05746E-02 -3.33726E-02 -3.62387E-02 -3.91728E-02 -4.21749E-02 -4.52450E-02
  -4.83829E-02 -5.15885E-02 -5.48616E-02 -5.82022E-02 -6.16099E-02 -6.50844E-02
  -6.86254E-02 -7.22327E-02 -7.59059E-02 -7.96444E-02 -8.34479E-02 -8.73161E-02
  -9.12485E-02 -9.52448E-02 -9.93044E-02 -1.03427E-01 -1.07612E-01 -1.11859E-01
  -1.16166E-01 -1.20533E-01 -1.24958E-01 -1.29442E-01 -1.33985E-01 -1.38587E-01
  -1.43249E-01 -1.47966E-01 -1.52732E-01 -1.57542E-01 -1.62390E-01 -1.67275E-01
  -1.72200E-01 -1.77168E-01 -1.82182E-01 -1.87242E-01 -1.92343E-01 -1.97477E-01
  -2.02641E-01 -2.07827E-01 -2.13029E-01 -2.18238E-01 -2.23448E-01 -2.28650E-01
  -2.33832E-01 -2.38983E-01 -2.44089E-01 -2.49138E-01 -2.54119E-01 -2.59023E-01
  -2.63840E-01 -2.68561E-01 -2.73178E-01 -2.77683E-01 -2.82070E-01 -2.86333E-01
  -2.90462E-01 -2.94450E-01 -2.98285E-01 -3.01958E-01 -3.05462E-01 -3.08796E-01
  -3.11962E-01 -3.14963E-01 -3.17802E-01 -3.20478E-01 -3.22994E-01 -3.25348E-01
  -3.27541E-01 -3.29575E-01 -3.31448E-01 -3.33162E-01 -3.34717E-01 -3.36118E-01
  -3.37383E-01 -3.38529E-01 -3.39574E-01 -3.40533E-01 -3.41410E-01 -3.42209E-01
  -3.42931E-01 -3.43581E-01 -3.44161E-01 -3.44675E-01 -3.45129E-01 -3.45526E-01
  -3.45868E-01 -3.46158E-01 -3.46398E-01 -3.46590E-01 -3.46735E-01 -3.46835E-01
  -3.46890E-01 -3.46904E-01 -3.46875E-01 -3.46807E-01 -3.46699E-01 -3.46552E-01
  -3.46367E-01 -3.46145E-01 -3.45887E-01 -3.45593E-01 -3.45264E-01 -3.44900E-01
  -3.44503E-01 -3.44073E-01 -3.43610E-01 -3.43116E-01 -3.42590E-01 -3.42033E-01
  -3.41447E-01 -3.40831E-01 -3.40187E-01 -3.39514E-01 -3.38814E-01 -3.38088E-01
  -3.37335E-01 -3.36557E-01 -3.35754E-01 -3.34926E-01 -3.34075E-01 -3.33201E-01
  -3.32306E-01 -3.31389E-01 -3.30453E-01 -3.29495E-01 -3.28516E-01 -3.27515E-01
  -3.26491E-01 -3.25445E-01 -3.24375E-01 -3.23282E-01 -1.86978E-02 -3.15136E-02
  -4.32238E-02 -5.32764E-02 -6.14175E-02 -6.74654E-02 -7.12384E-02 -7.26211E-02
  -7.20273E-02 -7.01241E-02 -6.75803E-02 -6.50445E-02 -6.27854E-02 -6.07319E-02
  -5.88007E-02 -5.69091E-02 -5.50074E-02 -5.30998E-02 -5.11959E-02 -4.93050E-02
  -4.74342E-02 -4.55819E-02 -4.37451E-02 -4.19207E-02 -4.01060E-02 -3.83003E-02
  -3.65038E-02 -3.47167E-02 -3.29391E-02 -3.11711E-02 -2.94126E-02 -2.76635E-02
  -2.59239E-02 -2.41938E-02 -2.24736E-02 -2.07638E-02 -1.90649E-02 -1.73773E-02
  -1.57016E-02 -1.40386E-02 -1.23888E-02 -1.07530E-02 -9.13176E-03 -7.52590E-03
  -5.93615E-03 -4.36327E-03 -2.80815E-03 -1.27177E-03  2.44871E-04  1.74081E-03
   3.21483E-03  4.66556E-03  6.09157E-03  7.49145E-03  8.86378E-03  1.02072E-02
   1.15202E-02  1.28014E-02  1.40494E-02  1.52628E-02  1.64401E-02  1.75801E-02
   1.86811E-02  1.97420E-02  2.07612E-02  2.17374E-02  2.26693E-02  2.35555E-02
   2.43947E-02  2.51855E-02  2.59267E-02  2.66169E-02  2.72550E-02  2.78396E-02
   2.83697E-02  2.88439E-02  2.92612E-02  2.96204E-02  2.99204E-02  3.01601E-02
   3.03385E-02  3.04545E-02  3.05072E-02  3.04955E-02  3.04186E-02  3.02756E-02
   3.00657E-02  2.97880E-02  2.94418E-02  2.90264E-02  2.85412E-02  2.79853E-02
   2.73582E-02  2.66595E-02  2.58885E-02  2.50449E-02  2.41281E-02  2.31379E-02
   2.20739E-02  2.09359E-02  1.97235E-02  1.84368E-02  1.70757E-02  1.56406E-02
   1.41315E-02  1.25483E-02  1.08909E-02  9.15892E-03  7.35221E-03  5.47061E-03
   3.51419E-03  1.48312E-03 -6.22520E-04 -2.80251E-03 -5.05650E-03 -7.38398E-03
  -9.78455E-03 -1.22578E-02 -1.48031E-02 -1.74203E-02 -2.01088E-02 -2.28682E-02
  -2.56981E-02 -2.85987E-02 -3.15698E-02 -3.46114E-02 -3.77233E-02 -4.09054E-02
  -4.41574E-02 -4.74790E-02 -5.08700E-02 -5.43298E-02 -5.78580E-02 -6.14540E-02
  -6.51174E-02 -6.88474E-02 -7.26435E-02 -7.65050E-02 -8.04312E-02 -8.44216E-02
  -8.84755E-02 -9.25921E-02 -9.67710E-02 -1.01011E-01 -1.05311E-01 -1.09671E-01
  -1.14088E-01 -1.18562E-01 -1.23092E-01 -1.27678E-01 -1.32320E-01 -1.37016E-01
  -1.41763E-01 -1.46557E-01 -1.51391E-01 -1.56262E-01 -1.61168E-01 -1.66108E-01
  -1.71084E-01 -1.76095E-01 -1.81140E-01 -1.86215E-01 -1.91317E-01 -1.96441E-01
  -2.01582E-01 -2.06732E-01 -2.11884E-01 -2.17027E-01 -2.22154E-01 -2.27254E-01
  -2.32316E-01 -2.37329E-01 -2.42281E-01 -2.47166E-01 -2.51975E-01 -2.56702E-01
  -2.61340E-01 -2.65883E-01 -2.70328E-01 -2.74671E-01 -2.78909E-01 -2.83036E-01
  -2.87044E-01 -2.90924E-01 -2.94669E-01 -2.98271E-01 -3.01731E-01 -3.05051E-01
  -3.08232E-01 -3.11278E-01 -3.14186E-01 -3.16955E-01 -3.19584E-01 -3.22068E-01
  -3.24407E-01 -3.26598E-01 -3.28636E-01 -3.30520E-01 -3.32252E-01 -3.33848E-01
  -3.35324E-01 -3.36695E-01 -3.37976E-01 -3.39171E-01 -3.40280E-01 -3.41306E-01
  -3.42250E-01 -3.43117E-01 -3.43910E-01 -3.44633E-01 -3.45289E-01 -3.45882E-01
  -3.46415E-01 -3.46887E-01 -3.47303E-01 -3.47663E-01 -3.47969E-01 -3.48223E-01
  -3.48426E-01 -3.48580E-01 -3.48686E-01 -3.48744E-01 -3.48756E-01 -3.48723E-01
  -3.48647E-01 -3.48527E-01 -3.48365E-01 -3.48161E-01 -3.47918E-01 -3.47634E-01
  -3.47312E-01 -3.46952E-01 -3.46555E-01 -3.46122E-01 -3.45653E-01 -3.45149E-01
  -3.44612E-01 -3.44041E-01 -3.43438E-01 -3.42804E-01 -3.42139E-01 -3.41445E-01
  -3.40721E-01 -3.39969E-01 -3.39189E-01 -3.38382E-01 -3.37550E-01 -3.36693E-01
  -3.35811E-01 -3.34906E-01 -3.33978E-01 -3.33027E-01 -3.32054E-01 -3.31059E-01
  -3.30043E-01 -3.29006E-01 -3.27947E-01 -1.95330E-02 -3.23993E-02 -4.41523E-02
  -5.42388E-02 -6.24073E-02 -6.84802E-02 -7.22792E-02 -7.36924E-02 -7.31334E-02
  -7.12676E-02 -6.87619E-02 -6.62630E-02 -6.40373E-02 -6.20105E-02 -6.00965E-02
  -5.82094E-02 -5.62983E-02 -5.43691E-02 -5.24332E-02 -5.05021E-02 -4.85842E-02
  -4.66787E-02 -4.47830E-02 -4.28942E-02 -4.10102E-02 -3.91306E-02 -3.72561E-02
  -3.53875E-02 -3.35253E-02 -3.16700E-02 -2.98215E-02 -2.79799E-02 -2.61453E-02
  -2.43181E-02 -2.24985E-02 -2.06872E-02 -1.88848E-02 -1.70916E-02 -1.53085E-02
  -1.35359E-02 -1.17748E-02 -1.00256E-02 -8.28922E-03 -6.56623E-03 -4.85740E-03
  -3.16347E-03 -1.48541E-03  1.75675E-04  1.81865E-03  3.44242E-03  5.04566E-03
   6.62693E-03  8.18473E-03  9.71757E-03  1.12240E-02  1.27024E-02  1.41515E-02
   1.55696E-02  1.69554E-02  1.83073E-02  1.96237E-02  2.09032E-02  2.21443E-02
   2.33456E-02  2.45054E-02  2.56223E-02  2.66948E-02  2.77215E-02  2.87010E-02
   2.96317E-02  3.05123E-02  3.13413E-02  3.21173E-02  3.28391E-02  3.35052E-02
   3.41143E-02  3.46651E-02  3.51564E-02  3.55869E-02  3.59553E-02  3.62605E-02
   3.65014E-02  3.66767E-02  3.67854E-02  3.68264E-02  3.67987E-02  3.67013E-02
   3.65333E-02  3.62938E-02  3.59819E-02  3.55968E-02  3.51377E-02  3.46039E-02
   3.39946E-02  3.33094E-02  3.25475E-02  3.17085E-02  3.07918E-02  2.97971E-02
   2.87239E-02  2.75719E-02  2.63408E-02  2.50306E-02  2.36412E-02  2.21726E-02
   2.06246E-02  1.89972E-02  1.72901E-02  1.55033E-02  1.36368E-02  1.16906E-02
   9.66509E-03  7.56033E-03  5.37666E-03  3.11463E-03  7.74957E-04 -1.64172E-03
  -4.13473E-03 -6.70339E-03 -9.34716E-03 -1.20654E-02 -1.48574E-02 -1.77229E-02
  -2.06619E-02 -2.36740E-02 -2.67594E-02 -2.99177E-02 -3.31485E-02 -3.64515E-02
  -3.98261E-02 -4.32719E-02 -4.67882E-02 -5.03744E-02 -5.40296E-02 -5.77533E-02
  -6.15447E-02 -6.54029E-02 -6.93270E-02 -7.33163E-02 -7.73698E-02 -8.14868E-02
  -8.56661E-02 -8.99070E-02 -9.42084E-02 -9.85690E-02 -1.02987E-01 -1.07463E-01
  -1.11993E-01 -1.16577E-01 -1.21215E-01 -1.25904E-01 -1.30644E-01 -1.35432E-01
  -1.40263E-01 -1.45135E-01 -1.50043E-01 -1.54985E-01 -1.59958E-01 -1.64959E-01
  -1.69987E-01 -1.75038E-01 -1.80111E-01 -1.85205E-01 -1.90316E-01 -1.95442E-01
  -2.00573E-01 -2.05702E-01 -2.10818E-01 -2.15913E-01 -2.20979E-01 -2.26008E-01
  -2.30993E-01 -2.35926E-01 -2.40801E-01 -2.45610E-01 -2.50347E-01 -2.55006E-01
  -2.59580E-01 -2.64066E-01 -2.68458E-01 -2.72752E-01 -2.76944E-01 -2.81026E-01
  -2.84993E-01 -2.88838E-01 -2.92555E-01 -2.96145E-01 -2.99606E-01 -3.02939E-01
  -3.06145E-01 -3.09222E-01 -3.12170E-01 -3.14987E-01 -3.17671E-01 -3.20223E-01
  -3.22640E-01 -3.24922E-01 -3.27069E-01 -3.29082E-01 -3.30971E-01 -3.32746E-01
  -3.34415E-01 -3.35989E-01 -3.37469E-01 -3.38859E-01 -3.40160E-01 -3.41374E-01
  -3.42505E-01 -3.43556E-01 -3.44531E-01 -3.45431E-01 -3.46260E-01 -3.47020E-01
  -3.47713E-01 -3.48341E-01 -3.48906E-01 -3.49408E-01 -3.49851E-01 -3.50236E-01
  -3.50563E-01 -3.50836E-01 -3.51053E-01 -3.51218E-01 -3.51331E-01 -3.51393E-01
  -3.51405E-01 -3.51369E-01 -3.51286E-01 -3.51156E-01 -3.50981E-01 -3.50761E-01
  -3.50499E-01 -3.50194E-01 -3.49847E-01 -3.49461E-01 -3.49035E-01 -3.48570E-01
  -3.48068E-01 -3.47530E-01 -3.46956E-01 -3.46348E-01 -3.45706E-01 -3.45031E-01
  -3.44325E-01 -3.43588E-01 -3.42821E-01 -3.42025E-01 -3.41201E-01 -3.40349E-01
  -3.39471E-01 -3.38568E-01 -3.37641E-01 -3.36692E-01 -3.35722E-01 -3.34731E-01
  -3.33722E-01 -3.32696E-01 -2.02231E-02 -3.31311E-02 -4.49217E-02 -5.50407E-02
  -6.32359E-02 -6.93285E-02 -7.31397E-02 -7.45571E-02 -7.39978E-02 -7.21327E-02
  -6.96343E-02 -6.71546E-02 -6.49581E-02 -6.29631E-02 -6.10756E-02 -5.92022E-02
  -5.72879E-02 -5.53413E-02 -5.33769E-02 -5.14094E-02 -4.94496E-02 -4.74970E-02
  -4.55488E-02 -4.36021E-02 -4.16544E-02 -3.97060E-02 -3.77580E-02 -3.58118E-02
  -3.38687E-02 -3.19291E-02 -2.99935E-02 -2.80618E-02 -2.61344E-02 -2.42116E-02
  -2.22939E-02 -2.03820E-02 -1.84766E-02 -1.65782E-02 -1.46875E-02 -1.28052E-02
  -1.09321E-02 -9.06887E-03 -7.21619E-03 -5.37482E-03 -3.54550E-03 -1.72899E-03
   7.36417E-05  1.86112E-03  3.63218E-03  5.38556E-03  7.11984E-03  8.83350E-03
   1.05250E-02  1.21927E-02  1.38351E-02  1.54507E-02  1.70378E-02  1.85950E-02
   2.01205E-02  2.16129E-02  2.30705E-02  2.44917E-02  2.58750E-02  2.72186E-02
   2.85210E-02  2.97806E-02  3.09959E-02  3.21651E-02  3.32868E-02  3.43594E-02
   3.53812E-02  3.63509E-02  3.72668E-02  3.81275E-02  3.89315E-02  3.96772E-02
   4.03633E-02  4.09884E-02  4.15511E-02  4.20499E-02  4.24836E-02  4.28509E-02
   4.31504E-02  4.33810E-02  4.35414E-02  4.36306E-02  4.36473E-02  4.35905E-02
   4.34590E-02  4.32520E-02  4.29685E-02  4.26076E-02  4.21683E-02  4.16499E-02
   4.10516E-02  4.03728E-02  3.96126E-02  3.87707E-02  3.78463E-02  3.68390E-02
   3.57484E-02  3.45741E-02  3.33157E-02  3.19731E-02  3.05461E-02  2.90343E-02
   2.74379E-02  2.57567E-02  2.39907E-02  2.21400E-02  2.02047E-02  1.81852E-02
   1.60816E-02  1.38943E-02  1.16240E-02  9.27160E-03  6.83781E-03  4.32349E-03
   1.72948E-03 -9.43529E-04 -3.69473E-03 -6.52335E-03 -9.42885E-03 -1.24111E-02
  -1.54698E-02 -1.86047E-02 -2.18154E-02 -2.51012E-02 -2.84613E-02 -3.18950E-02
  -3.54013E-02 -3.89797E-02 -4.26292E-02 -4.63490E-02 -5.01385E-02 -5.39967E-02
  -5.79226E-02 -6.19151E-02 -6.59736E-02 -7.00967E-02 -7.42835E-02 -7.85326E-02
  -8.28430E-02 -8.72134E-02 -9.16423E-02 -9.61283E-02 -1.00670E-01 -1.05266E-01
  -1.09914E-01 -1.14613E-01 -1.19361E-01 -1.24156E-01 -1.28997E-01 -1.33879E-01
  -1.38801E-01 -1.43760E-01 -1.48752E-01 -1.53772E-01 -1.58817E-01 -1.63881E-01
  -1.68961E-01 -1.74057E-01 -1.79169E-01 -1.84295E-01 -1.89434E-01 -1.94576E-01
  -1.99713E-01 -2.04836E-01 -2.09936E-01 -2.15007E-01 -2.20047E-01 -2.25049E-01
  -2.30010E-01 -2.34925E-01 -2.39785E-01 -2.44584E-01 -2.49315E-01 -2.53970E-01
  -2.58544E-01 -2.63031E-01 -2.67423E-01 -2.71715E-01 -2.75902E-01 -2.79981E-01
  -2.83946E-01 -2.87793E-01 -2.91520E-01 -2.95124E-01 -2.98605E-01 -3.01961E-01
  -3.05190E-01 -3.08294E-01 -3.11273E-01 -3.14127E-01 -3.16859E-01 -3.19471E-01
  -3.21965E-01 -3.24343E-01 -3.26607E-01 -3.28761E-01 -3.30808E-01 -3.32750E-01
  -3.34591E-01 -3.36334E-01 -3.37981E-01 -3.39535E-01 -3.40998E-01 -3.42375E-01
  -3.43666E-01 -3.44875E-01 -3.46003E-01 -3.47054E-01 -3.48028E-01 -3.48929E-01
  -3.49757E-01 -3.50514E-01 -3.51203E-01 -3.51825E-01 -3.52381E-01 -3.52874E-01
  -3.53303E-01 -3.53672E-01 -3.53981E-01 -3.54231E-01 -3.54425E-01 -3.54562E-01
  -3.54645E-01 -3.54674E-01 -3.54652E-01 -3.54578E-01 -3.54454E-01 -3.54282E-01
  -3.54063E-01 -3.53797E-01 -3.53486E-01 -3.53131E-01 -3.52733E-01 -3.52294E-01
  -3.51814E-01 -3.51294E-01 -3.50736E-01 -3.50141E-01 -3.49510E-01 -3.48843E-01
  -3.48143E-01 -3.47410E-01 -3.46645E-01 -3.45848E-01 -3.45021E-01 -3.44165E-01
  -3.43281E-01 -3.42372E-01 -3.41440E-01 -3.40487E-01 -3.39515E-01 -3.38525E-01
  -3.37519E-01 -2.07906E-02 -3.37396E-02 -4.55736E-02 -5.57380E-02 -6.39755E-02
  -7.01013E-02 -7.39302E-02 -7.53449E-02 -7.47678E-02 -7.28798E-02 -7.03632E-02
  -6.78795E-02 -6.56936E-02 -6.37154E-02 -6.18421E-02 -5.99720E-02 -5.80457E-02
  -5.60744E-02 -5.40761E-02 -5.20686E-02 -5.00654E-02 -4.80657E-02 -4.60662E-02
  -4.40632E-02 -4.20539E-02 -4.00387E-02 -3.80194E-02 -3.59979E-02 -3.39758E-02
  -3.19541E-02 -2.99330E-02 -2.79129E-02 -2.58940E-02 -2.38767E-02 -2.18618E-02
  -1.98499E-02 -1.78418E-02 -1.58383E-02 -1.38399E-02 -1.18475E-02 -9.86177E-03
  -7.88348E-03 -5.91339E-03 -3.95231E-03 -2.00104E-03 -6.04130E-05  1.86838E-03
   3.78391E-03  5.68475E-03  7.56950E-03  9.43661E-03  1.12845E-02  1.31115E-02
   1.49161E-02  1.66966E-02  1.84513E-02  2.01787E-02  2.18770E-02  2.35445E-02
   2.51796E-02  2.67806E-02  2.83457E-02  2.98732E-02  3.13615E-02  3.28087E-02
   3.42133E-02  3.55734E-02  3.68873E-02  3.81535E-02  3.93701E-02  4.05354E-02
   4.16479E-02  4.27057E-02  4.37075E-02  4.46513E-02  4.55358E-02  4.63592E-02
   4.71201E-02  4.78169E-02  4.84480E-02  4.90120E-02  4.95076E-02  4.99332E-02
   5.02874E-02  5.05690E-02  5.07766E-02  5.09089E-02  5.09648E-02  5.09429E-02
   5.08423E-02  5.06618E-02  5.04004E-02  5.00569E-02  4.96306E-02  4.91206E-02
   4.85259E-02  4.78459E-02  4.70797E-02  4.62269E-02  4.52867E-02  4.42585E-02
   4.31420E-02  4.19366E-02  4.06421E-02  3.92580E-02  3.77842E-02  3.62205E-02
   3.45669E-02  3.28235E-02  3.09903E-02  2.90674E-02  2.70553E-02  2.49541E-02
   2.27642E-02  2.04863E-02  1.81213E-02  1.56700E-02  1.31333E-02  1.05122E-02
   7.80736E-03  5.01982E-03  2.15042E-03 -8.00092E-04 -3.83135E-03 -6.94283E-03
  -1.01341E-02 -1.34043E-02 -1.67524E-02 -2.01770E-02 -2.36769E-02 -2.72507E-02
  -3.08978E-02 -3.46172E-02 -3.84081E-02 -4.22698E-02 -4.62013E-02 -5.02016E-02
  -5.42696E-02 -5.84045E-02 -6.26049E-02 -6.68695E-02 -7.11967E-02 -7.55854E-02
  -8.00339E-02 -8.45406E-02 -8.91039E-02 -9.37225E-02 -9.83941E-02 -1.03117E-01
  -1.07889E-01 -1.12708E-01 -1.17572E-01 -1.22480E-01 -1.27427E-01 -1.32414E-01
  -1.37437E-01 -1.42492E-01 -1.47574E-01 -1.52678E-01 -1.57798E-01 -1.62931E-01
  -1.68077E-01 -1.73235E-01 -1.78404E-01 -1.83582E-01 -1.88762E-01 -1.93936E-01
  -1.99094E-01 -2.04230E-01 -2.09339E-01 -2.14420E-01 -2.19468E-01 -2.24482E-01
  -2.29455E-01 -2.34382E-01 -2.39255E-01 -2.44066E-01 -2.48810E-01 -2.53479E-01
  -2.58066E-01 -2.62564E-01 -2.66967E-01 -2.71272E-01 -2.75475E-01 -2.79572E-01
  -2.83560E-01 -2.87437E-01 -2.91198E-01 -2.94842E-01 -2.98364E-01 -3.01766E-01
  -3.05047E-01 -3.08210E-01 -3.11256E-01 -3.14186E-01 -3.17006E-01 -3.19716E-01
  -3.22323E-01 -3.24826E-01 -3.27227E-01 -3.29524E-01 -3.31717E-01 -3.33805E-01
  -3.35791E-01 -3.37678E-01 -3.39469E-01 -3.41166E-01 -3.42771E-01 -3.44287E-01
  -3.45715E-01 -3.47056E-01 -3.48314E-01 -3.49489E-01 -3.50584E-01 -3.51600E-01
  -3.52539E-01 -3.53403E-01 -3.54192E-01 -3.54910E-01 -3.55557E-01 -3.56134E-01
  -3.56644E-01 -3.57088E-01 -3.57467E-01 -3.57783E-01 -3.58037E-01 -3.58230E-01
  -3.58364E-01 -3.58440E-01 -3.58460E-01 -3.58424E-01 -3.58335E-01 -3.58193E-01
  -3.58000E-01 -3.57758E-01 -3.57466E-01 -3.57128E-01 -3.56743E-01 -3.56314E-01
  -3.55842E-01 -3.55327E-01 -3.54771E-01 -3.54176E-01 -3.53543E-01 -3.52873E-01
  -3.52167E-01 -3.51425E-01 -3.50650E-01 -3.49842E-01 -3.49001E-01 -3.48132E-01
  -3.47235E-01 -3.46312E-01 -3.45367E-01 -3.44400E-01 -3.43414E-01 -3.42412E-01
  -2.12458E-02 -3.42330E-02 -4.61120E-02 -5.63280E-02 -6.46164E-02 -7.07830E-02
  -7.46336E-02 -7.60431E-02 -7.54395E-02 -7.35155E-02 -7.09652E-02 -6.84615E-02
  -6.62704E-02 -6.42939E-02 -6.24215E-02 -6.05431E-02 -5.85953E-02 -5.65920E-02
  -5.45540E-02 -5.25025E-02 -5.04531E-02 -4.84049E-02 -4.63535E-02 -4.42944E-02
  -4.22241E-02 -4.01430E-02 -3.80534E-02 -3.59576E-02 -3.38577E-02 -3.17548E-02
  -2.96494E-02 -2.75416E-02 -2.54319E-02 -2.33206E-02 -2.12087E-02 -1.90969E-02
  -1.69860E-02 -1.48770E-02 -1.27704E-02 -1.06671E-02 -8.56782E-03 -6.47331E-03
  -4.38446E-03 -2.30216E-03 -2.27339E-04  1.83905E-03  3.89569E-03  5.94099E-03
   7.97340E-03  9.99134E-03  1.19932E-02  1.39773E-02  1.59419E-02  1.78854E-02
   1.98060E-02  2.17021E-02  2.35719E-02  2.54136E-02  2.72254E-02  2.90055E-02
   3.07521E-02  3.24634E-02  3.41376E-02  3.57729E-02  3.73673E-02  3.89191E-02
   4.04265E-02  4.18875E-02  4.33004E-02  4.46634E-02  4.59745E-02  4.72320E-02
   4.84342E-02  4.95792E-02  5.06653E-02  5.16906E-02  5.26535E-02  5.35524E-02
   5.43854E-02  5.51510E-02  5.58474E-02  5.64733E-02  5.70268E-02  5.75067E-02
   5.79112E-02  5.82391E-02  5.84889E-02  5.86591E-02  5.87485E-02  5.87559E-02
   5.86799E-02  5.85195E-02  5.82733E-02  5.79405E-02  5.75201E-02  5.70110E-02
   5.64123E-02  5.57232E-02  5.49430E-02  5.40710E-02  5.31065E-02  5.20488E-02
   5.08976E-02  4.96524E-02  4.83127E-02  4.68782E-02  4.53488E-02  4.37245E-02
   4.20051E-02  4.01908E-02  3.82817E-02  3.62781E-02  3.41803E-02  3.19885E-02
   2.97035E-02  2.73260E-02  2.48569E-02  2.22970E-02  1.96473E-02  1.69085E-02
   1.40819E-02  1.11682E-02  8.16856E-03  5.08353E-03  1.91395E-03 -1.33939E-03
  -4.67534E-03 -8.09222E-03 -1.15881E-02 -1.51611E-02 -1.88095E-02 -2.25324E-02
  -2.63291E-02 -3.01986E-02 -3.41403E-02 -3.81531E-02 -4.22360E-02 -4.63879E-02
  -5.06077E-02 -5.48942E-02 -5.92456E-02 -6.36603E-02 -6.81368E-02 -7.26733E-02
  -7.72682E-02 -8.19194E-02 -8.66255E-02 -9.13843E-02 -9.61936E-02 -1.01051E-01
  -1.05955E-01 -1.10903E-01 -1.15892E-01 -1.20921E-01 -1.25987E-01 -1.31088E-01
  -1.36221E-01 -1.41379E-01 -1.46559E-01 -1.51755E-01 -1.56964E-01 -1.62184E-01
  -1.67414E-01 -1.72652E-01 -1.77896E-01 -1.83140E-01 -1.88376E-01 -1.93597E-01
  -1.98798E-01 -2.03974E-01 -2.09124E-01 -2.14243E-01 -2.19330E-01 -2.24380E-01
  -2.29386E-01 -2.34342E-01 -2.39242E-01 -2.44079E-01 -2.48847E-01 -2.53540E-01
  -2.58151E-01 -2.62675E-01 -2.67108E-01 -2.71447E-01 -2.75689E-01 -2.79831E-01
  -2.83870E-01 -2.87802E-01 -2.91624E-01 -2.95333E-01 -2.98928E-01 -3.02411E-01
  -3.05781E-01 -3.09040E-01 -3.12189E-01 -3.15231E-01 -3.18168E-01 -3.21004E-01
  -3.23739E-01 -3.26373E-01 -3.28903E-01 -3.31328E-01 -3.33647E-01 -3.35862E-01
  -3.37975E-01 -3.39989E-01 -3.41905E-01 -3.43725E-01 -3.45451E-01 -3.47085E-01
  -3.48626E-01 -3.50078E-01 -3.51442E-01 -3.52719E-01 -3.53911E-01 -3.55020E-01
  -3.56047E-01 -3.56994E-01 -3.57862E-01 -3.58653E-01 -3.59368E-01 -3.60009E-01
  -3.60578E-01 -3.61076E-01 -3.61505E-01 -3.61865E-01 -3.62160E-01 -3.62389E-01
  -3.62555E-01 -3.62659E-01 -3.62702E-01 -3.62687E-01 -3.62614E-01 -3.62485E-01
  -3.62302E-01 -3.62066E-01 -3.61778E-01 -3.61440E-01 -3.61054E-01 -3.60620E-01
  -3.60141E-01 -3.59617E-01 -3.59051E-01 -3.58442E-01 -3.57794E-01 -3.57107E-01
  -3.56383E-01 -3.55621E-01 -3.54825E-01 -3.53994E-01 -3.53132E-01 -3.52239E-01
  -3.51318E-01 -3.50371E-01 -3.49400E-01 -3.48406E-01 -3.47391E-01 -2.15956E-02
  -3.46140E-02 -4.65315E-02 -5.67936E-02 -6.51282E-02 -7.13319E-02 -7.52012E-02
  -7.66033E-02 -7.59711E-02 -7.40082E-02 -7.14200E-02 -6.88897E-02 -6.66848E-02
  -6.47007E-02 -6.28196E-02 -6.09247E-02 -5.89490E-02 -5.69086E-02 -5.48273E-02
  -5.27289E-02 -5.06312E-02 -4.85327E-02 -4.64281E-02 -4.43122E-02 -4.21804E-02
  -4.00333E-02 -3.78736E-02 -3.57037E-02 -3.35263E-02 -3.13426E-02 -2.91528E-02
  -2.69575E-02 -2.47568E-02 -2.25514E-02 -2.03421E-02 -1.81299E-02 -1.59157E-02
  -1.37003E-02 -1.14846E-02 -9.26930E-03 -7.05515E-03 -4.84295E-03 -2.63370E-03
  -4.28468E-04  1.77167E-03  3.96562E-03  6.15190E-03  8.32881E-03  1.04947E-02
   1.26477E-02  1.47863E-02  1.69087E-02  1.90130E-02  2.10976E-02  2.31607E-02
   2.52005E-02  2.72150E-02  2.92024E-02  3.11608E-02  3.30884E-02  3.49831E-02
   3.68431E-02  3.86664E-02  4.04512E-02  4.21953E-02  4.38969E-02  4.55540E-02
   4.71646E-02  4.87268E-02  5.02386E-02  5.16980E-02  5.31031E-02  5.44519E-02
   5.57427E-02  5.69733E-02  5.81420E-02  5.92468E-02  6.02859E-02  6.12575E-02
   6.21598E-02  6.29909E-02  6.37492E-02  6.44330E-02  6.50404E-02  6.55700E-02
   6.60202E-02  6.63893E-02  6.66759E-02  6.68784E-02  6.69955E-02  6.70259E-02
   6.69681E-02  6.68210E-02  6.65832E-02  6.62539E-02  6.58318E-02  6.53158E-02
   6.47052E-02  6.39990E-02  6.31964E-02  6.22966E-02  6.12991E-02  6.02031E-02
   5.90083E-02  5.77141E-02  5.63201E-02  5.48261E-02  5.32321E-02  5.15379E-02
   4.97434E-02  4.78488E-02  4.58545E-02  4.37604E-02  4.15671E-02  3.92751E-02
   3.68850E-02  3.43977E-02  3.18137E-02  2.91341E-02  2.63599E-02  2.34921E-02
   2.05317E-02  1.74800E-02  1.43378E-02  1.11063E-02  7.78659E-03  4.38022E-03
   8.89375E-04 -2.68349E-03 -6.33599E-03 -1.00659E-02 -1.38723E-02 -1.77543E-02
  -2.17111E-02 -2.57419E-02 -2.98455E-02 -3.40207E-02 -3.82663E-02 -4.25809E-02
  -4.69632E-02 -5.14114E-02 -5.59237E-02 -6.04984E-02 -6.51336E-02 -6.98275E-02
  -7.45780E-02 -7.93835E-02 -8.42415E-02 -8.91499E-02 -9.41064E-02 -9.91087E-02
  -1.04155E-01 -1.09242E-01 -1.14367E-01 -1.19529E-01 -1.24724E-01 -1.29950E-01
  -1.35201E-01 -1.40474E-01 -1.45766E-01 -1.51071E-01 -1.56388E-01 -1.61714E-01
  -1.67046E-01 -1.72381E-01 -1.77713E-01 -1.83037E-01 -1.88348E-01 -1.93641E-01
  -1.98912E-01 -2.04157E-01 -2.09373E-01 -2.14557E-01 -2.19703E-01 -2.24807E-01
  -2.29863E-01 -2.34866E-01 -2.39811E-01 -2.44692E-01 -2.49504E-01 -2.54241E-01
  -2.58899E-01 -2.63475E-01 -2.67965E-01 -2.72366E-01 -2.76675E-01 -2.80888E-01
  -2.85003E-01 -2.89017E-01 -2.92926E-01 -2.96730E-01 -3.00428E-01 -3.04019E-01
  -3.07503E-01 -3.10881E-01 -3.14153E-01 -3.17320E-01 -3.20384E-01 -3.23344E-01
  -3.26200E-01 -3.28951E-01 -3.31595E-01 -3.34133E-01 -3.36566E-01 -3.38894E-01
  -3.41119E-01 -3.43242E-01 -3.45266E-01 -3.47190E-01 -3.49017E-01 -3.50747E-01
  -3.52382E-01 -3.53922E-01 -3.55371E-01 -3.56728E-01 -3.57996E-01 -3.59175E-01
  -3.60268E-01 -3.61276E-01 -3.62201E-01 -3.63043E-01 -3.63805E-01 -3.64489E-01
  -3.65096E-01 -3.65627E-01 -3.66084E-01 -3.66469E-01 -3.66784E-01 -3.67029E-01
  -3.67207E-01 -3.67320E-01 -3.67368E-01 -3.67355E-01 -3.67280E-01 -3.67147E-01
  -3.66956E-01 -3.66709E-01 -3.66409E-01 -3.66056E-01 -3.65652E-01 -3.65199E-01
  -3.64698E-01 -3.64151E-01 -3.63559E-01 -3.62924E-01 -3.62248E-01 -3.61532E-01
  -3.60777E-01 -3.59984E-01 -3.59156E-01 -3.58293E-01 -3.57397E-01 -3.56470E-01
  -3.55513E-01 -3.54527E-01 -3.53515E-01 -3.52477E-01 -2.18471E-02 -3.48850E-02
  -4.68265E-02 -5.71175E-02 -6.54806E-02 -7.17062E-02 -7.55843E-02 -7.69770E-02
  -7.63207E-02 -7.43265E-02 -7.17072E-02 -6.91535E-02 -6.69335E-02 -6.49375E-02
  -6.30424E-02 -6.11260E-02 -5.91190E-02 -5.70391E-02 -5.49126E-02 -5.27657E-02
  -5.06177E-02 -4.84670E-02 -4.63074E-02 -4.41330E-02 -4.19384E-02 -3.97244E-02
  -3.74937E-02 -3.52492E-02 -3.29936E-02 -3.07283E-02 -2.84537E-02 -2.61700E-02
  -2.38776E-02 -2.15772E-02 -1.92697E-02 -1.69560E-02 -1.46373E-02 -1.23144E-02
  -9.98813E-03 -7.65927E-03 -5.32860E-03 -2.99693E-03 -6.65421E-04  1.66467E-03
   3.99208E-03  6.31551E-03  8.63335E-03  1.09438E-02  1.32451E-02  1.55354E-02
   1.78128E-02  2.00757E-02  2.23220E-02  2.45501E-02  2.67580E-02  2.89438E-02
   3.11054E-02  3.32411E-02  3.53487E-02  3.74262E-02  3.94716E-02  4.14829E-02
   4.34579E-02  4.53948E-02  4.72912E-02  4.91452E-02  5.09547E-02  5.27175E-02
   5.44316E-02  5.60949E-02  5.77052E-02  5.92605E-02  6.07587E-02  6.21978E-02
   6.35756E-02  6.48901E-02  6.61393E-02  6.73213E-02  6.84340E-02  6.94753E-02
   7.04435E-02  7.13367E-02  7.21530E-02  7.28904E-02  7.35474E-02  7.41220E-02
   7.46127E-02  7.50177E-02  7.53353E-02  7.55642E-02  7.57028E-02  7.57496E-02
   7.57032E-02  7.55623E-02  7.53258E-02  7.49923E-02  7.45606E-02  7.40298E-02
   7.33990E-02  7.26672E-02  7.18334E-02  7.08970E-02  6.98574E-02  6.87140E-02
   6.74662E-02  6.61135E-02  6.46557E-02  6.30927E-02  6.14241E-02  5.96498E-02
   5.77701E-02  5.57851E-02  5.36949E-02  5.14999E-02  4.92005E-02  4.67974E-02
   4.42911E-02  4.16824E-02  3.89721E-02  3.61613E-02  3.32511E-02  3.02426E-02
   2.71371E-02  2.39357E-02  2.06399E-02  1.72511E-02  1.37711E-02  1.02024E-02
   6.54775E-03  2.81001E-03 -1.00835E-03 -4.90620E-03 -8.88251E-03 -1.29362E-02
  -1.70665E-02 -2.12719E-02 -2.55506E-02 -2.99011E-02 -3.43217E-02 -3.88109E-02
  -4.33667E-02 -4.79874E-02 -5.26714E-02 -5.74167E-02 -6.22213E-02 -6.70832E-02
  -7.20005E-02 -7.69708E-02 -8.19918E-02 -8.70613E-02 -9.21768E-02 -9.73361E-02
  -1.02536E-01 -1.07775E-01 -1.13049E-01 -1.18355E-01 -1.23691E-01 -1.29054E-01
  -1.34440E-01 -1.39845E-01 -1.45267E-01 -1.50701E-01 -1.56144E-01 -1.61592E-01
  -1.67040E-01 -1.72485E-01 -1.77923E-01 -1.83350E-01 -1.88760E-01 -1.94151E-01
  -1.99518E-01 -2.04857E-01 -2.10162E-01 -2.15430E-01 -2.20657E-01 -2.25837E-01
  -2.30967E-01 -2.36041E-01 -2.41057E-01 -2.46008E-01 -2.50892E-01 -2.55704E-01
  -2.60441E-01 -2.65099E-01 -2.69674E-01 -2.74163E-01 -2.78563E-01 -2.82872E-01
  -2.87086E-01 -2.91204E-01 -2.95223E-01 -2.99141E-01 -3.02957E-01 -3.06670E-01
  -3.10277E-01 -3.13778E-01 -3.17173E-01 -3.20461E-01 -3.23640E-01 -3.26712E-01
  -3.29676E-01 -3.32532E-01 -3.35280E-01 -3.37920E-01 -3.40454E-01 -3.42882E-01
  -3.45203E-01 -3.47420E-01 -3.49533E-01 -3.51543E-01 -3.53451E-01 -3.55259E-01
  -3.56966E-01 -3.58575E-01 -3.60087E-01 -3.61503E-01 -3.62825E-01 -3.64054E-01
  -3.65191E-01 -3.66239E-01 -3.67198E-01 -3.68071E-01 -3.68858E-01 -3.69563E-01
  -3.70185E-01 -3.70728E-01 -3.71193E-01 -3.71581E-01 -3.71896E-01 -3.72137E-01
  -3.72307E-01 -3.72409E-01 -3.72443E-01 -3.72412E-01 -3.72318E-01 -3.72162E-01
  -3.71946E-01 -3.71672E-01 -3.71342E-01 -3.70957E-01 -3.70520E-01 -3.70032E-01
  -3.69495E-01 -3.68910E-01 -3.68280E-01 -3.67605E-01 -3.66888E-01 -3.66130E-01
  -3.65333E-01 -3.64498E-01 -3.63627E-01 -3.62720E-01 -3.61778E-01 -3.60804E-01
  -3.59797E-01 -3.58759E-01 -3.57692E-01 -2.20079E-02 -3.50505E-02 -4.69961E-02
  -5.72901E-02 -6.56545E-02 -7.18783E-02 -7.57505E-02 -7.71323E-02 -7.64611E-02
  -7.44505E-02 -7.18154E-02 -6.92486E-02 -6.70175E-02 -6.50093E-02 -6.30979E-02
  -6.11577E-02 -5.91180E-02 -5.69981E-02 -5.48261E-02 -5.26298E-02 -5.04300E-02
  -4.82249E-02 -4.60078E-02 -4.37723E-02 -4.15130E-02 -3.92302E-02 -3.69271E-02
  -3.46065E-02 -3.22714E-02 -2.99231E-02 -2.75621E-02 -2.51887E-02 -2.28033E-02
  -2.04064E-02 -1.79991E-02 -1.55825E-02 -1.31576E-02 -1.07255E-02 -8.28687E-03
  -5.84258E-03 -3.39343E-03 -9.40255E-04  1.51560E-03  3.97266E-03  6.42943E-03
   8.88440E-03  1.13358E-02  1.37819E-02  1.62207E-02  1.86503E-02  2.10689E-02
   2.34746E-02  2.58653E-02  2.82393E-02  3.05945E-02  3.29288E-02  3.52402E-02
   3.75267E-02  3.97861E-02  4.20162E-02  4.42150E-02  4.63802E-02  4.85098E-02
   5.06014E-02  5.26530E-02  5.46622E-02  5.66268E-02  5.85446E-02  6.04135E-02
   6.22310E-02  6.39950E-02  6.57033E-02  6.73536E-02  6.89437E-02  7.04714E-02
   7.19345E-02  7.33308E-02  7.46583E-02  7.59146E-02  7.70978E-02  7.82056E-02
   7.92362E-02  8.01875E-02  8.10574E-02  8.18441E-02  8.25456E-02  8.31601E-02
   8.36858E-02  8.41209E-02  8.44637E-02  8.47126E-02  8.48661E-02  8.49224E-02
   8.48803E-02  8.47383E-02  8.44951E-02  8.41494E-02  8.37001E-02  8.31461E-02
   8.24864E-02  8.17199E-02  8.08459E-02  7.98636E-02  7.87725E-02  7.75718E-02
   7.62610E-02  7.48398E-02  7.33080E-02  7.16651E-02  6.99112E-02  6.80461E-02
   6.60701E-02  6.39834E-02  6.17861E-02  5.94787E-02  5.70618E-02  5.45360E-02
   5.19017E-02  4.91601E-02  4.63121E-02  4.33588E-02  4.03014E-02  3.71413E-02
   3.38798E-02  3.05185E-02  2.70590E-02  2.35031E-02  1.98536E-02  1.61134E-02
   1.22852E-02  8.37173E-03  4.37437E-03  2.94489E-04 -3.86656E-03 -8.10755E-03
  -1.24264E-02 -1.68209E-02 -2.12885E-02 -2.58273E-02 -3.04351E-02 -3.51103E-02
  -3.98512E-02 -4.46562E-02 -4.95237E-02 -5.44514E-02 -5.94373E-02 -6.44798E-02
  -6.95762E-02 -7.47242E-02 -7.99213E-02 -8.51652E-02 -9.04532E-02 -9.57826E-02
  -1.01150E-01 -1.06554E-01 -1.11990E-01 -1.17456E-01 -1.22949E-01 -1.28466E-01
  -1.34004E-01 -1.39561E-01 -1.45130E-01 -1.50710E-01 -1.56294E-01 -1.61879E-01
  -1.67461E-01 -1.73037E-01 -1.78603E-01 -1.84156E-01 -1.89692E-01 -1.95205E-01
  -2.00690E-01 -2.06145E-01 -2.11563E-01 -2.16941E-01 -2.22275E-01 -2.27561E-01
  -2.32794E-01 -2.37973E-01 -2.43091E-01 -2.48147E-01 -2.53136E-01 -2.58054E-01
  -2.62898E-01 -2.67664E-01 -2.72348E-01 -2.76948E-01 -2.81460E-01 -2.85883E-01
  -2.90213E-01 -2.94449E-01 -2.98586E-01 -3.02624E-01 -3.06559E-01 -3.10390E-01
  -3.14114E-01 -3.17730E-01 -3.21237E-01 -3.24632E-01 -3.27916E-01 -3.31089E-01
  -3.34153E-01 -3.37106E-01 -3.39949E-01 -3.42682E-01 -3.45305E-01 -3.47817E-01
  -3.50220E-01 -3.52514E-01 -3.54699E-01 -3.56777E-01 -3.58747E-01 -3.60612E-01
  -3.62372E-01 -3.64029E-01 -3.65583E-01 -3.67037E-01 -3.68391E-01 -3.69647E-01
  -3.70807E-01 -3.71872E-01 -3.72844E-01 -3.73725E-01 -3.74515E-01 -3.75217E-01
  -3.75834E-01 -3.76366E-01 -3.76816E-01 -3.77187E-01 -3.77479E-01 -3.77696E-01
  -3.77838E-01 -3.77908E-01 -3.77909E-01 -3.77842E-01 -3.77709E-01 -3.77512E-01
  -3.77253E-01 -3.76934E-01 -3.76558E-01 -3.76126E-01 -3.75640E-01 -3.75101E-01
  -3.74513E-01 -3.73876E-01 -3.73193E-01 -3.72465E-01 -3.71694E-01 -3.70883E-01
  -3.70032E-01 -3.69143E-01 -3.68216E-01 -3.67253E-01 -3.66254E-01 -3.65220E-01
  -3.64153E-01 -3.63053E-01 -2.20880E-02 -3.51231E-02 -4.70562E-02 -5.73323E-02
  -6.56758E-02 -7.18786E-02 -7.57328E-02 -7.71021E-02 -7.64234E-02 -7.44080E-02
  -7.17687E-02 -6.91961E-02 -6.69558E-02 -6.49339E-02 -6.30026E-02 -6.10354E-02
  -5.89610E-02 -5.67999E-02 -5.45813E-02 -5.23344E-02 -5.00809E-02 -4.78189E-02
  -4.55417E-02 -4.32426E-02 -4.09160E-02 -3.85624E-02 -3.61849E-02 -3.37865E-02
  -3.13701E-02 -2.89371E-02 -2.64880E-02 -2.40231E-02 -2.15428E-02 -1.90477E-02
  -1.65388E-02 -1.40174E-02 -1.14845E-02 -8.94105E-03 -6.38800E-03 -3.82612E-03
  -1.25630E-03  1.32057E-03  3.90296E-03  6.48916E-03  9.07747E-03  1.16662E-02
   1.42534E-02  1.68372E-02  1.94157E-02  2.19871E-02  2.45492E-02  2.71001E-02
   2.96378E-02  3.21602E-02  3.46652E-02  3.71507E-02  3.96145E-02  4.20545E-02
   4.44684E-02  4.68539E-02  4.92088E-02  5.15308E-02  5.38177E-02  5.60670E-02
   5.82765E-02  6.04438E-02  6.25665E-02  6.46422E-02  6.66686E-02  6.86433E-02
   7.05639E-02  7.24281E-02  7.42333E-02  7.59774E-02  7.76578E-02  7.92724E-02
   8.08186E-02  8.22943E-02  8.36971E-02  8.50248E-02  8.62750E-02  8.74456E-02
   8.85345E-02  8.95395E-02  9.04584E-02  9.12893E-02  9.20301E-02  9.26789E-02
   9.32337E-02  9.36927E-02  9.40542E-02  9.43164E-02  9.44775E-02  9.45360E-02
   9.44905E-02  9.43395E-02  9.40815E-02  9.37152E-02  9.32395E-02  9.26533E-02
   9.19554E-02  9.11450E-02  9.02211E-02  8.91831E-02  8.80303E-02  8.67620E-02
   8.53778E-02  8.38774E-02  8.22604E-02  8.05266E-02  7.86760E-02  7.67088E-02
   7.46250E-02  7.24248E-02  7.01086E-02  6.76772E-02  6.51308E-02  6.24702E-02
   5.96963E-02  5.68101E-02  5.38129E-02  5.07056E-02  4.74898E-02  4.41669E-02
   4.07385E-02  3.72064E-02  3.35725E-02  2.98393E-02  2.60096E-02  2.20862E-02
   1.80716E-02  1.39676E-02  9.77604E-03  5.49867E-03  1.13719E-03 -3.30566E-03
  -7.82678E-03 -1.24230E-02 -1.70915E-02 -2.18298E-02 -2.66364E-02 -3.15099E-02
  -3.64487E-02 -4.14511E-02 -4.65152E-02 -5.16388E-02 -5.68202E-02 -6.20569E-02
  -6.73464E-02 -7.26861E-02 -7.80735E-02 -8.35058E-02 -8.89802E-02 -9.44939E-02
  -1.00044E-01 -1.05628E-01 -1.11243E-01 -1.16885E-01 -1.22553E-01 -1.28243E-01
  -1.33952E-01 -1.39676E-01 -1.45410E-01 -1.51151E-01 -1.56894E-01 -1.62636E-01
  -1.68374E-01 -1.74104E-01 -1.79822E-01 -1.85525E-01 -1.91208E-01 -1.96866E-01
  -2.02494E-01 -2.08089E-01 -2.13647E-01 -2.19163E-01 -2.24633E-01 -2.30055E-01
  -2.35423E-01 -2.40736E-01 -2.45988E-01 -2.51176E-01 -2.56297E-01 -2.61347E-01
  -2.66320E-01 -2.71215E-01 -2.76028E-01 -2.80756E-01 -2.85396E-01 -2.89945E-01
  -2.94401E-01 -2.98760E-01 -3.03020E-01 -3.07177E-01 -3.11228E-01 -3.15173E-01
  -3.19008E-01 -3.22731E-01 -3.26342E-01 -3.29839E-01 -3.33222E-01 -3.36492E-01
  -3.39648E-01 -3.42690E-01 -3.45618E-01 -3.48431E-01 -3.51128E-01 -3.53711E-01
  -3.56178E-01 -3.58531E-01 -3.60770E-01 -3.62895E-01 -3.64908E-01 -3.66810E-01
  -3.68601E-01 -3.70283E-01 -3.71857E-01 -3.73326E-01 -3.74689E-01 -3.75949E-01
  -3.77108E-01 -3.78167E-01 -3.79127E-01 -3.79991E-01 -3.80760E-01 -3.81436E-01
  -3.82023E-01 -3.82522E-01 -3.82935E-01 -3.83265E-01 -3.83514E-01 -3.83684E-01
  -3.83777E-01 -3.83796E-01 -3.83742E-01 -3.83619E-01 -3.83428E-01 -3.83171E-01
  -3.82851E-01 -3.82471E-01 -3.82031E-01 -3.81535E-01 -3.80984E-01 -3.80380E-01
  -3.79726E-01 -3.79023E-01 -3.78273E-01 -3.77479E-01 -3.76643E-01 -3.75765E-01
  -3.74848E-01 -3.73892E-01 -3.72899E-01 -3.71868E-01 -3.70802E-01 -3.69700E-01
  -3.68565E-01 -2.20978E-02 -3.51171E-02 -4.70271E-02 -5.72723E-02 -6.55814E-02
  -7.17516E-02 -7.55803E-02 -7.69359E-02 -7.62533E-02 -7.42388E-02 -7.16004E-02
  -6.90237E-02 -6.67721E-02 -6.47318E-02 -6.27753E-02 -6.07761E-02 -5.86634E-02
  -5.64585E-02 -5.41913E-02 -5.18917E-02 -4.95820E-02 -4.72605E-02 -4.49204E-02
  -4.25551E-02 -4.01588E-02 -3.77321E-02 -3.52780E-02 -3.27996E-02 -3.02998E-02
  -2.77801E-02 -2.52408E-02 -2.26824E-02 -2.01052E-02 -1.75099E-02 -1.48975E-02
  -1.22692E-02 -9.62595E-03 -6.96892E-03 -4.29902E-03 -1.61714E-03  1.07574E-03
   3.77863E-03  6.48982E-03  9.20740E-03  1.19295E-02  1.46541E-02  1.73794E-02
   2.01034E-02  2.28241E-02  2.55395E-02  2.82477E-02  3.09464E-02  3.36336E-02
   3.63071E-02  3.89646E-02  4.16040E-02  4.42230E-02  4.68192E-02  4.93904E-02
   5.19342E-02  5.44481E-02  5.69299E-02  5.93769E-02  6.17869E-02  6.41573E-02
   6.64856E-02  6.87693E-02  7.10060E-02  7.31930E-02  7.53279E-02  7.74081E-02
   7.94310E-02  8.13943E-02  8.32952E-02  8.51314E-02  8.69003E-02  8.85994E-02
   9.02262E-02  9.17783E-02  9.32533E-02  9.46486E-02  9.59621E-02  9.71914E-02
   9.83340E-02  9.93879E-02  1.00351E-01  1.01220E-01  1.01995E-01  1.02672E-01
   1.03249E-01  1.03725E-01  1.04098E-01  1.04366E-01  1.04528E-01  1.04581E-01
   1.04524E-01  1.04355E-01  1.04073E-01  1.03678E-01  1.03166E-01  1.02538E-01
   1.01792E-01  1.00928E-01  9.99442E-02  9.88400E-02  9.76147E-02  9.62680E-02
   9.47993E-02  9.32083E-02  9.14947E-02  8.96584E-02  8.76996E-02  8.56183E-02
   8.34146E-02  8.10889E-02  7.86419E-02  7.60741E-02  7.33860E-02  7.05786E-02
   6.76530E-02  6.46103E-02  6.14516E-02  5.81784E-02  5.47922E-02  5.12946E-02
   4.76875E-02  4.39726E-02  4.01524E-02  3.62295E-02  3.22063E-02  2.80854E-02
   2.38690E-02  1.95592E-02  1.51583E-02  1.06686E-02  6.09323E-03  1.43621E-03
  -3.29860E-03 -8.10759E-03 -1.29881E-02 -1.79386E-02 -2.29575E-02 -2.80435E-02
  -3.31948E-02 -3.84093E-02 -4.36848E-02 -4.90196E-02 -5.44111E-02 -5.98566E-02
  -6.53537E-02 -7.08996E-02 -7.64918E-02 -8.21274E-02 -8.78036E-02 -9.35178E-02
  -9.92672E-02 -1.05049E-01 -1.10859E-01 -1.16696E-01 -1.22557E-01 -1.28437E-01
  -1.34334E-01 -1.40243E-01 -1.46161E-01 -1.52083E-01 -1.58007E-01 -1.63929E-01
  -1.69845E-01 -1.75751E-01 -1.81644E-01 -1.87519E-01 -1.93373E-01 -1.99199E-01
  -2.04996E-01 -2.10757E-01 -2.16481E-01 -2.22161E-01 -2.27796E-01 -2.33379E-01
  -2.38909E-01 -2.44381E-01 -2.49791E-01 -2.55135E-01 -2.60408E-01 -2.65608E-01
  -2.70731E-01 -2.75772E-01 -2.80730E-01 -2.85599E-01 -2.90378E-01 -2.95063E-01
  -2.99650E-01 -3.04138E-01 -3.08521E-01 -3.12799E-01 -3.16967E-01 -3.21025E-01
  -3.24969E-01 -3.28799E-01 -3.32512E-01 -3.36108E-01 -3.39586E-01 -3.42946E-01
  -3.46186E-01 -3.49306E-01 -3.52306E-01 -3.55184E-01 -3.57940E-01 -3.60575E-01
  -3.63089E-01 -3.65481E-01 -3.67753E-01 -3.69905E-01 -3.71938E-01 -3.73854E-01
  -3.75652E-01 -3.77336E-01 -3.78905E-01 -3.80363E-01 -3.81710E-01 -3.82948E-01
  -3.84079E-01 -3.85105E-01 -3.86028E-01 -3.86849E-01 -3.87572E-01 -3.88198E-01
  -3.88731E-01 -3.89172E-01 -3.89525E-01 -3.89791E-01 -3.89974E-01 -3.90074E-01
  -3.90097E-01 -3.90042E-01 -3.89914E-01 -3.89715E-01 -3.89446E-01 -3.89111E-01
  -3.88712E-01 -3.88252E-01 -3.87732E-01 -3.87155E-01 -3.86523E-01 -3.85839E-01
  -3.85104E-01 -3.84321E-01 -3.83492E-01 -3.82619E-01 -3.81705E-01 -3.80749E-01
  -3.79754E-01 -3.78721E-01 -3.77650E-01 -3.76544E-01 -3.75403E-01 -3.74230E-01
  -2.20478E-02 -3.50471E-02 -4.69293E-02 -5.71387E-02 -6.54085E-02 -7.15419E-02
  -7.53423E-02 -7.66830E-02 -7.59964E-02 -7.39827E-02 -7.13436E-02 -6.87589E-02
  -6.64900E-02 -6.44238E-02 -6.24345E-02 -6.03968E-02 -5.82407E-02 -5.59880E-02
  -5.36690E-02 -5.13138E-02 -4.89452E-02 -4.65613E-02 -4.41556E-02 -4.17212E-02
  -3.92526E-02 -3.67503E-02 -3.42172E-02 -3.16565E-02 -2.90710E-02 -2.64621E-02
  -2.38304E-02 -2.11761E-02 -1.84998E-02 -1.58020E-02 -1.30837E-02 -1.03461E-02
  -7.59011E-03 -4.81687E-03 -2.02744E-03  7.77113E-04  3.59565E-03  6.42700E-03
   9.26932E-03  1.21206E-02  1.49787E-02  1.78417E-02  2.07075E-02  2.35741E-02
   2.64395E-02  2.93016E-02  3.21584E-02  3.50077E-02  3.78470E-02  4.06743E-02
   4.34872E-02  4.62833E-02  4.90602E-02  5.18157E-02  5.45471E-02  5.72521E-02
   5.99280E-02  6.25724E-02  6.51827E-02  6.77564E-02  7.02907E-02  7.27832E-02
   7.52310E-02  7.76316E-02  7.99824E-02  8.22805E-02  8.45234E-02  8.67083E-02
   8.88326E-02  9.08935E-02  9.28885E-02  9.48147E-02  9.66697E-02  9.84507E-02
   1.00155E-01  1.01780E-01  1.03324E-01  1.04783E-01  1.06155E-01  1.07438E-01
   1.08630E-01  1.09727E-01  1.10728E-01  1.11631E-01  1.12432E-01  1.13131E-01
   1.13724E-01  1.14210E-01  1.14587E-01  1.14853E-01  1.15007E-01  1.15045E-01
   1.14968E-01  1.14773E-01  1.14458E-01  1.14023E-01  1.13466E-01  1.12787E-01
   1.11983E-01  1.11054E-01  1.09999E-01  1.08818E-01  1.07509E-01  1.06072E-01
   1.04507E-01  1.02814E-01  1.00992E-01  9.90413E-02  9.69620E-02  9.47542E-02
   9.24182E-02  8.99547E-02  8.73642E-02  8.46473E-02  8.18050E-02  7.88382E-02
   7.57481E-02  7.25359E-02  6.92030E-02  6.57509E-02  6.21814E-02  5.84960E-02
   5.46969E-02  5.07861E-02  4.67660E-02  4.26390E-02  3.84075E-02  3.40740E-02
   2.96411E-02  2.51113E-02  2.04874E-02  1.57730E-02  1.09727E-02  6.09063E-03
   1.13103E-03 -3.90312E-03 -9.01009E-03 -1.41881E-02 -1.94355E-02 -2.47503E-02
  -3.01303E-02 -3.55728E-02 -4.10759E-02 -4.66368E-02 -5.22530E-02 -5.79221E-02
  -6.36419E-02 -6.94095E-02 -7.52225E-02 -8.10779E-02 -8.69731E-02 -9.29054E-02
  -9.88716E-02 -1.04868E-01 -1.10893E-01 -1.16943E-01 -1.23013E-01 -1.29102E-01
  -1.35206E-01 -1.41321E-01 -1.47443E-01 -1.53569E-01 -1.59696E-01 -1.65819E-01
  -1.71935E-01 -1.78040E-01 -1.84130E-01 -1.90200E-01 -1.96248E-01 -2.02268E-01
  -2.08256E-01 -2.14209E-01 -2.20122E-01 -2.25991E-01 -2.31812E-01 -2.37581E-01
  -2.43293E-01 -2.48945E-01 -2.54532E-01 -2.60049E-01 -2.65494E-01 -2.70862E-01
  -2.76149E-01 -2.81352E-01 -2.86467E-01 -2.91489E-01 -2.96416E-01 -3.01245E-01
  -3.05972E-01 -3.10593E-01 -3.15107E-01 -3.19510E-01 -3.23800E-01 -3.27975E-01
  -3.32031E-01 -3.35967E-01 -3.39782E-01 -3.43473E-01 -3.47039E-01 -3.50478E-01
  -3.53791E-01 -3.56975E-01 -3.60031E-01 -3.62957E-01 -3.65754E-01 -3.68422E-01
  -3.70961E-01 -3.73371E-01 -3.75653E-01 -3.77808E-01 -3.79837E-01 -3.81740E-01
  -3.83520E-01 -3.85178E-01 -3.86715E-01 -3.88134E-01 -3.89436E-01 -3.90624E-01
  -3.91699E-01 -3.92665E-01 -3.93523E-01 -3.94276E-01 -3.94926E-01 -3.95477E-01
  -3.95930E-01 -3.96289E-01 -3.96556E-01 -3.96735E-01 -3.96828E-01 -3.96837E-01
  -3.96766E-01 -3.96617E-01 -3.96393E-01 -3.96097E-01 -3.95732E-01 -3.95300E-01
  -3.94803E-01 -3.94246E-01 -3.93629E-01 -3.92955E-01 -3.92227E-01 -3.91447E-01
  -3.90618E-01 -3.89742E-01 -3.88820E-01 -3.87856E-01 -3.86850E-01 -3.85805E-01
  -3.84722E-01 -3.83603E-01 -3.82450E-01 -3.81264E-01 -3.80047E-01 -2.19476E-02
  -3.49258E-02 -4.67807E-02 -5.69562E-02 -6.51893E-02 -7.12882E-02 -7.50610E-02
  -7.63852E-02 -7.56907E-02 -7.36719E-02 -7.10248E-02 -6.84236E-02 -6.61280E-02
  -6.40270E-02 -6.19962E-02 -5.99124E-02 -5.77069E-02 -5.54016E-02 -5.30266E-02
  -5.06124E-02 -4.81816E-02 -4.57324E-02 -4.32580E-02 -4.07519E-02 -3.82083E-02
  -3.56276E-02 -3.30130E-02 -3.03673E-02 -2.76934E-02 -2.49929E-02 -2.22661E-02
  -1.95134E-02 -1.67354E-02 -1.39326E-02 -1.11059E-02 -8.25641E-03 -5.38499E-03
  -2.49270E-03  4.19157E-04  3.34924E-03  6.29616E-03  9.25852E-03  1.22344E-02
   1.52216E-02  1.82182E-02  2.12220E-02  2.42308E-02  2.72427E-02  3.02554E-02
   3.32670E-02  3.62752E-02  3.92777E-02  4.22720E-02  4.52559E-02  4.82270E-02
   5.11827E-02  5.41206E-02  5.70382E-02  5.99328E-02  6.28020E-02  6.56430E-02
   6.84532E-02  7.12298E-02  7.39703E-02  7.66718E-02  7.93315E-02  8.19466E-02
   8.45144E-02  8.70320E-02  8.94966E-02  9.19054E-02  9.42554E-02  9.65439E-02
   9.87680E-02  1.00925E-01  1.03012E-01  1.05026E-01  1.06964E-01  1.08824E-01
   1.10602E-01  1.12297E-01  1.13904E-01  1.15423E-01  1.16849E-01  1.18181E-01
   1.19416E-01  1.20551E-01  1.21584E-01  1.22513E-01  1.23334E-01  1.24047E-01
   1.24649E-01  1.25137E-01  1.25510E-01  1.25766E-01  1.25902E-01  1.25918E-01
   1.25810E-01  1.25579E-01  1.25222E-01  1.24738E-01  1.24125E-01  1.23383E-01
   1.22510E-01  1.21505E-01  1.20368E-01  1.19098E-01  1.17694E-01  1.16155E-01
   1.14482E-01  1.12674E-01  1.10732E-01  1.08654E-01  1.06441E-01  1.04094E-01
   1.01613E-01  9.89990E-02  9.62517E-02  9.33726E-02  9.03626E-02  8.72229E-02
   8.39547E-02  8.05593E-02  7.70383E-02  7.33934E-02  6.96264E-02  6.57392E-02
   6.17338E-02  5.76127E-02  5.33780E-02  4.90323E-02  4.45780E-02  4.00182E-02
   3.53557E-02  3.05933E-02  2.57350E-02  2.07852E-02  1.57485E-02  1.06290E-02
   5.43019E-03  1.54213E-04 -5.19654E-03 -1.06200E-02 -1.61135E-02 -2.16743E-02
  -2.72993E-02 -3.29860E-02 -3.87312E-02 -4.45328E-02 -5.03889E-02 -5.62974E-02
  -6.22563E-02 -6.82628E-02 -7.43140E-02 -8.04071E-02 -8.65392E-02 -9.27072E-02
  -9.89077E-02 -1.05138E-01 -1.11395E-01 -1.17676E-01 -1.23977E-01 -1.30295E-01
  -1.36626E-01 -1.42969E-01 -1.49318E-01 -1.55670E-01 -1.62021E-01 -1.68367E-01
  -1.74705E-01 -1.81030E-01 -1.87339E-01 -1.93628E-01 -1.99892E-01 -2.06128E-01
  -2.12331E-01 -2.18496E-01 -2.24621E-01 -2.30699E-01 -2.36726E-01 -2.42698E-01
  -2.48612E-01 -2.54461E-01 -2.60243E-01 -2.65952E-01 -2.71584E-01 -2.77136E-01
  -2.82603E-01 -2.87981E-01 -2.93265E-01 -2.98452E-01 -3.03539E-01 -3.08523E-01
  -3.13399E-01 -3.18166E-01 -3.22819E-01 -3.27356E-01 -3.31773E-01 -3.36067E-01
  -3.40236E-01 -3.44277E-01 -3.48187E-01 -3.51964E-01 -3.55606E-01 -3.59113E-01
  -3.62483E-01 -3.65714E-01 -3.68808E-01 -3.71763E-01 -3.74580E-01 -3.77258E-01
  -3.79798E-01 -3.82202E-01 -3.84468E-01 -3.86599E-01 -3.88595E-01 -3.90459E-01
  -3.92191E-01 -3.93793E-01 -3.95267E-01 -3.96616E-01 -3.97843E-01 -3.98951E-01
  -3.99942E-01 -4.00819E-01 -4.01585E-01 -4.02242E-01 -4.02793E-01 -4.03240E-01
  -4.03588E-01 -4.03839E-01 -4.03996E-01 -4.04062E-01 -4.04041E-01 -4.03935E-01
  -4.03748E-01 -4.03483E-01 -4.03143E-01 -4.02730E-01 -4.02248E-01 -4.01700E-01
  -4.01088E-01 -4.00416E-01 -3.99685E-01 -3.98899E-01 -3.98060E-01 -3.97171E-01
  -3.96234E-01 -3.95251E-01 -3.94224E-01 -3.93156E-01 -3.92050E-01 -3.90906E-01
  -3.89729E-01 -3.88520E-01 -3.87281E-01 -3.86015E-01 -2.18025E-02 -3.47597E-02
  -4.65894E-02 -5.67353E-02 -6.49368E-02 -7.10050E-02 -7.47509E-02 -7.60545E-02
  -7.53437E-02 -7.33091E-02 -7.06429E-02 -6.80154E-02 -6.56854E-02 -6.35429E-02
  -6.14652E-02 -5.93305E-02 -5.70708E-02 -5.47083E-02 -5.22733E-02 -4.97963E-02
  -4.73000E-02 -4.47825E-02 -4.22368E-02 -3.96563E-02 -3.70350E-02 -3.43733E-02
  -3.16744E-02 -2.89410E-02 -2.61762E-02 -2.33813E-02 -2.05568E-02 -1.77032E-02
  -1.48208E-02 -1.19103E-02 -8.97252E-03 -6.00834E-03 -3.01865E-03 -4.49093E-06
   3.03258E-03  6.09094E-03  9.16890E-03  1.22648E-02  1.53767E-02  1.85023E-02
   2.16398E-02  2.47868E-02  2.79413E-02  3.11011E-02  3.42640E-02  3.74277E-02
   4.05900E-02  4.37485E-02  4.69006E-02  5.00440E-02  5.31761E-02  5.62944E-02
   5.93962E-02  6.24789E-02  6.55399E-02  6.85763E-02  7.15854E-02  7.45645E-02
   7.75107E-02  8.04211E-02  8.32928E-02  8.61230E-02  8.89086E-02  9.16468E-02
   9.43345E-02  9.69688E-02  9.95467E-02  1.02065E-01  1.04521E-01  1.06912E-01
   1.09233E-01  1.11484E-01  1.13660E-01  1.15759E-01  1.17777E-01  1.19712E-01
   1.21560E-01  1.23320E-01  1.24987E-01  1.26560E-01  1.28035E-01  1.29410E-01
   1.30682E-01  1.31848E-01  1.32906E-01  1.33854E-01  1.34689E-01  1.35408E-01
   1.36010E-01  1.36492E-01  1.36852E-01  1.37088E-01  1.37198E-01  1.37181E-01
   1.37034E-01  1.36756E-01  1.36346E-01  1.35801E-01  1.35122E-01  1.34306E-01
   1.33352E-01  1.32260E-01  1.31029E-01  1.29658E-01  1.28146E-01  1.26494E-01
   1.24700E-01  1.22765E-01  1.20688E-01  1.18470E-01  1.16111E-01  1.13612E-01
   1.10972E-01  1.08193E-01  1.05275E-01  1.02220E-01  9.90286E-02  9.57017E-02
   9.22410E-02  8.86481E-02  8.49247E-02  8.10725E-02  7.70935E-02  7.29898E-02
   6.87637E-02  6.44175E-02  5.99537E-02  5.53750E-02  5.06845E-02  4.58851E-02
   4.09799E-02  3.59727E-02  3.08677E-02  2.56694E-02  2.03817E-02  1.50084E-02
   9.55244E-03  4.01686E-03 -1.59547E-03 -7.28127E-03 -1.30370E-02 -1.88590E-02
  -2.47440E-02 -3.06884E-02 -3.66904E-02 -4.27486E-02 -4.88615E-02 -5.50272E-02
  -6.12432E-02 -6.75063E-02 -7.38137E-02 -8.01623E-02 -8.65489E-02 -9.29704E-02
  -9.94242E-02 -1.05907E-01 -1.12416E-01 -1.18949E-01 -1.25500E-01 -1.32069E-01
  -1.38651E-01 -1.45242E-01 -1.51840E-01 -1.58439E-01 -1.65037E-01 -1.71629E-01
  -1.78211E-01 -1.84780E-01 -1.91332E-01 -1.97862E-01 -2.04366E-01 -2.10840E-01
  -2.17279E-01 -2.23679E-01 -2.30035E-01 -2.36342E-01 -2.42597E-01 -2.48793E-01
  -2.54927E-01 -2.60994E-01 -2.66989E-01 -2.72908E-01 -2.78745E-01 -2.84498E-01
  -2.90159E-01 -2.95726E-01 -3.01193E-01 -3.06559E-01 -3.11818E-01 -3.16967E-01
  -3.22003E-01 -3.26923E-01 -3.31720E-01 -3.36393E-01 -3.40936E-01 -3.45346E-01
  -3.49621E-01 -3.53757E-01 -3.57750E-01 -3.61599E-01 -3.65303E-01 -3.68860E-01
  -3.72268E-01 -3.75527E-01 -3.78638E-01 -3.81599E-01 -3.84412E-01 -3.87076E-01
  -3.89592E-01 -3.91961E-01 -3.94184E-01 -3.96261E-01 -3.98195E-01 -3.99987E-01
  -4.01639E-01 -4.03153E-01 -4.04533E-01 -4.05782E-01 -4.06904E-01 -4.07902E-01
  -4.08780E-01 -4.09539E-01 -4.10183E-01 -4.10714E-01 -4.11136E-01 -4.11452E-01
  -4.11665E-01 -4.11780E-01 -4.11800E-01 -4.11728E-01 -4.11568E-01 -4.11324E-01
  -4.10998E-01 -4.10594E-01 -4.10116E-01 -4.09566E-01 -4.08948E-01 -4.08265E-01
  -4.07521E-01 -4.06717E-01 -4.05857E-01 -4.04944E-01 -4.03980E-01 -4.02967E-01
  -4.01909E-01 -4.00806E-01 -3.99664E-01 -3.98483E-01 -3.97268E-01 -3.96021E-01
  -3.94745E-01 -3.93443E-01 -3.92118E-01 -2.16169E-02 -3.45537E-02 -4.63613E-02
  -5.64833E-02 -6.46594E-02 -7.07010E-02 -7.44195E-02 -7.56950E-02 -7.49551E-02
  -7.28897E-02 -7.01902E-02 -6.75262E-02 -6.51561E-02 -6.29696E-02 -6.08437E-02
  -5.86563E-02 -5.63397E-02 -5.39163E-02 -5.14173E-02 -4.88737E-02 -4.63087E-02
  -4.37200E-02 -4.11005E-02 -3.84430E-02 -3.57414E-02 -3.29961E-02 -3.02101E-02
  -2.73864E-02 -2.45279E-02 -2.16361E-02 -1.87113E-02 -1.57540E-02 -1.27645E-02
  -9.74344E-03 -6.69162E-03 -3.60989E-03 -4.99107E-04  2.63965E-03  5.80458E-03
   8.99377E-03  1.22053E-02  1.54372E-02  1.86875E-02  2.19542E-02  2.52350E-02
   2.85279E-02  3.18307E-02  3.51411E-02  3.84567E-02  4.17754E-02  4.50946E-02
   4.84119E-02  5.17246E-02  5.50304E-02  5.83264E-02  6.16102E-02  6.48789E-02
   6.81298E-02  7.13601E-02  7.45669E-02  7.77473E-02  8.08983E-02  8.40171E-02
   8.71007E-02  9.01459E-02  9.31497E-02  9.61090E-02  9.90209E-02  1.01882E-01
   1.04689E-01  1.07439E-01  1.10129E-01  1.12756E-01  1.15316E-01  1.17806E-01
   1.20224E-01  1.22565E-01  1.24827E-01  1.27007E-01  1.29101E-01  1.31107E-01
   1.33021E-01  1.34840E-01  1.36562E-01  1.38183E-01  1.39701E-01  1.41113E-01
   1.42415E-01  1.43605E-01  1.44681E-01  1.45641E-01  1.46480E-01  1.47197E-01
   1.47791E-01  1.48257E-01  1.48595E-01  1.48802E-01  1.48876E-01  1.48815E-01
   1.48618E-01  1.48283E-01  1.47808E-01  1.47193E-01  1.46435E-01  1.45533E-01
   1.44487E-01  1.43295E-01  1.41958E-01  1.40473E-01  1.38841E-01  1.37061E-01
   1.35133E-01  1.33057E-01  1.30833E-01  1.28461E-01  1.25942E-01  1.23276E-01
   1.20464E-01  1.17506E-01  1.14404E-01  1.11158E-01  1.07771E-01  1.04242E-01
   1.00574E-01  9.67693E-02  9.28286E-02  8.87542E-02  8.45484E-02  8.02135E-02
   7.57519E-02  7.11661E-02  6.64589E-02  6.16333E-02  5.66926E-02  5.16396E-02
   4.64781E-02  4.12121E-02  3.58456E-02  3.03823E-02  2.48263E-02  1.91812E-02
   1.34509E-02  7.63894E-03  1.74934E-03 -4.21370E-03 -1.02458E-02 -1.63431E-02
  -2.25015E-02 -2.87194E-02 -3.49954E-02 -4.13283E-02 -4.77166E-02 -5.41577E-02
  -6.06484E-02 -6.71858E-02 -7.37671E-02 -8.03890E-02 -8.70486E-02 -9.37434E-02
  -1.00470E-01 -1.07227E-01 -1.14009E-01 -1.20814E-01 -1.27639E-01 -1.34480E-01
  -1.41334E-01 -1.48197E-01 -1.55065E-01 -1.61935E-01 -1.68803E-01 -1.75664E-01
  -1.82515E-01 -1.89352E-01 -1.96170E-01 -2.02965E-01 -2.09733E-01 -2.16468E-01
  -2.23167E-01 -2.29824E-01 -2.36435E-01 -2.42995E-01 -2.49499E-01 -2.55941E-01
  -2.62317E-01 -2.68622E-01 -2.74851E-01 -2.80999E-01 -2.87060E-01 -2.93028E-01
  -2.98901E-01 -3.04671E-01 -3.10336E-01 -3.15891E-01 -3.21332E-01 -3.26655E-01
  -3.31854E-01 -3.36926E-01 -3.41864E-01 -3.46666E-01 -3.51326E-01 -3.55842E-01
  -3.60209E-01 -3.64424E-01 -3.68485E-01 -3.72389E-01 -3.76136E-01 -3.79722E-01
  -3.83148E-01 -3.86413E-01 -3.89517E-01 -3.92460E-01 -3.95242E-01 -3.97864E-01
  -4.00327E-01 -4.02631E-01 -4.04779E-01 -4.06771E-01 -4.08610E-01 -4.10299E-01
  -4.11839E-01 -4.13234E-01 -4.14489E-01 -4.15607E-01 -4.16593E-01 -4.17450E-01
  -4.18180E-01 -4.18788E-01 -4.19277E-01 -4.19649E-01 -4.19910E-01 -4.20064E-01
  -4.20114E-01 -4.20064E-01 -4.19919E-01 -4.19683E-01 -4.19359E-01 -4.18951E-01
  -4.18463E-01 -4.17899E-01 -4.17261E-01 -4.16555E-01 -4.15782E-01 -4.14947E-01
  -4.14052E-01 -4.13102E-01 -4.12098E-01 -4.11043E-01 -4.09940E-01 -4.08791E-01
  -4.07599E-01 -4.06368E-01 -4.05101E-01 -4.03800E-01 -4.02470E-01 -4.01114E-01
  -3.99734E-01 -3.98335E-01 -2.13951E-02 -3.43125E-02 -4.61020E-02 -5.62072E-02
  -6.43653E-02 -7.03849E-02 -7.40743E-02 -7.53111E-02 -7.45248E-02 -7.24090E-02
  -6.96589E-02 -6.69479E-02 -6.45343E-02 -6.23050E-02 -6.01338E-02 -5.78955E-02
  -5.55209E-02 -5.30339E-02 -5.04670E-02 -4.78529E-02 -4.52158E-02 -4.25533E-02
  -3.98575E-02 -3.71208E-02 -3.43364E-02 -3.15048E-02 -2.86291E-02 -2.57123E-02
  -2.27574E-02 -1.97660E-02 -1.67383E-02 -1.36746E-02 -1.05751E-02 -7.44045E-03
  -4.27149E-03 -1.06917E-03  2.16558E-03  5.43156E-03  8.72680E-03  1.20492E-02
   1.53967E-02  1.87671E-02  2.21584E-02  2.55685E-02  2.89953E-02  3.24367E-02
   3.58905E-02  3.93542E-02  4.28253E-02  4.63016E-02  4.97805E-02  5.32594E-02
   5.67357E-02  6.02066E-02  6.36696E-02  6.71219E-02  7.05604E-02  7.39825E-02
   7.73852E-02  8.07654E-02  8.41201E-02  8.74463E-02  9.07409E-02  9.40008E-02
   9.72227E-02  1.00403E-01  1.03540E-01  1.06628E-01  1.09666E-01  1.12650E-01
   1.15575E-01  1.18440E-01  1.21241E-01  1.23974E-01  1.26636E-01  1.29223E-01
   1.31733E-01  1.34162E-01  1.36506E-01  1.38763E-01  1.40929E-01  1.43001E-01
   1.44975E-01  1.46849E-01  1.48619E-01  1.50283E-01  1.51836E-01  1.53277E-01
   1.54603E-01  1.55810E-01  1.56896E-01  1.57858E-01  1.58693E-01  1.59400E-01
   1.59975E-01  1.60416E-01  1.60722E-01  1.60889E-01  1.60916E-01  1.60802E-01
   1.60543E-01  1.60139E-01  1.59589E-01  1.58889E-01  1.58041E-01  1.57041E-01
   1.55890E-01  1.54586E-01  1.53128E-01  1.51516E-01  1.49750E-01  1.47830E-01
   1.45754E-01  1.43524E-01  1.41138E-01  1.38599E-01  1.35905E-01  1.33058E-01
   1.30058E-01  1.26907E-01  1.23605E-01  1.20155E-01  1.16556E-01  1.12811E-01
   1.08921E-01  1.04889E-01  1.00716E-01  9.64040E-02  9.19565E-02  8.73754E-02
   8.26634E-02  7.78231E-02  7.28579E-02  6.77707E-02  6.25646E-02  5.72431E-02
   5.18101E-02  4.62691E-02  4.06238E-02  3.48783E-02  2.90369E-02  2.31041E-02
   1.70839E-02  1.09810E-02  4.80013E-03 -1.45396E-03 -7.77686E-03 -1.41640E-02
  -2.06134E-02 -2.71234E-02 -3.36926E-02 -4.03191E-02 -4.70004E-02 -5.37338E-02
  -6.05167E-02 -6.73465E-02 -7.42201E-02 -8.11346E-02 -8.80877E-02 -9.50763E-02
  -1.02098E-01 -1.09148E-01 -1.16225E-01 -1.23326E-01 -1.30446E-01 -1.37582E-01
  -1.44731E-01 -1.51889E-01 -1.59052E-01 -1.66217E-01 -1.73380E-01 -1.80535E-01
  -1.87680E-01 -1.94810E-01 -2.01920E-01 -2.09006E-01 -2.16062E-01 -2.23085E-01
  -2.30069E-01 -2.37009E-01 -2.43900E-01 -2.50738E-01 -2.57515E-01 -2.64227E-01
  -2.70868E-01 -2.77433E-01 -2.83917E-01 -2.90313E-01 -2.96615E-01 -3.02818E-01
  -3.08917E-01 -3.14906E-01 -3.20778E-01 -3.26529E-01 -3.32154E-01 -3.37647E-01
  -3.43003E-01 -3.48217E-01 -3.53285E-01 -3.58203E-01 -3.62965E-01 -3.67570E-01
  -3.72012E-01 -3.76289E-01 -3.80399E-01 -3.84340E-01 -3.88108E-01 -3.91703E-01
  -3.95124E-01 -3.98370E-01 -4.01440E-01 -4.04336E-01 -4.07058E-01 -4.09606E-01
  -4.11983E-01 -4.14190E-01 -4.16229E-01 -4.18103E-01 -4.19815E-01 -4.21368E-01
  -4.22765E-01 -4.24009E-01 -4.25106E-01 -4.26059E-01 -4.26872E-01 -4.27549E-01
  -4.28095E-01 -4.28515E-01 -4.28813E-01 -4.28994E-01 -4.29061E-01 -4.29021E-01
  -4.28877E-01 -4.28634E-01 -4.28297E-01 -4.27869E-01 -4.27356E-01 -4.26761E-01
  -4.26088E-01 -4.25341E-01 -4.24524E-01 -4.23642E-01 -4.22696E-01 -4.21692E-01
  -4.20632E-01 -4.19519E-01 -4.18357E-01 -4.17148E-01 -4.15894E-01 -4.14598E-01
  -4.13265E-01 -4.11896E-01 -4.10496E-01 -4.09068E-01 -4.07615E-01 -4.06140E-01
  -4.04647E-01 -2.11410E-02 -3.40399E-02 -4.58150E-02 -5.59101E-02 -6.40572E-02
  -7.00586E-02 -7.37161E-02 -7.49023E-02 -7.40507E-02 -7.18637E-02 -6.90454E-02
  -6.62775E-02 -6.38189E-02 -6.15502E-02 -5.93390E-02 -5.70534E-02 -5.46212E-02
  -5.20684E-02 -4.94303E-02 -4.67419E-02 -4.40296E-02 -4.12906E-02 -3.85162E-02
  -3.56980E-02 -3.28285E-02 -2.99080E-02 -2.69397E-02 -2.39272E-02 -2.08733E-02
  -1.77797E-02 -1.46464E-02 -1.14735E-02 -8.26111E-03 -5.00971E-03 -1.72043E-03
   1.60557E-03  4.96713E-03  8.36288E-03  1.17907E-02  1.52486E-02  1.87342E-02
   2.22455E-02  2.57804E-02  2.93366E-02  3.29121E-02  3.65047E-02  4.01121E-02
   4.37317E-02  4.73611E-02  5.09977E-02  5.46391E-02  5.82825E-02  6.19250E-02
   6.55642E-02  6.91970E-02  7.28207E-02  7.64321E-02  8.00284E-02  8.36065E-02
   8.71632E-02  9.06954E-02  9.41999E-02  9.76735E-02  1.01113E-01  1.04515E-01
   1.07875E-01  1.11192E-01  1.14461E-01  1.17678E-01  1.20841E-01  1.23946E-01
   1.26989E-01  1.29967E-01  1.32876E-01  1.35712E-01  1.38473E-01  1.41155E-01
   1.43754E-01  1.46266E-01  1.48689E-01  1.51018E-01  1.53250E-01  1.55383E-01
   1.57412E-01  1.59334E-01  1.61146E-01  1.62845E-01  1.64427E-01  1.65890E-01
   1.67231E-01  1.68446E-01  1.69533E-01  1.70488E-01  1.71310E-01  1.71996E-01
   1.72543E-01  1.72949E-01  1.73212E-01  1.73329E-01  1.73298E-01  1.73118E-01
   1.72786E-01  1.72301E-01  1.71662E-01  1.70867E-01  1.69914E-01  1.68804E-01
   1.67534E-01  1.66104E-01  1.64513E-01  1.62761E-01  1.60847E-01  1.58771E-01
   1.56533E-01  1.54133E-01  1.51572E-01  1.48850E-01  1.45967E-01  1.42924E-01
   1.39722E-01  1.36362E-01  1.32846E-01  1.29175E-01  1.25350E-01  1.21373E-01
   1.17246E-01  1.12971E-01  1.08550E-01  1.03986E-01  9.92819E-02  9.44392E-02
   8.94613E-02  8.43512E-02  7.91122E-02  7.37473E-02  6.82600E-02  6.26539E-02
   5.69326E-02  5.10997E-02  4.51593E-02  3.91160E-02  3.29746E-02  2.67396E-02
   2.04157E-02  1.40079E-02  7.52133E-03  9.60512E-04 -5.66956E-03 -1.23661E-02
  -1.91263E-02 -2.59479E-02 -3.28280E-02 -3.97645E-02 -4.67553E-02 -5.37985E-02
  -6.08922E-02 -6.80336E-02 -7.52197E-02 -8.24480E-02 -8.97156E-02 -9.70195E-02
  -1.04356E-01 -1.11724E-01 -1.19118E-01 -1.26536E-01 -1.33975E-01 -1.41430E-01
  -1.48899E-01 -1.56377E-01 -1.63862E-01 -1.71348E-01 -1.78831E-01 -1.86308E-01
  -1.93774E-01 -2.01224E-01 -2.08653E-01 -2.16057E-01 -2.23431E-01 -2.30770E-01
  -2.38067E-01 -2.45318E-01 -2.52517E-01 -2.59658E-01 -2.66735E-01 -2.73741E-01
  -2.80672E-01 -2.87520E-01 -2.94280E-01 -3.00944E-01 -3.07508E-01 -3.13963E-01
  -3.20301E-01 -3.26516E-01 -3.32599E-01 -3.38544E-01 -3.44346E-01 -3.50000E-01
  -3.55502E-01 -3.60847E-01 -3.66030E-01 -3.71049E-01 -3.75898E-01 -3.80575E-01
  -3.85076E-01 -3.89398E-01 -3.93538E-01 -3.97492E-01 -4.01260E-01 -4.04838E-01
  -4.08227E-01 -4.11423E-01 -4.14428E-01 -4.17242E-01 -4.19868E-01 -4.22307E-01
  -4.24561E-01 -4.26634E-01 -4.28528E-01 -4.30249E-01 -4.31799E-01 -4.33181E-01
  -4.34398E-01 -4.35453E-01 -4.36348E-01 -4.37091E-01 -4.37687E-01 -4.38142E-01
  -4.38464E-01 -4.38659E-01 -4.38730E-01 -4.38683E-01 -4.38525E-01 -4.38259E-01
  -4.37890E-01 -4.37425E-01 -4.36867E-01 -4.36222E-01 -4.35495E-01 -4.34689E-01
  -4.33809E-01 -4.32860E-01 -4.31846E-01 -4.30769E-01 -4.29634E-01 -4.28446E-01
  -4.27206E-01 -4.25918E-01 -4.24585E-01 -4.23210E-01 -4.21796E-01 -4.20346E-01
  -4.18862E-01 -4.17347E-01 -4.15805E-01 -4.14237E-01 -4.12647E-01 -4.11037E-01
  -2.08561E-02 -3.37349E-02 -4.54947E-02 -5.55795E-02 -6.37156E-02 -6.96974E-02
  -7.33197E-02 -7.44488E-02 -7.35234E-02 -7.12564E-02 -6.83622E-02 -6.55326E-02
  -6.30272E-02 -6.07194E-02 -5.84689E-02 -5.61363E-02 -5.36455E-02 -5.10250E-02
  -4.83130E-02 -4.55478E-02 -4.27578E-02 -3.99399E-02 -3.70845E-02 -3.41823E-02
  -3.12251E-02 -2.82132E-02 -2.51500E-02 -2.20390E-02 -1.88837E-02 -1.56852E-02
  -1.24437E-02 -9.15893E-03 -5.83075E-03 -2.45972E-03  9.52786E-04  4.40529E-03
   7.89629E-03  1.14242E-02  1.49870E-02  1.85824E-02  2.22085E-02  2.58630E-02
   2.95439E-02  3.32488E-02  3.69755E-02  4.07219E-02  4.44854E-02  4.82636E-02
   5.20539E-02  5.58536E-02  5.96601E-02  6.34707E-02  6.72824E-02  7.10925E-02
   7.48981E-02  7.86960E-02  8.24832E-02  8.62567E-02  9.00132E-02  9.37495E-02
   9.74622E-02  1.01148E-01  1.04804E-01  1.08426E-01  1.12010E-01  1.15554E-01
   1.19054E-01  1.22506E-01  1.25907E-01  1.29253E-01  1.32539E-01  1.35764E-01
   1.38922E-01  1.42010E-01  1.45025E-01  1.47962E-01  1.50819E-01  1.53591E-01
   1.56274E-01  1.58865E-01  1.61361E-01  1.63757E-01  1.66051E-01  1.68237E-01
   1.70314E-01  1.72278E-01  1.74125E-01  1.75851E-01  1.77454E-01  1.78931E-01
   1.80278E-01  1.81492E-01  1.82570E-01  1.83510E-01  1.84309E-01  1.84964E-01
   1.85472E-01  1.85831E-01  1.86040E-01  1.86094E-01  1.85994E-01  1.85735E-01
   1.85318E-01  1.84740E-01  1.83999E-01  1.83095E-01  1.82025E-01  1.80790E-01
   1.79388E-01  1.77818E-01  1.76079E-01  1.74172E-01  1.72096E-01  1.69850E-01
   1.67435E-01  1.64851E-01  1.62099E-01  1.59179E-01  1.56091E-01  1.52837E-01
   1.49418E-01  1.45835E-01  1.42089E-01  1.38181E-01  1.34115E-01  1.29890E-01
   1.25511E-01  1.20978E-01  1.16294E-01  1.11462E-01  1.06485E-01  1.01365E-01
   9.61055E-02  9.07098E-02  8.51808E-02  7.95222E-02  7.37375E-02  6.78305E-02
   6.18047E-02  5.56642E-02  4.94139E-02  4.30584E-02  3.66023E-02  3.00505E-02
   2.34079E-02  1.66797E-02  9.87035E-03  2.98519E-03 -3.97174E-03 -1.09963E-02
  -1.80847E-02 -2.52330E-02 -3.24392E-02 -3.97019E-02 -4.70203E-02 -5.43931E-02
  -6.18177E-02 -6.92911E-02 -7.68109E-02 -8.43738E-02 -9.19770E-02 -9.96175E-02
  -1.07293E-01 -1.14999E-01 -1.22734E-01 -1.30494E-01 -1.38276E-01 -1.46077E-01
  -1.53892E-01 -1.61717E-01 -1.69550E-01 -1.77385E-01 -1.85218E-01 -1.93045E-01
  -2.00861E-01 -2.08661E-01 -2.16440E-01 -2.24194E-01 -2.31915E-01 -2.39599E-01
  -2.47240E-01 -2.54833E-01 -2.62370E-01 -2.69844E-01 -2.77249E-01 -2.84579E-01
  -2.91825E-01 -2.98982E-01 -3.06043E-01 -3.13000E-01 -3.19844E-01 -3.26566E-01
  -3.33156E-01 -3.39603E-01 -3.45900E-01 -3.52043E-01 -3.58027E-01 -3.63845E-01
  -3.69495E-01 -3.74970E-01 -3.80268E-01 -3.85383E-01 -3.90313E-01 -3.95052E-01
  -3.99598E-01 -4.03945E-01 -4.08091E-01 -4.12033E-01 -4.15768E-01 -4.19294E-01
  -4.22608E-01 -4.25711E-01 -4.28605E-01 -4.31292E-01 -4.33773E-01 -4.36053E-01
  -4.38135E-01 -4.40025E-01 -4.41726E-01 -4.43242E-01 -4.44578E-01 -4.45734E-01
  -4.46713E-01 -4.47518E-01 -4.48156E-01 -4.48637E-01 -4.48968E-01 -4.49158E-01
  -4.49214E-01 -4.49143E-01 -4.48949E-01 -4.48639E-01 -4.48218E-01 -4.47693E-01
  -4.47069E-01 -4.46352E-01 -4.45547E-01 -4.44659E-01 -4.43694E-01 -4.42656E-01
  -4.41550E-01 -4.40380E-01 -4.39150E-01 -4.37863E-01 -4.36525E-01 -4.35138E-01
  -4.33706E-01 -4.32233E-01 -4.30720E-01 -4.29172E-01 -4.27591E-01 -4.25977E-01
  -4.24334E-01 -4.22662E-01 -4.20965E-01 -4.19244E-01 -4.17501E-01 -2.05414E-02
  -3.33953E-02 -4.51332E-02 -5.51993E-02 -6.33153E-02 -6.92703E-02 -7.28534E-02
  -7.39264E-02 -7.29320E-02 -7.05910E-02 -6.76259E-02 -6.47360E-02 -6.21814E-02
  -5.98296E-02 -5.75344E-02 -5.51502E-02 -5.25980E-02 -4.99080E-02 -4.71210E-02
  -4.42776E-02 -4.14081E-02 -3.85089E-02 -3.55700E-02 -3.25813E-02 -2.95339E-02
  -2.64282E-02 -2.32676E-02 -2.00558E-02 -1.67964E-02 -1.34906E-02 -1.01382E-02
  -6.73884E-03 -3.29228E-03  2.00972E-04  3.73921E-03  7.32064E-03  1.09434E-02
   1.46058E-02  1.83056E-02  2.20410E-02  2.58097E-02  2.96098E-02  3.34390E-02
   3.72950E-02  4.11754E-02  4.50780E-02  4.90003E-02  5.29395E-02  5.68931E-02
   6.08585E-02  6.48329E-02  6.88133E-02  7.27969E-02  7.67806E-02  8.07616E-02
   8.47366E-02  8.87025E-02  9.26559E-02  9.65937E-02  1.00512E-01  1.04409E-01
   1.08279E-01  1.12119E-01  1.15927E-01  1.19698E-01  1.23428E-01  1.27115E-01
   1.30753E-01  1.34340E-01  1.37871E-01  1.41343E-01  1.44752E-01  1.48094E-01
   1.51364E-01  1.54560E-01  1.57677E-01  1.60712E-01  1.63660E-01  1.66517E-01
   1.69280E-01  1.71945E-01  1.74508E-01  1.76965E-01  1.79313E-01  1.81548E-01
   1.83665E-01  1.85663E-01  1.87536E-01  1.89282E-01  1.90897E-01  1.92378E-01
   1.93722E-01  1.94926E-01  1.95986E-01  1.96899E-01  1.97664E-01  1.98276E-01
   1.98734E-01  1.99035E-01  1.99177E-01  1.99157E-01  1.98974E-01  1.98625E-01
   1.98109E-01  1.97424E-01  1.96568E-01  1.95541E-01  1.94341E-01  1.92966E-01
   1.91417E-01  1.89692E-01  1.87792E-01  1.85715E-01  1.83461E-01  1.81030E-01
   1.78424E-01  1.75641E-01  1.72682E-01  1.69549E-01  1.66241E-01  1.62761E-01
   1.59108E-01  1.55286E-01  1.51294E-01  1.47135E-01  1.42811E-01  1.38324E-01
   1.33676E-01  1.28869E-01  1.23907E-01  1.18791E-01  1.13525E-01  1.08112E-01
   1.02555E-01  9.68578E-02  9.10231E-02  8.50550E-02  7.89573E-02  7.27335E-02
   6.63880E-02  5.99254E-02  5.33504E-02  4.66674E-02  3.98813E-02  3.29969E-02
   2.60192E-02  1.89527E-02  1.18028E-02  4.57495E-03 -2.72544E-03 -1.00931E-02
  -1.75228E-02 -2.50128E-02 -3.25621E-02 -4.01705E-02 -4.78371E-02 -5.55598E-02
  -6.33355E-02 -7.11618E-02 -7.90356E-02 -8.69542E-02 -9.49147E-02 -1.02915E-01
  -1.10951E-01 -1.19022E-01 -1.27123E-01 -1.35251E-01 -1.43403E-01 -1.51576E-01
  -1.59765E-01 -1.67966E-01 -1.76176E-01 -1.84391E-01 -1.92604E-01 -2.00813E-01
  -2.09012E-01 -2.17195E-01 -2.25357E-01 -2.33493E-01 -2.41597E-01 -2.49661E-01
  -2.57681E-01 -2.65648E-01 -2.73556E-01 -2.81396E-01 -2.89163E-01 -2.96847E-01
  -3.04440E-01 -3.11936E-01 -3.19325E-01 -3.26599E-01 -3.33744E-01 -3.40752E-01
  -3.47610E-01 -3.54309E-01 -3.60844E-01 -3.67208E-01 -3.73394E-01 -3.79397E-01
  -3.85210E-01 -3.90829E-01 -3.96247E-01 -4.01459E-01 -4.06460E-01 -4.11247E-01
  -4.15814E-01 -4.20156E-01 -4.24271E-01 -4.28156E-01 -4.31809E-01 -4.35227E-01
  -4.38411E-01 -4.41362E-01 -4.44084E-01 -4.46580E-01 -4.48852E-01 -4.50907E-01
  -4.52749E-01 -4.54386E-01 -4.55821E-01 -4.57059E-01 -4.58103E-01 -4.58957E-01
  -4.59626E-01 -4.60118E-01 -4.60442E-01 -4.60609E-01 -4.60628E-01 -4.60507E-01
  -4.60254E-01 -4.59874E-01 -4.59375E-01 -4.58764E-01 -4.58046E-01 -4.57230E-01
  -4.56320E-01 -4.55324E-01 -4.54246E-01 -4.53092E-01 -4.51868E-01 -4.50578E-01
  -4.49227E-01 -4.47820E-01 -4.46359E-01 -4.44850E-01 -4.43296E-01 -4.41701E-01
  -4.40068E-01 -4.38402E-01 -4.36704E-01 -4.34975E-01 -4.33218E-01 -4.31433E-01
  -4.29621E-01 -4.27783E-01 -4.25922E-01 -4.24037E-01 -2.01980E-02 -3.30190E-02
  -4.47225E-02 -5.47529E-02 -6.28312E-02 -6.87458E-02 -7.22852E-02 -7.33106E-02
  -7.22654E-02 -6.98716E-02 -6.68531E-02 -6.39105E-02 -6.13036E-02 -5.88983E-02
  -5.65466E-02 -5.41014E-02 -5.14827E-02 -4.87217E-02 -4.58597E-02 -4.29383E-02
  -3.99881E-02 -3.70056E-02 -3.39805E-02 -3.09023E-02 -2.77623E-02 -2.45603E-02
  -2.13001E-02 -1.79853E-02 -1.46194E-02 -1.12036E-02 -7.73773E-03 -4.22127E-03
  -6.53871E-04  2.96385E-03  6.62996E-03  1.03424E-02  1.40990E-02  1.78979E-02
   2.17371E-02  2.56145E-02  2.95281E-02  3.34760E-02  3.74559E-02  4.14652E-02
   4.55017E-02  4.95630E-02  5.36463E-02  5.77490E-02  6.18685E-02  6.60020E-02
   7.01467E-02  7.42995E-02  7.84575E-02  8.26176E-02  8.67767E-02  9.09315E-02
   9.50786E-02  9.92148E-02  1.03337E-01  1.07441E-01  1.11523E-01  1.15580E-01
   1.19609E-01  1.23605E-01  1.27565E-01  1.31485E-01  1.35360E-01  1.39188E-01
   1.42964E-01  1.46684E-01  1.50345E-01  1.53941E-01  1.57469E-01  1.60925E-01
   1.64305E-01  1.67605E-01  1.70821E-01  1.73948E-01  1.76982E-01  1.79920E-01
   1.82757E-01  1.85490E-01  1.88114E-01  1.90625E-01  1.93020E-01  1.95295E-01
   1.97446E-01  1.99468E-01  2.01360E-01  2.03116E-01  2.04734E-01  2.06210E-01
   2.07540E-01  2.08722E-01  2.09753E-01  2.10629E-01  2.11348E-01  2.11906E-01
   2.12302E-01  2.12532E-01  2.12595E-01  2.12488E-01  2.12209E-01  2.11756E-01
   2.11127E-01  2.10321E-01  2.09336E-01  2.08172E-01  2.06826E-01  2.05298E-01
   2.03587E-01  2.01693E-01  1.99615E-01  1.97353E-01  1.94907E-01  1.92276E-01
   1.89462E-01  1.86464E-01  1.83284E-01  1.79921E-01  1.76378E-01  1.72655E-01
   1.68754E-01  1.64676E-01  1.60423E-01  1.55997E-01  1.51400E-01  1.46634E-01
   1.41702E-01  1.36606E-01  1.31349E-01  1.25933E-01  1.20363E-01  1.14642E-01
   1.08771E-01  1.02756E-01  9.66004E-02  9.03075E-02  8.38812E-02  7.73258E-02
   7.06459E-02  6.38460E-02  5.69305E-02  4.99042E-02  4.27718E-02  3.55382E-02
   2.82078E-02  2.07862E-02  1.32795E-02  5.69445E-03 -1.96286E-03 -9.68633E-03
  -1.74737E-02 -2.53242E-02 -3.32373E-02 -4.12123E-02 -4.92471E-02 -5.73391E-02
  -6.54862E-02 -7.36856E-02 -8.19348E-02 -9.02313E-02 -9.85728E-02 -1.06957E-01
  -1.15380E-01 -1.23840E-01 -1.32334E-01 -1.40858E-01 -1.49409E-01 -1.57983E-01
  -1.66577E-01 -1.75186E-01 -1.83806E-01 -1.92433E-01 -2.01062E-01 -2.09688E-01
  -2.18305E-01 -2.26908E-01 -2.35492E-01 -2.44048E-01 -2.52572E-01 -2.61056E-01
  -2.69492E-01 -2.77872E-01 -2.86189E-01 -2.94434E-01 -3.02599E-01 -3.10674E-01
  -3.18649E-01 -3.26515E-01 -3.34263E-01 -3.41881E-01 -3.49359E-01 -3.56687E-01
  -3.63855E-01 -3.70853E-01 -3.77670E-01 -3.84296E-01 -3.90722E-01 -3.96938E-01
  -4.02937E-01 -4.08709E-01 -4.14247E-01 -4.19544E-01 -4.24595E-01 -4.29396E-01
  -4.33940E-01 -4.38224E-01 -4.42249E-01 -4.46012E-01 -4.49513E-01 -4.52751E-01
  -4.55730E-01 -4.58453E-01 -4.60923E-01 -4.63143E-01 -4.65120E-01 -4.66861E-01
  -4.68371E-01 -4.69658E-01 -4.70729E-01 -4.71593E-01 -4.72258E-01 -4.72733E-01
  -4.73026E-01 -4.73147E-01 -4.73105E-01 -4.72908E-01 -4.72565E-01 -4.72085E-01
  -4.71475E-01 -4.70745E-01 -4.69902E-01 -4.68954E-01 -4.67907E-01 -4.66769E-01
  -4.65546E-01 -4.64245E-01 -4.62872E-01 -4.61431E-01 -4.59929E-01 -4.58371E-01
  -4.56761E-01 -4.55102E-01 -4.53400E-01 -4.51658E-01 -4.49880E-01 -4.48070E-01
  -4.46231E-01 -4.44366E-01 -4.42476E-01 -4.40561E-01 -4.38623E-01 -4.36661E-01
  -4.34677E-01 -4.32671E-01 -4.30645E-01 -1.98278E-02 -3.26060E-02 -4.42595E-02
  -5.42321E-02 -6.22499E-02 -6.81072E-02 -7.15981E-02 -7.25890E-02 -7.15194E-02
  -6.91035E-02 -6.60570E-02 -6.30731E-02 -6.04102E-02 -5.79386E-02 -5.55148E-02
  -5.29961E-02 -5.03050E-02 -4.74714E-02 -4.45353E-02 -4.15366E-02 -3.85052E-02
  -3.54374E-02 -3.23234E-02 -2.91530E-02 -2.59176E-02 -2.26173E-02 -1.92554E-02
  -1.58355E-02 -1.23608E-02 -8.83255E-03 -5.25054E-03 -1.61446E-03  2.07601E-03
   5.82016E-03  9.61592E-03  1.34611E-02  1.73534E-02  2.12909E-02  2.52714E-02
   2.92931E-02  3.33538E-02  3.74517E-02  4.15844E-02  4.57493E-02  4.99440E-02
   5.41661E-02  5.84128E-02  6.26813E-02  6.69690E-02  7.12730E-02  7.55904E-02
   7.99181E-02  8.42530E-02  8.85919E-02  9.29316E-02  9.72687E-02  1.01600E-01
   1.05921E-01  1.10230E-01  1.14522E-01  1.18793E-01  1.23041E-01  1.27260E-01
   1.31448E-01  1.35599E-01  1.39711E-01  1.43779E-01  1.47799E-01  1.51767E-01
   1.55679E-01  1.59531E-01  1.63317E-01  1.67035E-01  1.70680E-01  1.74247E-01
   1.77732E-01  1.81132E-01  1.84441E-01  1.87655E-01  1.90771E-01  1.93783E-01
   1.96688E-01  1.99481E-01  2.02159E-01  2.04717E-01  2.07152E-01  2.09458E-01
   2.11633E-01  2.13672E-01  2.15572E-01  2.17329E-01  2.18939E-01  2.20399E-01
   2.21705E-01  2.22855E-01  2.23845E-01  2.24671E-01  2.25332E-01  2.25824E-01
   2.26145E-01  2.26291E-01  2.26262E-01  2.26054E-01  2.25665E-01  2.25094E-01
   2.24338E-01  2.23397E-01  2.22269E-01  2.20952E-01  2.19446E-01  2.17750E-01
   2.15862E-01  2.13783E-01  2.11512E-01  2.09049E-01  2.06395E-01  2.03548E-01
   2.00511E-01  1.97282E-01  1.93864E-01  1.90257E-01  1.86462E-01  1.82481E-01
   1.78315E-01  1.73966E-01  1.69436E-01  1.64727E-01  1.59841E-01  1.54780E-01
   1.49548E-01  1.44147E-01  1.38579E-01  1.32849E-01  1.26959E-01  1.20913E-01
   1.14715E-01  1.08367E-01  1.01875E-01  9.52418E-02  8.84719E-02  8.15698E-02
   7.45400E-02  6.73869E-02  6.01151E-02  5.27295E-02  4.52348E-02  3.76355E-02
   2.99373E-02  2.21466E-02  1.42702E-02  6.31485E-03 -1.71316E-03 -9.81083E-03
  -1.79764E-02 -2.62086E-02 -3.45058E-02 -4.28660E-02 -5.12872E-02 -5.97682E-02
  -6.83068E-02 -7.69011E-02 -8.55487E-02 -9.42474E-02 -1.02995E-01 -1.11788E-01
  -1.20625E-01 -1.29503E-01 -1.38418E-01 -1.47368E-01 -1.56349E-01 -1.65357E-01
  -1.74389E-01 -1.83441E-01 -1.92507E-01 -2.01585E-01 -2.10667E-01 -2.19749E-01
  -2.28826E-01 -2.37891E-01 -2.46937E-01 -2.55957E-01 -2.64945E-01 -2.73891E-01
  -2.82788E-01 -2.91627E-01 -3.00399E-01 -3.09094E-01 -3.17700E-01 -3.26205E-01
  -3.34599E-01 -3.42874E-01 -3.51020E-01 -3.59031E-01 -3.66900E-01 -3.74613E-01
  -3.82156E-01 -3.89510E-01 -3.96660E-01 -4.03589E-01 -4.10284E-01 -4.16732E-01
  -4.22919E-01 -4.28832E-01 -4.34464E-01 -4.39809E-01 -4.44861E-01 -4.49613E-01
  -4.54064E-01 -4.58217E-01 -4.62072E-01 -4.65630E-01 -4.68894E-01 -4.71866E-01
  -4.74549E-01 -4.76947E-01 -4.79063E-01 -4.80905E-01 -4.82478E-01 -4.83791E-01
  -4.84851E-01 -4.85675E-01 -4.86279E-01 -4.86681E-01 -4.86895E-01 -4.86930E-01
  -4.86793E-01 -4.86489E-01 -4.86025E-01 -4.85408E-01 -4.84651E-01 -4.83762E-01
  -4.82753E-01 -4.81633E-01 -4.80410E-01 -4.79092E-01 -4.77686E-01 -4.76200E-01
  -4.74640E-01 -4.73013E-01 -4.71324E-01 -4.69580E-01 -4.67786E-01 -4.65947E-01
  -4.64066E-01 -4.62147E-01 -4.60196E-01 -4.58216E-01 -4.56209E-01 -4.54181E-01
  -4.52132E-01 -4.50065E-01 -4.47980E-01 -4.45877E-01 -4.43758E-01 -4.41624E-01
  -4.39476E-01 -4.37314E-01 -1.94357E-02 -3.21651E-02 -4.37590E-02 -5.36611E-02
  -6.16049E-02 -6.73946E-02 -7.08342E-02 -7.17978E-02 -7.07187E-02 -6.82976E-02
  -6.52371E-02 -6.22173E-02 -5.94950E-02 -5.69483E-02 -5.44418E-02 -5.18413E-02
  -4.90733E-02 -4.61655E-02 -4.31552E-02 -4.00794E-02 -3.69656E-02 -3.38108E-02
  -3.06055E-02 -2.73405E-02 -2.40076E-02 -2.06069E-02 -1.71415E-02 -1.36144E-02
  -1.00288E-02 -6.38584E-03 -2.68543E-03  1.07249E-03  4.88806E-03  8.76042E-03
   1.26875E-02  1.66670E-02  2.06967E-02  2.47745E-02  2.88983E-02  3.30662E-02
   3.72761E-02  4.15260E-02  4.58134E-02  5.01359E-02  5.44909E-02  5.88758E-02
   6.32880E-02  6.77245E-02  7.21825E-02  7.66592E-02  8.11515E-02  8.56564E-02
   9.01704E-02  9.46904E-02  9.92131E-02  1.03735E-01  1.08252E-01  1.12762E-01
   1.17260E-01  1.21742E-01  1.26205E-01  1.30645E-01  1.35057E-01  1.39439E-01
   1.43785E-01  1.48092E-01  1.52355E-01  1.56570E-01  1.60733E-01  1.64839E-01
   1.68884E-01  1.72864E-01  1.76774E-01  1.80610E-01  1.84367E-01  1.88041E-01
   1.91627E-01  1.95121E-01  1.98518E-01  2.01813E-01  2.05004E-01  2.08084E-01
   2.11050E-01  2.13896E-01  2.16620E-01  2.19216E-01  2.21681E-01  2.24010E-01
   2.26200E-01  2.28245E-01  2.30144E-01  2.31890E-01  2.33482E-01  2.34915E-01
   2.36186E-01  2.37291E-01  2.38227E-01  2.38992E-01  2.39582E-01  2.39995E-01
   2.40227E-01  2.40276E-01  2.40140E-01  2.39817E-01  2.39304E-01  2.38600E-01
   2.37703E-01  2.36612E-01  2.35325E-01  2.33841E-01  2.32159E-01  2.30279E-01
   2.28199E-01  2.25919E-01  2.23440E-01  2.20760E-01  2.17882E-01  2.14803E-01
   2.11526E-01  2.08051E-01  2.04380E-01  2.00512E-01  1.96450E-01  1.92194E-01
   1.87748E-01  1.83112E-01  1.78289E-01  1.73281E-01  1.68090E-01  1.62720E-01
   1.57172E-01  1.51451E-01  1.45558E-01  1.39498E-01  1.33273E-01  1.26887E-01
   1.20345E-01  1.13651E-01  1.06807E-01  9.98190E-02  9.26907E-02  8.54270E-02
   7.80319E-02  7.05104E-02  6.28672E-02  5.51073E-02  4.72351E-02  3.92564E-02
   3.11774E-02  2.30047E-02  1.47446E-02  6.40356E-03 -2.01449E-03 -1.05064E-02
  -1.90693E-02 -2.77004E-02 -3.63975E-02 -4.51596E-02 -5.39862E-02 -6.28763E-02
  -7.18285E-02 -8.08404E-02 -8.99103E-02 -9.90359E-02 -1.08215E-01 -1.17445E-01
  -1.26723E-01 -1.36047E-01 -1.45415E-01 -1.54822E-01 -1.64267E-01 -1.73744E-01
  -1.83251E-01 -1.92783E-01 -2.02336E-01 -2.11904E-01 -2.21483E-01 -2.31067E-01
  -2.40649E-01 -2.50223E-01 -2.59780E-01 -2.69315E-01 -2.78818E-01 -2.88279E-01
  -2.97691E-01 -3.07044E-01 -3.16325E-01 -3.25521E-01 -3.34618E-01 -3.43604E-01
  -3.52471E-01 -3.61212E-01 -3.69821E-01 -3.78294E-01 -3.86615E-01 -3.94762E-01
  -4.02711E-01 -4.10439E-01 -4.17924E-01 -4.25147E-01 -4.32089E-01 -4.38732E-01
  -4.45058E-01 -4.51058E-01 -4.56724E-01 -4.62048E-01 -4.67024E-01 -4.71652E-01
  -4.75935E-01 -4.79877E-01 -4.83481E-01 -4.86750E-01 -4.89688E-01 -4.92299E-01
  -4.94586E-01 -4.96554E-01 -4.98211E-01 -4.99565E-01 -5.00625E-01 -5.01402E-01
  -5.01920E-01 -5.02203E-01 -5.02278E-01 -5.02166E-01 -5.01877E-01 -5.01414E-01
  -5.00783E-01 -4.99987E-01 -4.99035E-01 -4.97941E-01 -4.96716E-01 -4.95374E-01
  -4.93926E-01 -4.92380E-01 -4.90744E-01 -4.89027E-01 -4.87237E-01 -4.85380E-01
  -4.83464E-01 -4.81494E-01 -4.79478E-01 -4.77420E-01 -4.75325E-01 -4.73197E-01
  -4.71041E-01 -4.68860E-01 -4.66658E-01 -4.64438E-01 -4.62203E-01 -4.59956E-01
  -4.57698E-01 -4.55430E-01 -4.53154E-01 -4.50871E-01 -4.48582E-01 -4.46290E-01
  -4.43994E-01 -1.90275E-02 -3.17072E-02 -4.32409E-02 -5.30718E-02 -6.09411E-02
  -6.66627E-02 -7.00500E-02 -7.09852E-02 -6.98948E-02 -6.74664E-02 -6.43893E-02
  -6.13308E-02 -5.85460E-02 -5.59209E-02 -5.33289E-02 -5.06440E-02 -4.77971E-02
  -4.48135E-02 -4.17275E-02 -3.85730E-02 -3.53755E-02 -3.21319E-02 -2.88337E-02
  -2.54722E-02 -2.20401E-02 -1.85373E-02 -1.49664E-02 -1.13304E-02 -7.63195E-03
  -3.87223E-03 -5.14366E-05  3.83024E-03  7.77266E-03  1.17749E-02  1.58347E-02
   1.99501E-02  2.41187E-02  2.83385E-02  3.26073E-02  3.69232E-02  4.12840E-02
   4.56877E-02  5.01317E-02  5.46135E-02  5.91305E-02  6.36802E-02  6.82596E-02
   7.28660E-02  7.74963E-02  8.21477E-02  8.68169E-02  9.15009E-02  9.61961E-02
   1.00899E-01  1.05607E-01  1.10316E-01  1.15022E-01  1.19721E-01  1.24411E-01
   1.29086E-01  1.33742E-01  1.38377E-01  1.42985E-01  1.47563E-01  1.52106E-01
   1.56610E-01  1.61071E-01  1.65483E-01  1.69843E-01  1.74147E-01  1.78388E-01
   1.82564E-01  1.86669E-01  1.90698E-01  1.94648E-01  1.98512E-01  2.02288E-01
   2.05969E-01  2.09551E-01  2.13030E-01  2.16400E-01  2.19658E-01  2.22798E-01
   2.25817E-01  2.28708E-01  2.31469E-01  2.34095E-01  2.36581E-01  2.38923E-01
   2.41116E-01  2.43158E-01  2.45043E-01  2.46768E-01  2.48330E-01  2.49723E-01
   2.50946E-01  2.51994E-01  2.52865E-01  2.53554E-01  2.54060E-01  2.54379E-01
   2.54508E-01  2.54446E-01  2.54189E-01  2.53736E-01  2.53085E-01  2.52233E-01
   2.51180E-01  2.49923E-01  2.48462E-01  2.46795E-01  2.44922E-01  2.42841E-01
   2.40553E-01  2.38057E-01  2.35353E-01  2.32442E-01  2.29323E-01  2.25997E-01
   2.22465E-01  2.18727E-01  2.14786E-01  2.10642E-01  2.06296E-01  2.01751E-01
   1.97009E-01  1.92070E-01  1.86939E-01  1.81617E-01  1.76106E-01  1.70411E-01
   1.64533E-01  1.58476E-01  1.52243E-01  1.45837E-01  1.39263E-01  1.32524E-01
   1.25625E-01  1.18568E-01  1.11359E-01  1.04002E-01  9.65008E-02  8.88607E-02
   8.10863E-02  7.31823E-02  6.51540E-02  5.70057E-02  4.87432E-02  4.03723E-02
   3.18992E-02  2.33296E-02  1.46697E-02  5.92428E-03 -2.90171E-03 -1.18040E-02
  -2.07781E-02 -2.98218E-02 -3.89348E-02 -4.81176E-02 -5.73698E-02 -6.66909E-02
  -7.60787E-02 -8.55317E-02 -9.50478E-02 -1.04625E-01 -1.14262E-01 -1.23956E-01
  -1.33705E-01 -1.43507E-01 -1.53360E-01 -1.63259E-01 -1.73204E-01 -1.83189E-01
  -1.93211E-01 -2.03266E-01 -2.13349E-01 -2.23455E-01 -2.33580E-01 -2.43717E-01
  -2.53858E-01 -2.63996E-01 -2.74125E-01 -2.84234E-01 -2.94314E-01 -3.04356E-01
  -3.14350E-01 -3.24282E-01 -3.34137E-01 -3.43899E-01 -3.53555E-01 -3.63093E-01
  -3.72505E-01 -3.81781E-01 -3.90913E-01 -3.99883E-01 -4.08663E-01 -4.17228E-01
  -4.25550E-01 -4.33604E-01 -4.41367E-01 -4.48817E-01 -4.55931E-01 -4.62689E-01
  -4.69079E-01 -4.75091E-01 -4.80715E-01 -4.85942E-01 -4.90771E-01 -4.95204E-01
  -4.99246E-01 -5.02899E-01 -5.06167E-01 -5.09057E-01 -5.11572E-01 -5.13720E-01
  -5.15507E-01 -5.16945E-01 -5.18046E-01 -5.18822E-01 -5.19287E-01 -5.19469E-01
  -5.19397E-01 -5.19098E-01 -5.18598E-01 -5.17911E-01 -5.17044E-01 -5.16003E-01
  -5.14797E-01 -5.13436E-01 -5.11937E-01 -5.10311E-01 -5.08576E-01 -5.06741E-01
  -5.04817E-01 -5.02813E-01 -5.00737E-01 -4.98600E-01 -4.96407E-01 -4.94165E-01
  -4.91881E-01 -4.89561E-01 -4.87212E-01 -4.84835E-01 -4.82437E-01 -4.80022E-01
  -4.77592E-01 -4.75151E-01 -4.72701E-01 -4.70245E-01 -4.67786E-01 -4.65325E-01
  -4.62864E-01 -4.60405E-01 -4.57951E-01 -4.55502E-01 -4.53060E-01 -4.50628E-01
  -1.86089E-02 -3.12432E-02 -4.27247E-02 -5.24963E-02 -6.03037E-02 -6.59660E-02
  -6.93024E-02 -7.01992E-02 -6.90793E-02 -6.66224E-02 -6.35097E-02 -6.04013E-02
  -5.75511E-02 -5.48503E-02 -5.21773E-02 -4.94113E-02 -4.64859E-02 -4.34249E-02
  -4.02602E-02 -3.70242E-02 -3.37407E-02 -3.04068E-02 -2.70144E-02 -2.35554E-02
  -2.00228E-02 -1.64162E-02 -1.27384E-02 -8.99169E-03 -5.17861E-03 -1.30044E-03
   2.64239E-03  6.64942E-03  1.07202E-02  1.48537E-02  1.90478E-02  2.33004E-02
   2.76094E-02  3.19726E-02  3.63880E-02  4.08534E-02  4.53667E-02  4.99256E-02
   5.45278E-02  5.91705E-02  6.38512E-02  6.85672E-02  7.33156E-02  7.80935E-02
   8.28978E-02  8.77256E-02  9.25735E-02  9.74384E-02  1.02317E-01  1.07205E-01
   1.12100E-01  1.16997E-01  1.21894E-01  1.26785E-01  1.31668E-01  1.36538E-01
   1.41391E-01  1.46222E-01  1.51028E-01  1.55805E-01  1.60547E-01  1.65250E-01
   1.69910E-01  1.74522E-01  1.79082E-01  1.83585E-01  1.88025E-01  1.92399E-01
   1.96701E-01  2.00926E-01  2.05071E-01  2.09129E-01  2.13095E-01  2.16966E-01
   2.20736E-01  2.24400E-01  2.27953E-01  2.31391E-01  2.34708E-01  2.37900E-01
   2.40962E-01  2.43890E-01  2.46678E-01  2.49323E-01  2.51819E-01  2.54163E-01
   2.56350E-01  2.58376E-01  2.60237E-01  2.61928E-01  2.63447E-01  2.64789E-01
   2.65950E-01  2.66928E-01  2.67719E-01  2.68319E-01  2.68727E-01  2.68938E-01
   2.68950E-01  2.68761E-01  2.68369E-01  2.67771E-01  2.66965E-01  2.65951E-01
   2.64725E-01  2.63287E-01  2.61636E-01  2.59770E-01  2.57690E-01  2.55393E-01
   2.52881E-01  2.50153E-01  2.47209E-01  2.44049E-01  2.40673E-01  2.37084E-01
   2.33281E-01  2.29265E-01  2.25038E-01  2.20602E-01  2.15958E-01  2.11108E-01
   2.06054E-01  2.00798E-01  1.95343E-01  1.89692E-01  1.83847E-01  1.77812E-01
   1.71589E-01  1.65182E-01  1.58595E-01  1.51830E-01  1.44893E-01  1.37787E-01
   1.30516E-01  1.23084E-01  1.15495E-01  1.07755E-01  9.98683E-02  9.18388E-02
   8.36719E-02  7.53728E-02  6.69459E-02  5.83972E-02  4.97318E-02  4.09554E-02
   3.20732E-02  2.30909E-02  1.40145E-02  4.84990E-03 -4.39712E-03 -1.37210E-02
  -2.31190E-02 -3.25915E-02 -4.21394E-02 -5.17631E-02 -6.14623E-02 -7.12354E-02
  -8.10814E-02 -9.09986E-02 -1.00986E-01 -1.11041E-01 -1.21163E-01 -1.31351E-01
  -1.41603E-01 -1.51917E-01 -1.62290E-01 -1.72721E-01 -1.83205E-01 -1.93741E-01
  -2.04324E-01 -2.14951E-01 -2.25616E-01 -2.36317E-01 -2.47045E-01 -2.57795E-01
  -2.68560E-01 -2.79333E-01 -2.90104E-01 -3.00863E-01 -3.11598E-01 -3.22301E-01
  -3.32955E-01 -3.43546E-01 -3.54058E-01 -3.64476E-01 -3.74780E-01 -3.84949E-01
  -3.94963E-01 -4.04799E-01 -4.14437E-01 -4.23850E-01 -4.33016E-01 -4.41909E-01
  -4.50506E-01 -4.58784E-01 -4.66722E-01 -4.74298E-01 -4.81490E-01 -4.88283E-01
  -4.94664E-01 -5.00619E-01 -5.06134E-01 -5.11204E-01 -5.15826E-01 -5.19999E-01
  -5.23720E-01 -5.26994E-01 -5.29830E-01 -5.32238E-01 -5.34229E-01 -5.35815E-01
  -5.37014E-01 -5.37846E-01 -5.38329E-01 -5.38482E-01 -5.38329E-01 -5.37890E-01
  -5.37188E-01 -5.36244E-01 -5.35079E-01 -5.33714E-01 -5.32167E-01 -5.30458E-01
  -5.28604E-01 -5.26621E-01 -5.24522E-01 -5.22324E-01 -5.20039E-01 -5.17677E-01
  -5.15249E-01 -5.12764E-01 -5.10233E-01 -5.07661E-01 -5.05056E-01 -5.02423E-01
  -4.99770E-01 -4.97100E-01 -4.94417E-01 -4.91727E-01 -4.89031E-01 -4.86334E-01
  -4.83638E-01 -4.80944E-01 -4.78254E-01 -4.75572E-01 -4.72898E-01 -4.70236E-01
  -4.67586E-01 -4.64951E-01 -4.62333E-01 -4.59734E-01 -4.57156E-01 -1.81846E-02
  -3.07816E-02 -4.22251E-02 -5.19581E-02 -5.97251E-02 -6.53438E-02 -6.86319E-02
  -6.94745E-02 -6.82950E-02 -6.57746E-02 -6.25961E-02 -5.94207E-02 -5.65028E-02
  -5.37331E-02 -5.09893E-02 -4.81499E-02 -4.51482E-02 -4.20079E-02 -3.87609E-02
  -3.54395E-02 -3.20674E-02 -2.86419E-02 -2.51546E-02 -2.15974E-02 -1.79632E-02
  -1.42517E-02 -1.04653E-02 -6.60630E-03 -2.67713E-03  1.32090E-03  5.38708E-03
   9.52074E-03  1.37212E-02  1.79873E-02  2.23169E-02  2.67081E-02  3.11587E-02
   3.56666E-02  4.02298E-02  4.48460E-02  4.95129E-02  5.42285E-02  5.89901E-02
   6.37951E-02  6.86409E-02  7.35246E-02  7.84434E-02  8.33943E-02  8.83740E-02
   9.33797E-02  9.84079E-02  1.03455E-01  1.08518E-01  1.13593E-01  1.18677E-01
   1.23765E-01  1.28853E-01  1.33938E-01  1.39016E-01  1.44083E-01  1.49133E-01
   1.54164E-01  1.59170E-01  1.64146E-01  1.69090E-01  1.73994E-01  1.78856E-01
   1.83670E-01  1.88431E-01  1.93135E-01  1.97776E-01  2.02350E-01  2.06852E-01
   2.11275E-01  2.15616E-01  2.19870E-01  2.24030E-01  2.28093E-01  2.32052E-01
   2.35904E-01  2.39642E-01  2.43261E-01  2.46758E-01  2.50126E-01  2.53360E-01
   2.56457E-01  2.59410E-01  2.62216E-01  2.64869E-01  2.67365E-01  2.69699E-01
   2.71867E-01  2.73865E-01  2.75689E-01  2.77334E-01  2.78797E-01  2.80073E-01
   2.81160E-01  2.82053E-01  2.82750E-01  2.83247E-01  2.83541E-01  2.83629E-01
   2.83510E-01  2.83179E-01  2.82636E-01  2.81877E-01  2.80902E-01  2.79708E-01
   2.78294E-01  2.76659E-01  2.74802E-01  2.72722E-01  2.70418E-01  2.67889E-01
   2.65137E-01  2.62161E-01  2.58960E-01  2.55536E-01  2.51889E-01  2.48020E-01
   2.43930E-01  2.39621E-01  2.35093E-01  2.30350E-01  2.25392E-01  2.20221E-01
   2.14841E-01  2.09253E-01  2.03461E-01  1.97466E-01  1.91272E-01  1.84883E-01
   1.78302E-01  1.71532E-01  1.64577E-01  1.57440E-01  1.50127E-01  1.42640E-01
   1.34984E-01  1.27164E-01  1.19184E-01  1.11049E-01  1.02763E-01  9.43325E-02
   8.57613E-02  7.70544E-02  6.82177E-02  5.92560E-02  5.01747E-02  4.09786E-02
   3.16732E-02  2.22648E-02  1.27603E-02  3.16610E-03 -6.51151E-03 -1.62696E-02
  -2.61083E-02 -3.60288E-02 -4.60312E-02 -5.61157E-02 -6.62813E-02 -7.65277E-02
  -8.68539E-02 -9.72592E-02 -1.07743E-01 -1.18304E-01 -1.28942E-01 -1.39657E-01
  -1.50446E-01 -1.61308E-01 -1.72241E-01 -1.83245E-01 -1.94316E-01 -2.05451E-01
  -2.16648E-01 -2.27903E-01 -2.39211E-01 -2.50569E-01 -2.61970E-01 -2.73409E-01
  -2.84879E-01 -2.96369E-01 -3.07868E-01 -3.19365E-01 -3.30850E-01 -3.42306E-01
  -3.53721E-01 -3.65079E-01 -3.76365E-01 -3.87544E-01 -3.98574E-01 -4.09411E-01
  -4.20014E-01 -4.30354E-01 -4.40414E-01 -4.50179E-01 -4.59633E-01 -4.68760E-01
  -4.77543E-01 -4.85962E-01 -4.94000E-01 -5.01639E-01 -5.08860E-01 -5.15642E-01
  -5.21966E-01 -5.27814E-01 -5.33171E-01 -5.38023E-01 -5.42358E-01 -5.46164E-01
  -5.49444E-01 -5.52214E-01 -5.54492E-01 -5.56294E-01 -5.57642E-01 -5.58565E-01
  -5.59095E-01 -5.59260E-01 -5.59087E-01 -5.58582E-01 -5.57751E-01 -5.56601E-01
  -5.55139E-01 -5.53400E-01 -5.51426E-01 -5.49260E-01 -5.46942E-01 -5.44499E-01
  -5.41945E-01 -5.39293E-01 -5.36559E-01 -5.33754E-01 -5.30890E-01 -5.27979E-01
  -5.25033E-01 -5.22060E-01 -5.19068E-01 -5.16061E-01 -5.13047E-01 -5.10029E-01
  -5.07013E-01 -5.04000E-01 -5.00996E-01 -4.98002E-01 -4.95022E-01 -4.92056E-01
  -4.89106E-01 -4.86173E-01 -4.83259E-01 -4.80365E-01 -4.77493E-01 -4.74645E-01
  -4.71823E-01 -4.69027E-01 -4.66260E-01 -4.63523E-01 -1.77547E-02 -3.03200E-02
  -4.17358E-02 -5.14452E-02 -5.91875E-02 -6.47737E-02 -6.80151E-02 -6.87913E-02
  -6.75297E-02 -6.49199E-02 -6.16529E-02 -5.83981E-02 -5.54113E-02 -5.25781E-02
  -4.97714E-02 -4.68646E-02 -4.37883E-02 -4.05672E-02 -3.72349E-02 -3.38250E-02
  -3.03624E-02 -2.68439E-02 -2.32611E-02 -1.96051E-02 -1.58685E-02 -1.20509E-02
  -8.15459E-03 -4.18206E-03 -1.35588E-04  3.98334E-03  8.17384E-03  1.24351E-02
   1.67661E-02  2.11657E-02  2.56319E-02  3.01626E-02  3.47558E-02  3.94094E-02
   4.41213E-02  4.88893E-02  5.37109E-02  5.85841E-02  6.35063E-02  6.84746E-02
   7.34864E-02  7.85390E-02  8.36293E-02  8.87543E-02  9.39107E-02  9.90954E-02
   1.04305E-01  1.09536E-01  1.14785E-01  1.20048E-01  1.25321E-01  1.30601E-01
   1.35883E-01  1.41164E-01  1.46438E-01  1.51703E-01  1.56953E-01  1.62183E-01
   1.67390E-01  1.72569E-01  1.77715E-01  1.82823E-01  1.87888E-01  1.92905E-01
   1.97870E-01  2.02777E-01  2.07621E-01  2.12396E-01  2.17099E-01  2.21722E-01
   2.26262E-01  2.30713E-01  2.35069E-01  2.39325E-01  2.43476E-01  2.47517E-01
   2.51441E-01  2.55245E-01  2.58922E-01  2.62468E-01  2.65877E-01  2.69144E-01
   2.72264E-01  2.75232E-01  2.78043E-01  2.80693E-01  2.83176E-01  2.85489E-01
   2.87626E-01  2.89583E-01  2.91357E-01  2.92942E-01  2.94335E-01  2.95531E-01
   2.96529E-01  2.97323E-01  2.97911E-01  2.98289E-01  2.98455E-01  2.98405E-01
   2.98138E-01  2.97650E-01  2.96939E-01  2.96005E-01  2.94844E-01  2.93455E-01
   2.91837E-01  2.89989E-01  2.87910E-01  2.85598E-01  2.83055E-01  2.80279E-01
   2.77270E-01  2.74029E-01  2.70557E-01  2.66853E-01  2.62918E-01  2.58755E-01
   2.54363E-01  2.49745E-01  2.44902E-01  2.39836E-01  2.34549E-01  2.29045E-01
   2.23324E-01  2.17390E-01  2.11246E-01  2.04894E-01  1.98339E-01  1.91583E-01
   1.84630E-01  1.77484E-01  1.70149E-01  1.62628E-01  1.54926E-01  1.47047E-01
   1.38995E-01  1.30776E-01  1.22393E-01  1.13852E-01  1.05157E-01  9.63139E-02
   8.73271E-02  7.82023E-02  6.89443E-02  5.95583E-02  5.00489E-02  4.04214E-02
   3.06824E-02  2.08388E-02  1.08973E-02  8.64503E-04 -9.25639E-03 -1.94650E-02
  -2.97620E-02 -4.01472E-02 -5.06206E-02 -6.11822E-02 -7.18326E-02 -8.25718E-02
  -9.33999E-02 -1.04317E-01 -1.15323E-01 -1.26418E-01 -1.37602E-01 -1.48875E-01
  -1.60236E-01 -1.71684E-01 -1.83220E-01 -1.94841E-01 -2.06546E-01 -2.18333E-01
  -2.30199E-01 -2.42144E-01 -2.54161E-01 -2.66248E-01 -2.78401E-01 -2.90613E-01
  -3.02875E-01 -3.15174E-01 -3.27500E-01 -3.39843E-01 -3.52188E-01 -3.64523E-01
  -3.76834E-01 -3.89105E-01 -4.01289E-01 -4.13323E-01 -4.25145E-01 -4.36693E-01
  -4.47930E-01 -4.58842E-01 -4.69418E-01 -4.79645E-01 -4.89509E-01 -4.98992E-01
  -5.08076E-01 -5.16741E-01 -5.24968E-01 -5.32731E-01 -5.40006E-01 -5.46765E-01
  -5.52984E-01 -5.58640E-01 -5.63708E-01 -5.68168E-01 -5.71998E-01 -5.75202E-01
  -5.77803E-01 -5.79826E-01 -5.81295E-01 -5.82243E-01 -5.82713E-01 -5.82749E-01
  -5.82395E-01 -5.81686E-01 -5.80622E-01 -5.79197E-01 -5.77407E-01 -5.75253E-01
  -5.72782E-01 -5.70059E-01 -5.67145E-01 -5.64102E-01 -5.60963E-01 -5.57741E-01
  -5.54450E-01 -5.51102E-01 -5.47710E-01 -5.44285E-01 -5.40839E-01 -5.37383E-01
  -5.33929E-01 -5.30480E-01 -5.27042E-01 -5.23618E-01 -5.20213E-01 -5.16830E-01
  -5.13471E-01 -5.10138E-01 -5.06834E-01 -5.03559E-01 -5.00315E-01 -4.97102E-01
  -4.93920E-01 -4.90770E-01 -4.87653E-01 -4.84570E-01 -4.81520E-01 -4.78506E-01
  -4.75528E-01 -4.72587E-01 -4.69683E-01 -1.73182E-02 -2.98537E-02 -4.12455E-02
  -5.09369E-02 -5.86602E-02 -6.42180E-02 -6.74125E-02 -6.81164E-02 -6.67624E-02
  -6.40515E-02 -6.06863E-02 -5.73471E-02 -5.42910E-02 -5.13972E-02 -4.85313E-02
  -4.55597E-02 -4.24092E-02 -3.91064E-02 -3.56869E-02 -3.21867E-02 -2.86322E-02
  -2.50200E-02 -2.13409E-02 -1.75855E-02 -1.37456E-02 -9.82086E-03 -5.81366E-03
  -1.72654E-03  2.43807E-03  6.67859E-03  1.09940E-02  1.53833E-02  1.98455E-02
   2.43793E-02  2.89826E-02  3.36535E-02  3.83900E-02  4.31900E-02  4.80513E-02
   5.29716E-02  5.79487E-02  6.29802E-02  6.80635E-02  7.31959E-02  7.83746E-02
   8.35968E-02  8.88594E-02  9.41592E-02  9.94931E-02  1.04858E-01  1.10250E-01
   1.15665E-01  1.21101E-01  1.26553E-01  1.32017E-01  1.37490E-01  1.42967E-01
   1.48443E-01  1.53916E-01  1.59379E-01  1.64830E-01  1.70262E-01  1.75671E-01
   1.81053E-01  1.86403E-01  1.91715E-01  1.96985E-01  2.02207E-01  2.07376E-01
   2.12488E-01  2.17535E-01  2.22514E-01  2.27419E-01  2.32244E-01  2.36984E-01
   2.41634E-01  2.46187E-01  2.50638E-01  2.54982E-01  2.59213E-01  2.63326E-01
   2.67315E-01  2.71175E-01  2.74900E-01  2.78484E-01  2.81924E-01  2.85212E-01
   2.88344E-01  2.91315E-01  2.94120E-01  2.96754E-01  2.99213E-01  3.01490E-01
   3.03582E-01  3.05485E-01  3.07194E-01  3.08705E-01  3.10013E-01  3.11116E-01
   3.12009E-01  3.12689E-01  3.13153E-01  3.13397E-01  3.13418E-01  3.13215E-01
   3.12784E-01  3.12122E-01  3.11229E-01  3.10102E-01  3.08739E-01  3.07139E-01
   3.05301E-01  3.03223E-01  3.00906E-01  2.98347E-01  2.95549E-01  2.92509E-01
   2.89229E-01  2.85708E-01  2.81947E-01  2.77948E-01  2.73711E-01  2.69238E-01
   2.64530E-01  2.59588E-01  2.54415E-01  2.49013E-01  2.43385E-01  2.37532E-01
   2.31457E-01  2.25164E-01  2.18656E-01  2.11935E-01  2.05006E-01  1.97871E-01
   1.90535E-01  1.83002E-01  1.75275E-01  1.67359E-01  1.59258E-01  1.50976E-01
   1.42519E-01  1.33890E-01  1.25095E-01  1.16138E-01  1.07025E-01  9.77597E-02
   8.83486E-02  7.87962E-02  6.91076E-02  5.92873E-02  4.93407E-02  3.92741E-02
   2.90943E-02  1.88078E-02  8.42089E-03 -2.06257E-03 -1.26414E-02 -2.33154E-02
  -3.40834E-02 -4.49456E-02 -5.59028E-02 -6.69567E-02 -7.81084E-02 -8.93591E-02
  -1.00710E-01 -1.12161E-01 -1.23714E-01 -1.35370E-01 -1.47129E-01 -1.58992E-01
  -1.70960E-01 -1.83033E-01 -1.95212E-01 -2.07496E-01 -2.19886E-01 -2.32380E-01
  -2.44978E-01 -2.57678E-01 -2.70478E-01 -2.83375E-01 -2.96367E-01 -3.09444E-01
  -3.22598E-01 -3.35819E-01 -3.49099E-01 -3.62425E-01 -3.75784E-01 -3.89164E-01
  -4.02549E-01 -4.15891E-01 -4.29122E-01 -4.42177E-01 -4.54991E-01 -4.67516E-01
  -4.79722E-01 -4.91582E-01 -5.03067E-01 -5.14147E-01 -5.24787E-01 -5.34952E-01
  -5.44607E-01 -5.53720E-01 -5.62256E-01 -5.70185E-01 -5.77474E-01 -5.84092E-01
  -5.90013E-01 -5.95216E-01 -5.99678E-01 -6.03377E-01 -6.06320E-01 -6.08538E-01
  -6.10059E-01 -6.10914E-01 -6.11146E-01 -6.10811E-01 -6.09969E-01 -6.08679E-01
  -6.06991E-01 -6.04920E-01 -6.02480E-01 -5.99680E-01 -5.96538E-01 -5.93109E-01
  -5.89458E-01 -5.85652E-01 -5.81757E-01 -5.77806E-01 -5.73813E-01 -5.69790E-01
  -5.65750E-01 -5.61705E-01 -5.57664E-01 -5.53638E-01 -5.49637E-01 -5.45668E-01
  -5.41735E-01 -5.37842E-01 -5.33990E-01 -5.30182E-01 -5.26420E-01 -5.22705E-01
  -5.19036E-01 -5.15416E-01 -5.11844E-01 -5.08320E-01 -5.04842E-01 -5.01412E-01
  -4.98027E-01 -4.94688E-01 -4.91394E-01 -4.88145E-01 -4.84941E-01 -4.81782E-01
  -4.78666E-01 -4.75594E-01 -1.68742E-02 -2.93780E-02 -4.07429E-02 -5.04125E-02
  -5.81129E-02 -6.36387E-02 -6.67844E-02 -6.74162E-02 -6.59719E-02 -6.31630E-02
  -5.97025E-02 -5.62809E-02 -5.31566E-02 -5.02022E-02 -4.72767E-02 -4.42396E-02
  -4.10144E-02 -3.76291E-02 -3.41219E-02 -3.05307E-02 -2.68837E-02 -2.31771E-02
  -1.94011E-02 -1.55454E-02 -1.16015E-02 -7.56875E-03 -3.44981E-03  7.52589E-04
   5.03587E-03  9.39831E-03  1.38389E-02  1.83564E-02  2.29500E-02  2.76182E-02
   3.23590E-02  3.71705E-02  4.20506E-02  4.69973E-02  5.20083E-02  5.70814E-02
   6.22142E-02  6.74044E-02  7.26493E-02  7.79461E-02  8.32921E-02  8.86843E-02
   9.41196E-02  9.95948E-02  1.05107E-01  1.10652E-01  1.16227E-01  1.21827E-01
   1.27450E-01  1.33092E-01  1.38748E-01  1.44414E-01  1.50086E-01  1.55759E-01
   1.61430E-01  1.67094E-01  1.72745E-01  1.78380E-01  1.83992E-01  1.89579E-01
   1.95133E-01  2.00650E-01  2.06126E-01  2.11554E-01  2.16929E-01  2.22245E-01
   2.27498E-01  2.32681E-01  2.37790E-01  2.42818E-01  2.47759E-01  2.52608E-01
   2.57359E-01  2.62007E-01  2.66545E-01  2.70969E-01  2.75271E-01  2.79446E-01
   2.83490E-01  2.87395E-01  2.91157E-01  2.94769E-01  2.98227E-01  3.01525E-01
   3.04657E-01  3.07619E-01  3.10404E-01  3.13009E-01  3.15429E-01  3.17657E-01
   3.19691E-01  3.21524E-01  3.23154E-01  3.24575E-01  3.25785E-01  3.26778E-01
   3.27551E-01  3.28101E-01  3.28425E-01  3.28519E-01  3.28380E-01  3.28007E-01
   3.27396E-01  3.26545E-01  3.25452E-01  3.24116E-01  3.22535E-01  3.20708E-01
   3.18633E-01  3.16310E-01  3.13738E-01  3.10918E-01  3.07848E-01  3.04529E-01
   3.00961E-01  2.97145E-01  2.93082E-01  2.88773E-01  2.84219E-01  2.79422E-01
   2.74383E-01  2.69104E-01  2.63588E-01  2.57837E-01  2.51853E-01  2.45640E-01
   2.39199E-01  2.32535E-01  2.25651E-01  2.18550E-01  2.11235E-01  2.03711E-01
   1.95982E-01  1.88052E-01  1.79924E-01  1.71603E-01  1.63094E-01  1.54401E-01
   1.45529E-01  1.36483E-01  1.27267E-01  1.17888E-01  1.08348E-01  9.86540E-02
   8.88109E-02  7.88237E-02  6.86969E-02  5.84359E-02  4.80466E-02  3.75355E-02
   2.69084E-02  1.61713E-02  5.32859E-03 -5.61741E-03 -1.66652E-02 -2.78125E-02
  -3.90593E-02 -5.04075E-02 -6.18601E-02 -7.34196E-02 -8.50882E-02 -9.68676E-02
  -1.08760E-01 -1.20767E-01 -1.32890E-01 -1.45132E-01 -1.57494E-01 -1.69979E-01
  -1.82589E-01 -1.95326E-01 -2.08192E-01 -2.21189E-01 -2.34317E-01 -2.47579E-01
  -2.60976E-01 -2.74506E-01 -2.88172E-01 -3.01971E-01 -3.15901E-01 -3.29958E-01
  -3.44138E-01 -3.58436E-01 -3.72841E-01 -3.87338E-01 -4.01914E-01 -4.16554E-01
  -4.31227E-01 -4.45895E-01 -4.60520E-01 -4.75061E-01 -4.89462E-01 -5.03642E-01
  -5.17523E-01 -5.31025E-01 -5.44069E-01 -5.56579E-01 -5.68477E-01 -5.79688E-01
  -5.90141E-01 -5.99793E-01 -6.08608E-01 -6.16550E-01 -6.23584E-01 -6.29696E-01
  -6.34881E-01 -6.39135E-01 -6.42453E-01 -6.44850E-01 -6.46358E-01 -6.47008E-01
  -6.46832E-01 -6.45877E-01 -6.44214E-01 -6.41916E-01 -6.39057E-01 -6.35709E-01
  -6.31949E-01 -6.27852E-01 -6.23494E-01 -6.18948E-01 -6.14261E-01 -6.09470E-01
  -6.04613E-01 -5.99728E-01 -5.94839E-01 -5.89961E-01 -5.85109E-01 -5.80297E-01
  -5.75536E-01 -5.70831E-01 -5.66188E-01 -5.61612E-01 -5.57105E-01 -5.52669E-01
  -5.48306E-01 -5.44015E-01 -5.39797E-01 -5.35652E-01 -5.31578E-01 -5.27574E-01
  -5.23640E-01 -5.19773E-01 -5.15972E-01 -5.12235E-01 -5.08561E-01 -5.04947E-01
  -5.01393E-01 -4.97896E-01 -4.94455E-01 -4.91067E-01 -4.87732E-01 -4.84447E-01
  -4.81211E-01 -1.64222E-02 -2.88893E-02 -4.02193E-02 -4.98558E-02 -5.75214E-02
  -6.30059E-02 -6.60996E-02 -6.66648E-02 -6.51426E-02 -6.22505E-02 -5.87082E-02
  -5.52120E-02 -5.20212E-02 -4.90039E-02 -4.60147E-02 -4.29088E-02 -3.96071E-02
  -3.61393E-02 -3.25447E-02 -2.88631E-02 -2.51236E-02 -2.13223E-02 -1.74486E-02
  -1.34920E-02 -9.44324E-03 -5.30180E-03 -1.07059E-03  3.24748E-03  7.64958E-03
   1.21339E-02  1.66995E-02  2.13452E-02  2.60700E-02  3.08725E-02  3.57508E-02
   4.07028E-02  4.57265E-02  5.08199E-02  5.59807E-02  6.12066E-02  6.64951E-02
   7.18440E-02  7.72506E-02  8.27120E-02  8.82253E-02  9.37876E-02  9.93958E-02
   1.05046E-01  1.10736E-01  1.16462E-01  1.22220E-01  1.28006E-01  1.33817E-01
   1.39648E-01  1.45495E-01  1.51355E-01  1.57223E-01  1.63094E-01  1.68963E-01
   1.74827E-01  1.80680E-01  1.86517E-01  1.92334E-01  1.98125E-01  2.03884E-01
   2.09607E-01  2.15289E-01  2.20923E-01  2.26504E-01  2.32027E-01  2.37485E-01
   2.42874E-01  2.48187E-01  2.53418E-01  2.58561E-01  2.63611E-01  2.68561E-01
   2.73406E-01  2.78139E-01  2.82755E-01  2.87248E-01  2.91611E-01  2.95839E-01
   2.99926E-01  3.03865E-01  3.07652E-01  3.11280E-01  3.14745E-01  3.18039E-01
   3.21158E-01  3.24097E-01  3.26850E-01  3.29411E-01  3.31777E-01  3.33943E-01
   3.35902E-01  3.37652E-01  3.39187E-01  3.40504E-01  3.41598E-01  3.42466E-01
   3.43103E-01  3.43507E-01  3.43675E-01  3.43602E-01  3.43287E-01  3.42727E-01
   3.41920E-01  3.40863E-01  3.39555E-01  3.37994E-01  3.36179E-01  3.34108E-01
   3.31781E-01  3.29196E-01  3.26355E-01  3.23256E-01  3.19900E-01  3.16286E-01
   3.12416E-01  3.08291E-01  3.03911E-01  2.99278E-01  2.94393E-01  2.89258E-01
   2.83876E-01  2.78247E-01  2.72375E-01  2.66263E-01  2.59912E-01  2.53327E-01
   2.46509E-01  2.39464E-01  2.32193E-01  2.24702E-01  2.16993E-01  2.09070E-01
   2.00939E-01  1.92603E-01  1.84066E-01  1.75334E-01  1.66410E-01  1.57299E-01
   1.48006E-01  1.38536E-01  1.28894E-01  1.19085E-01  1.09114E-01  9.89860E-02
   8.87061E-02  7.82791E-02  6.77103E-02  5.70052E-02  4.61695E-02  3.52087E-02
   2.41281E-02  1.29327E-02  1.62614E-03 -9.78862E-03 -2.13079E-02 -3.29312E-02
  -4.46620E-02 -5.65046E-02 -6.84625E-02 -8.05396E-02 -9.27384E-02 -1.05062E-01
  -1.17513E-01 -1.30094E-01 -1.42808E-01 -1.55660E-01 -1.68653E-01 -1.81790E-01
  -1.95077E-01 -2.08517E-01 -2.22115E-01 -2.35875E-01 -2.49802E-01 -2.63898E-01
  -2.78166E-01 -2.92609E-01 -3.07232E-01 -3.22038E-01 -3.37035E-01 -3.52227E-01
  -3.67617E-01 -3.83191E-01 -3.98933E-01 -4.14825E-01 -4.30852E-01 -4.47030E-01
  -4.63388E-01 -4.79956E-01 -4.96760E-01 -5.13728E-01 -5.30688E-01 -5.47464E-01
  -5.63882E-01 -5.79776E-01 -5.94996E-01 -6.09396E-01 -6.22828E-01 -6.35164E-01
  -6.46346E-01 -6.56329E-01 -6.65070E-01 -6.72532E-01 -6.78731E-01 -6.83703E-01
  -6.87486E-01 -6.90117E-01 -6.91626E-01 -6.92042E-01 -6.91388E-01 -6.89692E-01
  -6.87001E-01 -6.83398E-01 -6.78965E-01 -6.73788E-01 -6.67975E-01 -6.61715E-01
  -6.55207E-01 -6.48653E-01 -6.42229E-01 -6.35957E-01 -6.29805E-01 -6.23742E-01
  -6.17737E-01 -6.11790E-01 -6.05920E-01 -6.00148E-01 -5.94493E-01 -5.88965E-01
  -5.83561E-01 -5.78277E-01 -5.73108E-01 -5.68052E-01 -5.63106E-01 -5.58268E-01
  -5.53538E-01 -5.48912E-01 -5.44388E-01 -5.39963E-01 -5.35632E-01 -5.31393E-01
  -5.27241E-01 -5.23174E-01 -5.19189E-01 -5.15283E-01 -5.11452E-01 -5.07694E-01
  -5.04005E-01 -5.00382E-01 -4.96823E-01 -4.93324E-01 -4.89882E-01 -4.86494E-01
  -1.59641E-02 -2.83896E-02 -3.96764E-02 -4.92682E-02 -5.68867E-02 -6.23209E-02
  -6.53598E-02 -6.58654E-02 -6.42792E-02 -6.13207E-02 -5.77113E-02 -5.41489E-02
  -5.08926E-02 -4.78090E-02 -4.47509E-02 -4.15719E-02 -3.81922E-02 -3.46418E-02
  -3.09609E-02 -2.71898E-02 -2.33583E-02 -1.94622E-02 -1.54905E-02 -1.14324E-02
  -7.27839E-03 -3.02799E-03  1.31565E-03  5.74937E-03  1.02701E-02  1.48761E-02
   1.95662E-02  2.43396E-02  2.91953E-02  3.41318E-02  3.91472E-02  4.42394E-02
   4.94064E-02  5.46462E-02  5.99564E-02  6.53347E-02  7.07787E-02  7.62860E-02
   8.18538E-02  8.74794E-02  9.31597E-02  9.88919E-02  1.04673E-01  1.10499E-01
   1.16366E-01  1.22272E-01  1.28213E-01  1.34184E-01  1.40182E-01  1.46203E-01
   1.52242E-01  1.58295E-01  1.64358E-01  1.70426E-01  1.76495E-01  1.82559E-01
   1.88613E-01  1.94653E-01  2.00673E-01  2.06668E-01  2.12633E-01  2.18562E-01
   2.24450E-01  2.30290E-01  2.36078E-01  2.41807E-01  2.47471E-01  2.53065E-01
   2.58582E-01  2.64017E-01  2.69363E-01  2.74614E-01  2.79763E-01  2.84806E-01
   2.89735E-01  2.94544E-01  2.99227E-01  3.03778E-01  3.08191E-01  3.12460E-01
   3.16578E-01  3.20540E-01  3.24339E-01  3.27970E-01  3.31427E-01  3.34705E-01
   3.37797E-01  3.40698E-01  3.43403E-01  3.45907E-01  3.48205E-01  3.50292E-01
   3.52162E-01  3.53812E-01  3.55237E-01  3.56433E-01  3.57396E-01  3.58122E-01
   3.58607E-01  3.58849E-01  3.58843E-01  3.58588E-01  3.58080E-01  3.57318E-01
   3.56298E-01  3.55018E-01  3.53478E-01  3.51676E-01  3.49610E-01  3.47280E-01
   3.44685E-01  3.41824E-01  3.38697E-01  3.35305E-01  3.31647E-01  3.27725E-01
   3.23539E-01  3.19090E-01  3.14379E-01  3.09409E-01  3.04180E-01  2.98696E-01
   2.92957E-01  2.86967E-01  2.80728E-01  2.74243E-01  2.67515E-01  2.60547E-01
   2.53344E-01  2.45907E-01  2.38242E-01  2.30352E-01  2.22241E-01  2.13913E-01
   2.05373E-01  1.96625E-01  1.87673E-01  1.78523E-01  1.69179E-01  1.59645E-01
   1.49927E-01  1.40030E-01  1.29958E-01  1.19717E-01  1.09311E-01  9.87468E-02
   8.80279E-02  7.71599E-02  6.61480E-02  5.49973E-02  4.37125E-02  3.22985E-02
   2.07607E-02  9.10427E-03 -2.66650E-03 -1.45465E-02 -2.65350E-02 -3.86363E-02
  -5.08561E-02 -6.31991E-02 -7.56703E-02 -8.82732E-02 -1.01012E-01 -1.13890E-01
  -1.26910E-01 -1.40079E-01 -1.53401E-01 -1.66882E-01 -1.80527E-01 -1.94343E-01
  -2.08337E-01 -2.22516E-01 -2.36888E-01 -2.51459E-01 -2.66235E-01 -2.81223E-01
  -2.96427E-01 -3.11859E-01 -3.27532E-01 -3.43466E-01 -3.59677E-01 -3.76177E-01
  -3.92951E-01 -4.09976E-01 -4.27228E-01 -4.44696E-01 -4.62457E-01 -4.80637E-01
  -4.99362E-01 -5.18751E-01 -5.38710E-01 -5.58939E-01 -5.79129E-01 -5.98972E-01
  -6.18189E-01 -6.36560E-01 -6.53871E-01 -6.69909E-01 -6.84486E-01 -6.97507E-01
  -7.08897E-01 -7.18582E-01 -7.26505E-01 -7.32721E-01 -7.37339E-01 -7.40467E-01
  -7.42209E-01 -7.42621E-01 -7.41715E-01 -7.39503E-01 -7.35996E-01 -7.31238E-01
  -7.25320E-01 -7.18337E-01 -7.10386E-01 -7.01621E-01 -6.92373E-01 -6.83003E-01
  -6.73874E-01 -6.65296E-01 -6.57258E-01 -6.49632E-01 -6.42289E-01 -6.35108E-01
  -6.28054E-01 -6.21152E-01 -6.14429E-01 -6.07912E-01 -6.01610E-01 -5.95509E-01
  -5.89592E-01 -5.83844E-01 -5.78253E-01 -5.72812E-01 -5.67518E-01 -5.62366E-01
  -5.57353E-01 -5.52471E-01 -5.47715E-01 -5.43078E-01 -5.38554E-01 -5.34138E-01
  -5.29825E-01 -5.25611E-01 -5.21491E-01 -5.17462E-01 -5.13517E-01 -5.09654E-01
  -5.05868E-01 -5.02154E-01 -4.98508E-01 -4.94925E-01 -4.91402E-01 -1.55021E-02
  -2.78819E-02 -3.91185E-02 -4.86555E-02 -5.62164E-02 -6.15925E-02 -6.45752E-02
  -6.50281E-02 -6.33918E-02 -6.03830E-02 -5.67202E-02 -5.30988E-02 -4.97772E-02
  -4.66231E-02 -4.34904E-02 -4.02340E-02 -3.67745E-02 -3.31419E-02 -2.93760E-02
  -2.55170E-02 -2.15942E-02 -1.76035E-02 -1.35338E-02 -9.37399E-03 -5.11466E-03
  -7.55443E-04  3.70032E-03  8.24928E-03  1.28882E-02  1.76152E-02  2.24293E-02
   2.73297E-02  3.23155E-02  3.73853E-02  4.25372E-02  4.77690E-02  5.30787E-02
   5.84641E-02  6.39230E-02  6.94530E-02  7.50517E-02  8.07167E-02  8.64451E-02
   9.22341E-02  9.80808E-02  1.03982E-01  1.09935E-01  1.15935E-01  1.21980E-01
   1.28065E-01  1.34188E-01  1.40344E-01  1.46528E-01  1.52738E-01  1.58968E-01
   1.65214E-01  1.71472E-01  1.77736E-01  1.84003E-01  1.90266E-01  1.96522E-01
   2.02764E-01  2.08987E-01  2.15187E-01  2.21356E-01  2.27491E-01  2.33584E-01
   2.39631E-01  2.45624E-01  2.51559E-01  2.57429E-01  2.63228E-01  2.68949E-01
   2.74587E-01  2.80135E-01  2.85587E-01  2.90936E-01  2.96176E-01  3.01300E-01
   3.06303E-01  3.11177E-01  3.15916E-01  3.20514E-01  3.24965E-01  3.29262E-01
   3.33398E-01  3.37369E-01  3.41167E-01  3.44787E-01  3.48223E-01  3.51469E-01
   3.54520E-01  3.57368E-01  3.60011E-01  3.62441E-01  3.64655E-01  3.66647E-01
   3.68412E-01  3.69946E-01  3.71244E-01  3.72303E-01  3.73118E-01  3.73685E-01
   3.74002E-01  3.74065E-01  3.73870E-01  3.73415E-01  3.72698E-01  3.71716E-01
   3.70467E-01  3.68949E-01  3.67161E-01  3.65102E-01  3.62770E-01  3.60164E-01
   3.57286E-01  3.54133E-01  3.50707E-01  3.47007E-01  3.43034E-01  3.38789E-01
   3.34273E-01  3.29487E-01  3.24433E-01  3.19113E-01  3.13529E-01  3.07683E-01
   3.01577E-01  2.95215E-01  2.88599E-01  2.81732E-01  2.74618E-01  2.67260E-01
   2.59662E-01  2.51828E-01  2.43761E-01  2.35465E-01  2.26946E-01  2.18208E-01
   2.09254E-01  2.00089E-01  1.90719E-01  1.81148E-01  1.71381E-01  1.61423E-01
   1.51278E-01  1.40951E-01  1.30449E-01  1.19775E-01  1.08936E-01  9.79354E-02
   8.67792E-02  7.54719E-02  6.40182E-02  5.24222E-02  4.06883E-02  2.88225E-02
   1.68310E-02  4.71926E-03 -7.50642E-03 -1.98449E-02 -3.23013E-02 -4.48819E-02
  -5.75923E-02 -7.04382E-02 -8.34241E-02 -9.65552E-02 -1.09836E-01 -1.23271E-01
  -1.36867E-01 -1.50631E-01 -1.64570E-01 -1.78690E-01 -1.93000E-01 -2.07512E-01
  -2.22234E-01 -2.37178E-01 -2.52352E-01 -2.67767E-01 -2.83429E-01 -2.99348E-01
  -3.15539E-01 -3.32030E-01 -3.48851E-01 -3.66033E-01 -3.83597E-01 -4.01525E-01
  -4.19788E-01 -4.38356E-01 -4.57219E-01 -4.76523E-01 -4.96501E-01 -5.17385E-01
  -5.39395E-01 -5.62411E-01 -5.85976E-01 -6.09618E-01 -6.32869E-01 -6.55335E-01
  -6.76765E-01 -6.96923E-01 -7.15572E-01 -7.32491E-01 -7.47515E-01 -7.60487E-01
  -7.71255E-01 -7.79693E-01 -7.85910E-01 -7.90112E-01 -7.92511E-01 -7.93307E-01
  -7.92588E-01 -7.90340E-01 -7.86552E-01 -7.81208E-01 -7.74342E-01 -7.66058E-01
  -7.56468E-01 -7.45681E-01 -7.33904E-01 -7.21612E-01 -7.09335E-01 -6.97602E-01
  -6.86860E-01 -6.77062E-01 -6.67980E-01 -6.59386E-01 -6.51063E-01 -6.42940E-01
  -6.35047E-01 -6.27418E-01 -6.20085E-01 -6.13055E-01 -6.06302E-01 -5.99799E-01
  -5.93518E-01 -5.87435E-01 -5.81543E-01 -5.75834E-01 -5.70302E-01 -5.64939E-01
  -5.59737E-01 -5.54686E-01 -5.49777E-01 -5.45001E-01 -5.40352E-01 -5.35823E-01
  -5.31408E-01 -5.27102E-01 -5.22898E-01 -5.18792E-01 -5.14778E-01 -5.10850E-01
  -5.07004E-01 -5.03233E-01 -4.99532E-01 -4.95897E-01 -1.50389E-02 -2.73694E-02
  -3.85498E-02 -4.80235E-02 -5.55179E-02 -6.08298E-02 -6.37557E-02 -6.41636E-02
  -6.24907E-02 -5.94468E-02 -5.57434E-02 -5.20692E-02 -4.86815E-02 -4.54519E-02
  -4.22383E-02 -3.88997E-02 -3.53589E-02 -3.16447E-02 -2.77957E-02 -2.38506E-02
  -1.98377E-02 -1.57529E-02 -1.15853E-02 -7.32405E-03 -2.95978E-03  1.50768E-03
   6.07485E-03  1.07382E-02  1.54944E-02  2.03416E-02  2.52789E-02  3.03054E-02
   3.54204E-02  4.06226E-02  4.59099E-02  5.12803E-02  5.67316E-02  6.22616E-02
   6.78682E-02  7.35488E-02  7.93011E-02  8.51226E-02  9.10106E-02  9.69619E-02
   1.02974E-01  1.09043E-01  1.15166E-01  1.21340E-01  1.27560E-01  1.33824E-01
   1.40128E-01  1.46467E-01  1.52837E-01  1.59234E-01  1.65654E-01  1.72092E-01
   1.78544E-01  1.85004E-01  1.91467E-01  1.97929E-01  2.04384E-01  2.10828E-01
   2.17253E-01  2.23656E-01  2.30029E-01  2.36368E-01  2.42666E-01  2.48918E-01
   2.55117E-01  2.61257E-01  2.67331E-01  2.73335E-01  2.79260E-01  2.85100E-01
   2.90850E-01  2.96502E-01  3.02049E-01  3.07486E-01  3.12805E-01  3.18001E-01
   3.23065E-01  3.27992E-01  3.32775E-01  3.37407E-01  3.41882E-01  3.46194E-01
   3.50336E-01  3.54301E-01  3.58084E-01  3.61678E-01  3.65078E-01  3.68277E-01
   3.71270E-01  3.74051E-01  3.76615E-01  3.78956E-01  3.81069E-01  3.82950E-01
   3.84593E-01  3.85994E-01  3.87149E-01  3.88054E-01  3.88704E-01  3.89096E-01
   3.89228E-01  3.89094E-01  3.88693E-01  3.88022E-01  3.87079E-01  3.85861E-01
   3.84367E-01  3.82594E-01  3.80543E-01  3.78211E-01  3.75597E-01  3.72702E-01
   3.69525E-01  3.66066E-01  3.62326E-01  3.58304E-01  3.54003E-01  3.49422E-01
   3.44564E-01  3.39430E-01  3.34021E-01  3.28341E-01  3.22390E-01  3.16173E-01
   3.09691E-01  3.02948E-01  2.95946E-01  2.88690E-01  2.81182E-01  2.73427E-01
   2.65428E-01  2.57190E-01  2.48716E-01  2.40012E-01  2.31081E-01  2.21928E-01
   2.12558E-01  2.02976E-01  1.93186E-01  1.83194E-01  1.73003E-01  1.62621E-01
   1.52050E-01  1.41297E-01  1.30366E-01  1.19264E-01  1.07994E-01  9.65623E-02
   8.49733E-02  7.32313E-02  6.13400E-02  4.93035E-02  3.71279E-02  2.48203E-02
   1.23868E-02 -1.65675E-04 -1.28356E-02 -2.56280E-02 -3.85492E-02 -5.16050E-02
  -6.48012E-02 -7.81433E-02 -9.16378E-02 -1.05290E-01 -1.19106E-01 -1.33093E-01
  -1.47261E-01 -1.61616E-01 -1.76166E-01 -1.90924E-01 -2.05902E-01 -2.21114E-01
  -2.36570E-01 -2.52285E-01 -2.68270E-01 -2.84534E-01 -3.01091E-01 -3.17959E-01
  -3.35178E-01 -3.52792E-01 -3.70840E-01 -3.89357E-01 -4.08318E-01 -4.27691E-01
  -4.47439E-01 -4.67551E-01 -4.88240E-01 -5.09837E-01 -5.32673E-01 -5.57059E-01
  -5.82837E-01 -6.09377E-01 -6.36029E-01 -6.62149E-01 -6.87243E-01 -7.11108E-01
  -7.33570E-01 -7.54455E-01 -7.73565E-01 -7.90609E-01 -8.05275E-01 -8.17254E-01
  -8.26289E-01 -8.32538E-01 -8.36345E-01 -8.38051E-01 -8.37988E-01 -8.36281E-01
  -8.32881E-01 -8.27735E-01 -8.20792E-01 -8.12069E-01 -8.01691E-01 -7.89790E-01
  -7.76502E-01 -7.62079E-01 -7.47123E-01 -7.32302E-01 -7.18284E-01 -7.05630E-01
  -6.94265E-01 -6.83880E-01 -6.74165E-01 -6.64826E-01 -6.55759E-01 -6.46999E-01
  -6.38581E-01 -6.30540E-01 -6.22881E-01 -6.15569E-01 -6.08563E-01 -6.01826E-01
  -5.95327E-01 -5.89054E-01 -5.82996E-01 -5.77145E-01 -5.71491E-01 -5.66022E-01
  -5.60727E-01 -5.55594E-01 -5.50611E-01 -5.45770E-01 -5.41064E-01 -5.36486E-01
  -5.32028E-01 -5.27683E-01 -5.23445E-01 -5.19310E-01 -5.15269E-01 -5.11318E-01
  -5.07450E-01 -5.03660E-01 -4.99940E-01 -1.45768E-02 -2.68560E-02 -3.79762E-02
  -4.73803E-02 -5.48022E-02 -6.00458E-02 -6.29155E-02 -6.32852E-02 -6.15871E-02
  -5.85207E-02 -5.47868E-02 -5.10643E-02 -4.76092E-02 -4.42992E-02 -4.09991E-02
  -3.75742E-02 -3.39508E-02 -3.01559E-02 -2.62257E-02 -2.21965E-02 -1.80950E-02
  -1.39169E-02 -9.65199E-03 -5.28977E-03 -8.21317E-04  3.75339E-03  8.43081E-03
   1.32074E-02  1.80797E-02  2.30459E-02  2.81052E-02  3.32567E-02  3.84998E-02
   4.38330E-02  4.92545E-02  5.47620E-02  6.03535E-02  6.60268E-02  7.17795E-02
   7.76093E-02  8.35138E-02  8.94903E-02  9.55362E-02  1.01648E-01  1.07824E-01
   1.14059E-01  1.20352E-01  1.26697E-01  1.33092E-01  1.39533E-01  1.46016E-01
   1.52536E-01  1.59090E-01  1.65674E-01  1.72282E-01  1.78910E-01  1.85553E-01
   1.92207E-01  1.98866E-01  2.05525E-01  2.12179E-01  2.18821E-01  2.25448E-01
   2.32052E-01  2.38628E-01  2.45170E-01  2.51671E-01  2.58127E-01  2.64530E-01
   2.70873E-01  2.77151E-01  2.83357E-01  2.89485E-01  2.95527E-01  3.01477E-01
   3.07328E-01  3.13073E-01  3.18706E-01  3.24219E-01  3.29606E-01  3.34859E-01
   3.39973E-01  3.44940E-01  3.49753E-01  3.54406E-01  3.58892E-01  3.63204E-01
   3.67336E-01  3.71281E-01  3.75034E-01  3.78587E-01  3.81934E-01  3.85071E-01
   3.87990E-01  3.90687E-01  3.93155E-01  3.95390E-01  3.97386E-01  3.99139E-01
   4.00643E-01  4.01895E-01  4.02889E-01  4.03623E-01  4.04091E-01  4.04292E-01
   4.04220E-01  4.03874E-01  4.03251E-01  4.02347E-01  4.01161E-01  3.99691E-01
   3.97936E-01  3.95893E-01  3.93562E-01  3.90942E-01  3.88033E-01  3.84834E-01
   3.81344E-01  3.77566E-01  3.73498E-01  3.69143E-01  3.64500E-01  3.59572E-01
   3.54360E-01  3.48867E-01  3.43093E-01  3.37043E-01  3.30717E-01  3.24120E-01
   3.17253E-01  3.10122E-01  3.02728E-01  2.95076E-01  2.87169E-01  2.79012E-01
   2.70609E-01  2.61964E-01  2.53081E-01  2.43965E-01  2.34621E-01  2.25054E-01
   2.15268E-01  2.05268E-01  1.95060E-01  1.84649E-01  1.74039E-01  1.63235E-01
   1.52243E-01  1.41069E-01  1.29716E-01  1.18192E-01  1.06500E-01  9.46448E-02
   8.26315E-02  7.04633E-02  5.81444E-02  4.56808E-02  3.30797E-02  2.03472E-02
   7.49032E-03 -5.48902E-03 -1.85950E-02 -3.18332E-02 -4.52082E-02 -5.87257E-02
  -7.23922E-02 -8.62150E-02 -1.00201E-01 -1.14357E-01 -1.28692E-01 -1.43215E-01
  -1.57936E-01 -1.72862E-01 -1.88008E-01 -2.03388E-01 -2.19018E-01 -2.34912E-01
  -2.51085E-01 -2.67550E-01 -2.84320E-01 -3.01408E-01 -3.18840E-01 -3.36664E-01
  -3.54931E-01 -3.73693E-01 -3.92990E-01 -4.12798E-01 -4.33077E-01 -4.53786E-01
  -4.74915E-01 -4.96725E-01 -5.19622E-01 -5.44013E-01 -5.70280E-01 -5.98210E-01
  -6.26999E-01 -6.55819E-01 -6.83844E-01 -7.10518E-01 -7.35784E-01 -7.59636E-01
  -7.82071E-01 -8.02984E-01 -8.21903E-01 -8.38277E-01 -8.51552E-01 -8.61267E-01
  -8.67627E-01 -8.71135E-01 -8.72294E-01 -8.71589E-01 -8.69190E-01 -8.65000E-01
  -8.58915E-01 -8.50833E-01 -8.40752E-01 -8.28825E-01 -8.15217E-01 -8.00094E-01
  -7.83754E-01 -7.66878E-01 -7.50219E-01 -7.34531E-01 -7.20445E-01 -7.07873E-01
  -6.96459E-01 -6.85848E-01 -6.75700E-01 -6.65895E-01 -6.56463E-01 -6.47439E-01
  -6.38857E-01 -6.30716E-01 -6.22974E-01 -6.15584E-01 -6.08501E-01 -6.01687E-01
  -5.95127E-01 -5.88808E-01 -5.82720E-01 -5.76849E-01 -5.71183E-01 -5.65707E-01
  -5.60410E-01 -5.55276E-01 -5.50295E-01 -5.45461E-01 -5.40763E-01 -5.36195E-01
  -5.31747E-01 -5.27415E-01 -5.23192E-01 -5.19072E-01 -5.15048E-01 -5.11115E-01
  -5.07266E-01 -5.03496E-01 -1.41196E-02 -2.63479E-02 -3.74084E-02 -4.67437E-02
  -5.40937E-02 -5.92702E-02 -6.20849E-02 -6.24183E-02 -6.06971E-02 -5.76099E-02
  -5.38469E-02 -5.00764E-02 -4.65532E-02 -4.31618E-02 -3.97741E-02 -3.62626E-02
  -3.25571E-02 -2.86824E-02 -2.46722E-02 -2.05603E-02 -1.63712E-02 -1.21010E-02
  -7.73976E-03 -3.27769E-03  1.29368E-03  5.97421E-03  1.07604E-02  1.56486E-02
   2.06356E-02  2.57193E-02  3.08990E-02  3.61739E-02  4.15434E-02  4.70061E-02
   5.25600E-02  5.82029E-02  6.39328E-02  6.97474E-02  7.56445E-02  8.16216E-02
   8.76762E-02  9.38058E-02  1.00008E-01  1.06279E-01  1.12616E-01  1.19015E-01
   1.25475E-01  1.31990E-01  1.38557E-01  1.45172E-01  1.51832E-01  1.58533E-01
   1.65268E-01  1.72036E-01  1.78830E-01  1.85646E-01  1.92480E-01  1.99325E-01
   2.06177E-01  2.13031E-01  2.19881E-01  2.26721E-01  2.33546E-01  2.40350E-01
   2.47126E-01  2.53869E-01  2.60572E-01  2.67229E-01  2.73834E-01  2.80379E-01
   2.86859E-01  2.93266E-01  2.99594E-01  3.05836E-01  3.11984E-01  3.18032E-01
   3.23973E-01  3.29800E-01  3.35506E-01  3.41083E-01  3.46525E-01  3.51824E-01
   3.56974E-01  3.61966E-01  3.66796E-01  3.71454E-01  3.75936E-01  3.80233E-01
   3.84340E-01  3.88249E-01  3.91955E-01  3.95450E-01  3.98730E-01  4.01787E-01
   4.04616E-01  4.07211E-01  4.09567E-01  4.11678E-01  4.13540E-01  4.15147E-01
   4.16496E-01  4.17580E-01  4.18397E-01  4.18942E-01  4.19212E-01  4.19203E-01
   4.18912E-01  4.18337E-01  4.17474E-01  4.16321E-01  4.14877E-01  4.13140E-01
   4.11108E-01  4.08780E-01  4.06155E-01  4.03233E-01  4.00013E-01  3.96496E-01
   3.92681E-01  3.88570E-01  3.84163E-01  3.79462E-01  3.74467E-01  3.69181E-01
   3.63606E-01  3.57744E-01  3.51596E-01  3.45167E-01  3.38459E-01  3.31475E-01
   3.24218E-01  3.16692E-01  3.08901E-01  3.00850E-01  2.92541E-01  2.83979E-01
   2.75169E-01  2.66116E-01  2.56823E-01  2.47296E-01  2.37540E-01  2.27560E-01
   2.17361E-01  2.06948E-01  1.96326E-01  1.85500E-01  1.74476E-01  1.63259E-01
   1.51854E-01  1.40267E-01  1.28502E-01  1.16566E-01  1.04462E-01  9.21956E-02
   7.97702E-02  6.71901E-02  5.44613E-02  4.15904E-02  2.85833E-02  1.54464E-02
   2.18212E-03 -1.12122E-02 -2.47403E-02 -3.84055E-02 -5.22123E-02 -6.61680E-02
  -8.02812E-02 -9.45597E-02 -1.09012E-01 -1.23646E-01 -1.38474E-01 -1.53503E-01
  -1.68745E-01 -1.84212E-01 -1.99923E-01 -2.15892E-01 -2.32138E-01 -2.48675E-01
  -2.65518E-01 -2.82683E-01 -3.00184E-01 -3.18048E-01 -3.36330E-01 -3.55088E-01
  -3.74382E-01 -3.94254E-01 -4.14681E-01 -4.35618E-01 -4.57022E-01 -4.78884E-01
  -5.01494E-01 -5.25302E-01 -5.50760E-01 -5.78291E-01 -6.07627E-01 -6.37815E-01
  -6.67873E-01 -6.96823E-01 -7.24080E-01 -7.49785E-01 -7.74157E-01 -7.97415E-01
  -8.19588E-01 -8.40012E-01 -8.57869E-01 -8.72343E-01 -8.82743E-01 -8.89306E-01
  -8.92685E-01 -8.93534E-01 -8.92483E-01 -8.89742E-01 -8.85165E-01 -8.78599E-01
  -8.69893E-01 -8.59026E-01 -8.46183E-01 -8.31565E-01 -8.15373E-01 -7.97940E-01
  -7.79980E-01 -7.62278E-01 -7.45618E-01 -7.30661E-01 -7.17316E-01 -7.05218E-01
  -6.93998E-01 -6.83306E-01 -6.73015E-01 -6.63149E-01 -6.53737E-01 -6.44810E-01
  -6.36361E-01 -6.28344E-01 -6.20709E-01 -6.13406E-01 -6.06393E-01 -5.99654E-01
  -5.93175E-01 -5.86941E-01 -5.80938E-01 -5.75152E-01 -5.69568E-01 -5.64171E-01
  -5.58947E-01 -5.53884E-01 -5.48973E-01 -5.44205E-01 -5.39571E-01 -5.35064E-01
  -5.30676E-01 -5.26402E-01 -5.22237E-01 -5.18174E-01 -5.14206E-01 -5.10330E-01
  -5.06537E-01 -1.36708E-02 -2.58520E-02 -3.68588E-02 -4.61337E-02 -5.34205E-02
  -5.85364E-02 -6.12985E-02 -6.15912E-02 -5.98378E-02 -5.67191E-02 -5.29176E-02
  -4.90946E-02 -4.55037E-02 -4.20346E-02 -3.85643E-02 -3.49702E-02 -3.11849E-02
  -2.72315E-02 -2.31417E-02 -1.89474E-02 -1.46716E-02 -1.03104E-02 -5.85441E-03
  -1.29420E-03  3.37829E-03  8.16285E-03  1.30559E-02  1.80540E-02  2.31536E-02
   2.83529E-02  3.36511E-02  3.90475E-02  4.45413E-02  5.01313E-02  5.58155E-02
   6.15916E-02  6.74576E-02  7.34114E-02  7.94505E-02  8.55725E-02  9.17749E-02
   9.80553E-02  1.04411E-01  1.10838E-01  1.17334E-01  1.23895E-01  1.30519E-01
   1.37201E-01  1.43938E-01  1.50726E-01  1.57560E-01  1.64437E-01  1.71352E-01
   1.78301E-01  1.85278E-01  1.92280E-01  1.99300E-01  2.06335E-01  2.13378E-01
   2.20424E-01  2.27467E-01  2.34502E-01  2.41523E-01  2.48523E-01  2.55497E-01
   2.62438E-01  2.69340E-01  2.76197E-01  2.83001E-01  2.89745E-01  2.96424E-01
   3.03030E-01  3.09556E-01  3.15995E-01  3.22339E-01  3.28583E-01  3.34718E-01
   3.40737E-01  3.46632E-01  3.52398E-01  3.58025E-01  3.63508E-01  3.68838E-01
   3.74009E-01  3.79013E-01  3.83843E-01  3.88492E-01  3.92953E-01  3.97219E-01
   4.01284E-01  4.05141E-01  4.08783E-01  4.12204E-01  4.15398E-01  4.18358E-01
   4.21080E-01  4.23556E-01  4.25782E-01  4.27752E-01  4.29462E-01  4.30907E-01
   4.32081E-01  4.32981E-01  4.33603E-01  4.33943E-01  4.33996E-01  4.33761E-01
   4.33235E-01  4.32413E-01  4.31295E-01  4.29877E-01  4.28159E-01  4.26139E-01
   4.23815E-01  4.21187E-01  4.18254E-01  4.15016E-01  4.11473E-01  4.07625E-01
   4.03473E-01  3.99018E-01  3.94261E-01  3.89203E-01  3.83847E-01  3.78194E-01
   3.72246E-01  3.66007E-01  3.59479E-01  3.52664E-01  3.45567E-01  3.38191E-01
   3.30540E-01  3.22616E-01  3.14426E-01  3.05972E-01  2.97259E-01  2.88292E-01
   2.79076E-01  2.69615E-01  2.59915E-01  2.49980E-01  2.39816E-01  2.29427E-01
   2.18820E-01  2.08000E-01  1.96971E-01  1.85739E-01  1.74310E-01  1.62690E-01
   1.50883E-01  1.38895E-01  1.26731E-01  1.14396E-01  1.01896E-01  8.92338E-02
   7.64144E-02  6.34435E-02  5.03273E-02  3.70707E-02  2.36799E-02  1.01576E-02
  -3.49682E-03 -1.72851E-02 -3.12084E-02 -4.52699E-02 -5.94774E-02 -7.38403E-02
  -8.83674E-02 -1.03068E-01 -1.17951E-01 -1.33026E-01 -1.48305E-01 -1.63796E-01
  -1.79514E-01 -1.95477E-01 -2.11701E-01 -2.28205E-01 -2.45004E-01 -2.62114E-01
  -2.79551E-01 -2.97331E-01 -3.15481E-01 -3.34060E-01 -3.53127E-01 -3.72745E-01
  -3.92958E-01 -4.13743E-01 -4.35055E-01 -4.56852E-01 -4.79124E-01 -5.02166E-01
  -5.26441E-01 -5.52409E-01 -5.80500E-01 -6.10404E-01 -6.41075E-01 -6.71435E-01
  -7.00412E-01 -7.27426E-01 -7.52805E-01 -7.76972E-01 -8.00354E-01 -8.23108E-01
  -8.44423E-01 -8.63271E-01 -8.78627E-01 -8.89614E-01 -8.96480E-01 -8.99972E-01
  -9.00840E-01 -8.99804E-01 -8.97097E-01 -8.92544E-01 -8.85958E-01 -8.77153E-01
  -8.66102E-01 -8.53016E-01 -8.38128E-01 -8.21671E-01 -8.03998E-01 -7.85813E-01
  -7.67886E-01 -7.50987E-01 -7.35764E-01 -7.22136E-01 -7.09754E-01 -6.98268E-01
  -6.87345E-01 -6.76858E-01 -6.66828E-01 -6.57275E-01 -6.48223E-01 -6.39662E-01
  -6.31544E-01 -6.23820E-01 -6.16438E-01 -6.09357E-01 -6.02559E-01 -5.96027E-01
  -5.89748E-01 -5.83704E-01 -5.77882E-01 -5.72266E-01 -5.66841E-01 -5.61591E-01
  -5.56506E-01 -5.51575E-01 -5.46789E-01 -5.42138E-01 -5.37614E-01 -5.33213E-01
  -5.28927E-01 -5.24751E-01 -5.20680E-01 -5.16709E-01 -5.12830E-01 -5.09040E-01
  -1.32343E-02 -2.53753E-02 -3.63398E-02 -4.55701E-02 -5.28105E-02 -5.78783E-02
  -6.05907E-02 -6.08325E-02 -5.90265E-02 -5.58527E-02 -5.19930E-02 -4.81079E-02
  -4.44510E-02 -4.09126E-02 -3.73704E-02 -3.37025E-02 -2.98415E-02 -2.58105E-02
  -2.16407E-02 -1.73632E-02 -1.30011E-02 -8.55041E-03 -4.00173E-03  6.54285E-04
   5.42561E-03  1.03120E-02  1.53098E-02  2.04155E-02  2.56255E-02  3.09381E-02
   3.63524E-02  4.18678E-02  4.74835E-02  5.31983E-02  5.90101E-02  6.49169E-02
   7.09164E-02  7.70066E-02  8.31849E-02  8.94491E-02  9.57964E-02  1.02225E-01
   1.08731E-01  1.15311E-01  1.21963E-01  1.28684E-01  1.35469E-01  1.42315E-01
   1.49218E-01  1.56175E-01  1.63180E-01  1.70231E-01  1.77322E-01  1.84449E-01
   1.91606E-01  1.98790E-01  2.05994E-01  2.13214E-01  2.20445E-01  2.27680E-01
   2.34913E-01  2.42140E-01  2.49353E-01  2.56547E-01  2.63716E-01  2.70852E-01
   2.77949E-01  2.85002E-01  2.92002E-01  2.98942E-01  3.05817E-01  3.12619E-01
   3.19339E-01  3.25973E-01  3.32511E-01  3.38946E-01  3.45272E-01  3.51480E-01
   3.57563E-01  3.63514E-01  3.69325E-01  3.74988E-01  3.80496E-01  3.85842E-01
   3.91019E-01  3.96018E-01  4.00832E-01  4.05455E-01  4.09880E-01  4.14098E-01
   4.18105E-01  4.21891E-01  4.25452E-01  4.28781E-01  4.31872E-01  4.34718E-01
   4.37314E-01  4.39653E-01  4.41731E-01  4.43543E-01  4.45083E-01  4.46347E-01
   4.47330E-01  4.48028E-01  4.48437E-01  4.48554E-01  4.48375E-01  4.47897E-01
   4.47118E-01  4.46035E-01  4.44645E-01  4.42947E-01  4.40940E-01  4.38622E-01
   4.35993E-01  4.33051E-01  4.29797E-01  4.26230E-01  4.22352E-01  4.18162E-01
   4.13661E-01  4.08852E-01  4.03734E-01  3.98311E-01  3.92584E-01  3.86556E-01
   3.80230E-01  3.73607E-01  3.66692E-01  3.59488E-01  3.51998E-01  3.44227E-01
   3.36178E-01  3.27856E-01  3.19264E-01  3.10408E-01  3.01293E-01  2.91923E-01
   2.82303E-01  2.72439E-01  2.62335E-01  2.51997E-01  2.41431E-01  2.30642E-01
   2.19635E-01  2.08417E-01  1.96991E-01  1.85365E-01  1.73544E-01  1.61534E-01
   1.49339E-01  1.36966E-01  1.24420E-01  1.11705E-01  9.88273E-02  8.57909E-02
   7.26016E-02  5.92649E-02  4.57853E-02  3.21683E-02  1.84172E-02  4.53359E-03
  -9.48206E-03 -2.36285E-02 -3.79074E-02 -5.23267E-02 -6.68964E-02 -8.16255E-02
  -9.65237E-02 -1.11600E-01 -1.26865E-01 -1.42328E-01 -1.57998E-01 -1.73890E-01
  -1.90022E-01 -2.06410E-01 -2.23070E-01 -2.40020E-01 -2.57276E-01 -2.74852E-01
  -2.92764E-01 -3.11041E-01 -3.29737E-01 -3.48911E-01 -3.68621E-01 -3.88913E-01
  -4.09763E-01 -4.31132E-01 -4.52979E-01 -4.75296E-01 -4.98361E-01 -5.22603E-01
  -5.48454E-01 -5.76314E-01 -6.05856E-01 -6.36029E-01 -6.65748E-01 -6.93939E-01
  -7.20056E-01 -7.44536E-01 -7.67921E-01 -7.90755E-01 -8.13276E-01 -8.34626E-01
  -8.53702E-01 -8.69402E-01 -8.80780E-01 -8.88057E-01 -8.91976E-01 -8.93280E-01
  -8.92684E-01 -8.90417E-01 -8.86306E-01 -8.80160E-01 -8.71796E-01 -8.61191E-01
  -8.48575E-01 -8.34201E-01 -8.18320E-01 -8.01288E-01 -7.83762E-01 -7.66454E-01
  -7.50080E-01 -7.35240E-01 -7.21871E-01 -7.09665E-01 -6.98311E-01 -6.87517E-01
  -6.77166E-01 -6.67272E-01 -6.57851E-01 -6.48918E-01 -6.40462E-01 -6.32438E-01
  -6.24797E-01 -6.17494E-01 -6.10487E-01 -6.03760E-01 -5.97295E-01 -5.91078E-01
  -5.85093E-01 -5.79325E-01 -5.73760E-01 -5.68382E-01 -5.63176E-01 -5.58132E-01
  -5.53240E-01 -5.48491E-01 -5.43874E-01 -5.39382E-01 -5.35009E-01 -5.30751E-01
  -5.26601E-01 -5.22555E-01 -5.18606E-01 -5.14749E-01 -5.10980E-01 -1.28129E-02
  -2.49225E-02 -3.58591E-02 -4.50653E-02 -5.22805E-02 -5.73156E-02 -5.99819E-02
  -6.01591E-02 -5.82737E-02 -5.50141E-02 -5.10704E-02 -4.71109E-02 -4.33905E-02
  -3.97943E-02 -3.61946E-02 -3.24643E-02 -2.85333E-02 -2.44259E-02 -2.01749E-02
  -1.58133E-02 -1.13653E-02 -6.82668E-03 -2.18777E-03  2.56123E-03  7.42866E-03
   1.24143E-02  1.75143E-02  2.27250E-02  2.80429E-02  3.34660E-02  3.89937E-02
   4.46252E-02  5.03599E-02  5.61965E-02  6.21331E-02  6.81674E-02  7.42974E-02
   8.05208E-02  8.68352E-02  9.32383E-02  9.97273E-02  1.06300E-01  1.12953E-01
   1.19684E-01  1.26488E-01  1.33364E-01  1.40307E-01  1.47313E-01  1.54379E-01
   1.61501E-01  1.68675E-01  1.75895E-01  1.83158E-01  1.90459E-01  1.97793E-01
   2.05155E-01  2.12540E-01  2.19942E-01  2.27355E-01  2.34775E-01  2.42195E-01
   2.49609E-01  2.57011E-01  2.64395E-01  2.71754E-01  2.79081E-01  2.86371E-01
   2.93615E-01  3.00808E-01  3.07941E-01  3.15008E-01  3.22001E-01  3.28913E-01
   3.35737E-01  3.42464E-01  3.49089E-01  3.55602E-01  3.61996E-01  3.68263E-01
   3.74396E-01  3.80387E-01  3.86228E-01  3.91911E-01  3.97430E-01  4.02775E-01
   4.07940E-01  4.12918E-01  4.17700E-01  4.22280E-01  4.26650E-01  4.30803E-01
   4.34733E-01  4.38432E-01  4.41894E-01  4.45113E-01  4.48082E-01  4.50795E-01
   4.53247E-01  4.55432E-01  4.57344E-01  4.58979E-01  4.60331E-01  4.61397E-01
   4.62171E-01  4.62650E-01  4.62829E-01  4.62706E-01  4.62278E-01  4.61541E-01
   4.60493E-01  4.59132E-01  4.57456E-01  4.55464E-01  4.53153E-01  4.50524E-01
   4.47575E-01  4.44307E-01  4.40720E-01  4.36813E-01  4.32588E-01  4.28045E-01
   4.23186E-01  4.18013E-01  4.12527E-01  4.06731E-01  4.00627E-01  3.94218E-01
   3.87507E-01  3.80497E-01  3.73192E-01  3.65595E-01  3.57710E-01  3.49542E-01
   3.41096E-01  3.32375E-01  3.23384E-01  3.14129E-01  3.04614E-01  2.94845E-01
   2.84827E-01  2.74565E-01  2.64065E-01  2.53333E-01  2.42374E-01  2.31194E-01
   2.19800E-01  2.08195E-01  1.96387E-01  1.84382E-01  1.72185E-01  1.59801E-01
   1.47237E-01  1.34499E-01  1.21591E-01  1.08519E-01  9.52886E-02  8.19047E-02
   6.83729E-02  5.46973E-02  4.08830E-02  2.69342E-02  1.28543E-02 -1.35366E-03
  -1.56864E-02 -3.01438E-02 -4.47336E-02 -5.94656E-02 -7.43490E-02 -8.93931E-02
  -1.04607E-01 -1.19999E-01 -1.35580E-01 -1.51357E-01 -1.67344E-01 -1.83558E-01
  -2.00014E-01 -2.16727E-01 -2.33713E-01 -2.50987E-01 -2.68562E-01 -2.86455E-01
  -3.04691E-01 -3.23317E-01 -3.42384E-01 -3.61945E-01 -3.82039E-01 -4.02647E-01
  -4.23736E-01 -4.45274E-01 -4.67254E-01 -4.89908E-01 -5.13595E-01 -5.38678E-01
  -5.65488E-01 -5.93715E-01 -6.22410E-01 -6.50592E-01 -6.77291E-01 -7.02024E-01
  -7.25215E-01 -7.47385E-01 -7.69058E-01 -7.90473E-01 -8.10865E-01 -8.29238E-01
  -8.44600E-01 -8.56096E-01 -8.63880E-01 -8.68563E-01 -8.70754E-01 -8.71041E-01
  -8.69618E-01 -8.66346E-01 -8.61081E-01 -8.53679E-01 -8.44144E-01 -8.32710E-01
  -8.19629E-01 -8.05155E-01 -7.89624E-01 -7.73614E-01 -7.57748E-01 -7.42650E-01
  -7.28848E-01 -7.16301E-01 -7.04757E-01 -6.93964E-01 -6.83683E-01 -6.73818E-01
  -6.64379E-01 -6.55375E-01 -6.46817E-01 -6.38694E-01 -6.30965E-01 -6.23591E-01
  -6.16529E-01 -6.09747E-01 -6.03225E-01 -5.96951E-01 -5.90909E-01 -5.85084E-01
  -5.79464E-01 -5.74034E-01 -5.68781E-01 -5.63691E-01 -5.58754E-01 -5.53962E-01
  -5.49304E-01 -5.44773E-01 -5.40362E-01 -5.36063E-01 -5.31873E-01 -5.27784E-01
  -5.23793E-01 -5.19893E-01 -5.16080E-01 -5.12346E-01 -1.24056E-02 -2.44890E-02
  -3.54062E-02 -4.46002E-02 -5.18023E-02 -5.68139E-02 -5.94365E-02 -5.95419E-02
  -5.75629E-02 -5.42011E-02 -5.01600E-02 -4.61205E-02 -4.23391E-02 -3.86926E-02
  -3.50446E-02 -3.12594E-02 -2.72626E-02 -2.30804E-02 -1.87488E-02 -1.43034E-02
  -9.77069E-03 -5.14624E-03 -4.19671E-04  4.41948E-03  9.38017E-03  1.44622E-02
   1.96616E-02  2.49745E-02  3.03973E-02  3.59279E-02  4.15657E-02  4.73101E-02
   5.31605E-02  5.91157E-02  6.51736E-02  7.13321E-02  7.75890E-02  8.39421E-02
   9.03890E-02  9.69273E-02  1.03554E-01  1.10268E-01  1.17064E-01  1.23941E-01
   1.30894E-01  1.37921E-01  1.45017E-01  1.52180E-01  1.59405E-01  1.66688E-01
   1.74025E-01  1.81411E-01  1.88842E-01  1.96313E-01  2.03818E-01  2.11354E-01
   2.18914E-01  2.26494E-01  2.34086E-01  2.41687E-01  2.49288E-01  2.56886E-01
   2.64472E-01  2.72041E-01  2.79586E-01  2.87100E-01  2.94577E-01  3.02009E-01
   3.09389E-01  3.16710E-01  3.23965E-01  3.31145E-01  3.38245E-01  3.45255E-01
   3.52168E-01  3.58976E-01  3.65672E-01  3.72248E-01  3.78695E-01  3.85007E-01
   3.91174E-01  3.97189E-01  4.03044E-01  4.08731E-01  4.14242E-01  4.19570E-01
   4.24707E-01  4.29645E-01  4.34377E-01  4.38896E-01  4.43193E-01  4.47263E-01
   4.51098E-01  4.54691E-01  4.58035E-01  4.61126E-01  4.63955E-01  4.66517E-01
   4.68807E-01  4.70818E-01  4.72546E-01  4.73986E-01  4.75133E-01  4.75982E-01
   4.76530E-01  4.76772E-01  4.76705E-01  4.76326E-01  4.75632E-01  4.74620E-01
   4.73289E-01  4.71635E-01  4.69658E-01  4.67356E-01  4.64729E-01  4.61775E-01
   4.58496E-01  4.54889E-01  4.50957E-01  4.46700E-01  4.42119E-01  4.37214E-01
   4.31989E-01  4.26445E-01  4.20584E-01  4.14408E-01  4.07922E-01  4.01127E-01
   3.94028E-01  3.86627E-01  3.78930E-01  3.70939E-01  3.62660E-01  3.54097E-01
   3.45254E-01  3.36137E-01  3.26751E-01  3.17101E-01  3.07192E-01  2.97030E-01
   2.86621E-01  2.75971E-01  2.65085E-01  2.53969E-01  2.42629E-01  2.31072E-01
   2.19303E-01  2.07328E-01  1.95154E-01  1.82787E-01  1.70233E-01  1.57497E-01
   1.44585E-01  1.31505E-01  1.18260E-01  1.04858E-01  9.13026E-02  7.76004E-02
   6.37551E-02  4.97719E-02  3.56556E-02  2.14117E-02  7.04505E-03 -7.43890E-03
  -2.20383E-02 -3.67602E-02 -5.16137E-02 -6.66072E-02 -8.17493E-02 -9.70481E-02
  -1.12512E-01 -1.28149E-01 -1.43968E-01 -1.59979E-01 -1.76197E-01 -1.92635E-01
  -2.09308E-01 -2.26228E-01 -2.43408E-01 -2.60862E-01 -2.78603E-01 -2.96652E-01
  -3.15046E-01 -3.33827E-01 -3.53034E-01 -3.72700E-01 -3.92812E-01 -4.13345E-01
  -4.34276E-01 -4.55600E-01 -4.77488E-01 -5.00204E-01 -5.24013E-01 -5.49159E-01
  -5.75373E-01 -6.01882E-01 -6.27887E-01 -6.52597E-01 -6.75610E-01 -6.97247E-01
  -7.17907E-01 -7.37990E-01 -7.57681E-01 -7.76397E-01 -7.93383E-01 -8.07885E-01
  -8.19247E-01 -8.27540E-01 -8.33158E-01 -8.36498E-01 -8.37942E-01 -8.37626E-01
  -8.35476E-01 -8.31416E-01 -8.25369E-01 -8.17377E-01 -8.07662E-01 -7.96462E-01
  -7.84017E-01 -7.70626E-01 -7.56767E-01 -7.42955E-01 -7.29702E-01 -7.17444E-01
  -7.06165E-01 -6.95679E-01 -6.85800E-01 -6.76351E-01 -6.67262E-01 -6.58539E-01
  -6.50190E-01 -6.42221E-01 -6.34622E-01 -6.27364E-01 -6.20412E-01 -6.13735E-01
  -6.07305E-01 -6.01108E-01 -5.95131E-01 -5.89362E-01 -5.83789E-01 -5.78398E-01
  -5.73180E-01 -5.68121E-01 -5.63211E-01 -5.58441E-01 -5.53803E-01 -5.49289E-01
  -5.44891E-01 -5.40603E-01 -5.36419E-01 -5.32333E-01 -5.28340E-01 -5.24435E-01
  -5.20610E-01 -5.16862E-01 -5.13183E-01 -1.20105E-02 -2.40684E-02 -3.49664E-02
  -4.41478E-02 -5.13366E-02 -5.63249E-02 -5.89048E-02 -5.89404E-02 -5.68708E-02
  -5.34105E-02 -4.92754E-02 -4.51589E-02 -4.13187E-02 -3.76238E-02 -3.39293E-02
  -3.00912E-02 -2.60306E-02 -2.17759E-02 -1.73660E-02 -1.28393E-02 -8.22429E-03
  -3.51648E-03  1.29516E-03  6.22176E-03  1.12728E-02  1.64481E-02  2.17438E-02
   2.71556E-02  3.26799E-02  3.83146E-02  4.40592E-02  4.99130E-02  5.58755E-02
   6.19455E-02  6.81211E-02  7.43999E-02  8.07798E-02  8.72586E-02  9.38340E-02
   1.00503E-01  1.07264E-01  1.14114E-01  1.21049E-01  1.28067E-01  1.35165E-01
   1.42338E-01  1.49584E-01  1.56899E-01  1.64277E-01  1.71717E-01  1.79212E-01
   1.86759E-01  1.94353E-01  2.01988E-01  2.09661E-01  2.17366E-01  2.25097E-01
   2.32848E-01  2.40615E-01  2.48390E-01  2.56169E-01  2.63944E-01  2.71709E-01
   2.79458E-01  2.87184E-01  2.94880E-01  3.02538E-01  3.10153E-01  3.17716E-01
   3.25220E-01  3.32657E-01  3.40020E-01  3.47301E-01  3.54493E-01  3.61587E-01
   3.68575E-01  3.75449E-01  3.82202E-01  3.88825E-01  3.95309E-01  4.01648E-01
   4.07833E-01  4.13855E-01  4.19706E-01  4.25379E-01  4.30866E-01  4.36159E-01
   4.41249E-01  4.46130E-01  4.50793E-01  4.55232E-01  4.59438E-01  4.63405E-01
   4.67126E-01  4.70594E-01  4.73803E-01  4.76745E-01  4.79415E-01  4.81808E-01
   4.83917E-01  4.85737E-01  4.87262E-01  4.88489E-01  4.89413E-01  4.90028E-01
   4.90332E-01  4.90321E-01  4.89991E-01  4.89340E-01  4.88364E-01  4.87062E-01
   4.85432E-01  4.83472E-01  4.81180E-01  4.78556E-01  4.75600E-01  4.72310E-01
   4.68688E-01  4.64733E-01  4.60446E-01  4.55829E-01  4.50883E-01  4.45609E-01
   4.40011E-01  4.34089E-01  4.27848E-01  4.21289E-01  4.14416E-01  4.07233E-01
   3.99744E-01  3.91952E-01  3.83862E-01  3.75479E-01  3.66807E-01  3.57851E-01
   3.48616E-01  3.39107E-01  3.29332E-01  3.19293E-01  3.08998E-01  2.98453E-01
   2.87663E-01  2.76635E-01  2.65375E-01  2.53888E-01  2.42183E-01  2.30263E-01
   2.18137E-01  2.05811E-01  1.93290E-01  1.80582E-01  1.67692E-01  1.54627E-01
   1.41393E-01  1.27996E-01  1.14443E-01  1.00740E-01  8.68912E-02  7.29017E-02
   5.87768E-02  4.45220E-02  3.01446E-02  1.56509E-02  1.04823E-03 -1.36602E-02
  -2.84797E-02 -4.34183E-02 -5.84829E-02 -7.36808E-02 -8.90190E-02 -1.04505E-01
  -1.20145E-01 -1.35948E-01 -1.51921E-01 -1.68077E-01 -1.84427E-01 -2.00981E-01
  -2.17751E-01 -2.34747E-01 -2.51981E-01 -2.69462E-01 -2.87208E-01 -3.05244E-01
  -3.23599E-01 -3.42301E-01 -3.61372E-01 -3.80804E-01 -4.00582E-01 -4.20690E-01
  -4.41126E-01 -4.61994E-01 -4.83458E-01 -5.05680E-01 -5.28811E-01 -5.52638E-01
  -5.76592E-01 -6.00088E-01 -6.22545E-01 -6.43650E-01 -6.63582E-01 -6.82572E-01
  -7.00854E-01 -7.18531E-01 -7.35236E-01 -7.50500E-01 -7.63853E-01 -7.74878E-01
  -7.83562E-01 -7.90073E-01 -7.94577E-01 -7.97236E-01 -7.98123E-01 -7.97234E-01
  -7.94564E-01 -7.90108E-01 -7.83944E-01 -7.76271E-01 -7.67302E-01 -7.57250E-01
  -7.46366E-01 -7.35024E-01 -7.23621E-01 -7.12553E-01 -7.02159E-01 -6.92445E-01
  -6.83290E-01 -6.74576E-01 -6.66190E-01 -6.58086E-01 -6.50271E-01 -6.42750E-01
  -6.35528E-01 -6.28600E-01 -6.21945E-01 -6.15538E-01 -6.09358E-01 -6.03384E-01
  -5.97607E-01 -5.92015E-01 -5.86600E-01 -5.81352E-01 -5.76260E-01 -5.71317E-01
  -5.66512E-01 -5.61837E-01 -5.57284E-01 -5.52847E-01 -5.48519E-01 -5.44295E-01
  -5.40169E-01 -5.36135E-01 -5.32187E-01 -5.28320E-01 -5.24528E-01 -5.20806E-01
  -5.17148E-01 -5.13549E-01 -1.16257E-02 -2.36539E-02 -3.45246E-02 -4.36813E-02
  -5.08441E-02 -5.58002E-02 -5.83368E-02 -5.83141E-02 -5.61743E-02 -5.26387E-02
  -4.84301E-02 -4.42481E-02 -4.03515E-02 -3.66046E-02 -3.28580E-02 -2.89631E-02
  -2.48386E-02 -2.05143E-02 -1.60303E-02 -1.14267E-02 -6.73303E-03 -1.94480E-03
   2.94935E-03  7.96078E-03  1.30993E-02  1.83647E-02  2.37530E-02  2.92601E-02
   3.48822E-02  4.06173E-02  4.64649E-02  5.24242E-02  5.84949E-02  6.46758E-02
   7.09648E-02  7.73596E-02  8.38583E-02  9.04584E-02  9.71577E-02  1.03954E-01
   1.10843E-01  1.17825E-01  1.24895E-01  1.32049E-01  1.39286E-01  1.46601E-01
   1.53991E-01  1.61452E-01  1.68979E-01  1.76570E-01  1.84218E-01  1.91921E-01
   1.99672E-01  2.07467E-01  2.15301E-01  2.23169E-01  2.31064E-01  2.38983E-01
   2.46917E-01  2.54863E-01  2.62812E-01  2.70759E-01  2.78698E-01  2.86621E-01
   2.94522E-01  3.02393E-01  3.10228E-01  3.18019E-01  3.25759E-01  3.33440E-01
   3.41054E-01  3.48594E-01  3.56051E-01  3.63419E-01  3.70687E-01  3.77849E-01
   3.84897E-01  3.91821E-01  3.98614E-01  4.05267E-01  4.11772E-01  4.18121E-01
   4.24305E-01  4.30316E-01  4.36147E-01  4.41788E-01  4.47231E-01  4.52470E-01
   4.57494E-01  4.62299E-01  4.66874E-01  4.71213E-01  4.75309E-01  4.79155E-01
   4.82743E-01  4.86066E-01  4.89119E-01  4.91895E-01  4.94388E-01  4.96592E-01
   4.98501E-01  5.00111E-01  5.01416E-01  5.02413E-01  5.03095E-01  5.03460E-01
   5.03503E-01  5.03222E-01  5.02614E-01  5.01674E-01  5.00403E-01  4.98796E-01
   4.96853E-01  4.94573E-01  4.91954E-01  4.88996E-01  4.85699E-01  4.82062E-01
   4.78087E-01  4.73774E-01  4.69125E-01  4.64140E-01  4.58822E-01  4.53173E-01
   4.47196E-01  4.40893E-01  4.34267E-01  4.27322E-01  4.20061E-01  4.12490E-01
   4.04610E-01  3.96428E-01  3.87948E-01  3.79175E-01  3.70113E-01  3.60769E-01
   3.51148E-01  3.41256E-01  3.31098E-01  3.20681E-01  3.10010E-01  2.99092E-01
   2.87934E-01  2.76542E-01  2.64922E-01  2.53081E-01  2.41026E-01  2.28763E-01
   2.16299E-01  2.03641E-01  1.90796E-01  1.77770E-01  1.64569E-01  1.51202E-01
   1.37674E-01  1.23991E-01  1.10161E-01  9.61892E-02  8.20800E-02  6.78396E-02
   5.34741E-02  3.89920E-02  2.44009E-02  9.70918E-03 -5.07844E-03 -1.99654E-02
  -3.49573E-02 -5.00591E-02 -6.52761E-02 -8.06138E-02 -9.60789E-02 -1.11677E-01
  -1.27415E-01 -1.43299E-01 -1.59338E-01 -1.75541E-01 -1.91915E-01 -2.08469E-01
  -2.25210E-01 -2.42147E-01 -2.59288E-01 -2.76644E-01 -2.94229E-01 -3.12062E-01
  -3.30156E-01 -3.48527E-01 -3.67168E-01 -3.86071E-01 -4.05223E-01 -4.24624E-01
  -4.44319E-01 -4.64386E-01 -4.84900E-01 -5.05928E-01 -5.27316E-01 -5.48686E-01
  -5.69651E-01 -5.89827E-01 -6.08982E-01 -6.27168E-01 -6.44463E-01 -6.60951E-01
  -6.76654E-01 -6.91396E-01 -7.04952E-01 -7.17098E-01 -7.27630E-01 -7.36475E-01
  -7.43622E-01 -7.49058E-01 -7.52775E-01 -7.54792E-01 -7.55159E-01 -7.53925E-01
  -7.51139E-01 -7.46900E-01 -7.41377E-01 -7.34750E-01 -7.27196E-01 -7.18917E-01
  -7.10186E-01 -7.01292E-01 -6.92521E-01 -6.84122E-01 -6.76119E-01 -6.68449E-01
  -6.61052E-01 -6.53869E-01 -6.46879E-01 -6.40090E-01 -6.33507E-01 -6.27137E-01
  -6.20979E-01 -6.15020E-01 -6.09247E-01 -6.03647E-01 -5.98207E-01 -5.92921E-01
  -5.87782E-01 -5.82783E-01 -5.77919E-01 -5.73181E-01 -5.68564E-01 -5.64061E-01
  -5.59665E-01 -5.55372E-01 -5.51175E-01 -5.47071E-01 -5.43055E-01 -5.39123E-01
  -5.35268E-01 -5.31487E-01 -5.27774E-01 -5.24123E-01 -5.20531E-01 -5.16992E-01
  -5.13500E-01 -1.12505E-02 -2.32414E-02 -3.40711E-02 -4.31828E-02 -5.02984E-02
  -5.52074E-02 -5.76992E-02 -5.76359E-02 -5.54584E-02 -5.18847E-02 -4.76347E-02
  -4.34050E-02 -3.94539E-02 -3.56474E-02 -3.18379E-02 -2.78786E-02 -2.36889E-02
  -1.92982E-02 -1.47458E-02 -1.00712E-02 -5.30343E-03 -4.38085E-04  4.53587E-03
   9.62953E-03  1.48524E-02  2.02044E-02  2.56816E-02  3.12800E-02  3.69959E-02
   4.28273E-02  4.87737E-02  5.48345E-02  6.10091E-02  6.72964E-02  7.36943E-02
   8.02006E-02  8.68132E-02  9.35298E-02  1.00348E-01  1.07265E-01  1.14279E-01
   1.21387E-01  1.28586E-01  1.35872E-01  1.43242E-01  1.50694E-01  1.58222E-01
   1.65824E-01  1.73494E-01  1.81230E-01  1.89025E-01  1.96877E-01  2.04780E-01
   2.12728E-01  2.20717E-01  2.28742E-01  2.36796E-01  2.44875E-01  2.52971E-01
   2.61080E-01  2.69194E-01  2.77306E-01  2.85412E-01  2.93503E-01  3.01572E-01
   3.09612E-01  3.17617E-01  3.25579E-01  3.33489E-01  3.41340E-01  3.49125E-01
   3.56835E-01  3.64463E-01  3.71999E-01  3.79436E-01  3.86766E-01  3.93980E-01
   4.01070E-01  4.08027E-01  4.14842E-01  4.21508E-01  4.28016E-01  4.34357E-01
   4.40522E-01  4.46504E-01  4.52294E-01  4.57883E-01  4.63264E-01  4.68429E-01
   4.73369E-01  4.78077E-01  4.82545E-01  4.86766E-01  4.90731E-01  4.94436E-01
   4.97871E-01  5.01031E-01  5.03909E-01  5.06499E-01  5.08795E-01  5.10792E-01
   5.12483E-01  5.13865E-01  5.14932E-01  5.15680E-01  5.16104E-01  5.16202E-01
   5.15969E-01  5.15402E-01  5.14499E-01  5.13258E-01  5.11675E-01  5.09751E-01
   5.07483E-01  5.04870E-01  5.01912E-01  4.98609E-01  4.94961E-01  4.90968E-01
   4.86631E-01  4.81953E-01  4.76933E-01  4.71575E-01  4.65880E-01  4.59851E-01
   4.53492E-01  4.46804E-01  4.39792E-01  4.32460E-01  4.24812E-01  4.16852E-01
   4.08585E-01  4.00015E-01  3.91149E-01  3.81991E-01  3.72546E-01  3.62821E-01
   3.52822E-01  3.42555E-01  3.32025E-01  3.21240E-01  3.10206E-01  2.98930E-01
   2.87418E-01  2.75677E-01  2.63715E-01  2.51537E-01  2.39152E-01  2.26566E-01
   2.13787E-01  2.00821E-01  1.87676E-01  1.74358E-01  1.60876E-01  1.47235E-01
   1.33444E-01  1.19508E-01  1.05435E-01  9.12291E-02  7.68977E-02  6.24477E-02
   4.78878E-02  3.32264E-02  1.84724E-02  3.63179E-03 -1.12962E-02 -2.63142E-02
  -4.14244E-02 -5.66293E-02 -7.19332E-02 -8.73419E-02 -1.02860E-01 -1.18494E-01
  -1.34248E-01 -1.50127E-01 -1.66138E-01 -1.82285E-01 -1.98574E-01 -2.15010E-01
  -2.31598E-01 -2.48343E-01 -2.65250E-01 -2.82326E-01 -2.99578E-01 -3.17013E-01
  -3.34636E-01 -3.52440E-01 -3.70418E-01 -3.88559E-01 -4.06858E-01 -4.25323E-01
  -4.43973E-01 -4.62824E-01 -4.81890E-01 -5.01061E-01 -5.20102E-01 -5.38774E-01
  -5.56840E-01 -5.74138E-01 -5.90640E-01 -6.06337E-01 -6.21217E-01 -6.35257E-01
  -6.48388E-01 -6.60533E-01 -6.71612E-01 -6.81546E-01 -6.90247E-01 -6.97622E-01
  -7.03578E-01 -7.08028E-01 -7.10969E-01 -7.12467E-01 -7.12593E-01 -7.11415E-01
  -7.09031E-01 -7.05575E-01 -7.01189E-01 -6.96012E-01 -6.90197E-01 -6.83934E-01
  -6.77422E-01 -6.70860E-01 -6.64420E-01 -6.58137E-01 -6.51993E-01 -6.45968E-01
  -6.40045E-01 -6.34223E-01 -6.28510E-01 -6.22916E-01 -6.17450E-01 -6.12117E-01
  -6.06910E-01 -6.01826E-01 -5.96858E-01 -5.92004E-01 -5.87258E-01 -5.82618E-01
  -5.78081E-01 -5.73643E-01 -5.69300E-01 -5.65049E-01 -5.60884E-01 -5.56803E-01
  -5.52802E-01 -5.48878E-01 -5.45027E-01 -5.41246E-01 -5.37533E-01 -5.33883E-01
  -5.30293E-01 -5.26757E-01 -5.23273E-01 -5.19837E-01 -5.16445E-01 -5.13093E-01
  -1.08880E-02 -2.28371E-02 -3.36168E-02 -4.26699E-02 -4.97243E-02 -5.45765E-02
  -5.70234E-02 -5.69329E-02 -5.47411E-02 -5.11562E-02 -4.68880E-02 -4.26238E-02
  -3.86203E-02 -3.47497E-02 -3.08704E-02 -2.68421E-02 -2.25873E-02 -1.81335E-02
  -1.35179E-02 -8.77766E-03 -3.94015E-03  9.98735E-04  6.04933E-03  1.12221E-02
   1.65259E-02  2.19606E-02  2.75226E-02  3.32080E-02  3.90133E-02  4.49367E-02
   5.09776E-02  5.71352E-02  6.34091E-02  6.97980E-02  7.62999E-02  8.29126E-02
   8.96340E-02  9.64620E-02  1.03394E-01  1.10427E-01  1.17560E-01  1.24788E-01
   1.32110E-01  1.39522E-01  1.47020E-01  1.54602E-01  1.62262E-01  1.69998E-01
   1.77805E-01  1.85680E-01  1.93616E-01  2.01611E-01  2.09658E-01  2.17753E-01
   2.25891E-01  2.34066E-01  2.42272E-01  2.50504E-01  2.58755E-01  2.67020E-01
   2.75291E-01  2.83562E-01  2.91827E-01  3.00079E-01  3.08309E-01  3.16512E-01
   3.24679E-01  3.32804E-01  3.40877E-01  3.48892E-01  3.56840E-01  3.64713E-01
   3.72504E-01  3.80203E-01  3.87802E-01  3.95292E-01  4.02666E-01  4.09915E-01
   4.17029E-01  4.24001E-01  4.30821E-01  4.37480E-01  4.43971E-01  4.50285E-01
   4.56412E-01  4.62345E-01  4.68075E-01  4.73593E-01  4.78892E-01  4.83963E-01
   4.88798E-01  4.93390E-01  4.97730E-01  5.01812E-01  5.05628E-01  5.09171E-01
   5.12434E-01  5.15411E-01  5.18095E-01  5.20480E-01  5.22561E-01  5.24332E-01
   5.25787E-01  5.26923E-01  5.27735E-01  5.28217E-01  5.28367E-01  5.28181E-01
   5.27656E-01  5.26788E-01  5.25577E-01  5.24019E-01  5.22113E-01  5.19858E-01
   5.17252E-01  5.14296E-01  5.10989E-01  5.07331E-01  5.03323E-01  4.98966E-01
   4.94261E-01  4.89210E-01  4.83815E-01  4.78078E-01  4.72003E-01  4.65591E-01
   4.58847E-01  4.51774E-01  4.44376E-01  4.36658E-01  4.28624E-01  4.20278E-01
   4.11627E-01  4.02675E-01  3.93428E-01  3.83892E-01  3.74072E-01  3.63976E-01
   3.53609E-01  3.42977E-01  3.32088E-01  3.20949E-01  3.09566E-01  2.97946E-01
   2.86097E-01  2.74025E-01  2.61739E-01  2.49246E-01  2.36552E-01  2.23666E-01
   2.10596E-01  1.97347E-01  1.83929E-01  1.70348E-01  1.56613E-01  1.42730E-01
   1.28708E-01  1.14553E-01  1.00272E-01  8.58713E-02  7.13593E-02  5.67448E-02
   4.20365E-02  2.72433E-02  1.23724E-02 -2.57397E-03 -1.75953E-02 -3.26901E-02
  -4.78580E-02 -6.31020E-02 -7.84271E-02 -9.38376E-02 -1.09338E-01 -1.24931E-01
  -1.40620E-01 -1.56408E-01 -1.72297E-01 -1.88290E-01 -2.04389E-01 -2.20596E-01
  -2.36912E-01 -2.53339E-01 -2.69876E-01 -2.86524E-01 -3.03281E-01 -3.20147E-01
  -3.37113E-01 -3.54166E-01 -3.71296E-01 -3.88493E-01 -4.05742E-01 -4.23029E-01
  -4.40339E-01 -4.57655E-01 -4.74900E-01 -4.91936E-01 -5.08624E-01 -5.24825E-01
  -5.40428E-01 -5.55380E-01 -5.69630E-01 -5.83130E-01 -5.95836E-01 -6.07724E-01
  -6.18773E-01 -6.28963E-01 -6.38267E-01 -6.46611E-01 -6.53902E-01 -6.60045E-01
  -6.64951E-01 -6.68612E-01 -6.71087E-01 -6.72440E-01 -6.72734E-01 -6.72046E-01
  -6.70476E-01 -6.68126E-01 -6.65099E-01 -6.61503E-01 -6.57463E-01 -6.53110E-01
  -6.48572E-01 -6.43965E-01 -6.39328E-01 -6.34671E-01 -6.30002E-01 -6.25332E-01
  -6.20673E-01 -6.16037E-01 -6.11437E-01 -6.06887E-01 -6.02395E-01 -5.97963E-01
  -5.93592E-01 -5.89285E-01 -5.85042E-01 -5.80863E-01 -5.76749E-01 -5.72700E-01
  -5.68714E-01 -5.64792E-01 -5.60932E-01 -5.57131E-01 -5.53389E-01 -5.49703E-01
  -5.46072E-01 -5.42495E-01 -5.38970E-01 -5.35494E-01 -5.32067E-01 -5.28685E-01
  -5.25345E-01 -5.22047E-01 -5.18787E-01 -5.15563E-01 -5.12373E-01 -1.05426E-02
  -2.24497E-02 -3.31778E-02 -4.21694E-02 -4.91594E-02 -5.39534E-02 -5.63569E-02
  -5.62453E-02 -5.40487E-02 -5.04630E-02 -4.61860E-02 -4.18930E-02 -3.78394E-02
  -3.39047E-02 -2.99553E-02 -2.58584E-02 -2.15406E-02 -1.70271E-02 -1.23523E-02
  -7.55064E-03 -2.64738E-03  2.36124E-03  7.48475E-03  1.27328E-02  1.81135E-02
   2.36268E-02  2.92692E-02  3.50371E-02  4.09273E-02  4.69380E-02  5.30685E-02
   5.93181E-02  6.56861E-02  7.21715E-02  7.87721E-02  8.54859E-02  9.23106E-02
   9.92442E-02  1.06284E-01  1.13428E-01  1.20673E-01  1.28016E-01  1.35455E-01
   1.42986E-01  1.50605E-01  1.58310E-01  1.66097E-01  1.73961E-01  1.81898E-01
   1.89904E-01  1.97974E-01  2.06105E-01  2.14289E-01  2.22524E-01  2.30803E-01
   2.39120E-01  2.47471E-01  2.55848E-01  2.64247E-01  2.72660E-01  2.81081E-01
   2.89503E-01  2.97920E-01  3.06324E-01  3.14709E-01  3.23066E-01  3.31388E-01
   3.39667E-01  3.47896E-01  3.56067E-01  3.64170E-01  3.72199E-01  3.80145E-01
   3.87998E-01  3.95751E-01  4.03395E-01  4.10922E-01  4.18322E-01  4.25586E-01
   4.32706E-01  4.39673E-01  4.46478E-01  4.53112E-01  4.59567E-01  4.65833E-01
   4.71903E-01  4.77766E-01  4.83416E-01  4.88842E-01  4.94038E-01  4.98995E-01
   5.03705E-01  5.08160E-01  5.12353E-01  5.16276E-01  5.19922E-01  5.23284E-01
   5.26355E-01  5.29129E-01  5.31600E-01  5.33762E-01  5.35608E-01  5.37135E-01
   5.38337E-01  5.39210E-01  5.39748E-01  5.39949E-01  5.39809E-01  5.39324E-01
   5.38491E-01  5.37309E-01  5.35776E-01  5.33889E-01  5.31647E-01  5.29050E-01
   5.26096E-01  5.22787E-01  5.19121E-01  5.15100E-01  5.10725E-01  5.05997E-01
   5.00918E-01  4.95489E-01  4.89715E-01  4.83597E-01  4.77138E-01  4.70342E-01
   4.63214E-01  4.55756E-01  4.47974E-01  4.39872E-01  4.31455E-01  4.22729E-01
   4.13700E-01  4.04372E-01  3.94752E-01  3.84846E-01  3.74661E-01  3.64204E-01
   3.53480E-01  3.42497E-01  3.31263E-01  3.19784E-01  3.08067E-01  2.96122E-01
   2.83954E-01  2.71571E-01  2.58982E-01  2.46194E-01  2.33215E-01  2.20054E-01
   2.06717E-01  1.93212E-01  1.79549E-01  1.65735E-01  1.51778E-01  1.37685E-01
   1.23466E-01  1.09127E-01  9.46757E-02  8.01206E-02  6.54708E-02  5.07348E-02
   3.59218E-02  2.10396E-02  6.09356E-03 -8.91235E-03 -2.39733E-02 -3.90857E-02
  -5.42512E-02 -6.94741E-02 -8.47580E-02 -1.00106E-01 -1.15520E-01 -1.31001E-01
  -1.46549E-01 -1.62164E-01 -1.77847E-01 -1.93595E-01 -2.09409E-01 -2.25287E-01
  -2.41228E-01 -2.57226E-01 -2.73275E-01 -2.89370E-01 -3.05505E-01 -3.21667E-01
  -3.37841E-01 -3.54013E-01 -3.70166E-01 -3.86278E-01 -4.02319E-01 -4.18261E-01
  -4.34074E-01 -4.49705E-01 -4.65077E-01 -4.80111E-01 -4.94729E-01 -5.08861E-01
  -5.22453E-01 -5.35452E-01 -5.47805E-01 -5.59466E-01 -5.70415E-01 -5.80635E-01
  -5.90113E-01 -5.98830E-01 -6.06742E-01 -6.13796E-01 -6.19938E-01 -6.25118E-01
  -6.29333E-01 -6.32624E-01 -6.35034E-01 -6.36603E-01 -6.37384E-01 -6.37444E-01
  -6.36850E-01 -6.35671E-01 -6.33979E-01 -6.31849E-01 -6.29362E-01 -6.26597E-01
  -6.23626E-01 -6.20488E-01 -6.17210E-01 -6.13816E-01 -6.10333E-01 -6.06780E-01
  -6.03174E-01 -5.99533E-01 -5.95872E-01 -5.92204E-01 -5.88535E-01 -5.84874E-01
  -5.81226E-01 -5.77597E-01 -5.73990E-01 -5.70408E-01 -5.66855E-01 -5.63332E-01
  -5.59841E-01 -5.56383E-01 -5.52957E-01 -5.49565E-01 -5.46207E-01 -5.42883E-01
  -5.39591E-01 -5.36333E-01 -5.33107E-01 -5.29913E-01 -5.26750E-01 -5.23618E-01
  -5.20516E-01 -5.17444E-01 -5.14401E-01 -5.11387E-01 -1.02186E-02 -2.20878E-02
  -3.27702E-02 -4.17080E-02 -4.86416E-02 -5.33839E-02 -5.57476E-02 -5.56136E-02
  -5.34073E-02 -4.98150E-02 -4.55244E-02 -4.12013E-02 -3.71000E-02 -3.31060E-02
  -2.90922E-02 -2.49320E-02 -2.05553E-02 -1.59856E-02 -1.12547E-02 -6.39474E-03
  -1.42935E-03  3.64499E-03  8.83713E-03  1.41560E-02  1.96091E-02  2.51965E-02
   3.09147E-02  3.67604E-02  4.27306E-02  4.88236E-02  5.50385E-02  6.13747E-02
   6.78316E-02  7.44079E-02  8.11016E-02  8.79106E-02  9.48327E-02  1.01866E-01
   1.09008E-01  1.16255E-01  1.23606E-01  1.31058E-01  1.38607E-01  1.46250E-01
   1.53984E-01  1.61806E-01  1.69711E-01  1.77695E-01  1.85755E-01  1.93885E-01
   2.02082E-01  2.10341E-01  2.18655E-01  2.27022E-01  2.35434E-01  2.43886E-01
   2.52373E-01  2.60888E-01  2.69426E-01  2.77979E-01  2.86542E-01  2.95107E-01
   3.03667E-01  3.12216E-01  3.20745E-01  3.29248E-01  3.37716E-01  3.46142E-01
   3.54518E-01  3.62836E-01  3.71087E-01  3.79263E-01  3.87355E-01  3.95355E-01
   4.03254E-01  4.11043E-01  4.18713E-01  4.26256E-01  4.33663E-01  4.40924E-01
   4.48030E-01  4.54972E-01  4.61742E-01  4.68331E-01  4.74729E-01  4.80927E-01
   4.86918E-01  4.92692E-01  4.98240E-01  5.03554E-01  5.08627E-01  5.13449E-01
   5.18013E-01  5.22311E-01  5.26335E-01  5.30079E-01  5.33535E-01  5.36696E-01
   5.39556E-01  5.42108E-01  5.44347E-01  5.46266E-01  5.47861E-01  5.49126E-01
   5.50057E-01  5.50649E-01  5.50898E-01  5.50802E-01  5.50356E-01  5.49558E-01
   5.48405E-01  5.46895E-01  5.45027E-01  5.42799E-01  5.40211E-01  5.37261E-01
   5.33951E-01  5.30279E-01  5.26247E-01  5.21856E-01  5.17108E-01  5.12004E-01
   5.06546E-01  5.00737E-01  4.94581E-01  4.88079E-01  4.81237E-01  4.74058E-01
   4.66546E-01  4.58706E-01  4.50543E-01  4.42061E-01  4.33268E-01  4.24168E-01
   4.14767E-01  4.05071E-01  3.95088E-01  3.84823E-01  3.74284E-01  3.63477E-01
   3.52410E-01  3.41091E-01  3.29527E-01  3.17725E-01  3.05693E-01  2.93440E-01
   2.80973E-01  2.68300E-01  2.55430E-01  2.42371E-01  2.29131E-01  2.15718E-01
   2.02142E-01  1.88410E-01  1.74531E-01  1.60513E-01  1.46365E-01  1.32096E-01
   1.17714E-01  1.03227E-01  8.86435E-02  7.39736E-02  5.92252E-02  4.44077E-02
   2.95295E-02  1.45988E-02 -3.77364E-04 -1.53910E-02 -3.04356E-02 -4.55117E-02
  -6.06226E-02 -7.57708E-02 -9.09590E-02 -1.06187E-01 -1.21454E-01 -1.36759E-01
  -1.52099E-01 -1.67473E-01 -1.82877E-01 -1.98308E-01 -2.13763E-01 -2.29237E-01
  -2.44722E-01 -2.60209E-01 -2.75689E-01 -2.91154E-01 -3.06586E-01 -3.21969E-01
  -3.37285E-01 -3.52516E-01 -3.67634E-01 -3.82609E-01 -3.97408E-01 -4.12001E-01
  -4.26350E-01 -4.40413E-01 -4.54144E-01 -4.67502E-01 -4.80444E-01 -4.92927E-01
  -5.04911E-01 -5.16354E-01 -5.27218E-01 -5.37470E-01 -5.47083E-01 -5.56027E-01
  -5.64275E-01 -5.71815E-01 -5.78637E-01 -5.84735E-01 -5.90102E-01 -5.94745E-01
  -5.98685E-01 -6.01940E-01 -6.04530E-01 -6.06485E-01 -6.07844E-01 -6.08650E-01
  -6.08943E-01 -6.08767E-01 -6.08167E-01 -6.07187E-01 -6.05874E-01 -6.04271E-01
  -6.02415E-01 -6.00337E-01 -5.98071E-01 -5.95648E-01 -5.93094E-01 -5.90426E-01
  -5.87665E-01 -5.84828E-01 -5.81931E-01 -5.78984E-01 -5.75997E-01 -5.72981E-01
  -5.69944E-01 -5.66892E-01 -5.63830E-01 -5.60763E-01 -5.57695E-01 -5.54631E-01
  -5.51572E-01 -5.48520E-01 -5.45479E-01 -5.42450E-01 -5.39434E-01 -5.36431E-01
  -5.33443E-01 -5.30470E-01 -5.27514E-01 -5.24575E-01 -5.21655E-01 -5.18754E-01
  -5.15873E-01 -5.13014E-01 -5.10178E-01 -9.91946E-03 -2.17584E-02 -3.24067E-02
  -4.13066E-02 -4.82005E-02 -5.29041E-02 -5.52326E-02 -5.50694E-02 -5.28378E-02
  -4.92202E-02 -4.49002E-02 -4.05402E-02 -3.63937E-02 -3.23490E-02 -2.82815E-02
  -2.40673E-02 -1.96377E-02 -1.50150E-02 -1.02303E-02 -5.31440E-03 -2.90222E-04
   4.84561E-03  1.01016E-02  1.54862E-02  2.10069E-02  2.66634E-02  3.24525E-02
   3.83711E-02  4.44162E-02  5.05861E-02  5.68800E-02  6.32972E-02  6.98371E-02
   7.64985E-02  8.32792E-02  9.01773E-02  9.71905E-02  1.04317E-01  1.11554E-01
   1.18899E-01  1.26349E-01  1.33902E-01  1.41554E-01  1.49303E-01  1.57144E-01
   1.65075E-01  1.73091E-01  1.81188E-01  1.89362E-01  1.97609E-01  2.05924E-01
   2.14303E-01  2.22739E-01  2.31229E-01  2.39765E-01  2.48344E-01  2.56959E-01
   2.65603E-01  2.74271E-01  2.82956E-01  2.91651E-01  3.00349E-01  3.09044E-01
   3.17728E-01  3.26394E-01  3.35033E-01  3.43639E-01  3.52203E-01  3.60717E-01
   3.69172E-01  3.77561E-01  3.85875E-01  3.94105E-01  4.02242E-01  4.10278E-01
   4.18203E-01  4.26009E-01  4.33687E-01  4.41226E-01  4.48619E-01  4.55856E-01
   4.62928E-01  4.69825E-01  4.76540E-01  4.83061E-01  4.89381E-01  4.95491E-01
   5.01382E-01  5.07044E-01  5.12470E-01  5.17651E-01  5.22579E-01  5.27245E-01
   5.31642E-01  5.35763E-01  5.39599E-01  5.43143E-01  5.46389E-01  5.49329E-01
   5.51959E-01  5.54270E-01  5.56258E-01  5.57917E-01  5.59242E-01  5.60228E-01
   5.60872E-01  5.61168E-01  5.61113E-01  5.60705E-01  5.59939E-01  5.58814E-01
   5.57328E-01  5.55479E-01  5.53264E-01  5.50685E-01  5.47740E-01  5.44430E-01
   5.40754E-01  5.36713E-01  5.32308E-01  5.27542E-01  5.22416E-01  5.16932E-01
   5.11093E-01  5.04902E-01  4.98363E-01  4.91479E-01  4.84254E-01  4.76693E-01
   4.68801E-01  4.60583E-01  4.52044E-01  4.43189E-01  4.34026E-01  4.24559E-01
   4.14796E-01  4.04743E-01  3.94407E-01  3.83795E-01  3.72914E-01  3.61773E-01
   3.50378E-01  3.38738E-01  3.26860E-01  3.14753E-01  3.02425E-01  2.89884E-01
   2.77139E-01  2.64198E-01  2.51070E-01  2.37763E-01  2.24287E-01  2.10650E-01
   1.96862E-01  1.82930E-01  1.68863E-01  1.54672E-01  1.40366E-01  1.25952E-01
   1.11441E-01  9.68416E-02  8.21629E-02  6.74137E-02  5.26032E-02  3.77409E-02
   2.28369E-02  7.90087E-03 -7.05678E-03 -2.20274E-02 -3.70099E-02 -5.20065E-02
  -6.70187E-02 -8.20482E-02 -9.70935E-02 -1.12153E-01 -1.27222E-01 -1.42300E-01
  -1.57381E-01 -1.72462E-01 -1.87538E-01 -2.02603E-01 -2.17653E-01 -2.32675E-01
  -2.47661E-01 -2.62599E-01 -2.77481E-01 -2.92288E-01 -3.07001E-01 -3.21604E-01
  -3.36077E-01 -3.50394E-01 -3.64526E-01 -3.78444E-01 -3.92117E-01 -4.05519E-01
  -4.18625E-01 -4.31410E-01 -4.43850E-01 -4.55917E-01 -4.67582E-01 -4.78813E-01
  -4.89579E-01 -4.99850E-01 -5.09592E-01 -5.18770E-01 -5.27352E-01 -5.35306E-01
  -5.42635E-01 -5.49354E-01 -5.55480E-01 -5.61027E-01 -5.66007E-01 -5.70426E-01
  -5.74293E-01 -5.77615E-01 -5.80405E-01 -5.82688E-01 -5.84489E-01 -5.85833E-01
  -5.86746E-01 -5.87254E-01 -5.87383E-01 -5.87160E-01 -5.86611E-01 -5.85767E-01
  -5.84661E-01 -5.83326E-01 -5.81794E-01 -5.80089E-01 -5.78231E-01 -5.76238E-01
  -5.74130E-01 -5.71923E-01 -5.69629E-01 -5.67259E-01 -5.64825E-01 -5.62338E-01
  -5.59804E-01 -5.57230E-01 -5.54623E-01 -5.51990E-01 -5.49333E-01 -5.46659E-01
  -5.43969E-01 -5.41269E-01 -5.38560E-01 -5.35845E-01 -5.33125E-01 -5.30404E-01
  -5.27681E-01 -5.24961E-01 -5.22244E-01 -5.19534E-01 -5.16831E-01 -5.14139E-01
  -5.11459E-01 -5.08794E-01 -9.64587E-03 -2.14616E-02 -3.20868E-02 -4.09636E-02
  -4.78333E-02 -5.25102E-02 -5.48083E-02 -5.46096E-02 -5.23383E-02 -4.86783E-02
  -4.43149E-02 -3.99120E-02 -3.57234E-02 -3.16367E-02 -2.75262E-02 -2.32673E-02
  -1.87906E-02 -1.41187E-02 -9.28267E-03 -4.31347E-03  7.65911E-04  5.95876E-03
   1.12735E-02  1.67188E-02  2.23017E-02  2.80223E-02  3.38772E-02  3.98635E-02
   4.59781E-02  5.22192E-02  5.85863E-02  6.50786E-02  7.16955E-02  7.84356E-02
   8.52971E-02  9.22777E-02  9.93755E-02  1.06588E-01  1.13913E-01  1.21348E-01
   1.28891E-01  1.36537E-01  1.44286E-01  1.52132E-01  1.60073E-01  1.68104E-01
   1.76223E-01  1.84425E-01  1.92706E-01  2.01061E-01  2.09486E-01  2.17976E-01
   2.26525E-01  2.35129E-01  2.43782E-01  2.52478E-01  2.61211E-01  2.69975E-01
   2.78764E-01  2.87571E-01  2.96390E-01  3.05212E-01  3.14032E-01  3.22842E-01
   3.31634E-01  3.40400E-01  3.49133E-01  3.57825E-01  3.66467E-01  3.75051E-01
   3.83568E-01  3.92010E-01  4.00368E-01  4.08633E-01  4.16796E-01  4.24848E-01
   4.32780E-01  4.40583E-01  4.48247E-01  4.55762E-01  4.63121E-01  4.70313E-01
   4.77329E-01  4.84161E-01  4.90797E-01  4.97231E-01  5.03452E-01  5.09451E-01
   5.15220E-01  5.20750E-01  5.26032E-01  5.31059E-01  5.35820E-01  5.40310E-01
   5.44520E-01  5.48442E-01  5.52069E-01  5.55394E-01  5.58410E-01  5.61111E-01
   5.63491E-01  5.65543E-01  5.67262E-01  5.68643E-01  5.69682E-01  5.70373E-01
   5.70713E-01  5.70698E-01  5.70325E-01  5.69591E-01  5.68492E-01  5.67029E-01
   5.65197E-01  5.62997E-01  5.60427E-01  5.57488E-01  5.54178E-01  5.50499E-01
   5.46451E-01  5.42035E-01  5.37254E-01  5.32108E-01  5.26601E-01  5.20735E-01
   5.14514E-01  5.07941E-01  5.01020E-01  4.93754E-01  4.86150E-01  4.78212E-01
   4.69944E-01  4.61353E-01  4.52444E-01  4.43224E-01  4.33699E-01  4.23875E-01
   4.13760E-01  4.03361E-01  3.92685E-01  3.81739E-01  3.70532E-01  3.59071E-01
   3.47364E-01  3.35420E-01  3.23247E-01  3.10854E-01  2.98249E-01  2.85441E-01
   2.72440E-01  2.59253E-01  2.45890E-01  2.32361E-01  2.18674E-01  2.04839E-01
   1.90865E-01  1.76761E-01  1.62537E-01  1.48203E-01  1.33768E-01  1.19243E-01
   1.04636E-01  8.99575E-02  7.52162E-02  6.04217E-02  4.55839E-02  3.07148E-02
   1.58259E-02  9.29210E-04 -1.39647E-02 -2.88534E-02 -4.37379E-02 -5.86183E-02
  -7.34950E-02 -8.83656E-02 -1.03227E-01 -1.18076E-01 -1.32908E-01 -1.47719E-01
  -1.62504E-01 -1.77256E-01 -1.91970E-01 -2.06639E-01 -2.21252E-01 -2.35800E-01
  -2.50270E-01 -2.64654E-01 -2.78933E-01 -2.93092E-01 -3.07113E-01 -3.20979E-01
  -3.34668E-01 -3.48153E-01 -3.61409E-01 -3.74412E-01 -3.87141E-01 -3.99577E-01
  -4.11705E-01 -4.23506E-01 -4.34963E-01 -4.46051E-01 -4.56747E-01 -4.67029E-01
  -4.76872E-01 -4.86247E-01 -4.95125E-01 -5.03479E-01 -5.11281E-01 -5.18538E-01
  -5.25266E-01 -5.31484E-01 -5.37210E-01 -5.42453E-01 -5.47216E-01 -5.51503E-01
  -5.55317E-01 -5.58665E-01 -5.61564E-01 -5.64031E-01 -5.66083E-01 -5.67736E-01
  -5.69008E-01 -5.69917E-01 -5.70480E-01 -5.70717E-01 -5.70652E-01 -5.70314E-01
  -5.69732E-01 -5.68932E-01 -5.67937E-01 -5.66765E-01 -5.65433E-01 -5.63960E-01
  -5.62361E-01 -5.60647E-01 -5.58831E-01 -5.56924E-01 -5.54938E-01 -5.52880E-01
  -5.50758E-01 -5.48580E-01 -5.46352E-01 -5.44079E-01 -5.41767E-01 -5.39421E-01
  -5.37045E-01 -5.34642E-01 -5.32216E-01 -5.29770E-01 -5.27305E-01 -5.24826E-01
  -5.22335E-01 -5.19834E-01 -5.17327E-01 -5.14816E-01 -5.12305E-01 -5.09796E-01
  -5.07292E-01 -9.39765E-03 -2.11960E-02 -3.18065E-02 -4.06717E-02 -4.75292E-02
  -5.21889E-02 -5.44605E-02 -5.42223E-02 -5.19014E-02 -4.81872E-02 -4.37709E-02
  -3.93220E-02 -3.50951E-02 -3.09742E-02 -2.68301E-02 -2.25347E-02 -1.80167E-02
  -1.32994E-02 -8.41501E-03 -3.39563E-03  1.73499E-03  6.98017E-03  1.23486E-02
   1.78490E-02  2.34890E-02  2.92682E-02  3.51836E-02  4.12320E-02  4.74104E-02
   5.37170E-02  6.01512E-02  6.67123E-02  7.33998E-02  8.02122E-02  8.71477E-02
   9.42042E-02  1.01379E-01  1.08672E-01  1.16078E-01  1.23595E-01  1.31222E-01
   1.38955E-01  1.46791E-01  1.54727E-01  1.62759E-01  1.70884E-01  1.79098E-01
   1.87396E-01  1.95774E-01  2.04229E-01  2.12755E-01  2.21347E-01  2.30000E-01
   2.38709E-01  2.47468E-01  2.56272E-01  2.65114E-01  2.73988E-01  2.82888E-01
   2.91808E-01  3.00739E-01  3.09676E-01  3.18611E-01  3.27536E-01  3.36444E-01
   3.45328E-01  3.54178E-01  3.62987E-01  3.71747E-01  3.80449E-01  3.89084E-01
   3.97645E-01  4.06120E-01  4.14503E-01  4.22783E-01  4.30952E-01  4.39000E-01
   4.46917E-01  4.54695E-01  4.62324E-01  4.69795E-01  4.77098E-01  4.84224E-01
   4.91163E-01  4.97906E-01  5.04443E-01  5.10767E-01  5.16866E-01  5.22734E-01
   5.28359E-01  5.33735E-01  5.38852E-01  5.43702E-01  5.48277E-01  5.52570E-01
   5.56571E-01  5.60274E-01  5.63673E-01  5.66759E-01  5.69526E-01  5.71969E-01
   5.74080E-01  5.75856E-01  5.77289E-01  5.78376E-01  5.79112E-01  5.79493E-01
   5.79515E-01  5.79175E-01  5.78470E-01  5.77397E-01  5.75954E-01  5.74140E-01
   5.71953E-01  5.69393E-01  5.66459E-01  5.63151E-01  5.59470E-01  5.55416E-01
   5.50991E-01  5.46197E-01  5.41034E-01  5.35507E-01  5.29618E-01  5.23370E-01
   5.16767E-01  5.09813E-01  5.02512E-01  4.94869E-01  4.86890E-01  4.78579E-01
   4.69941E-01  4.60985E-01  4.51715E-01  4.42138E-01  4.32261E-01  4.22092E-01
   4.11637E-01  4.00904E-01  3.89901E-01  3.78636E-01  3.67117E-01  3.55352E-01
   3.43351E-01  3.31121E-01  3.18672E-01  3.06012E-01  2.93151E-01  2.80097E-01
   2.66861E-01  2.53452E-01  2.39878E-01  2.26150E-01  2.12278E-01  1.98271E-01
   1.84138E-01  1.69890E-01  1.55537E-01  1.41089E-01  1.26557E-01  1.11950E-01
   9.72781E-02  8.25511E-02  6.77787E-02  5.29715E-02  3.81424E-02  2.33042E-02
   8.47033E-03 -6.34763E-03 -2.11457E-02 -3.59234E-02 -5.06795E-02 -6.54129E-02
  -8.01204E-02 -9.47986E-02 -1.09444E-01 -1.24051E-01 -1.38616E-01 -1.53133E-01
  -1.67596E-01 -1.81997E-01 -1.96331E-01 -2.10586E-01 -2.24754E-01 -2.38823E-01
  -2.52784E-01 -2.66622E-01 -2.80322E-01 -2.93870E-01 -3.07250E-01 -3.20444E-01
  -3.33431E-01 -3.46192E-01 -3.58707E-01 -3.70957E-01 -3.82927E-01 -3.94600E-01
  -4.05962E-01 -4.16995E-01 -4.27681E-01 -4.38002E-01 -4.47940E-01 -4.57476E-01
  -4.66592E-01 -4.75267E-01 -4.83484E-01 -4.91224E-01 -4.98488E-01 -5.05286E-01
  -5.11626E-01 -5.17517E-01 -5.22965E-01 -5.27973E-01 -5.32546E-01 -5.36687E-01
  -5.40404E-01 -5.43709E-01 -5.46616E-01 -5.49139E-01 -5.51291E-01 -5.53088E-01
  -5.54545E-01 -5.55678E-01 -5.56503E-01 -5.57040E-01 -5.57310E-01 -5.57336E-01
  -5.57138E-01 -5.56735E-01 -5.56142E-01 -5.55376E-01 -5.54451E-01 -5.53381E-01
  -5.52178E-01 -5.50853E-01 -5.49418E-01 -5.47883E-01 -5.46257E-01 -5.44546E-01
  -5.42760E-01 -5.40905E-01 -5.38987E-01 -5.37012E-01 -5.34986E-01 -5.32913E-01
  -5.30798E-01 -5.28644E-01 -5.26455E-01 -5.24235E-01 -5.21986E-01 -5.19713E-01
  -5.17418E-01 -5.15105E-01 -5.12776E-01 -5.10435E-01 -5.08086E-01 -5.05731E-01
  -9.17466E-03 -2.09599E-02 -3.15620E-02 -4.04235E-02 -4.72773E-02 -5.19267E-02
  -5.41750E-02 -5.38956E-02 -5.15195E-02 -4.77447E-02 -4.32708E-02 -3.87755E-02
  -3.45144E-02 -3.03664E-02 -2.61969E-02 -2.18722E-02 -1.73182E-02 -1.25596E-02
  -7.63045E-03 -2.56457E-03  2.61295E-03  7.90556E-03  1.33223E-02  1.88725E-02
   2.45638E-02  3.03962E-02  3.63664E-02  4.24712E-02  4.87074E-02  5.50733E-02
   6.15683E-02  6.81918E-02  7.49431E-02  8.18211E-02  8.88237E-02  9.59489E-02
   1.03194E-01  1.10558E-01  1.18038E-01  1.25631E-01  1.33334E-01  1.41145E-01
   1.49061E-01  1.57078E-01  1.65193E-01  1.73402E-01  1.81701E-01  1.90087E-01
   1.98554E-01  2.07099E-01  2.15716E-01  2.24401E-01  2.33148E-01  2.41952E-01
   2.50808E-01  2.59709E-01  2.68650E-01  2.77624E-01  2.86626E-01  2.95647E-01
   3.04681E-01  3.13721E-01  3.22760E-01  3.31791E-01  3.40805E-01  3.49794E-01
   3.58751E-01  3.67667E-01  3.76534E-01  3.85343E-01  3.94086E-01  4.02753E-01
   4.11336E-01  4.19825E-01  4.28212E-01  4.36486E-01  4.44640E-01  4.52662E-01
   4.60544E-01  4.68276E-01  4.75849E-01  4.83252E-01  4.90477E-01  4.97514E-01
   5.04354E-01  5.10986E-01  5.17403E-01  5.23594E-01  5.29550E-01  5.35263E-01
   5.40724E-01  5.45924E-01  5.50854E-01  5.55507E-01  5.59875E-01  5.63949E-01
   5.67722E-01  5.71186E-01  5.74336E-01  5.77165E-01  5.79665E-01  5.81831E-01
   5.83657E-01  5.85139E-01  5.86270E-01  5.87047E-01  5.87465E-01  5.87521E-01
   5.87212E-01  5.86533E-01  5.85484E-01  5.84061E-01  5.82264E-01  5.80089E-01
   5.77538E-01  5.74610E-01  5.71305E-01  5.67622E-01  5.63564E-01  5.59131E-01
   5.54326E-01  5.49149E-01  5.43605E-01  5.37695E-01  5.31424E-01  5.24795E-01
   5.17812E-01  5.10480E-01  5.02804E-01  4.94788E-01  4.86439E-01  4.77761E-01
   4.68763E-01  4.59449E-01  4.49827E-01  4.39904E-01  4.29687E-01  4.19183E-01
   4.08401E-01  3.97348E-01  3.86033E-01  3.74464E-01  3.62650E-01  3.50598E-01
   3.38320E-01  3.25823E-01  3.13116E-01  3.00210E-01  2.87113E-01  2.73836E-01
   2.60388E-01  2.46778E-01  2.33017E-01  2.19115E-01  2.05082E-01  1.90927E-01
   1.76662E-01  1.62297E-01  1.47842E-01  1.33308E-01  1.18706E-01  1.04046E-01
   8.93368E-02  7.45901E-02  5.98164E-02  4.50294E-02  3.02426E-02  1.54699E-02
   7.23976E-04 -1.39899E-02 -2.86696E-02 -4.33123E-02 -5.79153E-02 -7.24749E-02
  -8.69876E-02 -1.01449E-01 -1.15856E-01 -1.30202E-01 -1.44483E-01 -1.58690E-01
  -1.72818E-01 -1.86861E-01 -2.00807E-01 -2.14649E-01 -2.28377E-01 -2.41982E-01
  -2.55450E-01 -2.68770E-01 -2.81929E-01 -2.94915E-01 -3.07712E-01 -3.20306E-01
  -3.32680E-01 -3.44820E-01 -3.56709E-01 -3.68331E-01 -3.79669E-01 -3.90708E-01
  -4.01429E-01 -4.11820E-01 -4.21865E-01 -4.31549E-01 -4.40860E-01 -4.49785E-01
  -4.58316E-01 -4.66443E-01 -4.74157E-01 -4.81453E-01 -4.88330E-01 -4.94784E-01
  -5.00815E-01 -5.06424E-01 -5.11616E-01 -5.16399E-01 -5.20777E-01 -5.24758E-01
  -5.28356E-01 -5.31581E-01 -5.34447E-01 -5.36967E-01 -5.39154E-01 -5.41026E-01
  -5.42597E-01 -5.43883E-01 -5.44900E-01 -5.45662E-01 -5.46186E-01 -5.46487E-01
  -5.46579E-01 -5.46475E-01 -5.46189E-01 -5.45734E-01 -5.45121E-01 -5.44362E-01
  -5.43468E-01 -5.42448E-01 -5.41312E-01 -5.40069E-01 -5.38726E-01 -5.37292E-01
  -5.35773E-01 -5.34177E-01 -5.32508E-01 -5.30773E-01 -5.28977E-01 -5.27126E-01
  -5.25223E-01 -5.23272E-01 -5.21278E-01 -5.19244E-01 -5.17173E-01 -5.15070E-01
  -5.12936E-01 -5.10777E-01 -5.08594E-01 -5.06391E-01 -5.04171E-01 -8.97665E-03
  -2.07516E-02 -3.13489E-02 -4.02111E-02 -4.70655E-02 -5.17085E-02 -5.39364E-02
  -5.36166E-02 -5.11849E-02 -4.73489E-02 -4.28179E-02 -3.82787E-02 -3.39882E-02
  -2.98190E-02 -2.56303E-02 -2.12821E-02 -1.66971E-02 -1.19016E-02 -6.93184E-03
  -1.82376E-03  3.39592E-03  8.73083E-03  1.41906E-02  1.97848E-02  2.55219E-02
   3.14016E-02  3.74208E-02  4.35759E-02  4.98637E-02  5.62825E-02  6.28317E-02
   6.95108E-02  7.63191E-02  8.32555E-02  9.03180E-02  9.75044E-02  1.04813E-01
   1.12241E-01  1.19786E-01  1.27445E-01  1.35217E-01  1.43098E-01  1.51085E-01
   1.59174E-01  1.67363E-01  1.75647E-01  1.84023E-01  1.92487E-01  2.01033E-01
   2.09658E-01  2.18357E-01  2.27125E-01  2.35956E-01  2.44845E-01  2.53787E-01
   2.62776E-01  2.71805E-01  2.80868E-01  2.89960E-01  2.99072E-01  3.08198E-01
   3.17331E-01  3.26463E-01  3.35587E-01  3.44695E-01  3.53780E-01  3.62832E-01
   3.71843E-01  3.80806E-01  3.89711E-01  3.98549E-01  4.07312E-01  4.15991E-01
   4.24576E-01  4.33058E-01  4.41427E-01  4.49674E-01  4.57790E-01  4.65765E-01
   4.73589E-01  4.81253E-01  4.88747E-01  4.96061E-01  5.03186E-01  5.10112E-01
   5.16829E-01  5.23329E-01  5.29602E-01  5.35638E-01  5.41430E-01  5.46967E-01
   5.52240E-01  5.57243E-01  5.61965E-01  5.66400E-01  5.70539E-01  5.74375E-01
   5.77899E-01  5.81106E-01  5.83989E-01  5.86541E-01  5.88756E-01  5.90628E-01
   5.92153E-01  5.93324E-01  5.94138E-01  5.94590E-01  5.94677E-01  5.94395E-01
   5.93741E-01  5.92713E-01  5.91308E-01  5.89526E-01  5.87364E-01  5.84821E-01
   5.81899E-01  5.78596E-01  5.74913E-01  5.70851E-01  5.66412E-01  5.61597E-01
   5.56409E-01  5.50850E-01  5.44923E-01  5.38632E-01  5.31981E-01  5.24973E-01
   5.17614E-01  5.09908E-01  5.01862E-01  4.93479E-01  4.84767E-01  4.75732E-01
   4.66381E-01  4.56720E-01  4.46757E-01  4.36498E-01  4.25953E-01  4.15129E-01
   4.04033E-01  3.92675E-01  3.81063E-01  3.69206E-01  3.57113E-01  3.44793E-01
   3.32255E-01  3.19509E-01  3.06565E-01  2.93432E-01  2.80121E-01  2.66641E-01
   2.53002E-01  2.39215E-01  2.25289E-01  2.11236E-01  1.97065E-01  1.82788E-01
   1.68415E-01  1.53958E-01  1.39426E-01  1.24832E-01  1.10185E-01  9.54963E-02
   8.07764E-02  6.60366E-02  5.12909E-02  3.65531E-02  2.18373E-02  7.15667E-03
  -7.48222E-03 -2.20755E-02 -3.66185E-02 -5.11069E-02 -6.55366E-02 -7.99043E-02
  -9.42060E-02 -1.08438E-01 -1.22595E-01 -1.36671E-01 -1.50660E-01 -1.64554E-01
  -1.78349E-01 -1.92033E-01 -2.05600E-01 -2.19040E-01 -2.32346E-01 -2.45505E-01
  -2.58508E-01 -2.71343E-01 -2.84000E-01 -2.96466E-01 -3.08730E-01 -3.20779E-01
  -3.32602E-01 -3.44183E-01 -3.55507E-01 -3.66559E-01 -3.77322E-01 -3.87782E-01
  -3.97927E-01 -4.07745E-01 -4.17223E-01 -4.26352E-01 -4.35126E-01 -4.43539E-01
  -4.51589E-01 -4.59270E-01 -4.66576E-01 -4.73499E-01 -4.80032E-01 -4.86168E-01
  -4.91907E-01 -4.97255E-01 -5.02219E-01 -5.06805E-01 -5.11020E-01 -5.14876E-01
  -5.18383E-01 -5.21552E-01 -5.24394E-01 -5.26924E-01 -5.29156E-01 -5.31105E-01
  -5.32784E-01 -5.34206E-01 -5.35382E-01 -5.36325E-01 -5.37044E-01 -5.37553E-01
  -5.37861E-01 -5.37982E-01 -5.37925E-01 -5.37703E-01 -5.37325E-01 -5.36800E-01
  -5.36138E-01 -5.35348E-01 -5.34439E-01 -5.33417E-01 -5.32291E-01 -5.31069E-01
  -5.29756E-01 -5.28359E-01 -5.26883E-01 -5.25335E-01 -5.23719E-01 -5.22041E-01
  -5.20304E-01 -5.18514E-01 -5.16674E-01 -5.14788E-01 -5.12858E-01 -5.10888E-01
  -5.08881E-01 -5.06840E-01 -5.04768E-01 -5.02668E-01 -8.80294E-03 -2.05685E-02
  -3.11609E-02 -4.00229E-02 -4.68771E-02 -5.15139E-02 -5.37234E-02 -5.33683E-02
  -5.08883E-02 -4.69993E-02 -4.24190E-02 -3.78421E-02 -3.35265E-02 -2.93394E-02
  -2.51344E-02 -2.07660E-02 -1.61540E-02 -1.13262E-02 -6.32085E-03 -1.17578E-03
   4.08083E-03  9.45274E-03  1.49500E-02  2.05829E-02  2.63599E-02  3.22811E-02
   3.83430E-02  4.45422E-02  5.08752E-02  5.73403E-02  6.39370E-02  7.06647E-02
   7.75229E-02  8.45104E-02  9.16253E-02  9.88653E-02  1.06228E-01  1.13713E-01
   1.21315E-01  1.29033E-01  1.36865E-01  1.44807E-01  1.52856E-01  1.61009E-01
   1.69262E-01  1.77612E-01  1.86055E-01  1.94587E-01  2.03202E-01  2.11898E-01
   2.20668E-01  2.29509E-01  2.38413E-01  2.47377E-01  2.56395E-01  2.65460E-01
   2.74567E-01  2.83708E-01  2.92879E-01  3.02071E-01  3.11277E-01  3.20491E-01
   3.29705E-01  3.38911E-01  3.48102E-01  3.57269E-01  3.66405E-01  3.75500E-01
   3.84547E-01  3.93536E-01  4.02458E-01  4.11305E-01  4.20068E-01  4.28736E-01
   4.37302E-01  4.45754E-01  4.54084E-01  4.62282E-01  4.70339E-01  4.78244E-01
   4.85987E-01  4.93560E-01  5.00952E-01  5.08154E-01  5.15156E-01  5.21948E-01
   5.28521E-01  5.34866E-01  5.40973E-01  5.46832E-01  5.52436E-01  5.57775E-01
   5.62841E-01  5.67625E-01  5.72119E-01  5.76315E-01  5.80205E-01  5.83783E-01
   5.87040E-01  5.89971E-01  5.92569E-01  5.94826E-01  5.96739E-01  5.98302E-01
   5.99509E-01  6.00355E-01  6.00837E-01  6.00952E-01  6.00694E-01  6.00062E-01
   5.99053E-01  5.97664E-01  5.95895E-01  5.93744E-01  5.91210E-01  5.88293E-01
   5.84993E-01  5.81310E-01  5.77245E-01  5.72801E-01  5.67979E-01  5.62781E-01
   5.57209E-01  5.51267E-01  5.44960E-01  5.38289E-01  5.31261E-01  5.23879E-01
   5.16149E-01  5.08075E-01  4.99665E-01  4.90924E-01  4.81858E-01  4.72475E-01
   4.62780E-01  4.52783E-01  4.42490E-01  4.31909E-01  4.21049E-01  4.09917E-01
   3.98523E-01  3.86875E-01  3.74982E-01  3.62854E-01  3.50499E-01  3.37928E-01
   3.25150E-01  3.12174E-01  2.99012E-01  2.85673E-01  2.72167E-01  2.58505E-01
   2.44696E-01  2.30753E-01  2.16685E-01  2.02502E-01  1.88217E-01  1.73841E-01
   1.59383E-01  1.44856E-01  1.30271E-01  1.15639E-01  1.00971E-01  8.62773E-02
   7.15701E-02  5.68634E-02  4.21706E-02  2.75062E-02  1.28831E-02 -1.69061E-03
  -1.62093E-02 -3.06666E-02 -4.50567E-02 -5.93749E-02 -7.36183E-02 -8.77832E-02
  -1.01866E-01 -1.15863E-01 -1.29766E-01 -1.43571E-01 -1.57269E-01 -1.70856E-01
  -1.84323E-01 -1.97661E-01 -2.10863E-01 -2.23921E-01 -2.36825E-01 -2.49566E-01
  -2.62134E-01 -2.74519E-01 -2.86711E-01 -2.98700E-01 -3.10476E-01 -3.22027E-01
  -3.33343E-01 -3.44409E-01 -3.55212E-01 -3.65737E-01 -3.75974E-01 -3.85912E-01
  -3.95540E-01 -4.04849E-01 -4.13831E-01 -4.22482E-01 -4.30799E-01 -4.38779E-01
  -4.46418E-01 -4.53712E-01 -4.60652E-01 -4.67231E-01 -4.73443E-01 -4.79287E-01
  -4.84768E-01 -4.89891E-01 -4.94663E-01 -4.99089E-01 -5.03178E-01 -5.06939E-01
  -5.10382E-01 -5.13514E-01 -5.16349E-01 -5.18899E-01 -5.21175E-01 -5.23190E-01
  -5.24954E-01 -5.26476E-01 -5.27766E-01 -5.28834E-01 -5.29688E-01 -5.30340E-01
  -5.30800E-01 -5.31077E-01 -5.31182E-01 -5.31123E-01 -5.30910E-01 -5.30552E-01
  -5.30056E-01 -5.29431E-01 -5.28685E-01 -5.27825E-01 -5.26858E-01 -5.25791E-01
  -5.24629E-01 -5.23379E-01 -5.22047E-01 -5.20638E-01 -5.19157E-01 -5.17609E-01
  -5.15998E-01 -5.14330E-01 -5.12607E-01 -5.10831E-01 -5.09007E-01 -5.07135E-01
  -5.05220E-01 -5.03265E-01 -5.01272E-01 -8.65275E-03 -2.04076E-02 -3.09913E-02
  -3.98468E-02 -4.66942E-02 -5.13207E-02 -5.35134E-02 -5.31325E-02 -5.06197E-02
  -4.66954E-02 -4.20816E-02 -3.74772E-02 -3.31405E-02 -2.89357E-02 -2.47135E-02
  -2.03252E-02 -1.56891E-02 -1.08339E-02 -5.79884E-03 -6.22962E-04  4.66479E-03
   1.00683E-02  1.55978E-02  2.12637E-02  2.70750E-02  3.30316E-02  3.91300E-02
   4.53667E-02  5.17382E-02  5.82428E-02  6.48800E-02  7.16492E-02  7.85500E-02
   8.55812E-02  9.27408E-02  1.00027E-01  1.07437E-01  1.14969E-01  1.22620E-01
   1.30388E-01  1.38271E-01  1.46265E-01  1.54367E-01  1.62574E-01  1.70883E-01
   1.79289E-01  1.87790E-01  1.96379E-01  2.05054E-01  2.13810E-01  2.22641E-01
   2.31543E-01  2.40511E-01  2.49539E-01  2.58621E-01  2.67751E-01  2.76924E-01
   2.86133E-01  2.95370E-01  3.04631E-01  3.13906E-01  3.23189E-01  3.32473E-01
   3.41749E-01  3.51011E-01  3.60249E-01  3.69456E-01  3.78623E-01  3.87741E-01
   3.96802E-01  4.05796E-01  4.14715E-01  4.23550E-01  4.32290E-01  4.40927E-01
   4.49450E-01  4.57851E-01  4.66119E-01  4.74245E-01  4.82219E-01  4.90032E-01
   4.97672E-01  5.05131E-01  5.12399E-01  5.19466E-01  5.26322E-01  5.32958E-01
   5.39364E-01  5.45531E-01  5.51449E-01  5.57110E-01  5.62505E-01  5.67625E-01
   5.72461E-01  5.77006E-01  5.81251E-01  5.85189E-01  5.88812E-01  5.92112E-01
   5.95084E-01  5.97721E-01  6.00016E-01  6.01963E-01  6.03558E-01  6.04796E-01
   6.05670E-01  6.06178E-01  6.06316E-01  6.06080E-01  6.05466E-01  6.04474E-01
   6.03100E-01  6.01343E-01  5.99201E-01  5.96674E-01  5.93762E-01  5.90464E-01
   5.86782E-01  5.82715E-01  5.78267E-01  5.73439E-01  5.68233E-01  5.62651E-01
   5.56697E-01  5.50376E-01  5.43690E-01  5.36644E-01  5.29243E-01  5.21492E-01
   5.13397E-01  5.04963E-01  4.96197E-01  4.87106E-01  4.77696E-01  4.67974E-01
   4.57949E-01  4.47627E-01  4.37017E-01  4.26127E-01  4.14966E-01  4.03541E-01
   3.91864E-01  3.79942E-01  3.67784E-01  3.55402E-01  3.42803E-01  3.29998E-01
   3.16998E-01  3.03811E-01  2.90450E-01  2.76924E-01  2.63243E-01  2.49419E-01
   2.35462E-01  2.21383E-01  2.07192E-01  1.92902E-01  1.78524E-01  1.64069E-01
   1.49548E-01  1.34973E-01  1.20356E-01  1.05707E-01  9.10375E-02  7.63601E-02
   6.16884E-02  4.70357E-02  3.24160E-02  1.78424E-02  3.32401E-03 -1.11318E-02
  -2.55173E-02 -3.98248E-02 -5.40495E-02 -6.81888E-02 -8.22395E-02 -9.61986E-02
  -1.10062E-01 -1.23823E-01 -1.37476E-01 -1.51014E-01 -1.64431E-01 -1.77719E-01
  -1.90872E-01 -2.03880E-01 -2.16738E-01 -2.29437E-01 -2.41967E-01 -2.54319E-01
  -2.66485E-01 -2.78456E-01 -2.90223E-01 -3.01775E-01 -3.13103E-01 -3.24198E-01
  -3.35049E-01 -3.45643E-01 -3.55972E-01 -3.66025E-01 -3.75794E-01 -3.85269E-01
  -3.94444E-01 -4.03311E-01 -4.11866E-01 -4.20105E-01 -4.28026E-01 -4.35623E-01
  -4.42895E-01 -4.49835E-01 -4.56440E-01 -4.62705E-01 -4.68632E-01 -4.74222E-01
  -4.79480E-01 -4.84410E-01 -4.89017E-01 -4.93307E-01 -4.97287E-01 -5.00963E-01
  -5.04344E-01 -5.07439E-01 -5.10257E-01 -5.12807E-01 -5.15100E-01 -5.17144E-01
  -5.18948E-01 -5.20520E-01 -5.21870E-01 -5.23005E-01 -5.23937E-01 -5.24673E-01
  -5.25224E-01 -5.25597E-01 -5.25801E-01 -5.25846E-01 -5.25738E-01 -5.25487E-01
  -5.25100E-01 -5.24584E-01 -5.23946E-01 -5.23194E-01 -5.22334E-01 -5.21372E-01
  -5.20314E-01 -5.19166E-01 -5.17933E-01 -5.16621E-01 -5.15234E-01 -5.13779E-01
  -5.12258E-01 -5.10676E-01 -5.09033E-01 -5.07335E-01 -5.05582E-01 -5.03778E-01
  -5.01926E-01 -5.00028E-01 -8.52531E-03 -2.02661E-02 -3.08335E-02 -3.96706E-02
  -4.64988E-02 -5.11070E-02 -5.32839E-02 -5.28912E-02 -5.03696E-02 -4.64371E-02
  -4.18135E-02 -3.71956E-02 -3.28412E-02 -2.86160E-02 -2.43717E-02 -1.99609E-02
  -1.53025E-02 -1.04250E-02 -5.36720E-03 -1.67666E-04  5.14492E-03  1.05743E-02
   1.61308E-02  2.18245E-02  2.76642E-02  3.36500E-02  3.97784E-02  4.60459E-02
   5.24490E-02  5.89862E-02  6.56568E-02  7.24602E-02  7.93962E-02  8.64633E-02
   9.36597E-02  1.00983E-01  1.08432E-01  1.16003E-01  1.23695E-01  1.31505E-01
   1.39429E-01  1.47466E-01  1.55612E-01  1.63864E-01  1.72218E-01  1.80671E-01
   1.89219E-01  1.97856E-01  2.06580E-01  2.15385E-01  2.24267E-01  2.33220E-01
   2.42240E-01  2.51320E-01  2.60455E-01  2.69640E-01  2.78867E-01  2.88130E-01
   2.97424E-01  3.06740E-01  3.16072E-01  3.25413E-01  3.34754E-01  3.44089E-01
   3.53408E-01  3.62705E-01  3.71971E-01  3.81197E-01  3.90374E-01  3.99494E-01
   4.08548E-01  4.17527E-01  4.26420E-01  4.35219E-01  4.43915E-01  4.52497E-01
   4.60956E-01  4.69283E-01  4.77467E-01  4.85498E-01  4.93366E-01  5.01063E-01
   5.08577E-01  5.15899E-01  5.23020E-01  5.29928E-01  5.36616E-01  5.43073E-01
   5.49289E-01  5.55257E-01  5.60965E-01  5.66406E-01  5.71571E-01  5.76451E-01
   5.81037E-01  5.85323E-01  5.89299E-01  5.92959E-01  5.96296E-01  5.99302E-01
   6.01971E-01  6.04296E-01  6.06273E-01  6.07895E-01  6.09158E-01  6.10055E-01
   6.10585E-01  6.10742E-01  6.10524E-01  6.09926E-01  6.08947E-01  6.07585E-01
   6.05838E-01  6.03704E-01  6.01183E-01  5.98275E-01  5.94980E-01  5.91298E-01
   5.87231E-01  5.82780E-01  5.77947E-01  5.72734E-01  5.67144E-01  5.61181E-01
   5.54848E-01  5.48150E-01  5.41090E-01  5.33673E-01  5.25906E-01  5.17794E-01
   5.09341E-01  5.00555E-01  4.91443E-01  4.82012E-01  4.72268E-01  4.62220E-01
   4.51875E-01  4.41241E-01  4.30328E-01  4.19142E-01  4.07694E-01  3.95993E-01
   3.84048E-01  3.71867E-01  3.59462E-01  3.46842E-01  3.34016E-01  3.20996E-01
   3.07791E-01  2.94412E-01  2.80870E-01  2.67175E-01  2.53339E-01  2.39372E-01
   2.25285E-01  2.11089E-01  1.96796E-01  1.82419E-01  1.67966E-01  1.53452E-01
   1.38886E-01  1.24282E-01  1.09649E-01  9.50014E-02  8.03497E-02  6.57079E-02
   5.10889E-02  3.65065E-02  2.19737E-02  7.50069E-03 -6.90389E-03 -2.12308E-02
  -3.54712E-02 -4.96200E-02 -6.36751E-02 -7.76337E-02 -9.14929E-02 -1.05249E-01
  -1.18896E-01 -1.32428E-01 -1.45838E-01 -1.59120E-01 -1.72267E-01 -1.85273E-01
  -1.98129E-01 -2.10830E-01 -2.23367E-01 -2.35732E-01 -2.47917E-01 -2.59912E-01
  -2.71711E-01 -2.83303E-01 -2.94681E-01 -3.05835E-01 -3.16757E-01 -3.27439E-01
  -3.37871E-01 -3.48047E-01 -3.57957E-01 -3.67595E-01 -3.76954E-01 -3.86026E-01
  -3.94806E-01 -4.03288E-01 -4.11469E-01 -4.19343E-01 -4.26906E-01 -4.34157E-01
  -4.41094E-01 -4.47716E-01 -4.54021E-01 -4.60011E-01 -4.65687E-01 -4.71052E-01
  -4.76107E-01 -4.80857E-01 -4.85307E-01 -4.89460E-01 -4.93323E-01 -4.96902E-01
  -5.00202E-01 -5.03233E-01 -5.06000E-01 -5.08512E-01 -5.10776E-01 -5.12800E-01
  -5.14595E-01 -5.16166E-01 -5.17524E-01 -5.18676E-01 -5.19632E-01 -5.20399E-01
  -5.20986E-01 -5.21400E-01 -5.21651E-01 -5.21745E-01 -5.21691E-01 -5.21496E-01
  -5.21166E-01 -5.20710E-01 -5.20133E-01 -5.19442E-01 -5.18643E-01 -5.17742E-01
  -5.16745E-01 -5.15657E-01 -5.14484E-01 -5.13231E-01 -5.11903E-01 -5.10505E-01
  -5.09038E-01 -5.07507E-01 -5.05915E-01 -5.04263E-01 -5.02556E-01 -5.00795E-01
  -4.98984E-01 -8.42055E-03 -2.01428E-02 -3.06846E-02 -3.94889E-02 -4.62828E-02
  -5.08626E-02 -5.30247E-02 -5.26366E-02 -5.01340E-02 -4.62250E-02 -4.16193E-02
  -3.70038E-02 -3.26351E-02 -2.83851E-02 -2.41118E-02 -1.96744E-02 -1.49951E-02
  -1.01007E-02 -5.02746E-03  1.88026E-04  5.51880E-03  1.09684E-02  1.65465E-02
   2.22626E-02  2.81250E-02  3.41337E-02  4.02853E-02  4.65766E-02  5.30044E-02
   5.95669E-02  6.62636E-02  7.30939E-02  8.00573E-02  8.71526E-02  9.43778E-02
   1.01731E-01  1.09210E-01  1.16812E-01  1.24535E-01  1.32377E-01  1.40334E-01
   1.48405E-01  1.56585E-01  1.64872E-01  1.73262E-01  1.81751E-01  1.90335E-01
   1.99010E-01  2.07772E-01  2.16616E-01  2.25537E-01  2.34531E-01  2.43591E-01
   2.52712E-01  2.61889E-01  2.71116E-01  2.80385E-01  2.89692E-01  2.99029E-01
   3.08389E-01  3.17766E-01  3.27151E-01  3.36537E-01  3.45917E-01  3.55283E-01
   3.64625E-01  3.73937E-01  3.83209E-01  3.92433E-01  4.01599E-01  4.10699E-01
   4.19724E-01  4.28664E-01  4.37510E-01  4.46251E-01  4.54879E-01  4.63384E-01
   4.71756E-01  4.79985E-01  4.88061E-01  4.95974E-01  5.03714E-01  5.11271E-01
   5.18636E-01  5.25799E-01  5.32749E-01  5.39477E-01  5.45973E-01  5.52229E-01
   5.58234E-01  5.63980E-01  5.69457E-01  5.74656E-01  5.79570E-01  5.84190E-01
   5.88507E-01  5.92514E-01  5.96204E-01  5.99568E-01  6.02601E-01  6.05295E-01
   6.07645E-01  6.09644E-01  6.11287E-01  6.12570E-01  6.13486E-01  6.14032E-01
   6.14205E-01  6.14000E-01  6.13415E-01  6.12447E-01  6.11094E-01  6.09355E-01
   6.07227E-01  6.04711E-01  6.01807E-01  5.98514E-01  5.94833E-01  5.90765E-01
   5.86311E-01  5.81475E-01  5.76257E-01  5.70661E-01  5.64691E-01  5.58349E-01
   5.51641E-01  5.44570E-01  5.37142E-01  5.29362E-01  5.21236E-01  5.12769E-01
   5.03968E-01  4.94840E-01  4.85393E-01  4.75632E-01  4.65566E-01  4.55203E-01
   4.44552E-01  4.33620E-01  4.22416E-01  4.10950E-01  3.99230E-01  3.87267E-01
   3.75069E-01  3.62646E-01  3.50010E-01  3.37168E-01  3.24133E-01  3.10914E-01
   2.97523E-01  2.83969E-01  2.70263E-01  2.56418E-01  2.42444E-01  2.28351E-01
   2.14152E-01  1.99857E-01  1.85480E-01  1.71031E-01  1.56521E-01  1.41963E-01
   1.27370E-01  1.12751E-01  9.81200E-02  8.34886E-02  6.88701E-02  5.42775E-02
   3.97243E-02  2.52233E-02  1.07857E-02 -3.57900E-03 -1.78605E-02 -3.20491E-02
  -4.61393E-02 -6.01295E-02 -7.40172E-02 -8.77999E-02 -1.01474E-01 -1.15034E-01
  -1.28473E-01 -1.41785E-01 -1.54965E-01 -1.68005E-01 -1.80900E-01 -1.93641E-01
  -2.06224E-01 -2.18640E-01 -2.30881E-01 -2.42940E-01 -2.54809E-01 -2.66480E-01
  -2.77945E-01 -2.89195E-01 -3.00223E-01 -3.11022E-01 -3.21584E-01 -3.31901E-01
  -3.41968E-01 -3.51776E-01 -3.61322E-01 -3.70597E-01 -3.79596E-01 -3.88314E-01
  -3.96745E-01 -4.04884E-01 -4.12727E-01 -4.20270E-01 -4.27511E-01 -4.34451E-01
  -4.41090E-01 -4.47427E-01 -4.53464E-01 -4.59203E-01 -4.64644E-01 -4.69788E-01
  -4.74640E-01 -4.79201E-01 -4.83478E-01 -4.87473E-01 -4.91192E-01 -4.94640E-01
  -4.97823E-01 -5.00748E-01 -5.03420E-01 -5.05846E-01 -5.08036E-01 -5.09996E-01
  -5.11735E-01 -5.13260E-01 -5.14579E-01 -5.15701E-01 -5.16633E-01 -5.17382E-01
  -5.17958E-01 -5.18366E-01 -5.18615E-01 -5.18713E-01 -5.18665E-01 -5.18479E-01
  -5.18162E-01 -5.17721E-01 -5.17161E-01 -5.16489E-01 -5.15710E-01 -5.14831E-01
  -5.13856E-01 -5.12792E-01 -5.11643E-01 -5.10414E-01 -5.09110E-01 -5.07735E-01
  -5.06292E-01 -5.04784E-01 -5.03215E-01 -5.01589E-01 -4.99909E-01 -4.98178E-01
  -8.34132E-03 -2.00443E-02 -3.05576E-02 -3.93235E-02 -4.60775E-02 -5.06259E-02
  -5.27753E-02 -5.24014E-02 -4.99333E-02 -4.60651E-02 -4.14924E-02 -3.68889E-02
  -3.25095E-02 -2.82345E-02 -2.39312E-02 -1.94675E-02 -1.47704E-02 -9.86409E-03
  -4.78183E-03  4.43066E-04  5.78593E-03  1.12500E-02  1.68440E-02  2.25767E-02
   2.84557E-02  3.44808E-02  4.06491E-02  4.69573E-02  5.34026E-02  5.99833E-02
   6.66987E-02  7.35483E-02  8.05315E-02  8.76469E-02  9.48928E-02  1.02267E-01
   1.09767E-01  1.17392E-01  1.25138E-01  1.33002E-01  1.40983E-01  1.49078E-01
   1.57283E-01  1.65595E-01  1.74010E-01  1.82525E-01  1.91136E-01  1.99838E-01
   2.08627E-01  2.17499E-01  2.26449E-01  2.35471E-01  2.44560E-01  2.53711E-01
   2.62917E-01  2.72174E-01  2.81475E-01  2.90812E-01  3.00180E-01  3.09572E-01
   3.18980E-01  3.28398E-01  3.37816E-01  3.47229E-01  3.56627E-01  3.66003E-01
   3.75347E-01  3.84653E-01  3.93910E-01  4.03109E-01  4.12243E-01  4.21301E-01
   4.30274E-01  4.39153E-01  4.47928E-01  4.56589E-01  4.65127E-01  4.73531E-01
   4.81792E-01  4.89900E-01  4.97845E-01  5.05616E-01  5.13205E-01  5.20600E-01
   5.27793E-01  5.34772E-01  5.41530E-01  5.48055E-01  5.54338E-01  5.60371E-01
   5.66143E-01  5.71646E-01  5.76871E-01  5.81809E-01  5.86453E-01  5.90793E-01
   5.94822E-01  5.98532E-01  6.01917E-01  6.04969E-01  6.07681E-01  6.10048E-01
   6.12064E-01  6.13722E-01  6.15019E-01  6.15948E-01  6.16507E-01  6.16691E-01
   6.16496E-01  6.15920E-01  6.14959E-01  6.13614E-01  6.11880E-01  6.09757E-01
   6.07245E-01  6.04343E-01  6.01051E-01  5.97371E-01  5.93302E-01  5.88847E-01
   5.84008E-01  5.78787E-01  5.73187E-01  5.67211E-01  5.60864E-01  5.54149E-01
   5.47071E-01  5.39634E-01  5.31845E-01  5.23709E-01  5.15232E-01  5.06421E-01
   4.97281E-01  4.87822E-01  4.78049E-01  4.67971E-01  4.57596E-01  4.46931E-01
   4.35987E-01  4.24770E-01  4.13291E-01  4.01559E-01  3.89582E-01  3.77372E-01
   3.64938E-01  3.52290E-01  3.39437E-01  3.26391E-01  3.13162E-01  2.99762E-01
   2.86200E-01  2.72488E-01  2.58636E-01  2.44657E-01  2.30561E-01  2.16359E-01
   2.02064E-01  1.87687E-01  1.73240E-01  1.58735E-01  1.44183E-01  1.29597E-01
   1.14988E-01  1.00369E-01  8.57525E-02  7.11507E-02  5.65770E-02  4.20446E-02
   2.75664E-02  1.31541E-02 -1.18210E-03 -1.54312E-02 -2.95829E-02 -4.36317E-02
  -5.75760E-02 -7.14136E-02 -8.51423E-02 -9.87587E-02 -1.12257E-01 -1.25631E-01
  -1.38875E-01 -1.51983E-01 -1.64949E-01 -1.77765E-01 -1.90427E-01 -2.02928E-01
  -2.15260E-01 -2.27416E-01 -2.39389E-01 -2.51172E-01 -2.62756E-01 -2.74136E-01
  -2.85302E-01 -2.96248E-01 -3.06967E-01 -3.17451E-01 -3.27695E-01 -3.37693E-01
  -3.47437E-01 -3.56923E-01 -3.66144E-01 -3.75096E-01 -3.83772E-01 -3.92170E-01
  -4.00283E-01 -4.08109E-01 -4.15642E-01 -4.22883E-01 -4.29830E-01 -4.36485E-01
  -4.42847E-01 -4.48917E-01 -4.54696E-01 -4.60186E-01 -4.65387E-01 -4.70303E-01
  -4.74935E-01 -4.79289E-01 -4.83368E-01 -4.87176E-01 -4.90719E-01 -4.94001E-01
  -4.97029E-01 -4.99808E-01 -5.02344E-01 -5.04646E-01 -5.06720E-01 -5.08574E-01
  -5.10215E-01 -5.11651E-01 -5.12888E-01 -5.13936E-01 -5.14800E-01 -5.15488E-01
  -5.16008E-01 -5.16366E-01 -5.16570E-01 -5.16627E-01 -5.16543E-01 -5.16325E-01
  -5.15980E-01 -5.15513E-01 -5.14931E-01 -5.14240E-01 -5.13444E-01 -5.12551E-01
  -5.11564E-01 -5.10490E-01 -5.09332E-01 -5.08096E-01 -5.06786E-01 -5.05406E-01
  -5.03961E-01 -5.02455E-01 -5.00891E-01 -4.99276E-01 -4.97611E-01 -8.29117E-03
  -1.99791E-02 -3.04691E-02 -3.92033E-02 -4.59241E-02 -5.04471E-02 -5.25876E-02
  -5.22287E-02 -4.97936E-02 -4.59640E-02 -4.14232E-02 -3.68331E-02 -3.24469E-02
  -2.81527E-02 -2.38258E-02 -1.93421E-02 -1.46326E-02 -9.71928E-03 -4.63271E-03
   5.96666E-04  5.94624E-03  1.14190E-02  1.70228E-02  2.27659E-02  2.86550E-02
   3.46902E-02  4.08683E-02  4.71867E-02  5.36425E-02  6.02341E-02  6.69608E-02
   7.38220E-02  8.08171E-02  8.79447E-02  9.52030E-02  1.02590E-01  1.10103E-01
   1.17741E-01  1.25500E-01  1.33379E-01  1.41375E-01  1.49484E-01  1.57704E-01
   1.66031E-01  1.74461E-01  1.82992E-01  1.91619E-01  2.00337E-01  2.09143E-01
   2.18031E-01  2.26998E-01  2.36037E-01  2.45144E-01  2.54312E-01  2.63537E-01
   2.72812E-01  2.82131E-01  2.91487E-01  3.00874E-01  3.10285E-01  3.19712E-01
   3.29149E-01  3.38587E-01  3.48019E-01  3.57437E-01  3.66833E-01  3.76197E-01
   3.85523E-01  3.94800E-01  4.04019E-01  4.13173E-01  4.22251E-01  4.31244E-01
   4.40143E-01  4.48938E-01  4.57619E-01  4.66177E-01  4.74601E-01  4.82881E-01
   4.91008E-01  4.98972E-01  5.06763E-01  5.14370E-01  5.21784E-01  5.28995E-01
   5.35992E-01  5.42767E-01  5.49310E-01  5.55610E-01  5.61659E-01  5.67447E-01
   5.72966E-01  5.78206E-01  5.83159E-01  5.87817E-01  5.92171E-01  5.96213E-01
   5.99936E-01  6.03333E-01  6.06397E-01  6.09120E-01  6.11497E-01  6.13523E-01
   6.15191E-01  6.16496E-01  6.17433E-01  6.17999E-01  6.18189E-01  6.18001E-01
   6.17430E-01  6.16475E-01  6.15133E-01  6.13403E-01  6.11283E-01  6.08773E-01
   6.05872E-01  6.02582E-01  5.98901E-01  5.94832E-01  5.90377E-01  5.85536E-01
   5.80313E-01  5.74710E-01  5.68732E-01  5.62381E-01  5.55662E-01  5.48579E-01
   5.41138E-01  5.33343E-01  5.25202E-01  5.16719E-01  5.07901E-01  4.98755E-01
   4.89289E-01  4.79509E-01  4.69423E-01  4.59040E-01  4.48368E-01  4.37416E-01
   4.26191E-01  4.14705E-01  4.02965E-01  3.90981E-01  3.78764E-01  3.66322E-01
   3.53667E-01  3.40808E-01  3.27756E-01  3.14522E-01  3.01116E-01  2.87550E-01
   2.73833E-01  2.59978E-01  2.45996E-01  2.31898E-01  2.17695E-01  2.03400E-01
   1.89023E-01  1.74578E-01  1.60075E-01  1.45527E-01  1.30946E-01  1.16344E-01
   1.01732E-01  8.71237E-02  7.25321E-02  5.79696E-02  4.34497E-02  2.89853E-02
   1.45882E-02  2.69058E-04 -1.39607E-02 -2.80904E-02 -4.21144E-02 -5.60314E-02
  -6.98393E-02 -8.35360E-02 -9.71184E-02 -1.10580E-01 -1.23916E-01 -1.37120E-01
  -1.50186E-01 -1.63107E-01 -1.75879E-01 -1.88494E-01 -2.00947E-01 -2.13230E-01
  -2.25337E-01 -2.37261E-01 -2.48994E-01 -2.60530E-01 -2.71862E-01 -2.82981E-01
  -2.93882E-01 -3.04558E-01 -3.15002E-01 -3.25207E-01 -3.35168E-01 -3.44878E-01
  -3.54331E-01 -3.63524E-01 -3.72450E-01 -3.81104E-01 -3.89484E-01 -3.97583E-01
  -4.05401E-01 -4.12932E-01 -4.20176E-01 -4.27131E-01 -4.33798E-01 -4.40176E-01
  -4.46265E-01 -4.52067E-01 -4.57583E-01 -4.62814E-01 -4.67762E-01 -4.72432E-01
  -4.76826E-01 -4.80949E-01 -4.84804E-01 -4.88397E-01 -4.91733E-01 -4.94817E-01
  -4.97655E-01 -5.00254E-01 -5.02620E-01 -5.04760E-01 -5.06681E-01 -5.08389E-01
  -5.09893E-01 -5.11198E-01 -5.12313E-01 -5.13245E-01 -5.13999E-01 -5.14585E-01
  -5.15008E-01 -5.15276E-01 -5.15395E-01 -5.15371E-01 -5.15213E-01 -5.14925E-01
  -5.14514E-01 -5.13985E-01 -5.13346E-01 -5.12601E-01 -5.11757E-01 -5.10817E-01
  -5.09787E-01 -5.08672E-01 -5.07476E-01 -5.06205E-01 -5.04864E-01 -5.03458E-01
  -5.01991E-01 -5.00468E-01 -4.98895E-01 -4.97277E-01 -8.27366E-03 -1.99555E-02
  -3.04359E-02 -3.91568E-02 -4.58638E-02 -5.03763E-02 -5.25135E-02 -5.21616E-02
  -4.97412E-02 -4.59288E-02 -4.14023E-02 -3.68184E-02 -3.24299E-02 -2.81280E-02
  -2.37915E-02 -1.92998E-02 -1.45857E-02 -9.67014E-03 -4.58247E-03  6.48041E-04
   5.99968E-03  1.14753E-02  1.70826E-02  2.28292E-02  2.87218E-02  3.47602E-02
   4.09417E-02  4.72634E-02  5.37227E-02  6.03179E-02  6.70485E-02  7.39136E-02
   8.09126E-02  8.80444E-02  9.53068E-02  1.02698E-01  1.10216E-01  1.17858E-01
   1.25622E-01  1.33505E-01  1.41505E-01  1.49619E-01  1.57844E-01  1.66176E-01
   1.74612E-01  1.83148E-01  1.91780E-01  2.00504E-01  2.09315E-01  2.18209E-01
   2.27181E-01  2.36226E-01  2.45339E-01  2.54513E-01  2.63744E-01  2.73025E-01
   2.82350E-01  2.91713E-01  3.01106E-01  3.10524E-01  3.19957E-01  3.29400E-01
   3.38845E-01  3.48284E-01  3.57708E-01  3.67110E-01  3.76482E-01  3.85814E-01
   3.95097E-01  4.04324E-01  4.13484E-01  4.22569E-01  4.31569E-01  4.40475E-01
   4.49276E-01  4.57964E-01  4.66528E-01  4.74959E-01  4.83246E-01  4.91379E-01
   4.99350E-01  5.07147E-01  5.14760E-01  5.22180E-01  5.29397E-01  5.36401E-01
   5.43181E-01  5.49730E-01  5.56035E-01  5.62090E-01  5.67884E-01  5.73408E-01
   5.78653E-01  5.83611E-01  5.88273E-01  5.92632E-01  5.96679E-01  6.00406E-01
   6.03807E-01  6.06874E-01  6.09602E-01  6.11982E-01  6.14011E-01  6.15682E-01
   6.16990E-01  6.17930E-01  6.18498E-01  6.18691E-01  6.18505E-01  6.17936E-01
   6.16982E-01  6.15641E-01  6.13913E-01  6.11794E-01  6.09284E-01  6.06384E-01
   6.03094E-01  5.99414E-01  5.95345E-01  5.90889E-01  5.86048E-01  5.80824E-01
   5.75221E-01  5.69241E-01  5.62889E-01  5.56169E-01  5.49085E-01  5.41642E-01
   5.33845E-01  5.25702E-01  5.17217E-01  5.08397E-01  4.99249E-01  4.89780E-01
   4.79998E-01  4.69910E-01  4.59524E-01  4.48850E-01  4.37895E-01  4.26668E-01
   4.15179E-01  4.03437E-01  3.91451E-01  3.79231E-01  3.66787E-01  3.54130E-01
   3.41269E-01  3.28215E-01  3.14978E-01  3.01571E-01  2.88003E-01  2.74285E-01
   2.60429E-01  2.46446E-01  2.32347E-01  2.18144E-01  2.03848E-01  1.89473E-01
   1.75028E-01  1.60526E-01  1.45979E-01  1.31400E-01  1.16799E-01  1.02190E-01
   8.75848E-02  7.29964E-02  5.84377E-02  4.39220E-02  2.94622E-02  1.50701E-02
   7.56722E-04 -1.34666E-02 -2.75889E-02 -4.16048E-02 -5.55128E-02 -6.93109E-02
  -8.29971E-02 -9.65682E-02 -1.10018E-01 -1.23341E-01 -1.36532E-01 -1.49584E-01
  -1.62491E-01 -1.75248E-01 -1.87848E-01 -2.00285E-01 -2.12553E-01 -2.24644E-01
  -2.36552E-01 -2.48270E-01 -2.59790E-01 -2.71107E-01 -2.82212E-01 -2.93099E-01
  -3.03762E-01 -3.14194E-01 -3.24388E-01 -3.34338E-01 -3.44038E-01 -3.53482E-01
  -3.62666E-01 -3.71585E-01 -3.80232E-01 -3.88606E-01 -3.96702E-01 -4.04517E-01
  -4.12049E-01 -4.19295E-01 -4.26254E-01 -4.32926E-01 -4.39309E-01 -4.45404E-01
  -4.51213E-01 -4.56736E-01 -4.61976E-01 -4.66934E-01 -4.71614E-01 -4.76020E-01
  -4.80155E-01 -4.84024E-01 -4.87632E-01 -4.90984E-01 -4.94085E-01 -4.96942E-01
  -4.99561E-01 -5.01947E-01 -5.04108E-01 -5.06050E-01 -5.07781E-01 -5.09306E-01
  -5.10634E-01 -5.11771E-01 -5.12725E-01 -5.13501E-01 -5.14109E-01 -5.14553E-01
  -5.14842E-01 -5.14981E-01 -5.14978E-01 -5.14838E-01 -5.14570E-01 -5.14177E-01
  -5.13667E-01 -5.13045E-01 -5.12317E-01 -5.11489E-01 -5.10564E-01 -5.09549E-01
  -5.08448E-01 -5.07266E-01 -5.06009E-01 -5.04680E-01 -5.03287E-01 -5.01834E-01
  -5.00326E-01 -4.98768E-01 -4.97166E-01 -8.29117E-03 -1.99791E-02 -3.04691E-02
  -3.92033E-02 -4.59241E-02 -5.04471E-02 -5.25876E-02 -5.22287E-02 -4.97936E-02
  -4.59640E-02 -4.14232E-02 -3.68331E-02 -3.24469E-02 -2.81527E-02 -2.38258E-02
  -1.93421E-02 -1.46326E-02 -9.71928E-03 -4.63271E-03  5.96666E-04  5.94624E-03
   1.14190E-02  1.70228E-02  2.27659E-02  2.86550E-02  3.46902E-02  4.08683E-02
   4.71867E-02  5.36425E-02  6.02341E-02  6.69608E-02  7.38220E-02  8.08171E-02
   8.79447E-02  9.52030E-02  1.02590E-01  1.10103E-01  1.17741E-01  1.25500E-01
   1.33379E-01  1.41375E-01  1.49484E-01  1.57704E-01  1.66031E-01  1.74461E-01
   1.82992E-01  1.91619E-01  2.00337E-01  2.09143E-01  2.18031E-01  2.26998E-01
   2.36037E-01  2.45144E-01  2.54312E-01  2.63537E-01  2.72812E-01  2.82131E-01
   2.91487E-01  3.00874E-01  3.10285E-01  3.19712E-01  3.29149E-01  3.38587E-01
   3.48019E-01  3.57437E-01  3.66833E-01  3.76197E-01  3.85523E-01  3.94800E-01
   4.04019E-01  4.13173E-01  4.22251E-01  4.31244E-01  4.40143E-01  4.48938E-01
   4.57619E-01  4.66177E-01  4.74601E-01  4.82881E-01  4.91008E-01  4.98972E-01
   5.06763E-01  5.14370E-01  5.21784E-01  5.28995E-01  5.35992E-01  5.42767E-01
   5.49310E-01  5.55610E-01  5.61659E-01  5.67447E-01  5.72966E-01  5.78206E-01
   5.83159E-01  5.87817E-01  5.92171E-01  5.96213E-01  5.99936E-01  6.03333E-01
   6.06397E-01  6.09120E-01  6.11497E-01  6.13523E-01  6.15191E-01  6.16496E-01
   6.17433E-01  6.17999E-01  6.18189E-01  6.18001E-01  6.17430E-01  6.16475E-01
   6.15133E-01  6.13403E-01  6.11283E-01  6.08773E-01  6.05872E-01  6.02582E-01
   5.98901E-01  5.94832E-01  5.90377E-01  5.85536E-01  5.80313E-01  5.74710E-01
   5.68732E-01  5.62381E-01  5.55662E-01  5.48579E-01  5.41138E-01  5.33343E-01
   5.25202E-01  5.16719E-01  5.07901E-01  4.98755E-01  4.89289E-01  4.79509E-01
   4.69423E-01  4.59040E-01  4.48368E-01  4.37416E-01  4.26191E-01  4.14705E-01
   4.02965E-01  3.90981E-01  3.78764E-01  3.66322E-01  3.53667E-01  3.40808E-01
   3.27756E-01  3.14522E-01  3.01116E-01  2.87550E-01  2.73833E-01  2.59978E-01
   2.45996E-01  2.31898E-01  2.17695E-01  2.03400E-01  1.89023E-01  1.74578E-01
   1.60075E-01  1.45527E-01  1.30946E-01  1.16344E-01  1.01732E-01  8.71237E-02
   7.25321E-02  5.79696E-02  4.34497E-02  2.89853E-02  1.45882E-02  2.69058E-04
  -1.39607E-02 -2.80904E-02 -4.21144E-02 -5.60314E-02 -6.98393E-02 -8.35360E-02
  -9.71184E-02 -1.10580E-01 -1.23916E-01 -1.37120E-01 -1.50186E-01 -1.63107E-01
  -1.75879E-01 -1.88494E-01 -2.00947E-01 -2.13230E-01 -2.25337E-01 -2.37261E-01
  -2.48994E-01 -2.60530E-01 -2.71862E-01 -2.82981E-01 -2.93882E-01 -3.04558E-01
  -3.15002E-01 -3.25207E-01 -3.35168E-01 -3.44878E-01 -3.54331E-01 -3.63524E-01
  -3.72450E-01 -3.81104E-01 -3.89484E-01 -3.97583E-01 -4.05401E-01 -4.12932E-01
  -4.20176E-01 -4.27131E-01 -4.33798E-01 -4.40176E-01 -4.46265E-01 -4.52067E-01
  -4.57583E-01 -4.62814E-01 -4.67762E-01 -4.72432E-01 -4.76826E-01 -4.80949E-01
  -4.84804E-01 -4.88397E-01 -4.91733E-01 -4.94817E-01 -4.97655E-01 -5.00254E-01
  -5.02620E-01 -5.04760E-01 -5.06681E-01 -5.08389E-01 -5.09893E-01 -5.11198E-01
  -5.12313E-01 -5.13245E-01 -5.13999E-01 -5.14585E-01 -5.15008E-01 -5.15276E-01
  -5.15395E-01 -5.15371E-01 -5.15213E-01 -5.14925E-01 -5.14514E-01 -5.13985E-01
  -5.13346E-01 -5.12601E-01 -5.11757E-01 -5.10817E-01 -5.09787E-01 -5.08672E-01
  -5.07476E-01 -5.06205E-01 -5.04864E-01 -5.03458E-01 -5.01991E-01 -5.00468E-01
  -4.98895E-01 -4.97277E-01 -8.34132E-03 -2.00443E-02 -3.05576E-02 -3.93235E-02
  -4.60775E-02 -5.06259E-02 -5.27753E-02 -5.24014E-02 -4.99333E-02 -4.60651E-02
  -4.14924E-02 -3.68889E-02 -3.25095E-02 -2.82345E-02 -2.39312E-02 -1.94675E-02
  -1.47704E-02 -9.86409E-03 -4.78183E-03  4.43066E-04  5.78593E-03  1.12500E-02
   1.68440E-02  2.25767E-02  2.84557E-02  3.44808E-02  4.06491E-02  4.69573E-02
   5.34026E-02  5.99833E-02  6.66987E-02  7.35483E-02  8.05315E-02  8.76469E-02
   9.48928E-02  1.02267E-01  1.09767E-01  1.17392E-01  1.25138E-01  1.33002E-01
   1.40983E-01  1.49078E-01  1.57283E-01  1.65595E-01  1.74010E-01  1.82525E-01
   1.91136E-01  1.99838E-01  2.08627E-01  2.17499E-01  2.26449E-01  2.35471E-01
   2.44560E-01  2.53711E-01  2.62917E-01  2.72174E-01  2.81475E-01  2.90812E-01
   3.00180E-01  3.09572E-01  3.18980E-01  3.28398E-01  3.37816E-01  3.47229E-01
   3.56627E-01  3.66003E-01  3.75347E-01  3.84653E-01  3.93910E-01  4.03109E-01
   4.12243E-01  4.21301E-01  4.30274E-01  4.39153E-01  4.47928E-01  4.56589E-01
   4.65127E-01  4.73531E-01  4.81792E-01  4.89900E-01  4.97845E-01  5.05616E-01
   5.13205E-01  5.20600E-01  5.27793E-01  5.34772E-01  5.41530E-01  5.48055E-01
   5.54338E-01  5.60371E-01  5.66143E-01  5.71646E-01  5.76871E-01  5.81809E-01
   5.86453E-01  5.90793E-01  5.94822E-01  5.98532E-01  6.01917E-01  6.04969E-01
   6.07681E-01  6.10048E-01  6.12064E-01  6.13722E-01  6.15019E-01  6.15948E-01
   6.16507E-01  6.16691E-01  6.16496E-01  6.15920E-01  6.14959E-01  6.13614E-01
   6.11880E-01  6.09757E-01  6.07245E-01  6.04343E-01  6.01051E-01  5.97371E-01
   5.93302E-01  5.88847E-01  5.84008E-01  5.78787E-01  5.73187E-01  5.67211E-01
   5.60864E-01  5.54149E-01  5.47071E-01  5.39634E-01  5.31845E-01  5.23709E-01
   5.15232E-01  5.06421E-01  4.97281E-01  4.87822E-01  4.78049E-01  4.67971E-01
   4.57596E-01  4.46931E-01  4.35987E-01  4.24770E-01  4.13291E-01  4.01559E-01
   3.89582E-01  3.77372E-01  3.64938E-01  3.52290E-01  3.39437E-01  3.26391E-01
   3.13162E-01  2.99762E-01  2.86200E-01  2.72488E-01  2.58636E-01  2.44657E-01
   2.30561E-01  2.16359E-01  2.02064E-01  1.87687E-01  1.73240E-01  1.58735E-01
   1.44183E-01  1.29597E-01  1.14988E-01  1.00369E-01  8.57525E-02  7.11507E-02
   5.65770E-02  4.20446E-02  2.75664E-02  1.31541E-02 -1.18210E-03 -1.54312E-02
  -2.95829E-02 -4.36317E-02 -5.75760E-02 -7.14136E-02 -8.51423E-02 -9.87587E-02
  -1.12257E-01 -1.25631E-01 -1.38875E-01 -1.51983E-01 -1.64949E-01 -1.77765E-01
  -1.90427E-01 -2.02928E-01 -2.15260E-01 -2.27416E-01 -2.39389E-01 -2.51172E-01
  -2.62756E-01 -2.74136E-01 -2.85302E-01 -2.96248E-01 -3.06967E-01 -3.17451E-01
  -3.27695E-01 -3.37693E-01 -3.47437E-01 -3.56923E-01 -3.66144E-01 -3.75096E-01
  -3.83772E-01 -3.92170E-01 -4.00283E-01 -4.08109E-01 -4.15642E-01 -4.22883E-01
  -4.29830E-01 -4.36485E-01 -4.42847E-01 -4.48917E-01 -4.54696E-01 -4.60186E-01
  -4.65387E-01 -4.70303E-01 -4.74935E-01 -4.79289E-01 -4.83368E-01 -4.87176E-01
  -4.90719E-01 -4.94001E-01 -4.97029E-01 -4.99808E-01 -5.02344E-01 -5.04646E-01
  -5.06720E-01 -5.08574E-01 -5.10215E-01 -5.11651E-01 -5.12888E-01 -5.13936E-01
  -5.14800E-01 -5.15488E-01 -5.16008E-01 -5.16366E-01 -5.16570E-01 -5.16627E-01
  -5.16543E-01 -5.16325E-01 -5.15980E-01 -5.15513E-01 -5.14931E-01 -5.14240E-01
  -5.13444E-01 -5.12551E-01 -5.11564E-01 -5.10490E-01 -5.09332E-01 -5.08096E-01
  -5.06786E-01 -5.05406E-01 -5.03961E-01 -5.02455E-01 -5.00891E-01 -4.99276E-01
  -4.97611E-01 -8.42055E-03 -2.01428E-02 -3.06846E-02 -3.94889E-02 -4.62828E-02
  -5.08626E-02 -5.30247E-02 -5.26366E-02 -5.01340E-02 -4.62250E-02 -4.16193E-02
  -3.70038E-02 -3.26351E-02 -2.83851E-02 -2.41118E-02 -1.96744E-02 -1.49951E-02
  -1.01007E-02 -5.02746E-03  1.88026E-04  5.51880E-03  1.09684E-02  1.65465E-02
   2.22626E-02  2.81250E-02  3.41337E-02  4.02853E-02  4.65766E-02  5.30044E-02
   5.95669E-02  6.62636E-02  7.30939E-02  8.00573E-02  8.71526E-02  9.43778E-02
   1.01731E-01  1.09210E-01  1.16812E-01  1.24535E-01  1.32377E-01  1.40334E-01
   1.48405E-01  1.56585E-01  1.64872E-01  1.73262E-01  1.81751E-01  1.90335E-01
   1.99010E-01  2.07772E-01  2.16616E-01  2.25537E-01  2.34531E-01  2.43591E-01
   2.52712E-01  2.61889E-01  2.71116E-01  2.80385E-01  2.89692E-01  2.99029E-01
   3.08389E-01  3.17766E-01  3.27151E-01  3.36537E-01  3.45917E-01  3.55283E-01
   3.64625E-01  3.73937E-01  3.83209E-01  3.92433E-01  4.01599E-01  4.10699E-01
   4.19724E-01  4.28664E-01  4.37510E-01  4.46251E-01  4.54879E-01  4.63384E-01
   4.71756E-01  4.79985E-01  4.88061E-01  4.95974E-01  5.03714E-01  5.11271E-01
   5.18636E-01  5.25799E-01  5.32749E-01  5.39477E-01  5.45973E-01  5.52229E-01
   5.58234E-01  5.63980E-01  5.69457E-01  5.74656E-01  5.79570E-01  5.84190E-01
   5.88507E-01  5.92514E-01  5.96204E-01  5.99568E-01  6.02601E-01  6.05295E-01
   6.07645E-01  6.09644E-01  6.11287E-01  6.12570E-01  6.13486E-01  6.14032E-01
   6.14205E-01  6.14000E-01  6.13415E-01  6.12447E-01  6.11094E-01  6.09355E-01
   6.07227E-01  6.04711E-01  6.01807E-01  5.98514E-01  5.94833E-01  5.90765E-01
   5.86311E-01  5.81475E-01  5.76257E-01  5.70661E-01  5.64691E-01  5.58349E-01
   5.51641E-01  5.44570E-01  5.37142E-01  5.29362E-01  5.21236E-01  5.12769E-01
   5.03968E-01  4.94840E-01  4.85393E-01  4.75632E-01  4.65566E-01  4.55203E-01
   4.44552E-01  4.33620E-01  4.22416E-01  4.10950E-01  3.99230E-01  3.87267E-01
   3.75069E-01  3.62646E-01  3.50010E-01  3.37168E-01  3.24133E-01  3.10914E-01
   2.97523E-01  2.83969E-01  2.70263E-01  2.56418E-01  2.42444E-01  2.28351E-01
   2.14152E-01  1.99857E-01  1.85480E-01  1.71031E-01  1.56521E-01  1.41963E-01
   1.27370E-01  1.12751E-01  9.81200E-02  8.34886E-02  6.88701E-02  5.42775E-02
   3.97243E-02  2.52233E-02  1.07857E-02 -3.57900E-03 -1.78605E-02 -3.20491E-02
  -4.61393E-02 -6.01295E-02 -7.40172E-02 -8.77999E-02 -1.01474E-01 -1.15034E-01
  -1.28473E-01 -1.41785E-01 -1.54965E-01 -1.68005E-01 -1.80900E-01 -1.93641E-01
  -2.06224E-01 -2.18640E-01 -2.30881E-01 -2.42940E-01 -2.54809E-01 -2.66480E-01
  -2.77945E-01 -2.89195E-01 -3.00223E-01 -3.11022E-01 -3.21584E-01 -3.31901E-01
  -3.41968E-01 -3.51776E-01 -3.61322E-01 -3.70597E-01 -3.79596E-01 -3.88314E-01
  -3.96745E-01 -4.04884E-01 -4.12727E-01 -4.20270E-01 -4.27511E-01 -4.34451E-01
  -4.41090E-01 -4.47427E-01 -4.53464E-01 -4.59203E-01 -4.64644E-01 -4.69788E-01
  -4.74640E-01 -4.79201E-01 -4.83478E-01 -4.87473E-01 -4.91192E-01 -4.94640E-01
  -4.97823E-01 -5.00748E-01 -5.03420E-01 -5.05846E-01 -5.08036E-01 -5.09996E-01
  -5.11735E-01 -5.13260E-01 -5.14579E-01 -5.15701E-01 -5.16633E-01 -5.17382E-01
  -5.17958E-01 -5.18366E-01 -5.18615E-01 -5.18713E-01 -5.18665E-01 -5.18479E-01
  -5.18162E-01 -5.17721E-01 -5.17161E-01 -5.16489E-01 -5.15710E-01 -5.14831E-01
  -5.13856E-01 -5.12792E-01 -5.11643E-01 -5.10414E-01 -5.09110E-01 -5.07735E-01
  -5.06292E-01 -5.04784E-01 -5.03215E-01 -5.01589E-01 -4.99909E-01 -4.98178E-01
  -8.52531E-03 -2.02661E-02 -3.08335E-02 -3.96706E-02 -4.64988E-02 -5.11070E-02
  -5.32839E-02 -5.28912E-02 -5.03696E-02 -4.64371E-02 -4.18135E-02 -3.71956E-02
  -3.28412E-02 -2.86160E-02 -2.43717E-02 -1.99609E-02 -1.53025E-02 -1.04250E-02
  -5.36720E-03 -1.67666E-04  5.14492E-03  1.05743E-02  1.61308E-02  2.18245E-02
   2.76642E-02  3.36500E-02  3.97784E-02  4.60459E-02  5.24490E-02  5.89862E-02
   6.56568E-02  7.24602E-02  7.93962E-02  8.64633E-02  9.36597E-02  1.00983E-01
   1.08432E-01  1.16003E-01  1.23695E-01  1.31505E-01  1.39429E-01  1.47466E-01
   1.55612E-01  1.63864E-01  1.72218E-01  1.80671E-01  1.89219E-01  1.97856E-01
   2.06580E-01  2.15385E-01  2.24267E-01  2.33220E-01  2.42240E-01  2.51320E-01
   2.60455E-01  2.69640E-01  2.78867E-01  2.88130E-01  2.97424E-01  3.06740E-01
   3.16072E-01  3.25413E-01  3.34754E-01  3.44089E-01  3.53408E-01  3.62705E-01
   3.71971E-01  3.81197E-01  3.90374E-01  3.99494E-01  4.08548E-01  4.17527E-01
   4.26420E-01  4.35219E-01  4.43915E-01  4.52497E-01  4.60956E-01  4.69283E-01
   4.77467E-01  4.85498E-01  4.93366E-01  5.01063E-01  5.08577E-01  5.15899E-01
   5.23020E-01  5.29928E-01  5.36616E-01  5.43073E-01  5.49289E-01  5.55257E-01
   5.60965E-01  5.66406E-01  5.71571E-01  5.76451E-01  5.81037E-01  5.85323E-01
   5.89299E-01  5.92959E-01  5.96296E-01  5.99302E-01  6.01971E-01  6.04296E-01
   6.06273E-01  6.07895E-01  6.09158E-01  6.10055E-01  6.10585E-01  6.10742E-01
   6.10524E-01  6.09926E-01  6.08947E-01  6.07585E-01  6.05838E-01  6.03704E-01
   6.01183E-01  5.98275E-01  5.94980E-01  5.91298E-01  5.87231E-01  5.82780E-01
   5.77947E-01  5.72734E-01  5.67144E-01  5.61181E-01  5.54848E-01  5.48150E-01
   5.41090E-01  5.33673E-01  5.25906E-01  5.17794E-01  5.09341E-01  5.00555E-01
   4.91443E-01  4.82012E-01  4.72268E-01  4.62220E-01  4.51875E-01  4.41241E-01
   4.30328E-01  4.19142E-01  4.07694E-01  3.95993E-01  3.84048E-01  3.71867E-01
   3.59462E-01  3.46842E-01  3.34016E-01  3.20996E-01  3.07791E-01  2.94412E-01
   2.80870E-01  2.67175E-01  2.53339E-01  2.39372E-01  2.25285E-01  2.11089E-01
   1.96796E-01  1.82419E-01  1.67966E-01  1.53452E-01  1.38886E-01  1.24282E-01
   1.09649E-01  9.50014E-02  8.03497E-02  6.57079E-02  5.10889E-02  3.65065E-02
   2.19737E-02  7.50069E-03 -6.90389E-03 -2.12308E-02 -3.54712E-02 -4.96200E-02
  -6.36751E-02 -7.76337E-02 -9.14929E-02 -1.05249E-01 -1.18896E-01 -1.32428E-01
  -1.45838E-01 -1.59120E-01 -1.72267E-01 -1.85273E-01 -1.98129E-01 -2.10830E-01
  -2.23367E-01 -2.35732E-01 -2.47917E-01 -2.59912E-01 -2.71711E-01 -2.83303E-01
  -2.94681E-01 -3.05835E-01 -3.16757E-01 -3.27439E-01 -3.37871E-01 -3.48047E-01
  -3.57957E-01 -3.67595E-01 -3.76954E-01 -3.86026E-01 -3.94806E-01 -4.03288E-01
  -4.11469E-01 -4.19343E-01 -4.26906E-01 -4.34157E-01 -4.41094E-01 -4.47716E-01
  -4.54021E-01 -4.60011E-01 -4.65687E-01 -4.71052E-01 -4.76107E-01 -4.80857E-01
  -4.85307E-01 -4.89460E-01 -4.93323E-01 -4.96902E-01 -5.00202E-01 -5.03233E-01
  -5.06000E-01 -5.08512E-01 -5.10776E-01 -5.12800E-01 -5.14595E-01 -5.16166E-01
  -5.17524E-01 -5.18676E-01 -5.19632E-01 -5.20399E-01 -5.20986E-01 -5.21400E-01
  -5.21651E-01 -5.21745E-01 -5.21691E-01 -5.21496E-01 -5.21166E-01 -5.20710E-01
  -5.20133E-01 -5.19442E-01 -5.18643E-01 -5.17742E-01 -5.16745E-01 -5.15657E-01
  -5.14484E-01 -5.13231E-01 -5.11903E-01 -5.10505E-01 -5.09038E-01 -5.07507E-01
  -5.05915E-01 -5.04263E-01 -5.02556E-01 -5.00795E-01 -4.98984E-01 -8.65275E-03
  -2.04076E-02 -3.09913E-02 -3.98468E-02 -4.66942E-02 -5.13207E-02 -5.35134E-02
  -5.31325E-02 -5.06197E-02 -4.66954E-02 -4.20816E-02 -3.74772E-02 -3.31405E-02
  -2.89357E-02 -2.47135E-02 -2.03252E-02 -1.56891E-02 -1.08339E-02 -5.79884E-03
  -6.22962E-04  4.66479E-03  1.00683E-02  1.55978E-02  2.12637E-02  2.70750E-02
   3.30316E-02  3.91300E-02  4.53667E-02  5.17382E-02  5.82428E-02  6.48800E-02
   7.16492E-02  7.85500E-02  8.55812E-02  9.27408E-02  1.00027E-01  1.07437E-01
   1.14969E-01  1.22620E-01  1.30388E-01  1.38271E-01  1.46265E-01  1.54367E-01
   1.62574E-01  1.70883E-01  1.79289E-01  1.87790E-01  1.96379E-01  2.05054E-01
   2.13810E-01  2.22641E-01  2.31543E-01  2.40511E-01  2.49539E-01  2.58621E-01
   2.67751E-01  2.76924E-01  2.86133E-01  2.95370E-01  3.04631E-01  3.13906E-01
   3.23189E-01  3.32473E-01  3.41749E-01  3.51011E-01  3.60249E-01  3.69456E-01
   3.78623E-01  3.87741E-01  3.96802E-01  4.05796E-01  4.14715E-01  4.23550E-01
   4.32290E-01  4.40927E-01  4.49450E-01  4.57851E-01  4.66119E-01  4.74245E-01
   4.82219E-01  4.90032E-01  4.97672E-01  5.05131E-01  5.12399E-01  5.19466E-01
   5.26322E-01  5.32958E-01  5.39364E-01  5.45531E-01  5.51449E-01  5.57110E-01
   5.62505E-01  5.67625E-01  5.72461E-01  5.77006E-01  5.81251E-01  5.85189E-01
   5.88812E-01  5.92112E-01  5.95084E-01  5.97721E-01  6.00016E-01  6.01963E-01
   6.03558E-01  6.04796E-01  6.05670E-01  6.06178E-01  6.06316E-01  6.06080E-01
   6.05466E-01  6.04474E-01  6.03100E-01  6.01343E-01  5.99201E-01  5.96674E-01
   5.93762E-01  5.90464E-01  5.86782E-01  5.82715E-01  5.78267E-01  5.73439E-01
   5.68233E-01  5.62651E-01  5.56697E-01  5.50376E-01  5.43690E-01  5.36644E-01
   5.29243E-01  5.21492E-01  5.13397E-01  5.04963E-01  4.96197E-01  4.87106E-01
   4.77696E-01  4.67974E-01  4.57949E-01  4.47627E-01  4.37017E-01  4.26127E-01
   4.14966E-01  4.03541E-01  3.91864E-01  3.79942E-01  3.67784E-01  3.55402E-01
   3.42803E-01  3.29998E-01  3.16998E-01  3.03811E-01  2.90450E-01  2.76924E-01
   2.63243E-01  2.49419E-01  2.35462E-01  2.21383E-01  2.07192E-01  1.92902E-01
   1.78524E-01  1.64069E-01  1.49548E-01  1.34973E-01  1.20356E-01  1.05707E-01
   9.10374E-02  7.63601E-02  6.16885E-02  4.70357E-02  3.24160E-02  1.78424E-02
   3.32401E-03 -1.11318E-02 -2.55173E-02 -3.98248E-02 -5.40495E-02 -6.81888E-02
  -8.22395E-02 -9.61986E-02 -1.10062E-01 -1.23823E-01 -1.37476E-01 -1.51014E-01
  -1.64431E-01 -1.77719E-01 -1.90872E-01 -2.03880E-01 -2.16738E-01 -2.29437E-01
  -2.41967E-01 -2.54319E-01 -2.66485E-01 -2.78456E-01 -2.90223E-01 -3.01775E-01
  -3.13103E-01 -3.24198E-01 -3.35049E-01 -3.45643E-01 -3.55972E-01 -3.66025E-01
  -3.75794E-01 -3.85269E-01 -3.94444E-01 -4.03311E-01 -4.11866E-01 -4.20105E-01
  -4.28026E-01 -4.35623E-01 -4.42895E-01 -4.49835E-01 -4.56440E-01 -4.62705E-01
  -4.68632E-01 -4.74222E-01 -4.79480E-01 -4.84410E-01 -4.89017E-01 -4.93307E-01
  -4.97287E-01 -5.00963E-01 -5.04344E-01 -5.07439E-01 -5.10257E-01 -5.12807E-01
  -5.15100E-01 -5.17144E-01 -5.18948E-01 -5.20520E-01 -5.21870E-01 -5.23005E-01
  -5.23937E-01 -5.24673E-01 -5.25224E-01 -5.25597E-01 -5.25801E-01 -5.25846E-01
  -5.25738E-01 -5.25487E-01 -5.25100E-01 -5.24584E-01 -5.23946E-01 -5.23194E-01
  -5.22334E-01 -5.21372E-01 -5.20314E-01 -5.19166E-01 -5.17933E-01 -5.16621E-01
  -5.15234E-01 -5.13779E-01 -5.12258E-01 -5.10676E-01 -5.09033E-01 -5.07335E-01
  -5.05582E-01 -5.03778E-01 -5.01926E-01 -5.00028E-01 -8.80294E-03 -2.05685E-02
  -3.11609E-02 -4.00229E-02 -4.68771E-02 -5.15139E-02 -5.37234E-02 -5.33683E-02
  -5.08883E-02 -4.69993E-02 -4.24190E-02 -3.78421E-02 -3.35265E-02 -2.93394E-02
  -2.51344E-02 -2.07660E-02 -1.61540E-02 -1.13263E-02 -6.32085E-03 -1.17578E-03
   4.08083E-03  9.45274E-03  1.49500E-02  2.05829E-02  2.63599E-02  3.22811E-02
   3.83430E-02  4.45422E-02  5.08752E-02  5.73403E-02  6.39370E-02  7.06647E-02
   7.75229E-02  8.45104E-02  9.16253E-02  9.88653E-02  1.06228E-01  1.13713E-01
   1.21315E-01  1.29033E-01  1.36865E-01  1.44807E-01  1.52856E-01  1.61009E-01
   1.69262E-01  1.77612E-01  1.86055E-01  1.94587E-01  2.03202E-01  2.11898E-01
   2.20668E-01  2.29509E-01  2.38413E-01  2.47377E-01  2.56395E-01  2.65460E-01
   2.74567E-01  2.83708E-01  2.92879E-01  3.02071E-01  3.11277E-01  3.20491E-01
   3.29705E-01  3.38911E-01  3.48102E-01  3.57269E-01  3.66405E-01  3.75500E-01
   3.84547E-01  3.93536E-01  4.02458E-01  4.11305E-01  4.20068E-01  4.28736E-01
   4.37302E-01  4.45754E-01  4.54084E-01  4.62282E-01  4.70339E-01  4.78244E-01
   4.85987E-01  4.93560E-01  5.00952E-01  5.08154E-01  5.15156E-01  5.21948E-01
   5.28521E-01  5.34866E-01  5.40973E-01  5.46832E-01  5.52436E-01  5.57775E-01
   5.62841E-01  5.67625E-01  5.72119E-01  5.76315E-01  5.80205E-01  5.83783E-01
   5.87040E-01  5.89971E-01  5.92569E-01  5.94826E-01  5.96739E-01  5.98302E-01
   5.99509E-01  6.00355E-01  6.00837E-01  6.00952E-01  6.00694E-01  6.00062E-01
   5.99053E-01  5.97664E-01  5.95895E-01  5.93744E-01  5.91210E-01  5.88293E-01
   5.84993E-01  5.81310E-01  5.77245E-01  5.72801E-01  5.67979E-01  5.62781E-01
   5.57209E-01  5.51267E-01  5.44960E-01  5.38289E-01  5.31261E-01  5.23879E-01
   5.16149E-01  5.08075E-01  4.99665E-01  4.90924E-01  4.81858E-01  4.72475E-01
   4.62780E-01  4.52783E-01  4.42490E-01  4.31909E-01  4.21049E-01  4.09917E-01
   3.98523E-01  3.86875E-01  3.74982E-01  3.62854E-01  3.50499E-01  3.37928E-01
   3.25150E-01  3.12174E-01  2.99012E-01  2.85673E-01  2.72167E-01  2.58505E-01
   2.44696E-01  2.30753E-01  2.16685E-01  2.02502E-01  1.88217E-01  1.73841E-01
   1.59383E-01  1.44856E-01  1.30271E-01  1.15639E-01  1.00971E-01  8.62773E-02
   7.15701E-02  5.68634E-02  4.21706E-02  2.75062E-02  1.28831E-02 -1.69061E-03
  -1.62093E-02 -3.06666E-02 -4.50567E-02 -5.93749E-02 -7.36183E-02 -8.77832E-02
  -1.01866E-01 -1.15863E-01 -1.29766E-01 -1.43571E-01 -1.57269E-01 -1.70856E-01
  -1.84323E-01 -1.97661E-01 -2.10863E-01 -2.23921E-01 -2.36825E-01 -2.49566E-01
  -2.62134E-01 -2.74519E-01 -2.86711E-01 -2.98700E-01 -3.10476E-01 -3.22027E-01
  -3.33343E-01 -3.44409E-01 -3.55212E-01 -3.65737E-01 -3.75974E-01 -3.85912E-01
  -3.95540E-01 -4.04849E-01 -4.13831E-01 -4.22482E-01 -4.30799E-01 -4.38779E-01
  -4.46418E-01 -4.53712E-01 -4.60652E-01 -4.67231E-01 -4.73443E-01 -4.79287E-01
  -4.84768E-01 -4.89891E-01 -4.94663E-01 -4.99089E-01 -5.03178E-01 -5.06939E-01
  -5.10382E-01 -5.13514E-01 -5.16349E-01 -5.18899E-01 -5.21175E-01 -5.23190E-01
  -5.24954E-01 -5.26476E-01 -5.27766E-01 -5.28834E-01 -5.29688E-01 -5.30340E-01
  -5.30800E-01 -5.31077E-01 -5.31182E-01 -5.31123E-01 -5.30910E-01 -5.30552E-01
  -5.30056E-01 -5.29431E-01 -5.28685E-01 -5.27825E-01 -5.26858E-01 -5.25791E-01
  -5.24629E-01 -5.23379E-01 -5.22047E-01 -5.20638E-01 -5.19157E-01 -5.17609E-01
  -5.15998E-01 -5.14330E-01 -5.12607E-01 -5.10831E-01 -5.09007E-01 -5.07135E-01
  -5.05220E-01 -5.03265E-01 -5.01272E-01 -8.97665E-03 -2.07516E-02 -3.13489E-02
  -4.02111E-02 -4.70655E-02 -5.17085E-02 -5.39364E-02 -5.36166E-02 -5.11849E-02
  -4.73489E-02 -4.28179E-02 -3.82787E-02 -3.39882E-02 -2.98190E-02 -2.56303E-02
  -2.12821E-02 -1.66971E-02 -1.19016E-02 -6.93184E-03 -1.82376E-03  3.39592E-03
   8.73083E-03  1.41906E-02  1.97848E-02  2.55219E-02  3.14016E-02  3.74208E-02
   4.35759E-02  4.98637E-02  5.62825E-02  6.28317E-02  6.95108E-02  7.63191E-02
   8.32555E-02  9.03180E-02  9.75044E-02  1.04813E-01  1.12241E-01  1.19786E-01
   1.27445E-01  1.35217E-01  1.43098E-01  1.51085E-01  1.59174E-01  1.67363E-01
   1.75647E-01  1.84023E-01  1.92487E-01  2.01033E-01  2.09658E-01  2.18357E-01
   2.27125E-01  2.35956E-01  2.44845E-01  2.53787E-01  2.62776E-01  2.71805E-01
   2.80868E-01  2.89960E-01  2.99072E-01  3.08198E-01  3.17331E-01  3.26463E-01
   3.35587E-01  3.44695E-01  3.53780E-01  3.62832E-01  3.71843E-01  3.80806E-01
   3.89711E-01  3.98549E-01  4.07312E-01  4.15991E-01  4.24576E-01  4.33058E-01
   4.41427E-01  4.49674E-01  4.57790E-01  4.65765E-01  4.73589E-01  4.81253E-01
   4.88747E-01  4.96061E-01  5.03186E-01  5.10112E-01  5.16829E-01  5.23329E-01
   5.29602E-01  5.35638E-01  5.41430E-01  5.46967E-01  5.52240E-01  5.57243E-01
   5.61965E-01  5.66400E-01  5.70539E-01  5.74375E-01  5.77899E-01  5.81106E-01
   5.83989E-01  5.86541E-01  5.88756E-01  5.90628E-01  5.92153E-01  5.93324E-01
   5.94138E-01  5.94590E-01  5.94677E-01  5.94395E-01  5.93741E-01  5.92713E-01
   5.91308E-01  5.89526E-01  5.87364E-01  5.84821E-01  5.81899E-01  5.78596E-01
   5.74913E-01  5.70851E-01  5.66412E-01  5.61597E-01  5.56409E-01  5.50850E-01
   5.44923E-01  5.38632E-01  5.31981E-01  5.24973E-01  5.17614E-01  5.09908E-01
   5.01862E-01  4.93479E-01  4.84767E-01  4.75732E-01  4.66381E-01  4.56720E-01
   4.46757E-01  4.36498E-01  4.25953E-01  4.15129E-01  4.04033E-01  3.92675E-01
   3.81063E-01  3.69206E-01  3.57113E-01  3.44793E-01  3.32255E-01  3.19509E-01
   3.06565E-01  2.93432E-01  2.80121E-01  2.66641E-01  2.53002E-01  2.39215E-01
   2.25289E-01  2.11236E-01  1.97065E-01  1.82788E-01  1.68415E-01  1.53958E-01
   1.39426E-01  1.24832E-01  1.10185E-01  9.54963E-02  8.07764E-02  6.60366E-02
   5.12909E-02  3.65531E-02  2.18373E-02  7.15667E-03 -7.48222E-03 -2.20755E-02
  -3.66185E-02 -5.11069E-02 -6.55366E-02 -7.99043E-02 -9.42060E-02 -1.08438E-01
  -1.22595E-01 -1.36671E-01 -1.50660E-01 -1.64554E-01 -1.78349E-01 -1.92033E-01
  -2.05600E-01 -2.19041E-01 -2.32346E-01 -2.45505E-01 -2.58508E-01 -2.71343E-01
  -2.84000E-01 -2.96466E-01 -3.08730E-01 -3.20779E-01 -3.32602E-01 -3.44183E-01
  -3.55507E-01 -3.66559E-01 -3.77322E-01 -3.87782E-01 -3.97927E-01 -4.07745E-01
  -4.17223E-01 -4.26352E-01 -4.35126E-01 -4.43539E-01 -4.51589E-01 -4.59270E-01
  -4.66576E-01 -4.73499E-01 -4.80032E-01 -4.86168E-01 -4.91907E-01 -4.97255E-01
  -5.02219E-01 -5.06805E-01 -5.11020E-01 -5.14876E-01 -5.18383E-01 -5.21552E-01
  -5.24394E-01 -5.26924E-01 -5.29156E-01 -5.31105E-01 -5.32784E-01 -5.34206E-01
  -5.35382E-01 -5.36325E-01 -5.37044E-01 -5.37553E-01 -5.37861E-01 -5.37982E-01
  -5.37925E-01 -5.37703E-01 -5.37325E-01 -5.36800E-01 -5.36138E-01 -5.35348E-01
  -5.34439E-01 -5.33417E-01 -5.32291E-01 -5.31069E-01 -5.29756E-01 -5.28359E-01
  -5.26883E-01 -5.25335E-01 -5.23719E-01 -5.22041E-01 -5.20304E-01 -5.18514E-01
  -5.16674E-01 -5.14788E-01 -5.12858E-01 -5.10888E-01 -5.08881E-01 -5.06840E-01
  -5.04768E-01 -5.02668E-01 -9.17466E-03 -2.09599E-02 -3.15620E-02 -4.04235E-02
  -4.72773E-02 -5.19267E-02 -5.41750E-02 -5.38956E-02 -5.15195E-02 -4.77447E-02
  -4.32708E-02 -3.87755E-02 -3.45144E-02 -3.03664E-02 -2.61969E-02 -2.18722E-02
  -1.73182E-02 -1.25596E-02 -7.63045E-03 -2.56457E-03  2.61295E-03  7.90556E-03
   1.33223E-02  1.88725E-02  2.45638E-02  3.03962E-02  3.63664E-02  4.24712E-02
   4.87074E-02  5.50733E-02  6.15683E-02  6.81918E-02  7.49431E-02  8.18211E-02
   8.88237E-02  9.59489E-02  1.03194E-01  1.10558E-01  1.18038E-01  1.25631E-01
   1.33334E-01  1.41145E-01  1.49061E-01  1.57078E-01  1.65193E-01  1.73402E-01
   1.81701E-01  1.90087E-01  1.98554E-01  2.07099E-01  2.15716E-01  2.24401E-01
   2.33148E-01  2.41952E-01  2.50808E-01  2.59709E-01  2.68650E-01  2.77624E-01
   2.86626E-01  2.95647E-01  3.04681E-01  3.13721E-01  3.22760E-01  3.31791E-01
   3.40805E-01  3.49794E-01  3.58751E-01  3.67667E-01  3.76534E-01  3.85343E-01
   3.94086E-01  4.02753E-01  4.11336E-01  4.19825E-01  4.28212E-01  4.36486E-01
   4.44640E-01  4.52662E-01  4.60544E-01  4.68276E-01  4.75849E-01  4.83252E-01
   4.90477E-01  4.97514E-01  5.04354E-01  5.10986E-01  5.17403E-01  5.23594E-01
   5.29550E-01  5.35263E-01  5.40724E-01  5.45924E-01  5.50854E-01  5.55507E-01
   5.59875E-01  5.63949E-01  5.67722E-01  5.71186E-01  5.74336E-01  5.77165E-01
   5.79665E-01  5.81831E-01  5.83657E-01  5.85139E-01  5.86270E-01  5.87047E-01
   5.87465E-01  5.87521E-01  5.87212E-01  5.86533E-01  5.85484E-01  5.84061E-01
   5.82264E-01  5.80089E-01  5.77538E-01  5.74610E-01  5.71305E-01  5.67622E-01
   5.63564E-01  5.59131E-01  5.54326E-01  5.49149E-01  5.43605E-01  5.37695E-01
   5.31424E-01  5.24795E-01  5.17812E-01  5.10480E-01  5.02804E-01  4.94788E-01
   4.86439E-01  4.77761E-01  4.68763E-01  4.59449E-01  4.49827E-01  4.39904E-01
   4.29687E-01  4.19183E-01  4.08401E-01  3.97348E-01  3.86033E-01  3.74464E-01
   3.62650E-01  3.50598E-01  3.38320E-01  3.25823E-01  3.13116E-01  3.00210E-01
   2.87113E-01  2.73836E-01  2.60388E-01  2.46778E-01  2.33017E-01  2.19115E-01
   2.05082E-01  1.90927E-01  1.76662E-01  1.62297E-01  1.47842E-01  1.33308E-01
   1.18706E-01  1.04046E-01  8.93368E-02  7.45901E-02  5.98164E-02  4.50294E-02
   3.02426E-02  1.54699E-02  7.23976E-04 -1.39899E-02 -2.86696E-02 -4.33123E-02
  -5.79153E-02 -7.24749E-02 -8.69876E-02 -1.01449E-01 -1.15856E-01 -1.30202E-01
  -1.44483E-01 -1.58690E-01 -1.72818E-01 -1.86861E-01 -2.00807E-01 -2.14649E-01
  -2.28377E-01 -2.41982E-01 -2.55450E-01 -2.68770E-01 -2.81929E-01 -2.94915E-01
  -3.07712E-01 -3.20306E-01 -3.32680E-01 -3.44820E-01 -3.56709E-01 -3.68331E-01
  -3.79669E-01 -3.90708E-01 -4.01429E-01 -4.11820E-01 -4.21865E-01 -4.31549E-01
  -4.40860E-01 -4.49785E-01 -4.58316E-01 -4.66443E-01 -4.74157E-01 -4.81453E-01
  -4.88330E-01 -4.94784E-01 -5.00815E-01 -5.06424E-01 -5.11616E-01 -5.16399E-01
  -5.20777E-01 -5.24758E-01 -5.28356E-01 -5.31581E-01 -5.34447E-01 -5.36967E-01
  -5.39154E-01 -5.41026E-01 -5.42597E-01 -5.43883E-01 -5.44900E-01 -5.45662E-01
  -5.46186E-01 -5.46487E-01 -5.46579E-01 -5.46475E-01 -5.46189E-01 -5.45734E-01
  -5.45121E-01 -5.44362E-01 -5.43468E-01 -5.42448E-01 -5.41312E-01 -5.40069E-01
  -5.38726E-01 -5.37292E-01 -5.35773E-01 -5.34177E-01 -5.32508E-01 -5.30773E-01
  -5.28977E-01 -5.27126E-01 -5.25223E-01 -5.23272E-01 -5.21278E-01 -5.19244E-01
  -5.17173E-01 -5.15070E-01 -5.12936E-01 -5.10777E-01 -5.08594E-01 -5.06391E-01
  -5.04171E-01 -9.39765E-03 -2.11960E-02 -3.18065E-02 -4.06717E-02 -4.75292E-02
  -5.21889E-02 -5.44605E-02 -5.42223E-02 -5.19014E-02 -4.81872E-02 -4.37709E-02
  -3.93220E-02 -3.50951E-02 -3.09742E-02 -2.68301E-02 -2.25347E-02 -1.80167E-02
  -1.32994E-02 -8.41501E-03 -3.39562E-03  1.73499E-03  6.98017E-03  1.23486E-02
   1.78490E-02  2.34890E-02  2.92682E-02  3.51836E-02  4.12320E-02  4.74104E-02
   5.37170E-02  6.01512E-02  6.67123E-02  7.33998E-02  8.02122E-02  8.71477E-02
   9.42042E-02  1.01379E-01  1.08672E-01  1.16078E-01  1.23595E-01  1.31222E-01
   1.38955E-01  1.46791E-01  1.54727E-01  1.62759E-01  1.70884E-01  1.79098E-01
   1.87396E-01  1.95774E-01  2.04229E-01  2.12755E-01  2.21347E-01  2.30000E-01
   2.38709E-01  2.47468E-01  2.56272E-01  2.65114E-01  2.73988E-01  2.82888E-01
   2.91808E-01  3.00739E-01  3.09676E-01  3.18611E-01  3.27536E-01  3.36444E-01
   3.45328E-01  3.54178E-01  3.62987E-01  3.71747E-01  3.80449E-01  3.89084E-01
   3.97645E-01  4.06120E-01  4.14503E-01  4.22783E-01  4.30952E-01  4.39000E-01
   4.46917E-01  4.54695E-01  4.62324E-01  4.69795E-01  4.77098E-01  4.84224E-01
   4.91163E-01  4.97906E-01  5.04443E-01  5.10767E-01  5.16866E-01  5.22734E-01
   5.28359E-01  5.33735E-01  5.38852E-01  5.43702E-01  5.48277E-01  5.52570E-01
   5.56571E-01  5.60274E-01  5.63673E-01  5.66759E-01  5.69526E-01  5.71969E-01
   5.74080E-01  5.75856E-01  5.77289E-01  5.78376E-01  5.79112E-01  5.79493E-01
   5.79515E-01  5.79175E-01  5.78470E-01  5.77397E-01  5.75954E-01  5.74140E-01
   5.71953E-01  5.69393E-01  5.66459E-01  5.63151E-01  5.59470E-01  5.55416E-01
   5.50991E-01  5.46197E-01  5.41034E-01  5.35507E-01  5.29618E-01  5.23370E-01
   5.16767E-01  5.09813E-01  5.02512E-01  4.94869E-01  4.86890E-01  4.78579E-01
   4.69941E-01  4.60985E-01  4.51715E-01  4.42138E-01  4.32261E-01  4.22092E-01
   4.11637E-01  4.00904E-01  3.89901E-01  3.78636E-01  3.67117E-01  3.55352E-01
   3.43351E-01  3.31121E-01  3.18672E-01  3.06012E-01  2.93151E-01  2.80097E-01
   2.66861E-01  2.53452E-01  2.39878E-01  2.26150E-01  2.12278E-01  1.98271E-01
   1.84138E-01  1.69890E-01  1.55537E-01  1.41089E-01  1.26557E-01  1.11950E-01
   9.72781E-02  8.25511E-02  6.77787E-02  5.29715E-02  3.81424E-02  2.33042E-02
   8.47033E-03 -6.34763E-03 -2.11457E-02 -3.59234E-02 -5.06795E-02 -6.54129E-02
  -8.01204E-02 -9.47986E-02 -1.09444E-01 -1.24051E-01 -1.38616E-01 -1.53133E-01
  -1.67596E-01 -1.81997E-01 -1.96331E-01 -2.10586E-01 -2.24754E-01 -2.38823E-01
  -2.52784E-01 -2.66622E-01 -2.80322E-01 -2.93870E-01 -3.07250E-01 -3.20444E-01
  -3.33431E-01 -3.46192E-01 -3.58707E-01 -3.70957E-01 -3.82927E-01 -3.94600E-01
  -4.05962E-01 -4.16995E-01 -4.27681E-01 -4.38002E-01 -4.47940E-01 -4.57476E-01
  -4.66592E-01 -4.75267E-01 -4.83484E-01 -4.91224E-01 -4.98488E-01 -5.05286E-01
  -5.11626E-01 -5.17517E-01 -5.22965E-01 -5.27973E-01 -5.32546E-01 -5.36687E-01
  -5.40404E-01 -5.43709E-01 -5.46616E-01 -5.49139E-01 -5.51291E-01 -5.53088E-01
  -5.54545E-01 -5.55678E-01 -5.56503E-01 -5.57040E-01 -5.57310E-01 -5.57336E-01
  -5.57138E-01 -5.56735E-01 -5.56142E-01 -5.55376E-01 -5.54451E-01 -5.53381E-01
  -5.52178E-01 -5.50853E-01 -5.49418E-01 -5.47883E-01 -5.46257E-01 -5.44546E-01
  -5.42760E-01 -5.40905E-01 -5.38987E-01 -5.37012E-01 -5.34986E-01 -5.32913E-01
  -5.30798E-01 -5.28644E-01 -5.26455E-01 -5.24235E-01 -5.21986E-01 -5.19713E-01
  -5.17418E-01 -5.15105E-01 -5.12776E-01 -5.10435E-01 -5.08086E-01 -5.05731E-01
  -9.64587E-03 -2.14616E-02 -3.20868E-02 -4.09636E-02 -4.78333E-02 -5.25102E-02
  -5.48083E-02 -5.46096E-02 -5.23383E-02 -4.86783E-02 -4.43149E-02 -3.99120E-02
  -3.57234E-02 -3.16367E-02 -2.75262E-02 -2.32673E-02 -1.87906E-02 -1.41187E-02
  -9.28267E-03 -4.31347E-03  7.65912E-04  5.95876E-03  1.12735E-02  1.67188E-02
   2.23017E-02  2.80223E-02  3.38772E-02  3.98635E-02  4.59781E-02  5.22192E-02
   5.85863E-02  6.50786E-02  7.16955E-02  7.84356E-02  8.52971E-02  9.22777E-02
   9.93755E-02  1.06588E-01  1.13913E-01  1.21348E-01  1.28891E-01  1.36537E-01
   1.44286E-01  1.52132E-01  1.60073E-01  1.68104E-01  1.76223E-01  1.84425E-01
   1.92706E-01  2.01061E-01  2.09486E-01  2.17976E-01  2.26525E-01  2.35129E-01
   2.43782E-01  2.52478E-01  2.61211E-01  2.69975E-01  2.78764E-01  2.87571E-01
   2.96390E-01  3.05212E-01  3.14032E-01  3.22842E-01  3.31634E-01  3.40400E-01
   3.49133E-01  3.57825E-01  3.66467E-01  3.75051E-01  3.83568E-01  3.92010E-01
   4.00368E-01  4.08633E-01  4.16796E-01  4.24848E-01  4.32780E-01  4.40583E-01
   4.48247E-01  4.55762E-01  4.63121E-01  4.70313E-01  4.77329E-01  4.84161E-01
   4.90797E-01  4.97231E-01  5.03452E-01  5.09451E-01  5.15220E-01  5.20750E-01
   5.26032E-01  5.31059E-01  5.35820E-01  5.40310E-01  5.44520E-01  5.48442E-01
   5.52069E-01  5.55394E-01  5.58410E-01  5.61111E-01  5.63491E-01  5.65543E-01
   5.67262E-01  5.68643E-01  5.69682E-01  5.70373E-01  5.70713E-01  5.70698E-01
   5.70325E-01  5.69591E-01  5.68492E-01  5.67029E-01  5.65197E-01  5.62997E-01
   5.60427E-01  5.57488E-01  5.54178E-01  5.50499E-01  5.46451E-01  5.42035E-01
   5.37254E-01  5.32108E-01  5.26601E-01  5.20735E-01  5.14514E-01  5.07941E-01
   5.01020E-01  4.93754E-01  4.86150E-01  4.78212E-01  4.69944E-01  4.61353E-01
   4.52444E-01  4.43224E-01  4.33699E-01  4.23875E-01  4.13760E-01  4.03361E-01
   3.92685E-01  3.81739E-01  3.70532E-01  3.59071E-01  3.47364E-01  3.35420E-01
   3.23247E-01  3.10854E-01  2.98249E-01  2.85441E-01  2.72440E-01  2.59253E-01
   2.45890E-01  2.32361E-01  2.18674E-01  2.04839E-01  1.90865E-01  1.76761E-01
   1.62537E-01  1.48203E-01  1.33768E-01  1.19243E-01  1.04636E-01  8.99575E-02
   7.52162E-02  6.04217E-02  4.55839E-02  3.07148E-02  1.58259E-02  9.29210E-04
  -1.39647E-02 -2.88534E-02 -4.37379E-02 -5.86183E-02 -7.34950E-02 -8.83656E-02
  -1.03227E-01 -1.18076E-01 -1.32908E-01 -1.47719E-01 -1.62504E-01 -1.77256E-01
  -1.91970E-01 -2.06639E-01 -2.21252E-01 -2.35800E-01 -2.50270E-01 -2.64654E-01
  -2.78933E-01 -2.93092E-01 -3.07113E-01 -3.20979E-01 -3.34668E-01 -3.48153E-01
  -3.61409E-01 -3.74412E-01 -3.87141E-01 -3.99577E-01 -4.11705E-01 -4.23506E-01
  -4.34963E-01 -4.46051E-01 -4.56747E-01 -4.67029E-01 -4.76872E-01 -4.86247E-01
  -4.95125E-01 -5.03479E-01 -5.11281E-01 -5.18538E-01 -5.25266E-01 -5.31484E-01
  -5.37210E-01 -5.42453E-01 -5.47216E-01 -5.51503E-01 -5.55317E-01 -5.58665E-01
  -5.61564E-01 -5.64031E-01 -5.66083E-01 -5.67736E-01 -5.69008E-01 -5.69917E-01
  -5.70480E-01 -5.70717E-01 -5.70652E-01 -5.70314E-01 -5.69732E-01 -5.68932E-01
  -5.67937E-01 -5.66765E-01 -5.65433E-01 -5.63960E-01 -5.62361E-01 -5.60647E-01
  -5.58831E-01 -5.56924E-01 -5.54938E-01 -5.52880E-01 -5.50758E-01 -5.48580E-01
  -5.46352E-01 -5.44079E-01 -5.41767E-01 -5.39421E-01 -5.37045E-01 -5.34642E-01
  -5.32216E-01 -5.29770E-01 -5.27305E-01 -5.24826E-01 -5.22335E-01 -5.19834E-01
  -5.17327E-01 -5.14816E-01 -5.12305E-01 -5.09796E-01 -5.07292E-01 -9.91946E-03
  -2.17584E-02 -3.24067E-02 -4.13066E-02 -4.82005E-02 -5.29041E-02 -5.52326E-02
  -5.50694E-02 -5.28378E-02 -4.92202E-02 -4.49002E-02 -4.05402E-02 -3.63937E-02
  -3.23490E-02 -2.82815E-02 -2.40673E-02 -1.96377E-02 -1.50150E-02 -1.02303E-02
  -5.31440E-03 -2.90221E-04  4.84561E-03  1.01016E-02  1.54862E-02  2.10069E-02
   2.66634E-02  3.24525E-02  3.83711E-02  4.44162E-02  5.05861E-02  5.68800E-02
   6.32972E-02  6.98371E-02  7.64985E-02  8.32792E-02  9.01773E-02  9.71905E-02
   1.04317E-01  1.11554E-01  1.18899E-01  1.26349E-01  1.33902E-01  1.41554E-01
   1.49303E-01  1.57144E-01  1.65075E-01  1.73091E-01  1.81188E-01  1.89362E-01
   1.97609E-01  2.05924E-01  2.14303E-01  2.22739E-01  2.31229E-01  2.39765E-01
   2.48344E-01  2.56959E-01  2.65603E-01  2.74271E-01  2.82956E-01  2.91651E-01
   3.00349E-01  3.09044E-01  3.17728E-01  3.26394E-01  3.35033E-01  3.43639E-01
   3.52203E-01  3.60717E-01  3.69172E-01  3.77561E-01  3.85875E-01  3.94105E-01
   4.02242E-01  4.10278E-01  4.18203E-01  4.26009E-01  4.33687E-01  4.41226E-01
   4.48619E-01  4.55856E-01  4.62928E-01  4.69825E-01  4.76540E-01  4.83061E-01
   4.89381E-01  4.95491E-01  5.01382E-01  5.07044E-01  5.12470E-01  5.17651E-01
   5.22579E-01  5.27245E-01  5.31642E-01  5.35763E-01  5.39599E-01  5.43143E-01
   5.46389E-01  5.49329E-01  5.51959E-01  5.54270E-01  5.56258E-01  5.57917E-01
   5.59242E-01  5.60228E-01  5.60872E-01  5.61168E-01  5.61113E-01  5.60705E-01
   5.59939E-01  5.58814E-01  5.57328E-01  5.55478E-01  5.53264E-01  5.50685E-01
   5.47740E-01  5.44430E-01  5.40754E-01  5.36713E-01  5.32308E-01  5.27542E-01
   5.22416E-01  5.16932E-01  5.11093E-01  5.04902E-01  4.98363E-01  4.91479E-01
   4.84254E-01  4.76693E-01  4.68801E-01  4.60583E-01  4.52044E-01  4.43189E-01
   4.34026E-01  4.24559E-01  4.14796E-01  4.04743E-01  3.94407E-01  3.83795E-01
   3.72914E-01  3.61773E-01  3.50378E-01  3.38738E-01  3.26860E-01  3.14753E-01
   3.02425E-01  2.89884E-01  2.77139E-01  2.64198E-01  2.51070E-01  2.37763E-01
   2.24287E-01  2.10650E-01  1.96862E-01  1.82930E-01  1.68863E-01  1.54672E-01
   1.40366E-01  1.25952E-01  1.11441E-01  9.68416E-02  8.21629E-02  6.74137E-02
   5.26032E-02  3.77409E-02  2.28369E-02  7.90087E-03 -7.05678E-03 -2.20274E-02
  -3.70099E-02 -5.20065E-02 -6.70187E-02 -8.20482E-02 -9.70935E-02 -1.12153E-01
  -1.27222E-01 -1.42300E-01 -1.57381E-01 -1.72462E-01 -1.87538E-01 -2.02603E-01
  -2.17653E-01 -2.32675E-01 -2.47661E-01 -2.62599E-01 -2.77481E-01 -2.92288E-01
  -3.07001E-01 -3.21604E-01 -3.36077E-01 -3.50394E-01 -3.64526E-01 -3.78444E-01
  -3.92117E-01 -4.05519E-01 -4.18625E-01 -4.31410E-01 -4.43850E-01 -4.55917E-01
  -4.67582E-01 -4.78813E-01 -4.89579E-01 -4.99850E-01 -5.09592E-01 -5.18770E-01
  -5.27352E-01 -5.35306E-01 -5.42635E-01 -5.49354E-01 -5.55480E-01 -5.61027E-01
  -5.66007E-01 -5.70426E-01 -5.74293E-01 -5.77615E-01 -5.80405E-01 -5.82688E-01
  -5.84489E-01 -5.85833E-01 -5.86746E-01 -5.87254E-01 -5.87383E-01 -5.87160E-01
  -5.86611E-01 -5.85767E-01 -5.84661E-01 -5.83326E-01 -5.81794E-01 -5.80089E-01
  -5.78231E-01 -5.76238E-01 -5.74130E-01 -5.71923E-01 -5.69629E-01 -5.67259E-01
  -5.64825E-01 -5.62338E-01 -5.59804E-01 -5.57230E-01 -5.54623E-01 -5.51990E-01
  -5.49333E-01 -5.46659E-01 -5.43969E-01 -5.41269E-01 -5.38560E-01 -5.35845E-01
  -5.33125E-01 -5.30404E-01 -5.27681E-01 -5.24961E-01 -5.22244E-01 -5.19534E-01
  -5.16831E-01 -5.14139E-01 -5.11459E-01 -5.08794E-01 -1.02186E-02 -2.20878E-02
  -3.27702E-02 -4.17080E-02 -4.86416E-02 -5.33839E-02 -5.57476E-02 -5.56136E-02
  -5.34073E-02 -4.98150E-02 -4.55244E-02 -4.12013E-02 -3.71000E-02 -3.31060E-02
  -2.90922E-02 -2.49320E-02 -2.05553E-02 -1.59856E-02 -1.12547E-02 -6.39474E-03
  -1.42935E-03  3.64499E-03  8.83713E-03  1.41560E-02  1.96091E-02  2.51965E-02
   3.09147E-02  3.67604E-02  4.27306E-02  4.88236E-02  5.50385E-02  6.13747E-02
   6.78316E-02  7.44079E-02  8.11016E-02  8.79106E-02  9.48327E-02  1.01866E-01
   1.09008E-01  1.16255E-01  1.23606E-01  1.31058E-01  1.38607E-01  1.46250E-01
   1.53984E-01  1.61806E-01  1.69711E-01  1.77695E-01  1.85755E-01  1.93885E-01
   2.02082E-01  2.10341E-01  2.18655E-01  2.27022E-01  2.35434E-01  2.43886E-01
   2.52373E-01  2.60888E-01  2.69426E-01  2.77979E-01  2.86542E-01  2.95107E-01
   3.03667E-01  3.12216E-01  3.20745E-01  3.29248E-01  3.37716E-01  3.46142E-01
   3.54518E-01  3.62836E-01  3.71087E-01  3.79263E-01  3.87355E-01  3.95355E-01
   4.03254E-01  4.11043E-01  4.18713E-01  4.26256E-01  4.33663E-01  4.40924E-01
   4.48030E-01  4.54972E-01  4.61742E-01  4.68331E-01  4.74729E-01  4.80927E-01
   4.86918E-01  4.92692E-01  4.98240E-01  5.03554E-01  5.08627E-01  5.13449E-01
   5.18013E-01  5.22311E-01  5.26335E-01  5.30079E-01  5.33535E-01  5.36696E-01
   5.39556E-01  5.42108E-01  5.44347E-01  5.46266E-01  5.47861E-01  5.49126E-01
   5.50057E-01  5.50649E-01  5.50898E-01  5.50802E-01  5.50356E-01  5.49558E-01
   5.48405E-01  5.46895E-01  5.45027E-01  5.42799E-01  5.40211E-01  5.37261E-01
   5.33951E-01  5.30279E-01  5.26247E-01  5.21856E-01  5.17108E-01  5.12004E-01
   5.06546E-01  5.00737E-01  4.94581E-01  4.88079E-01  4.81237E-01  4.74058E-01
   4.66546E-01  4.58706E-01  4.50543E-01  4.42061E-01  4.33268E-01  4.24168E-01
   4.14767E-01  4.05071E-01  3.95088E-01  3.84823E-01  3.74284E-01  3.63477E-01
   3.52410E-01  3.41091E-01  3.29527E-01  3.17725E-01  3.05693E-01  2.93440E-01
   2.80973E-01  2.68300E-01  2.55430E-01  2.42371E-01  2.29131E-01  2.15718E-01
   2.02142E-01  1.88410E-01  1.74531E-01  1.60513E-01  1.46365E-01  1.32096E-01
   1.17714E-01  1.03227E-01  8.86435E-02  7.39736E-02  5.92252E-02  4.44077E-02
   2.95295E-02  1.45988E-02 -3.77364E-04 -1.53910E-02 -3.04356E-02 -4.55117E-02
  -6.06226E-02 -7.57708E-02 -9.09590E-02 -1.06187E-01 -1.21454E-01 -1.36759E-01
  -1.52099E-01 -1.67473E-01 -1.82877E-01 -1.98308E-01 -2.13763E-01 -2.29237E-01
  -2.44722E-01 -2.60209E-01 -2.75689E-01 -2.91154E-01 -3.06586E-01 -3.21969E-01
  -3.37285E-01 -3.52516E-01 -3.67634E-01 -3.82609E-01 -3.97408E-01 -4.12001E-01
  -4.26350E-01 -4.40413E-01 -4.54144E-01 -4.67502E-01 -4.80444E-01 -4.92927E-01
  -5.04911E-01 -5.16354E-01 -5.27218E-01 -5.37470E-01 -5.47083E-01 -5.56027E-01
  -5.64275E-01 -5.71815E-01 -5.78637E-01 -5.84735E-01 -5.90102E-01 -5.94745E-01
  -5.98685E-01 -6.01940E-01 -6.04530E-01 -6.06485E-01 -6.07844E-01 -6.08650E-01
  -6.08943E-01 -6.08767E-01 -6.08167E-01 -6.07187E-01 -6.05874E-01 -6.04271E-01
  -6.02415E-01 -6.00337E-01 -5.98071E-01 -5.95648E-01 -5.93094E-01 -5.90426E-01
  -5.87665E-01 -5.84828E-01 -5.81931E-01 -5.78984E-01 -5.75997E-01 -5.72981E-01
  -5.69944E-01 -5.66892E-01 -5.63830E-01 -5.60763E-01 -5.57695E-01 -5.54631E-01
  -5.51572E-01 -5.48520E-01 -5.45479E-01 -5.42450E-01 -5.39434E-01 -5.36431E-01
  -5.33443E-01 -5.30470E-01 -5.27514E-01 -5.24575E-01 -5.21655E-01 -5.18754E-01
  -5.15873E-01 -5.13014E-01 -5.10178E-01 -1.05426E-02 -2.24497E-02 -3.31778E-02
  -4.21694E-02 -4.91594E-02 -5.39534E-02 -5.63569E-02 -5.62453E-02 -5.40487E-02
  -5.04630E-02 -4.61860E-02 -4.18930E-02 -3.78394E-02 -3.39047E-02 -2.99553E-02
  -2.58584E-02 -2.15406E-02 -1.70271E-02 -1.23523E-02 -7.55064E-03 -2.64738E-03
   2.36124E-03  7.48475E-03  1.27328E-02  1.81135E-02  2.36268E-02  2.92692E-02
   3.50371E-02  4.09273E-02  4.69380E-02  5.30685E-02  5.93181E-02  6.56861E-02
   7.21715E-02  7.87721E-02  8.54859E-02  9.23106E-02  9.92442E-02  1.06284E-01
   1.13428E-01  1.20673E-01  1.28016E-01  1.35455E-01  1.42986E-01  1.50605E-01
   1.58310E-01  1.66097E-01  1.73961E-01  1.81898E-01  1.89904E-01  1.97974E-01
   2.06105E-01  2.14289E-01  2.22524E-01  2.30803E-01  2.39120E-01  2.47471E-01
   2.55848E-01  2.64247E-01  2.72660E-01  2.81081E-01  2.89503E-01  2.97920E-01
   3.06324E-01  3.14709E-01  3.23066E-01  3.31388E-01  3.39667E-01  3.47896E-01
   3.56067E-01  3.64170E-01  3.72199E-01  3.80145E-01  3.87998E-01  3.95751E-01
   4.03395E-01  4.10922E-01  4.18322E-01  4.25586E-01  4.32706E-01  4.39673E-01
   4.46478E-01  4.53112E-01  4.59567E-01  4.65833E-01  4.71903E-01  4.77766E-01
   4.83416E-01  4.88842E-01  4.94038E-01  4.98995E-01  5.03705E-01  5.08160E-01
   5.12353E-01  5.16276E-01  5.19922E-01  5.23284E-01  5.26355E-01  5.29129E-01
   5.31600E-01  5.33762E-01  5.35608E-01  5.37135E-01  5.38337E-01  5.39210E-01
   5.39748E-01  5.39949E-01  5.39809E-01  5.39324E-01  5.38491E-01  5.37309E-01
   5.35776E-01  5.33889E-01  5.31647E-01  5.29050E-01  5.26096E-01  5.22787E-01
   5.19121E-01  5.15100E-01  5.10725E-01  5.05997E-01  5.00918E-01  4.95489E-01
   4.89715E-01  4.83597E-01  4.77138E-01  4.70342E-01  4.63214E-01  4.55756E-01
   4.47974E-01  4.39872E-01  4.31455E-01  4.22729E-01  4.13700E-01  4.04372E-01
   3.94752E-01  3.84846E-01  3.74661E-01  3.64204E-01  3.53480E-01  3.42497E-01
   3.31263E-01  3.19784E-01  3.08067E-01  2.96122E-01  2.83954E-01  2.71571E-01
   2.58982E-01  2.46194E-01  2.33215E-01  2.20054E-01  2.06717E-01  1.93212E-01
   1.79549E-01  1.65735E-01  1.51778E-01  1.37685E-01  1.23466E-01  1.09127E-01
   9.46757E-02  8.01206E-02  6.54708E-02  5.07348E-02  3.59218E-02  2.10396E-02
   6.09356E-03 -8.91235E-03 -2.39733E-02 -3.90857E-02 -5.42512E-02 -6.94741E-02
  -8.47580E-02 -1.00106E-01 -1.15520E-01 -1.31001E-01 -1.46549E-01 -1.62164E-01
  -1.77847E-01 -1.93595E-01 -2.09409E-01 -2.25287E-01 -2.41228E-01 -2.57226E-01
  -2.73275E-01 -2.89370E-01 -3.05505E-01 -3.21667E-01 -3.37841E-01 -3.54013E-01
  -3.70166E-01 -3.86278E-01 -4.02319E-01 -4.18261E-01 -4.34074E-01 -4.49705E-01
  -4.65077E-01 -4.80111E-01 -4.94729E-01 -5.08861E-01 -5.22453E-01 -5.35452E-01
  -5.47805E-01 -5.59466E-01 -5.70415E-01 -5.80635E-01 -5.90113E-01 -5.98830E-01
  -6.06742E-01 -6.13796E-01 -6.19938E-01 -6.25118E-01 -6.29333E-01 -6.32624E-01
  -6.35034E-01 -6.36603E-01 -6.37384E-01 -6.37444E-01 -6.36850E-01 -6.35671E-01
  -6.33979E-01 -6.31849E-01 -6.29362E-01 -6.26597E-01 -6.23626E-01 -6.20488E-01
  -6.17210E-01 -6.13816E-01 -6.10333E-01 -6.06780E-01 -6.03174E-01 -5.99533E-01
  -5.95872E-01 -5.92204E-01 -5.88535E-01 -5.84874E-01 -5.81226E-01 -5.77597E-01
  -5.73990E-01 -5.70408E-01 -5.66855E-01 -5.63332E-01 -5.59841E-01 -5.56383E-01
  -5.52957E-01 -5.49565E-01 -5.46207E-01 -5.42883E-01 -5.39591E-01 -5.36333E-01
  -5.33107E-01 -5.29913E-01 -5.26750E-01 -5.23618E-01 -5.20516E-01 -5.17444E-01
  -5.14401E-01 -5.11387E-01 -1.08880E-02 -2.28371E-02 -3.36168E-02 -4.26699E-02
  -4.97243E-02 -5.45765E-02 -5.70234E-02 -5.69329E-02 -5.47411E-02 -5.11562E-02
  -4.68880E-02 -4.26238E-02 -3.86203E-02 -3.47497E-02 -3.08704E-02 -2.68421E-02
  -2.25873E-02 -1.81335E-02 -1.35179E-02 -8.77766E-03 -3.94015E-03  9.98735E-04
   6.04933E-03  1.12221E-02  1.65259E-02  2.19606E-02  2.75226E-02  3.32080E-02
   3.90133E-02  4.49367E-02  5.09776E-02  5.71352E-02  6.34091E-02  6.97980E-02
   7.62999E-02  8.29126E-02  8.96340E-02  9.64619E-02  1.03394E-01  1.10427E-01
   1.17560E-01  1.24788E-01  1.32110E-01  1.39522E-01  1.47020E-01  1.54602E-01
   1.62262E-01  1.69998E-01  1.77805E-01  1.85680E-01  1.93616E-01  2.01611E-01
   2.09658E-01  2.17753E-01  2.25891E-01  2.34066E-01  2.42272E-01  2.50504E-01
   2.58755E-01  2.67020E-01  2.75291E-01  2.83562E-01  2.91827E-01  3.00079E-01
   3.08309E-01  3.16512E-01  3.24679E-01  3.32804E-01  3.40877E-01  3.48892E-01
   3.56840E-01  3.64713E-01  3.72504E-01  3.80203E-01  3.87802E-01  3.95292E-01
   4.02666E-01  4.09915E-01  4.17029E-01  4.24001E-01  4.30821E-01  4.37480E-01
   4.43971E-01  4.50285E-01  4.56412E-01  4.62345E-01  4.68075E-01  4.73593E-01
   4.78892E-01  4.83963E-01  4.88798E-01  4.93390E-01  4.97730E-01  5.01812E-01
   5.05628E-01  5.09171E-01  5.12434E-01  5.15411E-01  5.18095E-01  5.20480E-01
   5.22561E-01  5.24332E-01  5.25787E-01  5.26923E-01  5.27735E-01  5.28217E-01
   5.28367E-01  5.28181E-01  5.27656E-01  5.26788E-01  5.25577E-01  5.24019E-01
   5.22113E-01  5.19858E-01  5.17252E-01  5.14296E-01  5.10989E-01  5.07331E-01
   5.03323E-01  4.98966E-01  4.94261E-01  4.89210E-01  4.83815E-01  4.78078E-01
   4.72003E-01  4.65591E-01  4.58847E-01  4.51774E-01  4.44376E-01  4.36658E-01
   4.28624E-01  4.20278E-01  4.11627E-01  4.02675E-01  3.93428E-01  3.83892E-01
   3.74072E-01  3.63976E-01  3.53609E-01  3.42977E-01  3.32088E-01  3.20949E-01
   3.09566E-01  2.97946E-01  2.86097E-01  2.74025E-01  2.61739E-01  2.49246E-01
   2.36552E-01  2.23666E-01  2.10596E-01  1.97347E-01  1.83929E-01  1.70348E-01
   1.56613E-01  1.42730E-01  1.28708E-01  1.14553E-01  1.00272E-01  8.58713E-02
   7.13593E-02  5.67448E-02  4.20365E-02  2.72433E-02  1.23724E-02 -2.57397E-03
  -1.75953E-02 -3.26901E-02 -4.78580E-02 -6.31020E-02 -7.84271E-02 -9.38376E-02
  -1.09338E-01 -1.24931E-01 -1.40620E-01 -1.56408E-01 -1.72297E-01 -1.88290E-01
  -2.04389E-01 -2.20596E-01 -2.36912E-01 -2.53339E-01 -2.69876E-01 -2.86524E-01
  -3.03281E-01 -3.20147E-01 -3.37113E-01 -3.54166E-01 -3.71296E-01 -3.88493E-01
  -4.05742E-01 -4.23029E-01 -4.40339E-01 -4.57655E-01 -4.74900E-01 -4.91936E-01
  -5.08624E-01 -5.24825E-01 -5.40428E-01 -5.55380E-01 -5.69630E-01 -5.83130E-01
  -5.95836E-01 -6.07724E-01 -6.18773E-01 -6.28963E-01 -6.38267E-01 -6.46611E-01
  -6.53902E-01 -6.60045E-01 -6.64951E-01 -6.68612E-01 -6.71087E-01 -6.72440E-01
  -6.72734E-01 -6.72046E-01 -6.70476E-01 -6.68126E-01 -6.65099E-01 -6.61503E-01
  -6.57463E-01 -6.53110E-01 -6.48572E-01 -6.43965E-01 -6.39328E-01 -6.34671E-01
  -6.30002E-01 -6.25332E-01 -6.20673E-01 -6.16037E-01 -6.11437E-01 -6.06887E-01
  -6.02395E-01 -5.97963E-01 -5.93592E-01 -5.89285E-01 -5.85042E-01 -5.80863E-01
  -5.76749E-01 -5.72700E-01 -5.68714E-01 -5.64792E-01 -5.60932E-01 -5.57131E-01
  -5.53389E-01 -5.49703E-01 -5.46072E-01 -5.42495E-01 -5.38970E-01 -5.35494E-01
  -5.32067E-01 -5.28685E-01 -5.25345E-01 -5.22047E-01 -5.18787E-01 -5.15563E-01
  -5.12373E-01 -1.12505E-02 -2.32414E-02 -3.40711E-02 -4.31828E-02 -5.02984E-02
  -5.52074E-02 -5.76992E-02 -5.76359E-02 -5.54584E-02 -5.18847E-02 -4.76347E-02
  -4.34050E-02 -3.94539E-02 -3.56474E-02 -3.18379E-02 -2.78786E-02 -2.36889E-02
  -1.92982E-02 -1.47458E-02 -1.00712E-02 -5.30343E-03 -4.38086E-04  4.53587E-03
   9.62953E-03  1.48524E-02  2.02044E-02  2.56816E-02  3.12800E-02  3.69959E-02
   4.28273E-02  4.87737E-02  5.48345E-02  6.10091E-02  6.72964E-02  7.36943E-02
   8.02006E-02  8.68132E-02  9.35298E-02  1.00348E-01  1.07265E-01  1.14279E-01
   1.21387E-01  1.28586E-01  1.35872E-01  1.43242E-01  1.50694E-01  1.58222E-01
   1.65824E-01  1.73494E-01  1.81230E-01  1.89025E-01  1.96877E-01  2.04780E-01
   2.12728E-01  2.20717E-01  2.28742E-01  2.36796E-01  2.44875E-01  2.52971E-01
   2.61080E-01  2.69194E-01  2.77306E-01  2.85412E-01  2.93503E-01  3.01572E-01
   3.09612E-01  3.17617E-01  3.25579E-01  3.33489E-01  3.41340E-01  3.49125E-01
   3.56835E-01  3.64463E-01  3.71999E-01  3.79436E-01  3.86766E-01  3.93980E-01
   4.01070E-01  4.08027E-01  4.14842E-01  4.21508E-01  4.28016E-01  4.34357E-01
   4.40522E-01  4.46504E-01  4.52294E-01  4.57883E-01  4.63264E-01  4.68429E-01
   4.73369E-01  4.78077E-01  4.82545E-01  4.86766E-01  4.90731E-01  4.94436E-01
   4.97871E-01  5.01031E-01  5.03909E-01  5.06499E-01  5.08795E-01  5.10792E-01
   5.12483E-01  5.13865E-01  5.14932E-01  5.15680E-01  5.16104E-01  5.16202E-01
   5.15969E-01  5.15402E-01  5.14499E-01  5.13258E-01  5.11675E-01  5.09751E-01
   5.07483E-01  5.04870E-01  5.01912E-01  4.98609E-01  4.94961E-01  4.90968E-01
   4.86631E-01  4.81953E-01  4.76933E-01  4.71575E-01  4.65880E-01  4.59851E-01
   4.53492E-01  4.46804E-01  4.39792E-01  4.32460E-01  4.24812E-01  4.16852E-01
   4.08585E-01  4.00015E-01  3.91149E-01  3.81991E-01  3.72546E-01  3.62821E-01
   3.52822E-01  3.42555E-01  3.32025E-01  3.21240E-01  3.10206E-01  2.98930E-01
   2.87418E-01  2.75677E-01  2.63715E-01  2.51537E-01  2.39152E-01  2.26566E-01
   2.13787E-01  2.00821E-01  1.87676E-01  1.74358E-01  1.60876E-01  1.47235E-01
   1.33444E-01  1.19508E-01  1.05435E-01  9.12291E-02  7.68978E-02  6.24477E-02
   4.78878E-02  3.32264E-02  1.84724E-02  3.63179E-03 -1.12962E-02 -2.63142E-02
  -4.14244E-02 -5.66293E-02 -7.19332E-02 -8.73419E-02 -1.02860E-01 -1.18494E-01
  -1.34248E-01 -1.50127E-01 -1.66138E-01 -1.82285E-01 -1.98574E-01 -2.15010E-01
  -2.31598E-01 -2.48343E-01 -2.65250E-01 -2.82326E-01 -2.99578E-01 -3.17013E-01
  -3.34636E-01 -3.52440E-01 -3.70418E-01 -3.88559E-01 -4.06858E-01 -4.25323E-01
  -4.43973E-01 -4.62824E-01 -4.81890E-01 -5.01061E-01 -5.20102E-01 -5.38774E-01
  -5.56840E-01 -5.74138E-01 -5.90640E-01 -6.06337E-01 -6.21217E-01 -6.35257E-01
  -6.48388E-01 -6.60533E-01 -6.71612E-01 -6.81546E-01 -6.90247E-01 -6.97622E-01
  -7.03578E-01 -7.08028E-01 -7.10969E-01 -7.12467E-01 -7.12593E-01 -7.11415E-01
  -7.09031E-01 -7.05575E-01 -7.01189E-01 -6.96012E-01 -6.90197E-01 -6.83934E-01
  -6.77422E-01 -6.70860E-01 -6.64420E-01 -6.58137E-01 -6.51993E-01 -6.45968E-01
  -6.40045E-01 -6.34222E-01 -6.28510E-01 -6.22916E-01 -6.17450E-01 -6.12117E-01
  -6.06910E-01 -6.01826E-01 -5.96858E-01 -5.92004E-01 -5.87258E-01 -5.82618E-01
  -5.78081E-01 -5.73643E-01 -5.69300E-01 -5.65049E-01 -5.60884E-01 -5.56803E-01
  -5.52802E-01 -5.48878E-01 -5.45027E-01 -5.41246E-01 -5.37533E-01 -5.33883E-01
  -5.30293E-01 -5.26757E-01 -5.23273E-01 -5.19837E-01 -5.16445E-01 -5.13093E-01
  -1.16257E-02 -2.36539E-02 -3.45246E-02 -4.36813E-02 -5.08441E-02 -5.58002E-02
  -5.83368E-02 -5.83141E-02 -5.61743E-02 -5.26387E-02 -4.84301E-02 -4.42481E-02
  -4.03515E-02 -3.66046E-02 -3.28580E-02 -2.89631E-02 -2.48386E-02 -2.05143E-02
  -1.60303E-02 -1.14267E-02 -6.73303E-03 -1.94480E-03  2.94935E-03  7.96078E-03
   1.30993E-02  1.83647E-02  2.37530E-02  2.92601E-02  3.48822E-02  4.06173E-02
   4.64649E-02  5.24242E-02  5.84949E-02  6.46758E-02  7.09648E-02  7.73596E-02
   8.38583E-02  9.04584E-02  9.71577E-02  1.03954E-01  1.10843E-01  1.17825E-01
   1.24895E-01  1.32049E-01  1.39286E-01  1.46601E-01  1.53991E-01  1.61452E-01
   1.68979E-01  1.76570E-01  1.84218E-01  1.91921E-01  1.99672E-01  2.07467E-01
   2.15301E-01  2.23169E-01  2.31064E-01  2.38983E-01  2.46917E-01  2.54863E-01
   2.62812E-01  2.70759E-01  2.78698E-01  2.86621E-01  2.94522E-01  3.02393E-01
   3.10228E-01  3.18019E-01  3.25759E-01  3.33440E-01  3.41054E-01  3.48594E-01
   3.56051E-01  3.63419E-01  3.70687E-01  3.77849E-01  3.84897E-01  3.91821E-01
   3.98614E-01  4.05267E-01  4.11772E-01  4.18121E-01  4.24305E-01  4.30316E-01
   4.36147E-01  4.41788E-01  4.47231E-01  4.52470E-01  4.57494E-01  4.62299E-01
   4.66874E-01  4.71213E-01  4.75309E-01  4.79155E-01  4.82743E-01  4.86066E-01
   4.89119E-01  4.91895E-01  4.94388E-01  4.96592E-01  4.98501E-01  5.00111E-01
   5.01416E-01  5.02413E-01  5.03095E-01  5.03460E-01  5.03503E-01  5.03222E-01
   5.02614E-01  5.01674E-01  5.00403E-01  4.98796E-01  4.96853E-01  4.94573E-01
   4.91954E-01  4.88996E-01  4.85699E-01  4.82062E-01  4.78087E-01  4.73774E-01
   4.69125E-01  4.64140E-01  4.58822E-01  4.53173E-01  4.47196E-01  4.40893E-01
   4.34267E-01  4.27322E-01  4.20061E-01  4.12490E-01  4.04610E-01  3.96428E-01
   3.87948E-01  3.79175E-01  3.70113E-01  3.60769E-01  3.51148E-01  3.41256E-01
   3.31098E-01  3.20681E-01  3.10010E-01  2.99092E-01  2.87934E-01  2.76542E-01
   2.64922E-01  2.53081E-01  2.41026E-01  2.28763E-01  2.16299E-01  2.03641E-01
   1.90796E-01  1.77770E-01  1.64569E-01  1.51202E-01  1.37674E-01  1.23991E-01
   1.10161E-01  9.61892E-02  8.20800E-02  6.78396E-02  5.34741E-02  3.89920E-02
   2.44009E-02  9.70918E-03 -5.07844E-03 -1.99654E-02 -3.49573E-02 -5.00591E-02
  -6.52761E-02 -8.06138E-02 -9.60789E-02 -1.11677E-01 -1.27415E-01 -1.43299E-01
  -1.59338E-01 -1.75541E-01 -1.91915E-01 -2.08469E-01 -2.25210E-01 -2.42147E-01
  -2.59288E-01 -2.76644E-01 -2.94229E-01 -3.12062E-01 -3.30156E-01 -3.48527E-01
  -3.67168E-01 -3.86071E-01 -4.05223E-01 -4.24624E-01 -4.44319E-01 -4.64386E-01
  -4.84900E-01 -5.05928E-01 -5.27316E-01 -5.48686E-01 -5.69651E-01 -5.89827E-01
  -6.08982E-01 -6.27168E-01 -6.44463E-01 -6.60951E-01 -6.76654E-01 -6.91396E-01
  -7.04952E-01 -7.17098E-01 -7.27630E-01 -7.36475E-01 -7.43622E-01 -7.49058E-01
  -7.52775E-01 -7.54792E-01 -7.55159E-01 -7.53925E-01 -7.51139E-01 -7.46900E-01
  -7.41377E-01 -7.34750E-01 -7.27196E-01 -7.18917E-01 -7.10186E-01 -7.01292E-01
  -6.92521E-01 -6.84122E-01 -6.76119E-01 -6.68449E-01 -6.61052E-01 -6.53869E-01
  -6.46879E-01 -6.40090E-01 -6.33507E-01 -6.27137E-01 -6.20979E-01 -6.15020E-01
  -6.09247E-01 -6.03647E-01 -5.98207E-01 -5.92921E-01 -5.87782E-01 -5.82783E-01
  -5.77919E-01 -5.73181E-01 -5.68564E-01 -5.64061E-01 -5.59665E-01 -5.55372E-01
  -5.51175E-01 -5.47071E-01 -5.43055E-01 -5.39123E-01 -5.35268E-01 -5.31487E-01
  -5.27774E-01 -5.24123E-01 -5.20531E-01 -5.16992E-01 -5.13500E-01 -1.20105E-02
  -2.40684E-02 -3.49664E-02 -4.41478E-02 -5.13366E-02 -5.63249E-02 -5.89048E-02
  -5.89404E-02 -5.68708E-02 -5.34105E-02 -4.92754E-02 -4.51589E-02 -4.13187E-02
  -3.76238E-02 -3.39293E-02 -3.00912E-02 -2.60306E-02 -2.17759E-02 -1.73660E-02
  -1.28393E-02 -8.22429E-03 -3.51648E-03  1.29517E-03  6.22176E-03  1.12728E-02
   1.64481E-02  2.17438E-02  2.71556E-02  3.26799E-02  3.83146E-02  4.40592E-02
   4.99130E-02  5.58755E-02  6.19455E-02  6.81211E-02  7.43999E-02  8.07798E-02
   8.72586E-02  9.38340E-02  1.00503E-01  1.07264E-01  1.14114E-01  1.21049E-01
   1.28067E-01  1.35165E-01  1.42338E-01  1.49584E-01  1.56899E-01  1.64277E-01
   1.71717E-01  1.79212E-01  1.86759E-01  1.94353E-01  2.01988E-01  2.09661E-01
   2.17366E-01  2.25097E-01  2.32848E-01  2.40615E-01  2.48390E-01  2.56169E-01
   2.63944E-01  2.71709E-01  2.79458E-01  2.87184E-01  2.94880E-01  3.02538E-01
   3.10153E-01  3.17716E-01  3.25220E-01  3.32657E-01  3.40020E-01  3.47301E-01
   3.54493E-01  3.61587E-01  3.68575E-01  3.75449E-01  3.82202E-01  3.88825E-01
   3.95309E-01  4.01648E-01  4.07833E-01  4.13855E-01  4.19706E-01  4.25379E-01
   4.30866E-01  4.36159E-01  4.41249E-01  4.46130E-01  4.50793E-01  4.55232E-01
   4.59438E-01  4.63405E-01  4.67126E-01  4.70594E-01  4.73803E-01  4.76745E-01
   4.79415E-01  4.81808E-01  4.83917E-01  4.85737E-01  4.87262E-01  4.88489E-01
   4.89413E-01  4.90028E-01  4.90332E-01  4.90321E-01  4.89991E-01  4.89340E-01
   4.88364E-01  4.87062E-01  4.85432E-01  4.83472E-01  4.81180E-01  4.78556E-01
   4.75600E-01  4.72310E-01  4.68688E-01  4.64733E-01  4.60446E-01  4.55829E-01
   4.50883E-01  4.45609E-01  4.40011E-01  4.34089E-01  4.27848E-01  4.21289E-01
   4.14416E-01  4.07233E-01  3.99744E-01  3.91952E-01  3.83862E-01  3.75479E-01
   3.66807E-01  3.57851E-01  3.48616E-01  3.39107E-01  3.29332E-01  3.19293E-01
   3.08998E-01  2.98453E-01  2.87663E-01  2.76635E-01  2.65375E-01  2.53888E-01
   2.42183E-01  2.30263E-01  2.18137E-01  2.05811E-01  1.93290E-01  1.80582E-01
   1.67692E-01  1.54627E-01  1.41393E-01  1.27996E-01  1.14443E-01  1.00740E-01
   8.68912E-02  7.29017E-02  5.87768E-02  4.45220E-02  3.01446E-02  1.56509E-02
   1.04823E-03 -1.36601E-02 -2.84797E-02 -4.34183E-02 -5.84829E-02 -7.36808E-02
  -8.90190E-02 -1.04505E-01 -1.20145E-01 -1.35948E-01 -1.51921E-01 -1.68077E-01
  -1.84427E-01 -2.00981E-01 -2.17751E-01 -2.34747E-01 -2.51981E-01 -2.69462E-01
  -2.87208E-01 -3.05244E-01 -3.23599E-01 -3.42301E-01 -3.61372E-01 -3.80804E-01
  -4.00582E-01 -4.20690E-01 -4.41126E-01 -4.61994E-01 -4.83458E-01 -5.05680E-01
  -5.28811E-01 -5.52638E-01 -5.76592E-01 -6.00088E-01 -6.22545E-01 -6.43650E-01
  -6.63582E-01 -6.82572E-01 -7.00854E-01 -7.18531E-01 -7.35236E-01 -7.50500E-01
  -7.63853E-01 -7.74878E-01 -7.83562E-01 -7.90073E-01 -7.94577E-01 -7.97236E-01
  -7.98123E-01 -7.97234E-01 -7.94564E-01 -7.90108E-01 -7.83944E-01 -7.76271E-01
  -7.67302E-01 -7.57250E-01 -7.46366E-01 -7.35024E-01 -7.23621E-01 -7.12553E-01
  -7.02159E-01 -6.92445E-01 -6.83290E-01 -6.74576E-01 -6.66190E-01 -6.58086E-01
  -6.50271E-01 -6.42750E-01 -6.35528E-01 -6.28600E-01 -6.21945E-01 -6.15538E-01
  -6.09358E-01 -6.03384E-01 -5.97607E-01 -5.92015E-01 -5.86600E-01 -5.81352E-01
  -5.76260E-01 -5.71317E-01 -5.66512E-01 -5.61837E-01 -5.57284E-01 -5.52847E-01
  -5.48519E-01 -5.44295E-01 -5.40169E-01 -5.36135E-01 -5.32187E-01 -5.28320E-01
  -5.24528E-01 -5.20806E-01 -5.17148E-01 -5.13549E-01 -1.24056E-02 -2.44890E-02
  -3.54062E-02 -4.46002E-02 -5.18023E-02 -5.68139E-02 -5.94365E-02 -5.95419E-02
  -5.75629E-02 -5.42011E-02 -5.01600E-02 -4.61205E-02 -4.23391E-02 -3.86926E-02
  -3.50446E-02 -3.12594E-02 -2.72626E-02 -2.30804E-02 -1.87488E-02 -1.43034E-02
  -9.77069E-03 -5.14624E-03 -4.19671E-04  4.41948E-03  9.38017E-03  1.44622E-02
   1.96616E-02  2.49745E-02  3.03973E-02  3.59279E-02  4.15657E-02  4.73101E-02
   5.31605E-02  5.91157E-02  6.51736E-02  7.13321E-02  7.75890E-02  8.39421E-02
   9.03890E-02  9.69273E-02  1.03554E-01  1.10268E-01  1.17064E-01  1.23941E-01
   1.30894E-01  1.37921E-01  1.45017E-01  1.52180E-01  1.59405E-01  1.66688E-01
   1.74025E-01  1.81411E-01  1.88842E-01  1.96313E-01  2.03818E-01  2.11354E-01
   2.18914E-01  2.26494E-01  2.34086E-01  2.41687E-01  2.49288E-01  2.56886E-01
   2.64472E-01  2.72041E-01  2.79586E-01  2.87100E-01  2.94577E-01  3.02009E-01
   3.09389E-01  3.16710E-01  3.23965E-01  3.31145E-01  3.38245E-01  3.45255E-01
   3.52168E-01  3.58976E-01  3.65672E-01  3.72248E-01  3.78695E-01  3.85007E-01
   3.91174E-01  3.97189E-01  4.03044E-01  4.08731E-01  4.14242E-01  4.19570E-01
   4.24707E-01  4.29645E-01  4.34377E-01  4.38896E-01  4.43193E-01  4.47263E-01
   4.51098E-01  4.54691E-01  4.58035E-01  4.61126E-01  4.63955E-01  4.66517E-01
   4.68807E-01  4.70818E-01  4.72546E-01  4.73986E-01  4.75133E-01  4.75982E-01
   4.76530E-01  4.76772E-01  4.76705E-01  4.76326E-01  4.75632E-01  4.74620E-01
   4.73289E-01  4.71635E-01  4.69658E-01  4.67356E-01  4.64729E-01  4.61775E-01
   4.58496E-01  4.54889E-01  4.50957E-01  4.46700E-01  4.42119E-01  4.37214E-01
   4.31989E-01  4.26445E-01  4.20584E-01  4.14408E-01  4.07922E-01  4.01127E-01
   3.94028E-01  3.86627E-01  3.78930E-01  3.70939E-01  3.62660E-01  3.54097E-01
   3.45254E-01  3.36137E-01  3.26751E-01  3.17101E-01  3.07192E-01  2.97030E-01
   2.86621E-01  2.75971E-01  2.65085E-01  2.53969E-01  2.42629E-01  2.31072E-01
   2.19303E-01  2.07328E-01  1.95154E-01  1.82787E-01  1.70233E-01  1.57497E-01
   1.44585E-01  1.31505E-01  1.18260E-01  1.04858E-01  9.13026E-02  7.76004E-02
   6.37551E-02  4.97719E-02  3.56556E-02  2.14117E-02  7.04505E-03 -7.43889E-03
  -2.20383E-02 -3.67602E-02 -5.16137E-02 -6.66072E-02 -8.17493E-02 -9.70481E-02
  -1.12512E-01 -1.28149E-01 -1.43968E-01 -1.59979E-01 -1.76197E-01 -1.92635E-01
  -2.09308E-01 -2.26228E-01 -2.43408E-01 -2.60862E-01 -2.78603E-01 -2.96652E-01
  -3.15046E-01 -3.33827E-01 -3.53034E-01 -3.72700E-01 -3.92812E-01 -4.13345E-01
  -4.34276E-01 -4.55600E-01 -4.77488E-01 -5.00204E-01 -5.24013E-01 -5.49159E-01
  -5.75373E-01 -6.01882E-01 -6.27887E-01 -6.52597E-01 -6.75610E-01 -6.97247E-01
  -7.17907E-01 -7.37990E-01 -7.57681E-01 -7.76397E-01 -7.93383E-01 -8.07885E-01
  -8.19247E-01 -8.27540E-01 -8.33158E-01 -8.36498E-01 -8.37942E-01 -8.37626E-01
  -8.35476E-01 -8.31416E-01 -8.25369E-01 -8.17377E-01 -8.07662E-01 -7.96462E-01
  -7.84017E-01 -7.70626E-01 -7.56767E-01 -7.42955E-01 -7.29702E-01 -7.17444E-01
  -7.06165E-01 -6.95679E-01 -6.85800E-01 -6.76351E-01 -6.67262E-01 -6.58539E-01
  -6.50190E-01 -6.42221E-01 -6.34622E-01 -6.27364E-01 -6.20412E-01 -6.13735E-01
  -6.07305E-01 -6.01108E-01 -5.95131E-01 -5.89362E-01 -5.83789E-01 -5.78398E-01
  -5.73180E-01 -5.68121E-01 -5.63211E-01 -5.58441E-01 -5.53803E-01 -5.49289E-01
  -5.44891E-01 -5.40603E-01 -5.36419E-01 -5.32333E-01 -5.28340E-01 -5.24435E-01
  -5.20610E-01 -5.16862E-01 -5.13183E-01 -1.28129E-02 -2.49225E-02 -3.58591E-02
  -4.50653E-02 -5.22805E-02 -5.73156E-02 -5.99819E-02 -6.01591E-02 -5.82737E-02
  -5.50141E-02 -5.10704E-02 -4.71109E-02 -4.33905E-02 -3.97943E-02 -3.61946E-02
  -3.24643E-02 -2.85333E-02 -2.44259E-02 -2.01749E-02 -1.58133E-02 -1.13653E-02
  -6.82668E-03 -2.18777E-03  2.56123E-03  7.42866E-03  1.24143E-02  1.75143E-02
   2.27250E-02  2.80429E-02  3.34660E-02  3.89937E-02  4.46252E-02  5.03599E-02
   5.61965E-02  6.21331E-02  6.81674E-02  7.42974E-02  8.05208E-02  8.68352E-02
   9.32383E-02  9.97273E-02  1.06300E-01  1.12953E-01  1.19684E-01  1.26488E-01
   1.33364E-01  1.40307E-01  1.47313E-01  1.54379E-01  1.61501E-01  1.68675E-01
   1.75895E-01  1.83158E-01  1.90459E-01  1.97793E-01  2.05155E-01  2.12540E-01
   2.19942E-01  2.27355E-01  2.34775E-01  2.42195E-01  2.49609E-01  2.57011E-01
   2.64395E-01  2.71754E-01  2.79081E-01  2.86371E-01  2.93615E-01  3.00808E-01
   3.07941E-01  3.15008E-01  3.22001E-01  3.28913E-01  3.35737E-01  3.42464E-01
   3.49089E-01  3.55602E-01  3.61996E-01  3.68263E-01  3.74396E-01  3.80387E-01
   3.86228E-01  3.91911E-01  3.97430E-01  4.02775E-01  4.07940E-01  4.12918E-01
   4.17700E-01  4.22280E-01  4.26650E-01  4.30803E-01  4.34733E-01  4.38432E-01
   4.41894E-01  4.45113E-01  4.48082E-01  4.50795E-01  4.53247E-01  4.55432E-01
   4.57344E-01  4.58979E-01  4.60331E-01  4.61397E-01  4.62171E-01  4.62650E-01
   4.62829E-01  4.62706E-01  4.62278E-01  4.61541E-01  4.60493E-01  4.59132E-01
   4.57456E-01  4.55464E-01  4.53153E-01  4.50524E-01  4.47575E-01  4.44307E-01
   4.40720E-01  4.36813E-01  4.32588E-01  4.28045E-01  4.23186E-01  4.18013E-01
   4.12527E-01  4.06731E-01  4.00627E-01  3.94218E-01  3.87507E-01  3.80497E-01
   3.73192E-01  3.65595E-01  3.57710E-01  3.49542E-01  3.41096E-01  3.32375E-01
   3.23384E-01  3.14129E-01  3.04614E-01  2.94845E-01  2.84827E-01  2.74565E-01
   2.64065E-01  2.53333E-01  2.42374E-01  2.31194E-01  2.19800E-01  2.08195E-01
   1.96387E-01  1.84382E-01  1.72185E-01  1.59801E-01  1.47237E-01  1.34499E-01
   1.21591E-01  1.08519E-01  9.52886E-02  8.19047E-02  6.83729E-02  5.46973E-02
   4.08830E-02  2.69342E-02  1.28543E-02 -1.35367E-03 -1.56864E-02 -3.01438E-02
  -4.47336E-02 -5.94656E-02 -7.43490E-02 -8.93931E-02 -1.04607E-01 -1.19999E-01
  -1.35580E-01 -1.51357E-01 -1.67344E-01 -1.83558E-01 -2.00014E-01 -2.16727E-01
  -2.33713E-01 -2.50987E-01 -2.68562E-01 -2.86455E-01 -3.04691E-01 -3.23317E-01
  -3.42384E-01 -3.61945E-01 -3.82039E-01 -4.02647E-01 -4.23736E-01 -4.45274E-01
  -4.67254E-01 -4.89908E-01 -5.13595E-01 -5.38678E-01 -5.65488E-01 -5.93715E-01
  -6.22410E-01 -6.50592E-01 -6.77291E-01 -7.02024E-01 -7.25215E-01 -7.47385E-01
  -7.69058E-01 -7.90473E-01 -8.10865E-01 -8.29238E-01 -8.44600E-01 -8.56096E-01
  -8.63880E-01 -8.68563E-01 -8.70754E-01 -8.71041E-01 -8.69618E-01 -8.66346E-01
  -8.61081E-01 -8.53679E-01 -8.44144E-01 -8.32710E-01 -8.19629E-01 -8.05155E-01
  -7.89624E-01 -7.73614E-01 -7.57748E-01 -7.42650E-01 -7.28848E-01 -7.16301E-01
  -7.04757E-01 -6.93964E-01 -6.83683E-01 -6.73818E-01 -6.64379E-01 -6.55375E-01
  -6.46817E-01 -6.38694E-01 -6.30965E-01 -6.23591E-01 -6.16529E-01 -6.09747E-01
  -6.03225E-01 -5.96951E-01 -5.90909E-01 -5.85084E-01 -5.79464E-01 -5.74034E-01
  -5.68781E-01 -5.63691E-01 -5.58754E-01 -5.53962E-01 -5.49304E-01 -5.44773E-01
  -5.40362E-01 -5.36063E-01 -5.31873E-01 -5.27784E-01 -5.23793E-01 -5.19893E-01
  -5.16080E-01 -5.12346E-01 -1.32343E-02 -2.53753E-02 -3.63398E-02 -4.55701E-02
  -5.28105E-02 -5.78783E-02 -6.05907E-02 -6.08325E-02 -5.90265E-02 -5.58527E-02
  -5.19930E-02 -4.81079E-02 -4.44510E-02 -4.09126E-02 -3.73704E-02 -3.37025E-02
  -2.98415E-02 -2.58105E-02 -2.16407E-02 -1.73632E-02 -1.30011E-02 -8.55041E-03
  -4.00173E-03  6.54285E-04  5.42561E-03  1.03120E-02  1.53098E-02  2.04155E-02
   2.56255E-02  3.09381E-02  3.63524E-02  4.18678E-02  4.74835E-02  5.31983E-02
   5.90101E-02  6.49169E-02  7.09164E-02  7.70066E-02  8.31849E-02  8.94491E-02
   9.57964E-02  1.02225E-01  1.08731E-01  1.15311E-01  1.21963E-01  1.28684E-01
   1.35469E-01  1.42315E-01  1.49218E-01  1.56175E-01  1.63180E-01  1.70231E-01
   1.77322E-01  1.84449E-01  1.91606E-01  1.98790E-01  2.05994E-01  2.13214E-01
   2.20445E-01  2.27680E-01  2.34913E-01  2.42140E-01  2.49353E-01  2.56547E-01
   2.63716E-01  2.70852E-01  2.77949E-01  2.85002E-01  2.92002E-01  2.98942E-01
   3.05817E-01  3.12619E-01  3.19339E-01  3.25973E-01  3.32511E-01  3.38946E-01
   3.45272E-01  3.51480E-01  3.57563E-01  3.63514E-01  3.69325E-01  3.74988E-01
   3.80496E-01  3.85842E-01  3.91019E-01  3.96018E-01  4.00832E-01  4.05455E-01
   4.09880E-01  4.14098E-01  4.18105E-01  4.21891E-01  4.25452E-01  4.28781E-01
   4.31872E-01  4.34718E-01  4.37314E-01  4.39653E-01  4.41731E-01  4.43543E-01
   4.45083E-01  4.46347E-01  4.47330E-01  4.48028E-01  4.48437E-01  4.48554E-01
   4.48375E-01  4.47897E-01  4.47118E-01  4.46035E-01  4.44645E-01  4.42947E-01
   4.40940E-01  4.38622E-01  4.35993E-01  4.33051E-01  4.29797E-01  4.26230E-01
   4.22352E-01  4.18162E-01  4.13661E-01  4.08852E-01  4.03734E-01  3.98311E-01
   3.92584E-01  3.86556E-01  3.80230E-01  3.73607E-01  3.66692E-01  3.59488E-01
   3.51998E-01  3.44227E-01  3.36178E-01  3.27856E-01  3.19264E-01  3.10408E-01
   3.01293E-01  2.91923E-01  2.82303E-01  2.72439E-01  2.62335E-01  2.51997E-01
   2.41431E-01  2.30642E-01  2.19635E-01  2.08417E-01  1.96991E-01  1.85365E-01
   1.73544E-01  1.61534E-01  1.49339E-01  1.36966E-01  1.24420E-01  1.11705E-01
   9.88273E-02  8.57909E-02  7.26016E-02  5.92649E-02  4.57853E-02  3.21683E-02
   1.84172E-02  4.53359E-03 -9.48206E-03 -2.36285E-02 -3.79074E-02 -5.23267E-02
  -6.68964E-02 -8.16255E-02 -9.65237E-02 -1.11600E-01 -1.26865E-01 -1.42328E-01
  -1.57998E-01 -1.73890E-01 -1.90022E-01 -2.06410E-01 -2.23070E-01 -2.40020E-01
  -2.57276E-01 -2.74852E-01 -2.92764E-01 -3.11041E-01 -3.29737E-01 -3.48911E-01
  -3.68621E-01 -3.88913E-01 -4.09763E-01 -4.31132E-01 -4.52979E-01 -4.75296E-01
  -4.98361E-01 -5.22603E-01 -5.48454E-01 -5.76314E-01 -6.05856E-01 -6.36029E-01
  -6.65748E-01 -6.93939E-01 -7.20056E-01 -7.44536E-01 -7.67921E-01 -7.90755E-01
  -8.13276E-01 -8.34626E-01 -8.53702E-01 -8.69402E-01 -8.80780E-01 -8.88057E-01
  -8.91976E-01 -8.93280E-01 -8.92684E-01 -8.90417E-01 -8.86306E-01 -8.80160E-01
  -8.71796E-01 -8.61191E-01 -8.48575E-01 -8.34201E-01 -8.18320E-01 -8.01288E-01
  -7.83762E-01 -7.66454E-01 -7.50080E-01 -7.35240E-01 -7.21871E-01 -7.09665E-01
  -6.98311E-01 -6.87517E-01 -6.77166E-01 -6.67272E-01 -6.57851E-01 -6.48918E-01
  -6.40462E-01 -6.32438E-01 -6.24797E-01 -6.17494E-01 -6.10487E-01 -6.03760E-01
  -5.97295E-01 -5.91078E-01 -5.85093E-01 -5.79325E-01 -5.73760E-01 -5.68382E-01
  -5.63176E-01 -5.58132E-01 -5.53240E-01 -5.48491E-01 -5.43874E-01 -5.39382E-01
  -5.35009E-01 -5.30751E-01 -5.26601E-01 -5.22555E-01 -5.18606E-01 -5.14749E-01
  -5.10980E-01 -1.36708E-02 -2.58520E-02 -3.68588E-02 -4.61337E-02 -5.34205E-02
  -5.85364E-02 -6.12985E-02 -6.15912E-02 -5.98378E-02 -5.67191E-02 -5.29176E-02
  -4.90946E-02 -4.55037E-02 -4.20346E-02 -3.85643E-02 -3.49702E-02 -3.11849E-02
  -2.72315E-02 -2.31417E-02 -1.89474E-02 -1.46716E-02 -1.03104E-02 -5.85441E-03
  -1.29420E-03  3.37829E-03  8.16285E-03  1.30559E-02  1.80540E-02  2.31536E-02
   2.83529E-02  3.36511E-02  3.90475E-02  4.45413E-02  5.01313E-02  5.58155E-02
   6.15916E-02  6.74576E-02  7.34114E-02  7.94505E-02  8.55725E-02  9.17749E-02
   9.80553E-02  1.04411E-01  1.10838E-01  1.17334E-01  1.23895E-01  1.30519E-01
   1.37201E-01  1.43938E-01  1.50726E-01  1.57560E-01  1.64437E-01  1.71352E-01
   1.78301E-01  1.85278E-01  1.92280E-01  1.99300E-01  2.06335E-01  2.13378E-01
   2.20424E-01  2.27467E-01  2.34502E-01  2.41523E-01  2.48523E-01  2.55497E-01
   2.62438E-01  2.69340E-01  2.76197E-01  2.83001E-01  2.89745E-01  2.96424E-01
   3.03030E-01  3.09556E-01  3.15995E-01  3.22339E-01  3.28583E-01  3.34718E-01
   3.40737E-01  3.46632E-01  3.52398E-01  3.58025E-01  3.63508E-01  3.68838E-01
   3.74009E-01  3.79013E-01  3.83843E-01  3.88492E-01  3.92953E-01  3.97219E-01
   4.01284E-01  4.05141E-01  4.08783E-01  4.12204E-01  4.15398E-01  4.18358E-01
   4.21080E-01  4.23556E-01  4.25782E-01  4.27752E-01  4.29462E-01  4.30907E-01
   4.32081E-01  4.32981E-01  4.33603E-01  4.33943E-01  4.33996E-01  4.33761E-01
   4.33235E-01  4.32413E-01  4.31295E-01  4.29877E-01  4.28159E-01  4.26139E-01
   4.23815E-01  4.21187E-01  4.18254E-01  4.15016E-01  4.11473E-01  4.07625E-01
   4.03473E-01  3.99018E-01  3.94261E-01  3.89203E-01  3.83847E-01  3.78194E-01
   3.72246E-01  3.66007E-01  3.59479E-01  3.52664E-01  3.45567E-01  3.38191E-01
   3.30540E-01  3.22616E-01  3.14426E-01  3.05972E-01  2.97259E-01  2.88292E-01
   2.79076E-01  2.69615E-01  2.59915E-01  2.49980E-01  2.39816E-01  2.29427E-01
   2.18820E-01  2.08000E-01  1.96971E-01  1.85739E-01  1.74310E-01  1.62690E-01
   1.50883E-01  1.38895E-01  1.26731E-01  1.14396E-01  1.01896E-01  8.92338E-02
   7.64144E-02  6.34435E-02  5.03273E-02  3.70707E-02  2.36799E-02  1.01576E-02
  -3.49682E-03 -1.72851E-02 -3.12084E-02 -4.52699E-02 -5.94774E-02 -7.38403E-02
  -8.83674E-02 -1.03068E-01 -1.17951E-01 -1.33026E-01 -1.48305E-01 -1.63796E-01
  -1.79514E-01 -1.95477E-01 -2.11701E-01 -2.28205E-01 -2.45004E-01 -2.62114E-01
  -2.79551E-01 -2.97331E-01 -3.15481E-01 -3.34060E-01 -3.53127E-01 -3.72745E-01
  -3.92958E-01 -4.13743E-01 -4.35055E-01 -4.56852E-01 -4.79124E-01 -5.02166E-01
  -5.26441E-01 -5.52409E-01 -5.80500E-01 -6.10404E-01 -6.41075E-01 -6.71435E-01
  -7.00412E-01 -7.27426E-01 -7.52805E-01 -7.76972E-01 -8.00354E-01 -8.23108E-01
  -8.44423E-01 -8.63271E-01 -8.78627E-01 -8.89614E-01 -8.96480E-01 -8.99972E-01
  -9.00840E-01 -8.99804E-01 -8.97097E-01 -8.92544E-01 -8.85958E-01 -8.77153E-01
  -8.66102E-01 -8.53016E-01 -8.38128E-01 -8.21671E-01 -8.03998E-01 -7.85813E-01
  -7.67886E-01 -7.50987E-01 -7.35764E-01 -7.22136E-01 -7.09754E-01 -6.98268E-01
  -6.87345E-01 -6.76858E-01 -6.66828E-01 -6.57275E-01 -6.48223E-01 -6.39662E-01
  -6.31544E-01 -6.23820E-01 -6.16438E-01 -6.09357E-01 -6.02559E-01 -5.96027E-01
  -5.89748E-01 -5.83704E-01 -5.77882E-01 -5.72266E-01 -5.66841E-01 -5.61591E-01
  -5.56506E-01 -5.51575E-01 -5.46789E-01 -5.42138E-01 -5.37614E-01 -5.33213E-01
  -5.28927E-01 -5.24751E-01 -5.20680E-01 -5.16709E-01 -5.12830E-01 -5.09040E-01
  -1.41196E-02 -2.63479E-02 -3.74084E-02 -4.67437E-02 -5.40937E-02 -5.92702E-02
  -6.20849E-02 -6.24183E-02 -6.06971E-02 -5.76099E-02 -5.38469E-02 -5.00764E-02
  -4.65532E-02 -4.31618E-02 -3.97741E-02 -3.62626E-02 -3.25571E-02 -2.86824E-02
  -2.46722E-02 -2.05603E-02 -1.63712E-02 -1.21010E-02 -7.73976E-03 -3.27769E-03
   1.29368E-03  5.97421E-03  1.07604E-02  1.56486E-02  2.06356E-02  2.57193E-02
   3.08990E-02  3.61739E-02  4.15434E-02  4.70061E-02  5.25600E-02  5.82029E-02
   6.39328E-02  6.97474E-02  7.56445E-02  8.16216E-02  8.76762E-02  9.38058E-02
   1.00008E-01  1.06279E-01  1.12616E-01  1.19015E-01  1.25475E-01  1.31990E-01
   1.38557E-01  1.45172E-01  1.51832E-01  1.58533E-01  1.65268E-01  1.72036E-01
   1.78830E-01  1.85646E-01  1.92480E-01  1.99325E-01  2.06177E-01  2.13031E-01
   2.19881E-01  2.26721E-01  2.33546E-01  2.40350E-01  2.47126E-01  2.53869E-01
   2.60572E-01  2.67229E-01  2.73834E-01  2.80379E-01  2.86859E-01  2.93266E-01
   2.99594E-01  3.05836E-01  3.11984E-01  3.18032E-01  3.23973E-01  3.29800E-01
   3.35506E-01  3.41083E-01  3.46525E-01  3.51824E-01  3.56974E-01  3.61966E-01
   3.66796E-01  3.71454E-01  3.75936E-01  3.80233E-01  3.84340E-01  3.88249E-01
   3.91955E-01  3.95450E-01  3.98730E-01  4.01787E-01  4.04616E-01  4.07211E-01
   4.09567E-01  4.11678E-01  4.13540E-01  4.15147E-01  4.16496E-01  4.17580E-01
   4.18397E-01  4.18942E-01  4.19212E-01  4.19203E-01  4.18912E-01  4.18337E-01
   4.17474E-01  4.16321E-01  4.14877E-01  4.13140E-01  4.11108E-01  4.08780E-01
   4.06155E-01  4.03233E-01  4.00013E-01  3.96496E-01  3.92681E-01  3.88570E-01
   3.84163E-01  3.79462E-01  3.74467E-01  3.69181E-01  3.63606E-01  3.57744E-01
   3.51596E-01  3.45167E-01  3.38459E-01  3.31475E-01  3.24218E-01  3.16692E-01
   3.08901E-01  3.00850E-01  2.92541E-01  2.83979E-01  2.75169E-01  2.66116E-01
   2.56823E-01  2.47296E-01  2.37540E-01  2.27560E-01  2.17361E-01  2.06948E-01
   1.96326E-01  1.85500E-01  1.74476E-01  1.63259E-01  1.51854E-01  1.40267E-01
   1.28502E-01  1.16566E-01  1.04462E-01  9.21956E-02  7.97702E-02  6.71901E-02
   5.44613E-02  4.15904E-02  2.85833E-02  1.54464E-02  2.18212E-03 -1.12122E-02
  -2.47403E-02 -3.84055E-02 -5.22123E-02 -6.61680E-02 -8.02812E-02 -9.45597E-02
  -1.09012E-01 -1.23646E-01 -1.38474E-01 -1.53503E-01 -1.68745E-01 -1.84212E-01
  -1.99923E-01 -2.15892E-01 -2.32138E-01 -2.48675E-01 -2.65518E-01 -2.82683E-01
  -3.00184E-01 -3.18048E-01 -3.36330E-01 -3.55088E-01 -3.74382E-01 -3.94254E-01
  -4.14681E-01 -4.35618E-01 -4.57022E-01 -4.78884E-01 -5.01494E-01 -5.25302E-01
  -5.50760E-01 -5.78291E-01 -6.07627E-01 -6.37815E-01 -6.67873E-01 -6.96823E-01
  -7.24080E-01 -7.49785E-01 -7.74157E-01 -7.97415E-01 -8.19588E-01 -8.40012E-01
  -8.57869E-01 -8.72343E-01 -8.82743E-01 -8.89306E-01 -8.92685E-01 -8.93534E-01
  -8.92483E-01 -8.89742E-01 -8.85165E-01 -8.78599E-01 -8.69893E-01 -8.59026E-01
  -8.46183E-01 -8.31565E-01 -8.15373E-01 -7.97940E-01 -7.79980E-01 -7.62278E-01
  -7.45618E-01 -7.30661E-01 -7.17316E-01 -7.05218E-01 -6.93998E-01 -6.83306E-01
  -6.73015E-01 -6.63149E-01 -6.53737E-01 -6.44810E-01 -6.36361E-01 -6.28344E-01
  -6.20709E-01 -6.13406E-01 -6.06393E-01 -5.99654E-01 -5.93175E-01 -5.86941E-01
  -5.80938E-01 -5.75152E-01 -5.69568E-01 -5.64171E-01 -5.58947E-01 -5.53884E-01
  -5.48973E-01 -5.44205E-01 -5.39571E-01 -5.35064E-01 -5.30676E-01 -5.26402E-01
  -5.22237E-01 -5.18174E-01 -5.14206E-01 -5.10330E-01 -5.06537E-01 -1.45768E-02
  -2.68560E-02 -3.79762E-02 -4.73803E-02 -5.48022E-02 -6.00458E-02 -6.29155E-02
  -6.32852E-02 -6.15871E-02 -5.85207E-02 -5.47868E-02 -5.10643E-02 -4.76092E-02
  -4.42992E-02 -4.09991E-02 -3.75742E-02 -3.39508E-02 -3.01559E-02 -2.62257E-02
  -2.21965E-02 -1.80950E-02 -1.39169E-02 -9.65199E-03 -5.28977E-03 -8.21316E-04
   3.75339E-03  8.43081E-03  1.32074E-02  1.80797E-02  2.30459E-02  2.81052E-02
   3.32567E-02  3.84998E-02  4.38330E-02  4.92545E-02  5.47620E-02  6.03535E-02
   6.60268E-02  7.17795E-02  7.76093E-02  8.35138E-02  8.94903E-02  9.55362E-02
   1.01648E-01  1.07824E-01  1.14059E-01  1.20352E-01  1.26697E-01  1.33092E-01
   1.39533E-01  1.46016E-01  1.52536E-01  1.59090E-01  1.65674E-01  1.72282E-01
   1.78910E-01  1.85553E-01  1.92207E-01  1.98866E-01  2.05525E-01  2.12179E-01
   2.18821E-01  2.25448E-01  2.32052E-01  2.38628E-01  2.45170E-01  2.51671E-01
   2.58127E-01  2.64530E-01  2.70873E-01  2.77151E-01  2.83357E-01  2.89485E-01
   2.95527E-01  3.01477E-01  3.07328E-01  3.13073E-01  3.18706E-01  3.24219E-01
   3.29606E-01  3.34859E-01  3.39973E-01  3.44940E-01  3.49753E-01  3.54406E-01
   3.58892E-01  3.63204E-01  3.67336E-01  3.71281E-01  3.75034E-01  3.78587E-01
   3.81934E-01  3.85071E-01  3.87990E-01  3.90687E-01  3.93155E-01  3.95390E-01
   3.97386E-01  3.99139E-01  4.00643E-01  4.01895E-01  4.02889E-01  4.03623E-01
   4.04091E-01  4.04292E-01  4.04220E-01  4.03874E-01  4.03251E-01  4.02347E-01
   4.01161E-01  3.99691E-01  3.97936E-01  3.95893E-01  3.93562E-01  3.90942E-01
   3.88033E-01  3.84834E-01  3.81344E-01  3.77566E-01  3.73498E-01  3.69143E-01
   3.64500E-01  3.59572E-01  3.54360E-01  3.48867E-01  3.43093E-01  3.37043E-01
   3.30717E-01  3.24120E-01  3.17253E-01  3.10122E-01  3.02728E-01  2.95076E-01
   2.87169E-01  2.79012E-01  2.70609E-01  2.61964E-01  2.53081E-01  2.43965E-01
   2.34621E-01  2.25054E-01  2.15268E-01  2.05268E-01  1.95060E-01  1.84649E-01
   1.74039E-01  1.63235E-01  1.52243E-01  1.41069E-01  1.29716E-01  1.18192E-01
   1.06500E-01  9.46448E-02  8.26315E-02  7.04633E-02  5.81444E-02  4.56808E-02
   3.30797E-02  2.03472E-02  7.49032E-03 -5.48902E-03 -1.85950E-02 -3.18332E-02
  -4.52082E-02 -5.87257E-02 -7.23922E-02 -8.62150E-02 -1.00201E-01 -1.14357E-01
  -1.28692E-01 -1.43215E-01 -1.57936E-01 -1.72862E-01 -1.88008E-01 -2.03388E-01
  -2.19018E-01 -2.34912E-01 -2.51085E-01 -2.67550E-01 -2.84320E-01 -3.01408E-01
  -3.18840E-01 -3.36664E-01 -3.54931E-01 -3.73693E-01 -3.92990E-01 -4.12798E-01
  -4.33077E-01 -4.53786E-01 -4.74915E-01 -4.96725E-01 -5.19622E-01 -5.44013E-01
  -5.70280E-01 -5.98210E-01 -6.26999E-01 -6.55819E-01 -6.83844E-01 -7.10518E-01
  -7.35784E-01 -7.59636E-01 -7.82071E-01 -8.02984E-01 -8.21903E-01 -8.38277E-01
  -8.51552E-01 -8.61267E-01 -8.67627E-01 -8.71135E-01 -8.72294E-01 -8.71589E-01
  -8.69190E-01 -8.65000E-01 -8.58915E-01 -8.50833E-01 -8.40752E-01 -8.28825E-01
  -8.15217E-01 -8.00094E-01 -7.83754E-01 -7.66878E-01 -7.50219E-01 -7.34531E-01
  -7.20445E-01 -7.07873E-01 -6.96459E-01 -6.85848E-01 -6.75700E-01 -6.65895E-01
  -6.56463E-01 -6.47439E-01 -6.38857E-01 -6.30716E-01 -6.22974E-01 -6.15584E-01
  -6.08501E-01 -6.01687E-01 -5.95127E-01 -5.88808E-01 -5.82720E-01 -5.76849E-01
  -5.71183E-01 -5.65707E-01 -5.60410E-01 -5.55276E-01 -5.50295E-01 -5.45461E-01
  -5.40763E-01 -5.36195E-01 -5.31747E-01 -5.27415E-01 -5.23192E-01 -5.19072E-01
  -5.15048E-01 -5.11115E-01 -5.07266E-01 -5.03496E-01 -1.50389E-02 -2.73694E-02
  -3.85498E-02 -4.80235E-02 -5.55179E-02 -6.08298E-02 -6.37557E-02 -6.41636E-02
  -6.24907E-02 -5.94468E-02 -5.57434E-02 -5.20692E-02 -4.86815E-02 -4.54519E-02
  -4.22383E-02 -3.88997E-02 -3.53589E-02 -3.16447E-02 -2.77957E-02 -2.38506E-02
  -1.98377E-02 -1.57529E-02 -1.15853E-02 -7.32405E-03 -2.95978E-03  1.50768E-03
   6.07485E-03  1.07382E-02  1.54944E-02  2.03416E-02  2.52789E-02  3.03054E-02
   3.54204E-02  4.06226E-02  4.59099E-02  5.12803E-02  5.67316E-02  6.22616E-02
   6.78682E-02  7.35488E-02  7.93011E-02  8.51226E-02  9.10106E-02  9.69619E-02
   1.02974E-01  1.09043E-01  1.15166E-01  1.21340E-01  1.27560E-01  1.33824E-01
   1.40128E-01  1.46467E-01  1.52837E-01  1.59234E-01  1.65654E-01  1.72092E-01
   1.78544E-01  1.85004E-01  1.91467E-01  1.97929E-01  2.04384E-01  2.10828E-01
   2.17253E-01  2.23656E-01  2.30029E-01  2.36368E-01  2.42666E-01  2.48918E-01
   2.55117E-01  2.61257E-01  2.67331E-01  2.73335E-01  2.79260E-01  2.85100E-01
   2.90850E-01  2.96502E-01  3.02049E-01  3.07486E-01  3.12805E-01  3.18001E-01
   3.23065E-01  3.27992E-01  3.32775E-01  3.37407E-01  3.41882E-01  3.46194E-01
   3.50336E-01  3.54301E-01  3.58084E-01  3.61678E-01  3.65078E-01  3.68277E-01
   3.71270E-01  3.74051E-01  3.76615E-01  3.78956E-01  3.81069E-01  3.82950E-01
   3.84593E-01  3.85994E-01  3.87149E-01  3.88054E-01  3.88704E-01  3.89096E-01
   3.89228E-01  3.89094E-01  3.88693E-01  3.88022E-01  3.87079E-01  3.85861E-01
   3.84367E-01  3.82594E-01  3.80543E-01  3.78211E-01  3.75597E-01  3.72702E-01
   3.69525E-01  3.66066E-01  3.62326E-01  3.58304E-01  3.54003E-01  3.49422E-01
   3.44564E-01  3.39430E-01  3.34021E-01  3.28341E-01  3.22390E-01  3.16173E-01
   3.09691E-01  3.02948E-01  2.95946E-01  2.88690E-01  2.81182E-01  2.73427E-01
   2.65428E-01  2.57190E-01  2.48716E-01  2.40012E-01  2.31081E-01  2.21928E-01
   2.12558E-01  2.02976E-01  1.93186E-01  1.83194E-01  1.73003E-01  1.62621E-01
   1.52050E-01  1.41297E-01  1.30366E-01  1.19264E-01  1.07994E-01  9.65623E-02
   8.49733E-02  7.32313E-02  6.13400E-02  4.93035E-02  3.71279E-02  2.48203E-02
   1.23868E-02 -1.65675E-04 -1.28356E-02 -2.56280E-02 -3.85492E-02 -5.16050E-02
  -6.48012E-02 -7.81433E-02 -9.16378E-02 -1.05290E-01 -1.19106E-01 -1.33093E-01
  -1.47261E-01 -1.61616E-01 -1.76166E-01 -1.90924E-01 -2.05902E-01 -2.21114E-01
  -2.36570E-01 -2.52285E-01 -2.68270E-01 -2.84534E-01 -3.01091E-01 -3.17959E-01
  -3.35178E-01 -3.52792E-01 -3.70840E-01 -3.89357E-01 -4.08318E-01 -4.27691E-01
  -4.47439E-01 -4.67551E-01 -4.88240E-01 -5.09837E-01 -5.32673E-01 -5.57059E-01
  -5.82837E-01 -6.09377E-01 -6.36029E-01 -6.62149E-01 -6.87243E-01 -7.11108E-01
  -7.33570E-01 -7.54455E-01 -7.73565E-01 -7.90609E-01 -8.05275E-01 -8.17254E-01
  -8.26289E-01 -8.32538E-01 -8.36345E-01 -8.38051E-01 -8.37988E-01 -8.36281E-01
  -8.32881E-01 -8.27735E-01 -8.20792E-01 -8.12069E-01 -8.01691E-01 -7.89790E-01
  -7.76502E-01 -7.62079E-01 -7.47123E-01 -7.32302E-01 -7.18284E-01 -7.05630E-01
  -6.94265E-01 -6.83880E-01 -6.74165E-01 -6.64826E-01 -6.55759E-01 -6.46999E-01
  -6.38581E-01 -6.30540E-01 -6.22881E-01 -6.15569E-01 -6.08563E-01 -6.01826E-01
  -5.95327E-01 -5.89054E-01 -5.82996E-01 -5.77145E-01 -5.71491E-01 -5.66022E-01
  -5.60727E-01 -5.55594E-01 -5.50611E-01 -5.45770E-01 -5.41064E-01 -5.36486E-01
  -5.32028E-01 -5.27683E-01 -5.23445E-01 -5.19310E-01 -5.15269E-01 -5.11318E-01
  -5.07450E-01 -5.03660E-01 -4.99940E-01 -1.55021E-02 -2.78819E-02 -3.91185E-02
  -4.86555E-02 -5.62164E-02 -6.15925E-02 -6.45752E-02 -6.50281E-02 -6.33918E-02
  -6.03830E-02 -5.67202E-02 -5.30988E-02 -4.97772E-02 -4.66231E-02 -4.34904E-02
  -4.02340E-02 -3.67745E-02 -3.31419E-02 -2.93760E-02 -2.55170E-02 -2.15942E-02
  -1.76035E-02 -1.35338E-02 -9.37399E-03 -5.11466E-03 -7.55443E-04  3.70032E-03
   8.24928E-03  1.28882E-02  1.76152E-02  2.24293E-02  2.73297E-02  3.23155E-02
   3.73853E-02  4.25372E-02  4.77690E-02  5.30787E-02  5.84641E-02  6.39230E-02
   6.94530E-02  7.50517E-02  8.07167E-02  8.64451E-02  9.22341E-02  9.80808E-02
   1.03982E-01  1.09935E-01  1.15935E-01  1.21980E-01  1.28065E-01  1.34188E-01
   1.40344E-01  1.46528E-01  1.52738E-01  1.58968E-01  1.65214E-01  1.71472E-01
   1.77736E-01  1.84003E-01  1.90266E-01  1.96522E-01  2.02764E-01  2.08987E-01
   2.15187E-01  2.21356E-01  2.27491E-01  2.33584E-01  2.39631E-01  2.45624E-01
   2.51559E-01  2.57429E-01  2.63228E-01  2.68949E-01  2.74587E-01  2.80135E-01
   2.85587E-01  2.90936E-01  2.96176E-01  3.01300E-01  3.06303E-01  3.11177E-01
   3.15916E-01  3.20514E-01  3.24965E-01  3.29262E-01  3.33398E-01  3.37369E-01
   3.41167E-01  3.44787E-01  3.48223E-01  3.51469E-01  3.54520E-01  3.57368E-01
   3.60011E-01  3.62441E-01  3.64655E-01  3.66647E-01  3.68412E-01  3.69946E-01
   3.71244E-01  3.72303E-01  3.73118E-01  3.73685E-01  3.74002E-01  3.74065E-01
   3.73870E-01  3.73415E-01  3.72698E-01  3.71716E-01  3.70467E-01  3.68949E-01
   3.67161E-01  3.65102E-01  3.62770E-01  3.60164E-01  3.57286E-01  3.54133E-01
   3.50707E-01  3.47007E-01  3.43034E-01  3.38789E-01  3.34273E-01  3.29487E-01
   3.24433E-01  3.19113E-01  3.13529E-01  3.07683E-01  3.01577E-01  2.95215E-01
   2.88599E-01  2.81732E-01  2.74618E-01  2.67260E-01  2.59662E-01  2.51828E-01
   2.43761E-01  2.35465E-01  2.26946E-01  2.18208E-01  2.09254E-01  2.00089E-01
   1.90719E-01  1.81148E-01  1.71381E-01  1.61423E-01  1.51278E-01  1.40951E-01
   1.30449E-01  1.19775E-01  1.08936E-01  9.79354E-02  8.67792E-02  7.54719E-02
   6.40182E-02  5.24222E-02  4.06883E-02  2.88225E-02  1.68310E-02  4.71926E-03
  -7.50642E-03 -1.98449E-02 -3.23013E-02 -4.48819E-02 -5.75923E-02 -7.04382E-02
  -8.34241E-02 -9.65552E-02 -1.09836E-01 -1.23271E-01 -1.36867E-01 -1.50631E-01
  -1.64570E-01 -1.78690E-01 -1.93000E-01 -2.07512E-01 -2.22234E-01 -2.37178E-01
  -2.52352E-01 -2.67767E-01 -2.83429E-01 -2.99348E-01 -3.15539E-01 -3.32030E-01
  -3.48851E-01 -3.66033E-01 -3.83597E-01 -4.01525E-01 -4.19788E-01 -4.38356E-01
  -4.57219E-01 -4.76523E-01 -4.96501E-01 -5.17385E-01 -5.39395E-01 -5.62411E-01
  -5.85976E-01 -6.09618E-01 -6.32869E-01 -6.55335E-01 -6.76765E-01 -6.96923E-01
  -7.15572E-01 -7.32491E-01 -7.47515E-01 -7.60487E-01 -7.71255E-01 -7.79693E-01
  -7.85910E-01 -7.90112E-01 -7.92511E-01 -7.93307E-01 -7.92588E-01 -7.90341E-01
  -7.86552E-01 -7.81208E-01 -7.74342E-01 -7.66058E-01 -7.56468E-01 -7.45681E-01
  -7.33904E-01 -7.21612E-01 -7.09335E-01 -6.97602E-01 -6.86860E-01 -6.77062E-01
  -6.67980E-01 -6.59386E-01 -6.51063E-01 -6.42940E-01 -6.35047E-01 -6.27418E-01
  -6.20085E-01 -6.13055E-01 -6.06302E-01 -5.99799E-01 -5.93518E-01 -5.87435E-01
  -5.81543E-01 -5.75834E-01 -5.70302E-01 -5.64939E-01 -5.59737E-01 -5.54686E-01
  -5.49777E-01 -5.45001E-01 -5.40352E-01 -5.35823E-01 -5.31408E-01 -5.27102E-01
  -5.22898E-01 -5.18792E-01 -5.14778E-01 -5.10850E-01 -5.07004E-01 -5.03233E-01
  -4.99532E-01 -4.95897E-01 -1.59641E-02 -2.83896E-02 -3.96764E-02 -4.92682E-02
  -5.68867E-02 -6.23209E-02 -6.53598E-02 -6.58654E-02 -6.42792E-02 -6.13207E-02
  -5.77113E-02 -5.41489E-02 -5.08926E-02 -4.78090E-02 -4.47509E-02 -4.15719E-02
  -3.81922E-02 -3.46418E-02 -3.09609E-02 -2.71898E-02 -2.33583E-02 -1.94622E-02
  -1.54905E-02 -1.14324E-02 -7.27839E-03 -3.02799E-03  1.31565E-03  5.74937E-03
   1.02701E-02  1.48761E-02  1.95662E-02  2.43396E-02  2.91953E-02  3.41318E-02
   3.91472E-02  4.42394E-02  4.94064E-02  5.46462E-02  5.99564E-02  6.53347E-02
   7.07787E-02  7.62860E-02  8.18538E-02  8.74794E-02  9.31597E-02  9.88919E-02
   1.04673E-01  1.10499E-01  1.16366E-01  1.22272E-01  1.28213E-01  1.34184E-01
   1.40182E-01  1.46203E-01  1.52242E-01  1.58295E-01  1.64358E-01  1.70426E-01
   1.76495E-01  1.82559E-01  1.88613E-01  1.94653E-01  2.00673E-01  2.06668E-01
   2.12633E-01  2.18562E-01  2.24450E-01  2.30290E-01  2.36078E-01  2.41807E-01
   2.47471E-01  2.53065E-01  2.58582E-01  2.64017E-01  2.69363E-01  2.74614E-01
   2.79763E-01  2.84806E-01  2.89735E-01  2.94544E-01  2.99227E-01  3.03778E-01
   3.08191E-01  3.12460E-01  3.16578E-01  3.20540E-01  3.24339E-01  3.27970E-01
   3.31427E-01  3.34705E-01  3.37797E-01  3.40698E-01  3.43403E-01  3.45907E-01
   3.48205E-01  3.50292E-01  3.52162E-01  3.53812E-01  3.55237E-01  3.56433E-01
   3.57396E-01  3.58122E-01  3.58607E-01  3.58849E-01  3.58843E-01  3.58588E-01
   3.58080E-01  3.57318E-01  3.56298E-01  3.55018E-01  3.53478E-01  3.51676E-01
   3.49610E-01  3.47280E-01  3.44685E-01  3.41824E-01  3.38697E-01  3.35305E-01
   3.31647E-01  3.27725E-01  3.23539E-01  3.19090E-01  3.14379E-01  3.09409E-01
   3.04180E-01  2.98696E-01  2.92957E-01  2.86967E-01  2.80728E-01  2.74243E-01
   2.67515E-01  2.60547E-01  2.53344E-01  2.45907E-01  2.38242E-01  2.30352E-01
   2.22241E-01  2.13913E-01  2.05373E-01  1.96625E-01  1.87673E-01  1.78523E-01
   1.69179E-01  1.59645E-01  1.49927E-01  1.40030E-01  1.29958E-01  1.19717E-01
   1.09311E-01  9.87468E-02  8.80279E-02  7.71599E-02  6.61480E-02  5.49973E-02
   4.37125E-02  3.22985E-02  2.07607E-02  9.10427E-03 -2.66650E-03 -1.45465E-02
  -2.65350E-02 -3.86363E-02 -5.08561E-02 -6.31991E-02 -7.56703E-02 -8.82732E-02
  -1.01012E-01 -1.13890E-01 -1.26910E-01 -1.40079E-01 -1.53401E-01 -1.66882E-01
  -1.80527E-01 -1.94343E-01 -2.08337E-01 -2.22516E-01 -2.36888E-01 -2.51459E-01
  -2.66235E-01 -2.81223E-01 -2.96427E-01 -3.11859E-01 -3.27532E-01 -3.43466E-01
  -3.59677E-01 -3.76177E-01 -3.92951E-01 -4.09976E-01 -4.27228E-01 -4.44696E-01
  -4.62457E-01 -4.80637E-01 -4.99362E-01 -5.18751E-01 -5.38710E-01 -5.58939E-01
  -5.79129E-01 -5.98972E-01 -6.18189E-01 -6.36560E-01 -6.53871E-01 -6.69909E-01
  -6.84486E-01 -6.97507E-01 -7.08897E-01 -7.18582E-01 -7.26505E-01 -7.32721E-01
  -7.37339E-01 -7.40467E-01 -7.42209E-01 -7.42621E-01 -7.41715E-01 -7.39503E-01
  -7.35996E-01 -7.31238E-01 -7.25320E-01 -7.18337E-01 -7.10386E-01 -7.01621E-01
  -6.92373E-01 -6.83003E-01 -6.73874E-01 -6.65296E-01 -6.57258E-01 -6.49632E-01
  -6.42289E-01 -6.35108E-01 -6.28054E-01 -6.21152E-01 -6.14429E-01 -6.07912E-01
  -6.01610E-01 -5.95509E-01 -5.89592E-01 -5.83844E-01 -5.78253E-01 -5.72812E-01
  -5.67518E-01 -5.62366E-01 -5.57353E-01 -5.52471E-01 -5.47715E-01 -5.43078E-01
  -5.38554E-01 -5.34138E-01 -5.29825E-01 -5.25611E-01 -5.21491E-01 -5.17462E-01
  -5.13517E-01 -5.09654E-01 -5.05868E-01 -5.02154E-01 -4.98508E-01 -4.94925E-01
  -4.91402E-01 -1.64222E-02 -2.88893E-02 -4.02193E-02 -4.98558E-02 -5.75214E-02
  -6.30059E-02 -6.60996E-02 -6.66648E-02 -6.51426E-02 -6.22505E-02 -5.87082E-02
  -5.52120E-02 -5.20212E-02 -4.90039E-02 -4.60147E-02 -4.29088E-02 -3.96071E-02
  -3.61393E-02 -3.25447E-02 -2.88631E-02 -2.51236E-02 -2.13223E-02 -1.74486E-02
  -1.34920E-02 -9.44324E-03 -5.30180E-03 -1.07059E-03  3.24748E-03  7.64958E-03
   1.21339E-02  1.66995E-02  2.13452E-02  2.60700E-02  3.08725E-02  3.57508E-02
   4.07028E-02  4.57265E-02  5.08199E-02  5.59807E-02  6.12066E-02  6.64951E-02
   7.18440E-02  7.72506E-02  8.27120E-02  8.82253E-02  9.37876E-02  9.93958E-02
   1.05046E-01  1.10736E-01  1.16462E-01  1.22220E-01  1.28006E-01  1.33817E-01
   1.39648E-01  1.45495E-01  1.51355E-01  1.57223E-01  1.63094E-01  1.68963E-01
   1.74827E-01  1.80680E-01  1.86517E-01  1.92334E-01  1.98125E-01  2.03884E-01
   2.09607E-01  2.15289E-01  2.20923E-01  2.26504E-01  2.32027E-01  2.37485E-01
   2.42874E-01  2.48187E-01  2.53418E-01  2.58561E-01  2.63611E-01  2.68561E-01
   2.73406E-01  2.78139E-01  2.82755E-01  2.87248E-01  2.91611E-01  2.95839E-01
   2.99926E-01  3.03865E-01  3.07652E-01  3.11280E-01  3.14745E-01  3.18039E-01
   3.21158E-01  3.24097E-01  3.26850E-01  3.29411E-01  3.31777E-01  3.33943E-01
   3.35902E-01  3.37652E-01  3.39187E-01  3.40504E-01  3.41598E-01  3.42466E-01
   3.43103E-01  3.43507E-01  3.43675E-01  3.43602E-01  3.43287E-01  3.42727E-01
   3.41920E-01  3.40863E-01  3.39555E-01  3.37994E-01  3.36179E-01  3.34108E-01
   3.31781E-01  3.29196E-01  3.26355E-01  3.23256E-01  3.19900E-01  3.16286E-01
   3.12416E-01  3.08291E-01  3.03911E-01  2.99278E-01  2.94393E-01  2.89258E-01
   2.83876E-01  2.78247E-01  2.72375E-01  2.66263E-01  2.59912E-01  2.53327E-01
   2.46509E-01  2.39464E-01  2.32193E-01  2.24702E-01  2.16993E-01  2.09070E-01
   2.00939E-01  1.92603E-01  1.84066E-01  1.75334E-01  1.66410E-01  1.57299E-01
   1.48006E-01  1.38536E-01  1.28894E-01  1.19085E-01  1.09114E-01  9.89860E-02
   8.87061E-02  7.82791E-02  6.77103E-02  5.70052E-02  4.61695E-02  3.52087E-02
   2.41281E-02  1.29327E-02  1.62613E-03 -9.78862E-03 -2.13079E-02 -3.29312E-02
  -4.46620E-02 -5.65046E-02 -6.84626E-02 -8.05396E-02 -9.27384E-02 -1.05062E-01
  -1.17513E-01 -1.30094E-01 -1.42808E-01 -1.55660E-01 -1.68653E-01 -1.81790E-01
  -1.95077E-01 -2.08517E-01 -2.22115E-01 -2.35875E-01 -2.49802E-01 -2.63898E-01
  -2.78166E-01 -2.92609E-01 -3.07232E-01 -3.22038E-01 -3.37035E-01 -3.52227E-01
  -3.67617E-01 -3.83191E-01 -3.98933E-01 -4.14825E-01 -4.30852E-01 -4.47030E-01
  -4.63388E-01 -4.79956E-01 -4.96761E-01 -5.13728E-01 -5.30688E-01 -5.47464E-01
  -5.63882E-01 -5.79776E-01 -5.94996E-01 -6.09396E-01 -6.22828E-01 -6.35164E-01
  -6.46346E-01 -6.56329E-01 -6.65070E-01 -6.72532E-01 -6.78731E-01 -6.83703E-01
  -6.87486E-01 -6.90117E-01 -6.91627E-01 -6.92042E-01 -6.91388E-01 -6.89692E-01
  -6.87001E-01 -6.83398E-01 -6.78965E-01 -6.73788E-01 -6.67975E-01 -6.61715E-01
  -6.55207E-01 -6.48653E-01 -6.42229E-01 -6.35957E-01 -6.29805E-01 -6.23742E-01
  -6.17737E-01 -6.11790E-01 -6.05920E-01 -6.00148E-01 -5.94493E-01 -5.88965E-01
  -5.83561E-01 -5.78277E-01 -5.73108E-01 -5.68052E-01 -5.63106E-01 -5.58268E-01
  -5.53538E-01 -5.48912E-01 -5.44388E-01 -5.39963E-01 -5.35632E-01 -5.31393E-01
  -5.27241E-01 -5.23174E-01 -5.19189E-01 -5.15283E-01 -5.11452E-01 -5.07694E-01
  -5.04005E-01 -5.00382E-01 -4.96823E-01 -4.93324E-01 -4.89882E-01 -4.86494E-01
  -1.68742E-02 -2.93780E-02 -4.07429E-02 -5.04125E-02 -5.81129E-02 -6.36387E-02
  -6.67844E-02 -6.74162E-02 -6.59719E-02 -6.31630E-02 -5.97025E-02 -5.62809E-02
  -5.31566E-02 -5.02022E-02 -4.72767E-02 -4.42396E-02 -4.10144E-02 -3.76291E-02
  -3.41219E-02 -3.05307E-02 -2.68837E-02 -2.31771E-02 -1.94011E-02 -1.55454E-02
  -1.16015E-02 -7.56875E-03 -3.44981E-03  7.52589E-04  5.03587E-03  9.39831E-03
   1.38389E-02  1.83564E-02  2.29500E-02  2.76182E-02  3.23590E-02  3.71705E-02
   4.20506E-02  4.69973E-02  5.20083E-02  5.70814E-02  6.22142E-02  6.74044E-02
   7.26493E-02  7.79461E-02  8.32921E-02  8.86843E-02  9.41196E-02  9.95948E-02
   1.05107E-01  1.10652E-01  1.16227E-01  1.21827E-01  1.27450E-01  1.33092E-01
   1.38748E-01  1.44414E-01  1.50086E-01  1.55759E-01  1.61430E-01  1.67094E-01
   1.72745E-01  1.78380E-01  1.83992E-01  1.89579E-01  1.95133E-01  2.00650E-01
   2.06126E-01  2.11554E-01  2.16929E-01  2.22245E-01  2.27498E-01  2.32681E-01
   2.37790E-01  2.42818E-01  2.47759E-01  2.52608E-01  2.57359E-01  2.62007E-01
   2.66545E-01  2.70969E-01  2.75271E-01  2.79446E-01  2.83490E-01  2.87395E-01
   2.91157E-01  2.94769E-01  2.98227E-01  3.01525E-01  3.04657E-01  3.07619E-01
   3.10404E-01  3.13009E-01  3.15429E-01  3.17657E-01  3.19691E-01  3.21524E-01
   3.23154E-01  3.24575E-01  3.25785E-01  3.26778E-01  3.27551E-01  3.28101E-01
   3.28425E-01  3.28519E-01  3.28380E-01  3.28007E-01  3.27396E-01  3.26545E-01
   3.25452E-01  3.24116E-01  3.22535E-01  3.20708E-01  3.18633E-01  3.16310E-01
   3.13738E-01  3.10918E-01  3.07848E-01  3.04529E-01  3.00961E-01  2.97145E-01
   2.93082E-01  2.88773E-01  2.84219E-01  2.79422E-01  2.74383E-01  2.69104E-01
   2.63588E-01  2.57837E-01  2.51853E-01  2.45640E-01  2.39199E-01  2.32535E-01
   2.25651E-01  2.18550E-01  2.11235E-01  2.03711E-01  1.95982E-01  1.88052E-01
   1.79924E-01  1.71603E-01  1.63094E-01  1.54401E-01  1.45529E-01  1.36483E-01
   1.27267E-01  1.17888E-01  1.08348E-01  9.86540E-02  8.88109E-02  7.88237E-02
   6.86969E-02  5.84359E-02  4.80466E-02  3.75355E-02  2.69084E-02  1.61713E-02
   5.32859E-03 -5.61741E-03 -1.66652E-02 -2.78125E-02 -3.90593E-02 -5.04075E-02
  -6.18601E-02 -7.34196E-02 -8.50882E-02 -9.68676E-02 -1.08760E-01 -1.20767E-01
  -1.32890E-01 -1.45132E-01 -1.57494E-01 -1.69979E-01 -1.82589E-01 -1.95326E-01
  -2.08192E-01 -2.21189E-01 -2.34317E-01 -2.47579E-01 -2.60976E-01 -2.74506E-01
  -2.88172E-01 -3.01971E-01 -3.15901E-01 -3.29958E-01 -3.44138E-01 -3.58436E-01
  -3.72841E-01 -3.87338E-01 -4.01914E-01 -4.16554E-01 -4.31227E-01 -4.45895E-01
  -4.60520E-01 -4.75061E-01 -4.89462E-01 -5.03642E-01 -5.17523E-01 -5.31025E-01
  -5.44069E-01 -5.56579E-01 -5.68477E-01 -5.79688E-01 -5.90141E-01 -5.99793E-01
  -6.08608E-01 -6.16550E-01 -6.23584E-01 -6.29696E-01 -6.34881E-01 -6.39135E-01
  -6.42453E-01 -6.44850E-01 -6.46358E-01 -6.47008E-01 -6.46832E-01 -6.45877E-01
  -6.44214E-01 -6.41916E-01 -6.39057E-01 -6.35709E-01 -6.31949E-01 -6.27852E-01
  -6.23494E-01 -6.18948E-01 -6.14261E-01 -6.09470E-01 -6.04613E-01 -5.99728E-01
  -5.94839E-01 -5.89961E-01 -5.85109E-01 -5.80297E-01 -5.75536E-01 -5.70831E-01
  -5.66188E-01 -5.61612E-01 -5.57105E-01 -5.52669E-01 -5.48306E-01 -5.44015E-01
  -5.39797E-01 -5.35652E-01 -5.31578E-01 -5.27574E-01 -5.23640E-01 -5.19773E-01
  -5.15972E-01 -5.12235E-01 -5.08561E-01 -5.04947E-01 -5.01393E-01 -4.97896E-01
  -4.94455E-01 -4.91067E-01 -4.87732E-01 -4.84447E-01 -4.81211E-01 -1.73182E-02
  -2.98537E-02 -4.12455E-02 -5.09369E-02 -5.86602E-02 -6.42180E-02 -6.74125E-02
  -6.81164E-02 -6.67624E-02 -6.40515E-02 -6.06863E-02 -5.73471E-02 -5.42910E-02
  -5.13972E-02 -4.85313E-02 -4.55597E-02 -4.24092E-02 -3.91064E-02 -3.56869E-02
  -3.21867E-02 -2.86322E-02 -2.50200E-02 -2.13409E-02 -1.75855E-02 -1.37456E-02
  -9.82086E-03 -5.81366E-03 -1.72654E-03  2.43807E-03  6.67859E-03  1.09940E-02
   1.53833E-02  1.98455E-02  2.43793E-02  2.89826E-02  3.36535E-02  3.83900E-02
   4.31900E-02  4.80513E-02  5.29716E-02  5.79487E-02  6.29802E-02  6.80635E-02
   7.31959E-02  7.83746E-02  8.35968E-02  8.88594E-02  9.41592E-02  9.94931E-02
   1.04858E-01  1.10250E-01  1.15665E-01  1.21101E-01  1.26553E-01  1.32017E-01
   1.37490E-01  1.42967E-01  1.48443E-01  1.53916E-01  1.59379E-01  1.64830E-01
   1.70262E-01  1.75671E-01  1.81053E-01  1.86403E-01  1.91715E-01  1.96985E-01
   2.02207E-01  2.07376E-01  2.12488E-01  2.17535E-01  2.22514E-01  2.27419E-01
   2.32244E-01  2.36984E-01  2.41634E-01  2.46187E-01  2.50638E-01  2.54982E-01
   2.59213E-01  2.63326E-01  2.67315E-01  2.71175E-01  2.74900E-01  2.78484E-01
   2.81924E-01  2.85212E-01  2.88344E-01  2.91315E-01  2.94120E-01  2.96754E-01
   2.99213E-01  3.01490E-01  3.03582E-01  3.05485E-01  3.07194E-01  3.08705E-01
   3.10013E-01  3.11116E-01  3.12009E-01  3.12689E-01  3.13153E-01  3.13397E-01
   3.13418E-01  3.13215E-01  3.12784E-01  3.12122E-01  3.11229E-01  3.10102E-01
   3.08739E-01  3.07139E-01  3.05301E-01  3.03223E-01  3.00906E-01  2.98347E-01
   2.95549E-01  2.92509E-01  2.89229E-01  2.85708E-01  2.81947E-01  2.77948E-01
   2.73711E-01  2.69238E-01  2.64530E-01  2.59588E-01  2.54415E-01  2.49013E-01
   2.43385E-01  2.37532E-01  2.31457E-01  2.25164E-01  2.18656E-01  2.11935E-01
   2.05006E-01  1.97871E-01  1.90535E-01  1.83002E-01  1.75275E-01  1.67359E-01
   1.59258E-01  1.50976E-01  1.42519E-01  1.33890E-01  1.25095E-01  1.16138E-01
   1.07025E-01  9.77597E-02  8.83486E-02  7.87962E-02  6.91076E-02  5.92873E-02
   4.93407E-02  3.92741E-02  2.90943E-02  1.88078E-02  8.42089E-03 -2.06257E-03
  -1.26414E-02 -2.33154E-02 -3.40834E-02 -4.49456E-02 -5.59028E-02 -6.69567E-02
  -7.81084E-02 -8.93591E-02 -1.00710E-01 -1.12161E-01 -1.23714E-01 -1.35370E-01
  -1.47129E-01 -1.58992E-01 -1.70960E-01 -1.83033E-01 -1.95212E-01 -2.07496E-01
  -2.19886E-01 -2.32380E-01 -2.44978E-01 -2.57678E-01 -2.70478E-01 -2.83375E-01
  -2.96367E-01 -3.09444E-01 -3.22598E-01 -3.35819E-01 -3.49099E-01 -3.62425E-01
  -3.75784E-01 -3.89164E-01 -4.02549E-01 -4.15891E-01 -4.29122E-01 -4.42177E-01
  -4.54991E-01 -4.67516E-01 -4.79722E-01 -4.91582E-01 -5.03067E-01 -5.14147E-01
  -5.24787E-01 -5.34952E-01 -5.44607E-01 -5.53720E-01 -5.62256E-01 -5.70185E-01
  -5.77474E-01 -5.84092E-01 -5.90013E-01 -5.95216E-01 -5.99678E-01 -6.03377E-01
  -6.06320E-01 -6.08537E-01 -6.10059E-01 -6.10914E-01 -6.11146E-01 -6.10811E-01
  -6.09969E-01 -6.08679E-01 -6.06991E-01 -6.04920E-01 -6.02480E-01 -5.99680E-01
  -5.96538E-01 -5.93109E-01 -5.89458E-01 -5.85652E-01 -5.81757E-01 -5.77806E-01
  -5.73813E-01 -5.69790E-01 -5.65750E-01 -5.61705E-01 -5.57664E-01 -5.53638E-01
  -5.49637E-01 -5.45668E-01 -5.41735E-01 -5.37842E-01 -5.33990E-01 -5.30182E-01
  -5.26420E-01 -5.22705E-01 -5.19036E-01 -5.15416E-01 -5.11844E-01 -5.08320E-01
  -5.04842E-01 -5.01412E-01 -4.98027E-01 -4.94688E-01 -4.91394E-01 -4.88145E-01
  -4.84941E-01 -4.81782E-01 -4.78666E-01 -4.75594E-01 -1.77547E-02 -3.03200E-02
  -4.17358E-02 -5.14452E-02 -5.91875E-02 -6.47737E-02 -6.80151E-02 -6.87913E-02
  -6.75297E-02 -6.49199E-02 -6.16529E-02 -5.83981E-02 -5.54113E-02 -5.25781E-02
  -4.97714E-02 -4.68646E-02 -4.37883E-02 -4.05672E-02 -3.72349E-02 -3.38250E-02
  -3.03624E-02 -2.68439E-02 -2.32611E-02 -1.96051E-02 -1.58685E-02 -1.20509E-02
  -8.15459E-03 -4.18206E-03 -1.35587E-04  3.98334E-03  8.17384E-03  1.24351E-02
   1.67661E-02  2.11657E-02  2.56319E-02  3.01626E-02  3.47558E-02  3.94094E-02
   4.41213E-02  4.88893E-02  5.37109E-02  5.85841E-02  6.35063E-02  6.84746E-02
   7.34864E-02  7.85390E-02  8.36293E-02  8.87543E-02  9.39107E-02  9.90954E-02
   1.04305E-01  1.09536E-01  1.14785E-01  1.20048E-01  1.25321E-01  1.30601E-01
   1.35883E-01  1.41164E-01  1.46438E-01  1.51703E-01  1.56953E-01  1.62183E-01
   1.67390E-01  1.72569E-01  1.77715E-01  1.82823E-01  1.87888E-01  1.92905E-01
   1.97870E-01  2.02777E-01  2.07621E-01  2.12396E-01  2.17099E-01  2.21722E-01
   2.26262E-01  2.30713E-01  2.35069E-01  2.39325E-01  2.43476E-01  2.47517E-01
   2.51441E-01  2.55245E-01  2.58922E-01  2.62468E-01  2.65877E-01  2.69144E-01
   2.72264E-01  2.75232E-01  2.78043E-01  2.80693E-01  2.83176E-01  2.85489E-01
   2.87626E-01  2.89583E-01  2.91357E-01  2.92942E-01  2.94335E-01  2.95531E-01
   2.96529E-01  2.97323E-01  2.97911E-01  2.98289E-01  2.98455E-01  2.98405E-01
   2.98138E-01  2.97650E-01  2.96939E-01  2.96005E-01  2.94844E-01  2.93455E-01
   2.91837E-01  2.89989E-01  2.87910E-01  2.85598E-01  2.83055E-01  2.80279E-01
   2.77270E-01  2.74029E-01  2.70557E-01  2.66853E-01  2.62918E-01  2.58755E-01
   2.54363E-01  2.49745E-01  2.44902E-01  2.39836E-01  2.34549E-01  2.29045E-01
   2.23324E-01  2.17390E-01  2.11246E-01  2.04894E-01  1.98339E-01  1.91583E-01
   1.84630E-01  1.77484E-01  1.70149E-01  1.62628E-01  1.54926E-01  1.47047E-01
   1.38995E-01  1.30776E-01  1.22393E-01  1.13852E-01  1.05157E-01  9.63139E-02
   8.73271E-02  7.82023E-02  6.89443E-02  5.95583E-02  5.00489E-02  4.04214E-02
   3.06824E-02  2.08388E-02  1.08973E-02  8.64502E-04 -9.25639E-03 -1.94650E-02
  -2.97620E-02 -4.01472E-02 -5.06206E-02 -6.11822E-02 -7.18326E-02 -8.25718E-02
  -9.33999E-02 -1.04317E-01 -1.15323E-01 -1.26418E-01 -1.37602E-01 -1.48875E-01
  -1.60236E-01 -1.71684E-01 -1.83220E-01 -1.94841E-01 -2.06546E-01 -2.18333E-01
  -2.30199E-01 -2.42144E-01 -2.54161E-01 -2.66248E-01 -2.78401E-01 -2.90613E-01
  -3.02875E-01 -3.15174E-01 -3.27500E-01 -3.39843E-01 -3.52188E-01 -3.64523E-01
  -3.76834E-01 -3.89105E-01 -4.01289E-01 -4.13323E-01 -4.25145E-01 -4.36693E-01
  -4.47930E-01 -4.58842E-01 -4.69418E-01 -4.79645E-01 -4.89509E-01 -4.98992E-01
  -5.08076E-01 -5.16741E-01 -5.24968E-01 -5.32731E-01 -5.40006E-01 -5.46765E-01
  -5.52984E-01 -5.58640E-01 -5.63708E-01 -5.68168E-01 -5.71998E-01 -5.75202E-01
  -5.77803E-01 -5.79826E-01 -5.81295E-01 -5.82243E-01 -5.82713E-01 -5.82749E-01
  -5.82395E-01 -5.81686E-01 -5.80622E-01 -5.79197E-01 -5.77407E-01 -5.75253E-01
  -5.72782E-01 -5.70059E-01 -5.67145E-01 -5.64102E-01 -5.60963E-01 -5.57741E-01
  -5.54450E-01 -5.51102E-01 -5.47710E-01 -5.44285E-01 -5.40839E-01 -5.37383E-01
  -5.33929E-01 -5.30480E-01 -5.27042E-01 -5.23618E-01 -5.20213E-01 -5.16830E-01
  -5.13471E-01 -5.10138E-01 -5.06834E-01 -5.03559E-01 -5.00315E-01 -4.97102E-01
  -4.93920E-01 -4.90770E-01 -4.87653E-01 -4.84570E-01 -4.81520E-01 -4.78506E-01
  -4.75528E-01 -4.72587E-01 -4.69683E-01 -1.81846E-02 -3.07816E-02 -4.22251E-02
  -5.19581E-02 -5.97251E-02 -6.53438E-02 -6.86319E-02 -6.94745E-02 -6.82950E-02
  -6.57746E-02 -6.25961E-02 -5.94207E-02 -5.65028E-02 -5.37331E-02 -5.09893E-02
  -4.81499E-02 -4.51482E-02 -4.20079E-02 -3.87609E-02 -3.54395E-02 -3.20674E-02
  -2.86419E-02 -2.51546E-02 -2.15974E-02 -1.79632E-02 -1.42517E-02 -1.04653E-02
  -6.60630E-03 -2.67713E-03  1.32090E-03  5.38708E-03  9.52074E-03  1.37212E-02
   1.79873E-02  2.23169E-02  2.67081E-02  3.11587E-02  3.56666E-02  4.02298E-02
   4.48460E-02  4.95129E-02  5.42285E-02  5.89901E-02  6.37951E-02  6.86409E-02
   7.35246E-02  7.84434E-02  8.33943E-02  8.83740E-02  9.33797E-02  9.84079E-02
   1.03455E-01  1.08518E-01  1.13593E-01  1.18677E-01  1.23765E-01  1.28853E-01
   1.33938E-01  1.39016E-01  1.44083E-01  1.49133E-01  1.54164E-01  1.59170E-01
   1.64146E-01  1.69090E-01  1.73994E-01  1.78856E-01  1.83670E-01  1.88431E-01
   1.93135E-01  1.97776E-01  2.02350E-01  2.06852E-01  2.11275E-01  2.15616E-01
   2.19870E-01  2.24030E-01  2.28093E-01  2.32052E-01  2.35904E-01  2.39642E-01
   2.43261E-01  2.46758E-01  2.50126E-01  2.53360E-01  2.56457E-01  2.59410E-01
   2.62216E-01  2.64869E-01  2.67365E-01  2.69699E-01  2.71867E-01  2.73865E-01
   2.75689E-01  2.77334E-01  2.78797E-01  2.80073E-01  2.81160E-01  2.82053E-01
   2.82750E-01  2.83247E-01  2.83541E-01  2.83629E-01  2.83510E-01  2.83179E-01
   2.82636E-01  2.81877E-01  2.80902E-01  2.79708E-01  2.78294E-01  2.76659E-01
   2.74802E-01  2.72722E-01  2.70418E-01  2.67889E-01  2.65137E-01  2.62161E-01
   2.58960E-01  2.55536E-01  2.51889E-01  2.48020E-01  2.43930E-01  2.39621E-01
   2.35093E-01  2.30350E-01  2.25392E-01  2.20221E-01  2.14841E-01  2.09253E-01
   2.03461E-01  1.97466E-01  1.91272E-01  1.84883E-01  1.78302E-01  1.71532E-01
   1.64577E-01  1.57440E-01  1.50127E-01  1.42640E-01  1.34984E-01  1.27164E-01
   1.19184E-01  1.11049E-01  1.02763E-01  9.43325E-02  8.57613E-02  7.70544E-02
   6.82177E-02  5.92560E-02  5.01747E-02  4.09786E-02  3.16732E-02  2.22648E-02
   1.27603E-02  3.16610E-03 -6.51151E-03 -1.62696E-02 -2.61083E-02 -3.60288E-02
  -4.60312E-02 -5.61157E-02 -6.62813E-02 -7.65277E-02 -8.68539E-02 -9.72592E-02
  -1.07743E-01 -1.18304E-01 -1.28942E-01 -1.39657E-01 -1.50446E-01 -1.61308E-01
  -1.72241E-01 -1.83245E-01 -1.94316E-01 -2.05451E-01 -2.16648E-01 -2.27903E-01
  -2.39211E-01 -2.50569E-01 -2.61970E-01 -2.73409E-01 -2.84879E-01 -2.96369E-01
  -3.07868E-01 -3.19365E-01 -3.30850E-01 -3.42306E-01 -3.53721E-01 -3.65079E-01
  -3.76365E-01 -3.87544E-01 -3.98574E-01 -4.09411E-01 -4.20014E-01 -4.30354E-01
  -4.40414E-01 -4.50179E-01 -4.59633E-01 -4.68760E-01 -4.77543E-01 -4.85962E-01
  -4.94000E-01 -5.01639E-01 -5.08860E-01 -5.15642E-01 -5.21966E-01 -5.27814E-01
  -5.33171E-01 -5.38023E-01 -5.42358E-01 -5.46164E-01 -5.49444E-01 -5.52214E-01
  -5.54492E-01 -5.56294E-01 -5.57642E-01 -5.58565E-01 -5.59095E-01 -5.59260E-01
  -5.59087E-01 -5.58582E-01 -5.57751E-01 -5.56601E-01 -5.55139E-01 -5.53400E-01
  -5.51426E-01 -5.49260E-01 -5.46942E-01 -5.44499E-01 -5.41945E-01 -5.39293E-01
  -5.36559E-01 -5.33754E-01 -5.30890E-01 -5.27979E-01 -5.25033E-01 -5.22060E-01
  -5.19068E-01 -5.16061E-01 -5.13047E-01 -5.10029E-01 -5.07013E-01 -5.04000E-01
  -5.00996E-01 -4.98002E-01 -4.95022E-01 -4.92056E-01 -4.89106E-01 -4.86173E-01
  -4.83259E-01 -4.80365E-01 -4.77493E-01 -4.74645E-01 -4.71823E-01 -4.69027E-01
  -4.66260E-01 -4.63523E-01 -1.86089E-02 -3.12432E-02 -4.27247E-02 -5.24963E-02
  -6.03037E-02 -6.59660E-02 -6.93024E-02 -7.01992E-02 -6.90793E-02 -6.66224E-02
  -6.35097E-02 -6.04013E-02 -5.75511E-02 -5.48503E-02 -5.21773E-02 -4.94113E-02
  -4.64859E-02 -4.34249E-02 -4.02602E-02 -3.70242E-02 -3.37407E-02 -3.04068E-02
  -2.70144E-02 -2.35554E-02 -2.00228E-02 -1.64162E-02 -1.27384E-02 -8.99169E-03
  -5.17861E-03 -1.30044E-03  2.64239E-03  6.64942E-03  1.07202E-02  1.48537E-02
   1.90478E-02  2.33004E-02  2.76094E-02  3.19726E-02  3.63880E-02  4.08534E-02
   4.53667E-02  4.99256E-02  5.45278E-02  5.91705E-02  6.38512E-02  6.85672E-02
   7.33156E-02  7.80935E-02  8.28978E-02  8.77256E-02  9.25735E-02  9.74384E-02
   1.02317E-01  1.07205E-01  1.12100E-01  1.16997E-01  1.21894E-01  1.26785E-01
   1.31668E-01  1.36538E-01  1.41391E-01  1.46222E-01  1.51028E-01  1.55805E-01
   1.60547E-01  1.65250E-01  1.69910E-01  1.74522E-01  1.79082E-01  1.83585E-01
   1.88025E-01  1.92399E-01  1.96701E-01  2.00926E-01  2.05071E-01  2.09129E-01
   2.13095E-01  2.16966E-01  2.20736E-01  2.24400E-01  2.27953E-01  2.31391E-01
   2.34708E-01  2.37900E-01  2.40962E-01  2.43890E-01  2.46678E-01  2.49323E-01
   2.51819E-01  2.54163E-01  2.56350E-01  2.58376E-01  2.60237E-01  2.61928E-01
   2.63447E-01  2.64789E-01  2.65950E-01  2.66928E-01  2.67719E-01  2.68319E-01
   2.68727E-01  2.68938E-01  2.68950E-01  2.68761E-01  2.68369E-01  2.67771E-01
   2.66965E-01  2.65951E-01  2.64725E-01  2.63287E-01  2.61636E-01  2.59770E-01
   2.57690E-01  2.55393E-01  2.52881E-01  2.50153E-01  2.47209E-01  2.44049E-01
   2.40673E-01  2.37084E-01  2.33281E-01  2.29265E-01  2.25038E-01  2.20602E-01
   2.15958E-01  2.11108E-01  2.06054E-01  2.00798E-01  1.95343E-01  1.89692E-01
   1.83847E-01  1.77812E-01  1.71589E-01  1.65182E-01  1.58595E-01  1.51830E-01
   1.44893E-01  1.37787E-01  1.30516E-01  1.23084E-01  1.15495E-01  1.07755E-01
   9.98683E-02  9.18388E-02  8.36719E-02  7.53728E-02  6.69459E-02  5.83972E-02
   4.97318E-02  4.09554E-02  3.20732E-02  2.30909E-02  1.40145E-02  4.84990E-03
  -4.39712E-03 -1.37210E-02 -2.31190E-02 -3.25915E-02 -4.21394E-02 -5.17631E-02
  -6.14623E-02 -7.12354E-02 -8.10814E-02 -9.09986E-02 -1.00986E-01 -1.11041E-01
  -1.21163E-01 -1.31351E-01 -1.41603E-01 -1.51917E-01 -1.62290E-01 -1.72721E-01
  -1.83205E-01 -1.93741E-01 -2.04324E-01 -2.14951E-01 -2.25616E-01 -2.36317E-01
  -2.47045E-01 -2.57795E-01 -2.68560E-01 -2.79333E-01 -2.90104E-01 -3.00863E-01
  -3.11598E-01 -3.22301E-01 -3.32955E-01 -3.43546E-01 -3.54058E-01 -3.64476E-01
  -3.74780E-01 -3.84949E-01 -3.94963E-01 -4.04799E-01 -4.14437E-01 -4.23850E-01
  -4.33016E-01 -4.41909E-01 -4.50506E-01 -4.58784E-01 -4.66722E-01 -4.74298E-01
  -4.81490E-01 -4.88283E-01 -4.94664E-01 -5.00619E-01 -5.06134E-01 -5.11204E-01
  -5.15826E-01 -5.19999E-01 -5.23720E-01 -5.26994E-01 -5.29830E-01 -5.32238E-01
  -5.34229E-01 -5.35815E-01 -5.37014E-01 -5.37846E-01 -5.38329E-01 -5.38482E-01
  -5.38329E-01 -5.37890E-01 -5.37188E-01 -5.36244E-01 -5.35079E-01 -5.33714E-01
  -5.32167E-01 -5.30458E-01 -5.28604E-01 -5.26621E-01 -5.24522E-01 -5.22324E-01
  -5.20039E-01 -5.17677E-01 -5.15249E-01 -5.12764E-01 -5.10233E-01 -5.07661E-01
  -5.05056E-01 -5.02423E-01 -4.99770E-01 -4.97100E-01 -4.94417E-01 -4.91727E-01
  -4.89031E-01 -4.86334E-01 -4.83638E-01 -4.80944E-01 -4.78254E-01 -4.75572E-01
  -4.72898E-01 -4.70236E-01 -4.67586E-01 -4.64951E-01 -4.62333E-01 -4.59734E-01
  -4.57156E-01 -1.90275E-02 -3.17072E-02 -4.32409E-02 -5.30718E-02 -6.09411E-02
  -6.66627E-02 -7.00500E-02 -7.09852E-02 -6.98948E-02 -6.74664E-02 -6.43893E-02
  -6.13308E-02 -5.85460E-02 -5.59209E-02 -5.33289E-02 -5.06440E-02 -4.77971E-02
  -4.48135E-02 -4.17275E-02 -3.85730E-02 -3.53755E-02 -3.21319E-02 -2.88337E-02
  -2.54722E-02 -2.20401E-02 -1.85373E-02 -1.49664E-02 -1.13304E-02 -7.63195E-03
  -3.87222E-03 -5.14367E-05  3.83024E-03  7.77266E-03  1.17749E-02  1.58347E-02
   1.99501E-02  2.41187E-02  2.83385E-02  3.26073E-02  3.69232E-02  4.12840E-02
   4.56877E-02  5.01317E-02  5.46135E-02  5.91305E-02  6.36802E-02  6.82596E-02
   7.28660E-02  7.74963E-02  8.21477E-02  8.68169E-02  9.15009E-02  9.61961E-02
   1.00899E-01  1.05607E-01  1.10316E-01  1.15022E-01  1.19721E-01  1.24411E-01
   1.29086E-01  1.33742E-01  1.38377E-01  1.42985E-01  1.47563E-01  1.52106E-01
   1.56610E-01  1.61071E-01  1.65483E-01  1.69843E-01  1.74147E-01  1.78388E-01
   1.82564E-01  1.86669E-01  1.90698E-01  1.94648E-01  1.98512E-01  2.02288E-01
   2.05969E-01  2.09551E-01  2.13030E-01  2.16400E-01  2.19658E-01  2.22798E-01
   2.25817E-01  2.28708E-01  2.31469E-01  2.34095E-01  2.36581E-01  2.38923E-01
   2.41116E-01  2.43158E-01  2.45043E-01  2.46768E-01  2.48330E-01  2.49723E-01
   2.50946E-01  2.51994E-01  2.52865E-01  2.53554E-01  2.54060E-01  2.54379E-01
   2.54508E-01  2.54446E-01  2.54189E-01  2.53736E-01  2.53085E-01  2.52233E-01
   2.51180E-01  2.49923E-01  2.48462E-01  2.46795E-01  2.44922E-01  2.42841E-01
   2.40553E-01  2.38057E-01  2.35353E-01  2.32442E-01  2.29323E-01  2.25997E-01
   2.22465E-01  2.18727E-01  2.14786E-01  2.10642E-01  2.06296E-01  2.01751E-01
   1.97008E-01  1.92070E-01  1.86939E-01  1.81617E-01  1.76106E-01  1.70411E-01
   1.64533E-01  1.58476E-01  1.52243E-01  1.45837E-01  1.39263E-01  1.32524E-01
   1.25625E-01  1.18568E-01  1.11359E-01  1.04002E-01  9.65008E-02  8.88607E-02
   8.10863E-02  7.31823E-02  6.51540E-02  5.70057E-02  4.87432E-02  4.03723E-02
   3.18992E-02  2.33296E-02  1.46697E-02  5.92428E-03 -2.90172E-03 -1.18040E-02
  -2.07781E-02 -2.98218E-02 -3.89348E-02 -4.81176E-02 -5.73698E-02 -6.66909E-02
  -7.60787E-02 -8.55317E-02 -9.50478E-02 -1.04625E-01 -1.14262E-01 -1.23956E-01
  -1.33705E-01 -1.43507E-01 -1.53360E-01 -1.63259E-01 -1.73204E-01 -1.83189E-01
  -1.93211E-01 -2.03266E-01 -2.13349E-01 -2.23455E-01 -2.33580E-01 -2.43717E-01
  -2.53858E-01 -2.63996E-01 -2.74125E-01 -2.84234E-01 -2.94314E-01 -3.04356E-01
  -3.14350E-01 -3.24282E-01 -3.34137E-01 -3.43899E-01 -3.53555E-01 -3.63093E-01
  -3.72505E-01 -3.81781E-01 -3.90913E-01 -3.99883E-01 -4.08663E-01 -4.17228E-01
  -4.25550E-01 -4.33604E-01 -4.41367E-01 -4.48817E-01 -4.55931E-01 -4.62689E-01
  -4.69079E-01 -4.75091E-01 -4.80715E-01 -4.85942E-01 -4.90771E-01 -4.95204E-01
  -4.99246E-01 -5.02899E-01 -5.06167E-01 -5.09057E-01 -5.11572E-01 -5.13720E-01
  -5.15507E-01 -5.16945E-01 -5.18046E-01 -5.18822E-01 -5.19287E-01 -5.19469E-01
  -5.19397E-01 -5.19098E-01 -5.18598E-01 -5.17911E-01 -5.17044E-01 -5.16003E-01
  -5.14797E-01 -5.13436E-01 -5.11937E-01 -5.10311E-01 -5.08576E-01 -5.06741E-01
  -5.04817E-01 -5.02813E-01 -5.00737E-01 -4.98600E-01 -4.96407E-01 -4.94165E-01
  -4.91881E-01 -4.89561E-01 -4.87212E-01 -4.84835E-01 -4.82437E-01 -4.80022E-01
  -4.77592E-01 -4.75151E-01 -4.72701E-01 -4.70245E-01 -4.67786E-01 -4.65325E-01
  -4.62864E-01 -4.60405E-01 -4.57951E-01 -4.55502E-01 -4.53060E-01 -4.50628E-01
  -1.94357E-02 -3.21651E-02 -4.37590E-02 -5.36611E-02 -6.16049E-02 -6.73946E-02
  -7.08342E-02 -7.17978E-02 -7.07187E-02 -6.82976E-02 -6.52371E-02 -6.22173E-02
  -5.94950E-02 -5.69483E-02 -5.44418E-02 -5.18413E-02 -4.90733E-02 -4.61655E-02
  -4.31552E-02 -4.00794E-02 -3.69656E-02 -3.38108E-02 -3.06055E-02 -2.73405E-02
  -2.40076E-02 -2.06069E-02 -1.71415E-02 -1.36144E-02 -1.00288E-02 -6.38584E-03
  -2.68543E-03  1.07249E-03  4.88806E-03  8.76041E-03  1.26875E-02  1.66670E-02
   2.06967E-02  2.47745E-02  2.88983E-02  3.30662E-02  3.72761E-02  4.15260E-02
   4.58134E-02  5.01359E-02  5.44909E-02  5.88758E-02  6.32880E-02  6.77245E-02
   7.21825E-02  7.66592E-02  8.11515E-02  8.56564E-02  9.01704E-02  9.46904E-02
   9.92131E-02  1.03735E-01  1.08252E-01  1.12762E-01  1.17260E-01  1.21742E-01
   1.26205E-01  1.30645E-01  1.35057E-01  1.39439E-01  1.43785E-01  1.48092E-01
   1.52355E-01  1.56570E-01  1.60733E-01  1.64839E-01  1.68884E-01  1.72864E-01
   1.76774E-01  1.80610E-01  1.84367E-01  1.88041E-01  1.91627E-01  1.95121E-01
   1.98518E-01  2.01813E-01  2.05004E-01  2.08084E-01  2.11050E-01  2.13896E-01
   2.16620E-01  2.19216E-01  2.21681E-01  2.24010E-01  2.26200E-01  2.28245E-01
   2.30144E-01  2.31890E-01  2.33482E-01  2.34915E-01  2.36186E-01  2.37291E-01
   2.38227E-01  2.38992E-01  2.39582E-01  2.39995E-01  2.40227E-01  2.40276E-01
   2.40140E-01  2.39817E-01  2.39304E-01  2.38600E-01  2.37703E-01  2.36612E-01
   2.35325E-01  2.33841E-01  2.32159E-01  2.30279E-01  2.28199E-01  2.25919E-01
   2.23440E-01  2.20760E-01  2.17882E-01  2.14803E-01  2.11526E-01  2.08051E-01
   2.04380E-01  2.00512E-01  1.96450E-01  1.92194E-01  1.87748E-01  1.83112E-01
   1.78289E-01  1.73281E-01  1.68090E-01  1.62720E-01  1.57172E-01  1.51451E-01
   1.45558E-01  1.39498E-01  1.33273E-01  1.26887E-01  1.20345E-01  1.13651E-01
   1.06807E-01  9.98190E-02  9.26907E-02  8.54270E-02  7.80319E-02  7.05104E-02
   6.28672E-02  5.51073E-02  4.72351E-02  3.92564E-02  3.11774E-02  2.30047E-02
   1.47446E-02  6.40356E-03 -2.01449E-03 -1.05064E-02 -1.90693E-02 -2.77004E-02
  -3.63975E-02 -4.51596E-02 -5.39862E-02 -6.28763E-02 -7.18285E-02 -8.08404E-02
  -8.99103E-02 -9.90359E-02 -1.08215E-01 -1.17445E-01 -1.26723E-01 -1.36047E-01
  -1.45415E-01 -1.54822E-01 -1.64267E-01 -1.73744E-01 -1.83251E-01 -1.92783E-01
  -2.02336E-01 -2.11904E-01 -2.21483E-01 -2.31067E-01 -2.40649E-01 -2.50223E-01
  -2.59780E-01 -2.69315E-01 -2.78818E-01 -2.88279E-01 -2.97691E-01 -3.07044E-01
  -3.16325E-01 -3.25521E-01 -3.34618E-01 -3.43604E-01 -3.52471E-01 -3.61212E-01
  -3.69821E-01 -3.78294E-01 -3.86615E-01 -3.94762E-01 -4.02711E-01 -4.10439E-01
  -4.17924E-01 -4.25147E-01 -4.32089E-01 -4.38732E-01 -4.45058E-01 -4.51058E-01
  -4.56724E-01 -4.62048E-01 -4.67024E-01 -4.71652E-01 -4.75935E-01 -4.79877E-01
  -4.83481E-01 -4.86750E-01 -4.89688E-01 -4.92299E-01 -4.94586E-01 -4.96554E-01
  -4.98211E-01 -4.99565E-01 -5.00625E-01 -5.01402E-01 -5.01920E-01 -5.02203E-01
  -5.02278E-01 -5.02166E-01 -5.01877E-01 -5.01414E-01 -5.00783E-01 -4.99987E-01
  -4.99035E-01 -4.97941E-01 -4.96716E-01 -4.95374E-01 -4.93926E-01 -4.92380E-01
  -4.90744E-01 -4.89027E-01 -4.87237E-01 -4.85380E-01 -4.83463E-01 -4.81494E-01
  -4.79478E-01 -4.77420E-01 -4.75325E-01 -4.73197E-01 -4.71041E-01 -4.68860E-01
  -4.66658E-01 -4.64438E-01 -4.62203E-01 -4.59956E-01 -4.57698E-01 -4.55430E-01
  -4.53154E-01 -4.50871E-01 -4.48582E-01 -4.46290E-01 -4.43994E-01 -1.98278E-02
  -3.26060E-02 -4.42595E-02 -5.42321E-02 -6.22499E-02 -6.81072E-02 -7.15981E-02
  -7.25890E-02 -7.15194E-02 -6.91035E-02 -6.60570E-02 -6.30731E-02 -6.04102E-02
  -5.79386E-02 -5.55148E-02 -5.29961E-02 -5.03050E-02 -4.74714E-02 -4.45353E-02
  -4.15366E-02 -3.85052E-02 -3.54374E-02 -3.23234E-02 -2.91530E-02 -2.59176E-02
  -2.26173E-02 -1.92554E-02 -1.58355E-02 -1.23608E-02 -8.83255E-03 -5.25054E-03
  -1.61446E-03  2.07601E-03  5.82016E-03  9.61592E-03  1.34611E-02  1.73534E-02
   2.12909E-02  2.52714E-02  2.92931E-02  3.33538E-02  3.74517E-02  4.15844E-02
   4.57493E-02  4.99440E-02  5.41661E-02  5.84128E-02  6.26813E-02  6.69690E-02
   7.12730E-02  7.55904E-02  7.99181E-02  8.42530E-02  8.85919E-02  9.29316E-02
   9.72687E-02  1.01600E-01  1.05921E-01  1.10230E-01  1.14522E-01  1.18793E-01
   1.23041E-01  1.27260E-01  1.31448E-01  1.35599E-01  1.39711E-01  1.43779E-01
   1.47799E-01  1.51767E-01  1.55679E-01  1.59531E-01  1.63317E-01  1.67035E-01
   1.70680E-01  1.74247E-01  1.77732E-01  1.81132E-01  1.84441E-01  1.87655E-01
   1.90771E-01  1.93783E-01  1.96688E-01  1.99481E-01  2.02159E-01  2.04717E-01
   2.07152E-01  2.09458E-01  2.11633E-01  2.13672E-01  2.15572E-01  2.17329E-01
   2.18939E-01  2.20399E-01  2.21705E-01  2.22855E-01  2.23845E-01  2.24671E-01
   2.25332E-01  2.25824E-01  2.26145E-01  2.26291E-01  2.26262E-01  2.26054E-01
   2.25665E-01  2.25094E-01  2.24338E-01  2.23397E-01  2.22269E-01  2.20952E-01
   2.19446E-01  2.17750E-01  2.15862E-01  2.13783E-01  2.11512E-01  2.09049E-01
   2.06395E-01  2.03548E-01  2.00511E-01  1.97282E-01  1.93864E-01  1.90257E-01
   1.86462E-01  1.82481E-01  1.78315E-01  1.73966E-01  1.69436E-01  1.64727E-01
   1.59841E-01  1.54780E-01  1.49548E-01  1.44147E-01  1.38579E-01  1.32849E-01
   1.26959E-01  1.20913E-01  1.14715E-01  1.08367E-01  1.01875E-01  9.52418E-02
   8.84719E-02  8.15698E-02  7.45400E-02  6.73869E-02  6.01151E-02  5.27295E-02
   4.52348E-02  3.76355E-02  2.99373E-02  2.21466E-02  1.42702E-02  6.31485E-03
  -1.71316E-03 -9.81083E-03 -1.79764E-02 -2.62086E-02 -3.45058E-02 -4.28660E-02
  -5.12872E-02 -5.97682E-02 -6.83068E-02 -7.69011E-02 -8.55487E-02 -9.42474E-02
  -1.02995E-01 -1.11788E-01 -1.20625E-01 -1.29503E-01 -1.38418E-01 -1.47368E-01
  -1.56349E-01 -1.65357E-01 -1.74389E-01 -1.83441E-01 -1.92507E-01 -2.01585E-01
  -2.10667E-01 -2.19749E-01 -2.28826E-01 -2.37891E-01 -2.46937E-01 -2.55957E-01
  -2.64945E-01 -2.73891E-01 -2.82788E-01 -2.91627E-01 -3.00399E-01 -3.09094E-01
  -3.17700E-01 -3.26205E-01 -3.34599E-01 -3.42874E-01 -3.51020E-01 -3.59031E-01
  -3.66900E-01 -3.74613E-01 -3.82156E-01 -3.89510E-01 -3.96660E-01 -4.03589E-01
  -4.10284E-01 -4.16732E-01 -4.22919E-01 -4.28832E-01 -4.34464E-01 -4.39809E-01
  -4.44861E-01 -4.49613E-01 -4.54064E-01 -4.58217E-01 -4.62072E-01 -4.65630E-01
  -4.68894E-01 -4.71866E-01 -4.74549E-01 -4.76947E-01 -4.79063E-01 -4.80905E-01
  -4.82478E-01 -4.83791E-01 -4.84851E-01 -4.85675E-01 -4.86279E-01 -4.86681E-01
  -4.86895E-01 -4.86930E-01 -4.86793E-01 -4.86489E-01 -4.86025E-01 -4.85408E-01
  -4.84651E-01 -4.83762E-01 -4.82753E-01 -4.81633E-01 -4.80410E-01 -4.79092E-01
  -4.77686E-01 -4.76200E-01 -4.74640E-01 -4.73013E-01 -4.71324E-01 -4.69580E-01
  -4.67786E-01 -4.65947E-01 -4.64066E-01 -4.62147E-01 -4.60196E-01 -4.58216E-01
  -4.56209E-01 -4.54181E-01 -4.52132E-01 -4.50065E-01 -4.47980E-01 -4.45877E-01
  -4.43758E-01 -4.41624E-01 -4.39476E-01 -4.37314E-01 -2.01980E-02 -3.30190E-02
  -4.47225E-02 -5.47529E-02 -6.28312E-02 -6.87458E-02 -7.22852E-02 -7.33106E-02
  -7.22654E-02 -6.98716E-02 -6.68531E-02 -6.39105E-02 -6.13036E-02 -5.88983E-02
  -5.65466E-02 -5.41014E-02 -5.14827E-02 -4.87217E-02 -4.58597E-02 -4.29383E-02
  -3.99881E-02 -3.70056E-02 -3.39805E-02 -3.09023E-02 -2.77623E-02 -2.45603E-02
  -2.13001E-02 -1.79853E-02 -1.46194E-02 -1.12036E-02 -7.73773E-03 -4.22127E-03
  -6.53871E-04  2.96385E-03  6.62996E-03  1.03424E-02  1.40990E-02  1.78979E-02
   2.17371E-02  2.56145E-02  2.95281E-02  3.34760E-02  3.74559E-02  4.14652E-02
   4.55017E-02  4.95630E-02  5.36463E-02  5.77490E-02  6.18685E-02  6.60020E-02
   7.01467E-02  7.42995E-02  7.84575E-02  8.26176E-02  8.67767E-02  9.09315E-02
   9.50786E-02  9.92148E-02  1.03337E-01  1.07441E-01  1.11523E-01  1.15580E-01
   1.19609E-01  1.23605E-01  1.27565E-01  1.31485E-01  1.35360E-01  1.39188E-01
   1.42964E-01  1.46684E-01  1.50345E-01  1.53941E-01  1.57469E-01  1.60925E-01
   1.64305E-01  1.67605E-01  1.70821E-01  1.73948E-01  1.76982E-01  1.79920E-01
   1.82757E-01  1.85490E-01  1.88114E-01  1.90625E-01  1.93020E-01  1.95295E-01
   1.97446E-01  1.99468E-01  2.01360E-01  2.03116E-01  2.04734E-01  2.06210E-01
   2.07540E-01  2.08722E-01  2.09753E-01  2.10629E-01  2.11348E-01  2.11906E-01
   2.12302E-01  2.12532E-01  2.12595E-01  2.12488E-01  2.12209E-01  2.11756E-01
   2.11127E-01  2.10321E-01  2.09336E-01  2.08172E-01  2.06826E-01  2.05298E-01
   2.03587E-01  2.01693E-01  1.99615E-01  1.97353E-01  1.94907E-01  1.92276E-01
   1.89462E-01  1.86464E-01  1.83284E-01  1.79921E-01  1.76378E-01  1.72655E-01
   1.68754E-01  1.64676E-01  1.60423E-01  1.55997E-01  1.51400E-01  1.46634E-01
   1.41702E-01  1.36606E-01  1.31349E-01  1.25933E-01  1.20363E-01  1.14642E-01
   1.08771E-01  1.02756E-01  9.66004E-02  9.03075E-02  8.38812E-02  7.73258E-02
   7.06459E-02  6.38460E-02  5.69305E-02  4.99042E-02  4.27718E-02  3.55382E-02
   2.82078E-02  2.07862E-02  1.32795E-02  5.69445E-03 -1.96286E-03 -9.68633E-03
  -1.74737E-02 -2.53242E-02 -3.32373E-02 -4.12123E-02 -4.92471E-02 -5.73391E-02
  -6.54862E-02 -7.36856E-02 -8.19348E-02 -9.02313E-02 -9.85728E-02 -1.06957E-01
  -1.15380E-01 -1.23840E-01 -1.32334E-01 -1.40858E-01 -1.49409E-01 -1.57983E-01
  -1.66577E-01 -1.75186E-01 -1.83806E-01 -1.92433E-01 -2.01062E-01 -2.09688E-01
  -2.18305E-01 -2.26908E-01 -2.35492E-01 -2.44048E-01 -2.52572E-01 -2.61056E-01
  -2.69492E-01 -2.77872E-01 -2.86189E-01 -2.94434E-01 -3.02599E-01 -3.10674E-01
  -3.18649E-01 -3.26515E-01 -3.34263E-01 -3.41881E-01 -3.49359E-01 -3.56687E-01
  -3.63855E-01 -3.70853E-01 -3.77670E-01 -3.84296E-01 -3.90722E-01 -3.96938E-01
  -4.02937E-01 -4.08709E-01 -4.14247E-01 -4.19544E-01 -4.24595E-01 -4.29396E-01
  -4.33940E-01 -4.38224E-01 -4.42249E-01 -4.46012E-01 -4.49513E-01 -4.52751E-01
  -4.55730E-01 -4.58453E-01 -4.60923E-01 -4.63143E-01 -4.65120E-01 -4.66861E-01
  -4.68371E-01 -4.69658E-01 -4.70729E-01 -4.71593E-01 -4.72258E-01 -4.72733E-01
  -4.73026E-01 -4.73147E-01 -4.73105E-01 -4.72908E-01 -4.72565E-01 -4.72085E-01
  -4.71475E-01 -4.70745E-01 -4.69902E-01 -4.68954E-01 -4.67907E-01 -4.66769E-01
  -4.65546E-01 -4.64245E-01 -4.62872E-01 -4.61431E-01 -4.59929E-01 -4.58371E-01
  -4.56761E-01 -4.55102E-01 -4.53400E-01 -4.51658E-01 -4.49880E-01 -4.48070E-01
  -4.46231E-01 -4.44366E-01 -4.42476E-01 -4.40561E-01 -4.38623E-01 -4.36661E-01
  -4.34677E-01 -4.32671E-01 -4.30645E-01 -2.05414E-02 -3.33953E-02 -4.51332E-02
  -5.51993E-02 -6.33153E-02 -6.92703E-02 -7.28534E-02 -7.39264E-02 -7.29320E-02
  -7.05910E-02 -6.76259E-02 -6.47360E-02 -6.21814E-02 -5.98296E-02 -5.75344E-02
  -5.51502E-02 -5.25980E-02 -4.99080E-02 -4.71210E-02 -4.42776E-02 -4.14081E-02
  -3.85089E-02 -3.55700E-02 -3.25813E-02 -2.95339E-02 -2.64282E-02 -2.32676E-02
  -2.00558E-02 -1.67964E-02 -1.34906E-02 -1.01382E-02 -6.73884E-03 -3.29228E-03
   2.00971E-04  3.73921E-03  7.32064E-03  1.09434E-02  1.46058E-02  1.83056E-02
   2.20410E-02  2.58097E-02  2.96098E-02  3.34390E-02  3.72950E-02  4.11754E-02
   4.50780E-02  4.90003E-02  5.29395E-02  5.68931E-02  6.08585E-02  6.48329E-02
   6.88133E-02  7.27969E-02  7.67806E-02  8.07616E-02  8.47366E-02  8.87025E-02
   9.26559E-02  9.65937E-02  1.00512E-01  1.04409E-01  1.08279E-01  1.12119E-01
   1.15927E-01  1.19698E-01  1.23428E-01  1.27115E-01  1.30753E-01  1.34340E-01
   1.37871E-01  1.41343E-01  1.44752E-01  1.48094E-01  1.51364E-01  1.54560E-01
   1.57677E-01  1.60712E-01  1.63660E-01  1.66517E-01  1.69280E-01  1.71945E-01
   1.74508E-01  1.76965E-01  1.79313E-01  1.81548E-01  1.83665E-01  1.85663E-01
   1.87536E-01  1.89282E-01  1.90897E-01  1.92378E-01  1.93722E-01  1.94926E-01
   1.95986E-01  1.96899E-01  1.97664E-01  1.98276E-01  1.98734E-01  1.99035E-01
   1.99177E-01  1.99157E-01  1.98974E-01  1.98625E-01  1.98109E-01  1.97424E-01
   1.96568E-01  1.95541E-01  1.94341E-01  1.92966E-01  1.91417E-01  1.89692E-01
   1.87792E-01  1.85715E-01  1.83461E-01  1.81030E-01  1.78424E-01  1.75641E-01
   1.72682E-01  1.69549E-01  1.66241E-01  1.62761E-01  1.59108E-01  1.55286E-01
   1.51294E-01  1.47135E-01  1.42811E-01  1.38324E-01  1.33676E-01  1.28869E-01
   1.23907E-01  1.18791E-01  1.13525E-01  1.08112E-01  1.02555E-01  9.68578E-02
   9.10231E-02  8.50550E-02  7.89573E-02  7.27335E-02  6.63880E-02  5.99254E-02
   5.33504E-02  4.66674E-02  3.98813E-02  3.29969E-02  2.60192E-02  1.89527E-02
   1.18028E-02  4.57495E-03 -2.72543E-03 -1.00931E-02 -1.75228E-02 -2.50128E-02
  -3.25621E-02 -4.01705E-02 -4.78371E-02 -5.55598E-02 -6.33355E-02 -7.11618E-02
  -7.90356E-02 -8.69542E-02 -9.49147E-02 -1.02915E-01 -1.10951E-01 -1.19022E-01
  -1.27123E-01 -1.35251E-01 -1.43403E-01 -1.51576E-01 -1.59765E-01 -1.67966E-01
  -1.76176E-01 -1.84391E-01 -1.92604E-01 -2.00813E-01 -2.09012E-01 -2.17195E-01
  -2.25357E-01 -2.33493E-01 -2.41597E-01 -2.49661E-01 -2.57681E-01 -2.65648E-01
  -2.73556E-01 -2.81396E-01 -2.89163E-01 -2.96847E-01 -3.04440E-01 -3.11936E-01
  -3.19325E-01 -3.26599E-01 -3.33744E-01 -3.40752E-01 -3.47610E-01 -3.54309E-01
  -3.60844E-01 -3.67208E-01 -3.73394E-01 -3.79397E-01 -3.85210E-01 -3.90829E-01
  -3.96247E-01 -4.01459E-01 -4.06460E-01 -4.11247E-01 -4.15814E-01 -4.20156E-01
  -4.24271E-01 -4.28156E-01 -4.31809E-01 -4.35227E-01 -4.38411E-01 -4.41362E-01
  -4.44084E-01 -4.46580E-01 -4.48852E-01 -4.50907E-01 -4.52749E-01 -4.54386E-01
  -4.55821E-01 -4.57059E-01 -4.58103E-01 -4.58957E-01 -4.59626E-01 -4.60118E-01
  -4.60442E-01 -4.60609E-01 -4.60628E-01 -4.60507E-01 -4.60254E-01 -4.59874E-01
  -4.59375E-01 -4.58764E-01 -4.58046E-01 -4.57230E-01 -4.56320E-01 -4.55324E-01
  -4.54246E-01 -4.53092E-01 -4.51868E-01 -4.50578E-01 -4.49227E-01 -4.47820E-01
  -4.46359E-01 -4.44850E-01 -4.43296E-01 -4.41701E-01 -4.40068E-01 -4.38402E-01
  -4.36704E-01 -4.34975E-01 -4.33218E-01 -4.31433E-01 -4.29621E-01 -4.27783E-01
  -4.25922E-01 -4.24037E-01 -2.08561E-02 -3.37349E-02 -4.54947E-02 -5.55795E-02
  -6.37156E-02 -6.96974E-02 -7.33197E-02 -7.44488E-02 -7.35234E-02 -7.12564E-02
  -6.83622E-02 -6.55326E-02 -6.30272E-02 -6.07194E-02 -5.84689E-02 -5.61363E-02
  -5.36455E-02 -5.10250E-02 -4.83130E-02 -4.55478E-02 -4.27578E-02 -3.99399E-02
  -3.70845E-02 -3.41823E-02 -3.12251E-02 -2.82132E-02 -2.51500E-02 -2.20390E-02
  -1.88837E-02 -1.56852E-02 -1.24437E-02 -9.15893E-03 -5.83075E-03 -2.45972E-03
   9.52786E-04  4.40529E-03  7.89629E-03  1.14242E-02  1.49870E-02  1.85824E-02
   2.22085E-02  2.58630E-02  2.95439E-02  3.32488E-02  3.69755E-02  4.07219E-02
   4.44854E-02  4.82636E-02  5.20539E-02  5.58536E-02  5.96601E-02  6.34707E-02
   6.72824E-02  7.10925E-02  7.48981E-02  7.86960E-02  8.24832E-02  8.62567E-02
   9.00132E-02  9.37495E-02  9.74622E-02  1.01148E-01  1.04804E-01  1.08426E-01
   1.12010E-01  1.15555E-01  1.19054E-01  1.22506E-01  1.25907E-01  1.29253E-01
   1.32539E-01  1.35764E-01  1.38922E-01  1.42010E-01  1.45025E-01  1.47962E-01
   1.50819E-01  1.53591E-01  1.56274E-01  1.58865E-01  1.61361E-01  1.63757E-01
   1.66051E-01  1.68237E-01  1.70314E-01  1.72278E-01  1.74125E-01  1.75851E-01
   1.77454E-01  1.78931E-01  1.80278E-01  1.81492E-01  1.82570E-01  1.83510E-01
   1.84309E-01  1.84964E-01  1.85472E-01  1.85831E-01  1.86040E-01  1.86094E-01
   1.85994E-01  1.85735E-01  1.85318E-01  1.84740E-01  1.83999E-01  1.83095E-01
   1.82025E-01  1.80790E-01  1.79388E-01  1.77818E-01  1.76079E-01  1.74172E-01
   1.72096E-01  1.69850E-01  1.67435E-01  1.64851E-01  1.62099E-01  1.59179E-01
   1.56091E-01  1.52837E-01  1.49418E-01  1.45835E-01  1.42089E-01  1.38181E-01
   1.34115E-01  1.29890E-01  1.25511E-01  1.20978E-01  1.16294E-01  1.11462E-01
   1.06485E-01  1.01365E-01  9.61055E-02  9.07098E-02  8.51808E-02  7.95222E-02
   7.37375E-02  6.78305E-02  6.18047E-02  5.56642E-02  4.94139E-02  4.30584E-02
   3.66023E-02  3.00505E-02  2.34079E-02  1.66797E-02  9.87035E-03  2.98519E-03
  -3.97174E-03 -1.09963E-02 -1.80847E-02 -2.52329E-02 -3.24391E-02 -3.97019E-02
  -4.70203E-02 -5.43931E-02 -6.18177E-02 -6.92911E-02 -7.68109E-02 -8.43738E-02
  -9.19770E-02 -9.96175E-02 -1.07293E-01 -1.14999E-01 -1.22734E-01 -1.30494E-01
  -1.38276E-01 -1.46077E-01 -1.53892E-01 -1.61717E-01 -1.69550E-01 -1.77385E-01
  -1.85218E-01 -1.93045E-01 -2.00861E-01 -2.08661E-01 -2.16440E-01 -2.24194E-01
  -2.31915E-01 -2.39599E-01 -2.47240E-01 -2.54833E-01 -2.62370E-01 -2.69844E-01
  -2.77249E-01 -2.84579E-01 -2.91825E-01 -2.98982E-01 -3.06043E-01 -3.13000E-01
  -3.19844E-01 -3.26566E-01 -3.33156E-01 -3.39603E-01 -3.45900E-01 -3.52043E-01
  -3.58027E-01 -3.63845E-01 -3.69495E-01 -3.74970E-01 -3.80268E-01 -3.85383E-01
  -3.90313E-01 -3.95052E-01 -3.99598E-01 -4.03945E-01 -4.08091E-01 -4.12033E-01
  -4.15768E-01 -4.19294E-01 -4.22608E-01 -4.25711E-01 -4.28605E-01 -4.31292E-01
  -4.33773E-01 -4.36053E-01 -4.38135E-01 -4.40025E-01 -4.41726E-01 -4.43242E-01
  -4.44578E-01 -4.45734E-01 -4.46713E-01 -4.47518E-01 -4.48156E-01 -4.48637E-01
  -4.48968E-01 -4.49158E-01 -4.49214E-01 -4.49143E-01 -4.48949E-01 -4.48639E-01
  -4.48218E-01 -4.47693E-01 -4.47069E-01 -4.46352E-01 -4.45547E-01 -4.44659E-01
  -4.43694E-01 -4.42656E-01 -4.41550E-01 -4.40380E-01 -4.39150E-01 -4.37863E-01
  -4.36525E-01 -4.35138E-01 -4.33706E-01 -4.32233E-01 -4.30720E-01 -4.29172E-01
  -4.27591E-01 -4.25977E-01 -4.24334E-01 -4.22662E-01 -4.20965E-01 -4.19244E-01
  -4.17501E-01 -2.11410E-02 -3.40399E-02 -4.58150E-02 -5.59101E-02 -6.40572E-02
  -7.00586E-02 -7.37161E-02 -7.49023E-02 -7.40507E-02 -7.18637E-02 -6.90454E-02
  -6.62775E-02 -6.38189E-02 -6.15502E-02 -5.93390E-02 -5.70534E-02 -5.46212E-02
  -5.20684E-02 -4.94303E-02 -4.67419E-02 -4.40296E-02 -4.12906E-02 -3.85162E-02
  -3.56980E-02 -3.28285E-02 -2.99080E-02 -2.69397E-02 -2.39272E-02 -2.08733E-02
  -1.77797E-02 -1.46464E-02 -1.14735E-02 -8.26111E-03 -5.00971E-03 -1.72044E-03
   1.60557E-03  4.96713E-03  8.36288E-03  1.17907E-02  1.52486E-02  1.87342E-02
   2.22455E-02  2.57804E-02  2.93366E-02  3.29121E-02  3.65047E-02  4.01121E-02
   4.37317E-02  4.73611E-02  5.09978E-02  5.46391E-02  5.82825E-02  6.19250E-02
   6.55642E-02  6.91970E-02  7.28207E-02  7.64321E-02  8.00284E-02  8.36065E-02
   8.71632E-02  9.06954E-02  9.41999E-02  9.76735E-02  1.01113E-01  1.04515E-01
   1.07875E-01  1.11192E-01  1.14461E-01  1.17678E-01  1.20841E-01  1.23946E-01
   1.26989E-01  1.29967E-01  1.32876E-01  1.35712E-01  1.38473E-01  1.41155E-01
   1.43754E-01  1.46266E-01  1.48689E-01  1.51018E-01  1.53250E-01  1.55383E-01
   1.57412E-01  1.59334E-01  1.61146E-01  1.62845E-01  1.64427E-01  1.65890E-01
   1.67231E-01  1.68446E-01  1.69533E-01  1.70488E-01  1.71310E-01  1.71996E-01
   1.72543E-01  1.72949E-01  1.73212E-01  1.73329E-01  1.73298E-01  1.73118E-01
   1.72786E-01  1.72301E-01  1.71662E-01  1.70867E-01  1.69914E-01  1.68804E-01
   1.67534E-01  1.66104E-01  1.64513E-01  1.62761E-01  1.60847E-01  1.58771E-01
   1.56533E-01  1.54133E-01  1.51572E-01  1.48850E-01  1.45967E-01  1.42924E-01
   1.39722E-01  1.36362E-01  1.32846E-01  1.29175E-01  1.25350E-01  1.21373E-01
   1.17246E-01  1.12971E-01  1.08550E-01  1.03986E-01  9.92819E-02  9.44392E-02
   8.94613E-02  8.43512E-02  7.91122E-02  7.37473E-02  6.82600E-02  6.26539E-02
   5.69326E-02  5.10997E-02  4.51593E-02  3.91160E-02  3.29746E-02  2.67396E-02
   2.04157E-02  1.40079E-02  7.52133E-03  9.60512E-04 -5.66956E-03 -1.23661E-02
  -1.91263E-02 -2.59479E-02 -3.28280E-02 -3.97645E-02 -4.67553E-02 -5.37985E-02
  -6.08922E-02 -6.80336E-02 -7.52197E-02 -8.24480E-02 -8.97156E-02 -9.70195E-02
  -1.04356E-01 -1.11724E-01 -1.19118E-01 -1.26536E-01 -1.33975E-01 -1.41430E-01
  -1.48899E-01 -1.56377E-01 -1.63862E-01 -1.71348E-01 -1.78831E-01 -1.86308E-01
  -1.93774E-01 -2.01224E-01 -2.08653E-01 -2.16057E-01 -2.23431E-01 -2.30770E-01
  -2.38067E-01 -2.45318E-01 -2.52517E-01 -2.59658E-01 -2.66735E-01 -2.73741E-01
  -2.80672E-01 -2.87520E-01 -2.94280E-01 -3.00944E-01 -3.07508E-01 -3.13963E-01
  -3.20301E-01 -3.26516E-01 -3.32599E-01 -3.38544E-01 -3.44346E-01 -3.50000E-01
  -3.55502E-01 -3.60847E-01 -3.66030E-01 -3.71049E-01 -3.75898E-01 -3.80575E-01
  -3.85076E-01 -3.89398E-01 -3.93538E-01 -3.97492E-01 -4.01260E-01 -4.04838E-01
  -4.08227E-01 -4.11423E-01 -4.14428E-01 -4.17242E-01 -4.19868E-01 -4.22307E-01
  -4.24561E-01 -4.26634E-01 -4.28528E-01 -4.30249E-01 -4.31799E-01 -4.33181E-01
  -4.34398E-01 -4.35453E-01 -4.36348E-01 -4.37091E-01 -4.37687E-01 -4.38142E-01
  -4.38464E-01 -4.38659E-01 -4.38730E-01 -4.38683E-01 -4.38525E-01 -4.38259E-01
  -4.37890E-01 -4.37425E-01 -4.36867E-01 -4.36222E-01 -4.35495E-01 -4.34689E-01
  -4.33809E-01 -4.32860E-01 -4.31846E-01 -4.30769E-01 -4.29634E-01 -4.28446E-01
  -4.27206E-01 -4.25918E-01 -4.24585E-01 -4.23210E-01 -4.21796E-01 -4.20346E-01
  -4.18862E-01 -4.17347E-01 -4.15805E-01 -4.14237E-01 -4.12647E-01 -4.11037E-01
  -2.13951E-02 -3.43125E-02 -4.61020E-02 -5.62072E-02 -6.43653E-02 -7.03849E-02
  -7.40743E-02 -7.53111E-02 -7.45248E-02 -7.24090E-02 -6.96589E-02 -6.69479E-02
  -6.45343E-02 -6.23050E-02 -6.01338E-02 -5.78955E-02 -5.55209E-02 -5.30339E-02
  -5.04670E-02 -4.78529E-02 -4.52158E-02 -4.25533E-02 -3.98575E-02 -3.71208E-02
  -3.43364E-02 -3.15048E-02 -2.86291E-02 -2.57123E-02 -2.27574E-02 -1.97660E-02
  -1.67383E-02 -1.36746E-02 -1.05751E-02 -7.44045E-03 -4.27149E-03 -1.06917E-03
   2.16558E-03  5.43156E-03  8.72680E-03  1.20492E-02  1.53967E-02  1.87671E-02
   2.21584E-02  2.55685E-02  2.89953E-02  3.24367E-02  3.58905E-02  3.93542E-02
   4.28253E-02  4.63016E-02  4.97805E-02  5.32594E-02  5.67357E-02  6.02066E-02
   6.36696E-02  6.71219E-02  7.05604E-02  7.39825E-02  7.73852E-02  8.07654E-02
   8.41201E-02  8.74463E-02  9.07409E-02  9.40008E-02  9.72227E-02  1.00403E-01
   1.03540E-01  1.06628E-01  1.09666E-01  1.12650E-01  1.15575E-01  1.18440E-01
   1.21241E-01  1.23974E-01  1.26636E-01  1.29223E-01  1.31733E-01  1.34162E-01
   1.36506E-01  1.38763E-01  1.40929E-01  1.43001E-01  1.44975E-01  1.46849E-01
   1.48619E-01  1.50283E-01  1.51836E-01  1.53277E-01  1.54603E-01  1.55810E-01
   1.56896E-01  1.57858E-01  1.58693E-01  1.59400E-01  1.59975E-01  1.60416E-01
   1.60722E-01  1.60889E-01  1.60916E-01  1.60802E-01  1.60543E-01  1.60139E-01
   1.59589E-01  1.58889E-01  1.58041E-01  1.57041E-01  1.55890E-01  1.54586E-01
   1.53128E-01  1.51516E-01  1.49750E-01  1.47830E-01  1.45754E-01  1.43524E-01
   1.41138E-01  1.38599E-01  1.35905E-01  1.33058E-01  1.30058E-01  1.26907E-01
   1.23605E-01  1.20155E-01  1.16556E-01  1.12811E-01  1.08921E-01  1.04889E-01
   1.00716E-01  9.64040E-02  9.19565E-02  8.73754E-02  8.26634E-02  7.78231E-02
   7.28579E-02  6.77707E-02  6.25646E-02  5.72431E-02  5.18101E-02  4.62691E-02
   4.06238E-02  3.48783E-02  2.90369E-02  2.31041E-02  1.70839E-02  1.09810E-02
   4.80013E-03 -1.45396E-03 -7.77686E-03 -1.41640E-02 -2.06134E-02 -2.71234E-02
  -3.36926E-02 -4.03191E-02 -4.70004E-02 -5.37338E-02 -6.05167E-02 -6.73465E-02
  -7.42201E-02 -8.11346E-02 -8.80877E-02 -9.50763E-02 -1.02098E-01 -1.09148E-01
  -1.16225E-01 -1.23326E-01 -1.30446E-01 -1.37582E-01 -1.44731E-01 -1.51889E-01
  -1.59052E-01 -1.66217E-01 -1.73380E-01 -1.80535E-01 -1.87680E-01 -1.94810E-01
  -2.01920E-01 -2.09006E-01 -2.16062E-01 -2.23085E-01 -2.30069E-01 -2.37009E-01
  -2.43900E-01 -2.50738E-01 -2.57515E-01 -2.64227E-01 -2.70868E-01 -2.77433E-01
  -2.83917E-01 -2.90313E-01 -2.96615E-01 -3.02818E-01 -3.08917E-01 -3.14906E-01
  -3.20778E-01 -3.26529E-01 -3.32154E-01 -3.37647E-01 -3.43003E-01 -3.48217E-01
  -3.53285E-01 -3.58203E-01 -3.62965E-01 -3.67570E-01 -3.72012E-01 -3.76289E-01
  -3.80399E-01 -3.84340E-01 -3.88108E-01 -3.91703E-01 -3.95124E-01 -3.98370E-01
  -4.01440E-01 -4.04336E-01 -4.07058E-01 -4.09606E-01 -4.11983E-01 -4.14190E-01
  -4.16229E-01 -4.18103E-01 -4.19815E-01 -4.21368E-01 -4.22765E-01 -4.24009E-01
  -4.25106E-01 -4.26059E-01 -4.26872E-01 -4.27549E-01 -4.28095E-01 -4.28515E-01
  -4.28813E-01 -4.28994E-01 -4.29061E-01 -4.29021E-01 -4.28877E-01 -4.28634E-01
  -4.28297E-01 -4.27869E-01 -4.27356E-01 -4.26761E-01 -4.26088E-01 -4.25341E-01
  -4.24524E-01 -4.23642E-01 -4.22696E-01 -4.21692E-01 -4.20632E-01 -4.19519E-01
  -4.18357E-01 -4.17148E-01 -4.15894E-01 -4.14598E-01 -4.13265E-01 -4.11896E-01
  -4.10496E-01 -4.09068E-01 -4.07615E-01 -4.06140E-01 -4.04647E-01 -2.16169E-02
  -3.45537E-02 -4.63613E-02 -5.64833E-02 -6.46594E-02 -7.07010E-02 -7.44195E-02
  -7.56950E-02 -7.49551E-02 -7.28897E-02 -7.01902E-02 -6.75262E-02 -6.51561E-02
  -6.29696E-02 -6.08437E-02 -5.86563E-02 -5.63397E-02 -5.39163E-02 -5.14173E-02
  -4.88737E-02 -4.63087E-02 -4.37200E-02 -4.11005E-02 -3.84430E-02 -3.57414E-02
  -3.29961E-02 -3.02101E-02 -2.73864E-02 -2.45279E-02 -2.16361E-02 -1.87113E-02
  -1.57540E-02 -1.27645E-02 -9.74344E-03 -6.69162E-03 -3.60989E-03 -4.99107E-04
   2.63965E-03  5.80458E-03  8.99377E-03  1.22053E-02  1.54372E-02  1.86875E-02
   2.19542E-02  2.52350E-02  2.85279E-02  3.18307E-02  3.51411E-02  3.84567E-02
   4.17754E-02  4.50946E-02  4.84119E-02  5.17246E-02  5.50304E-02  5.83264E-02
   6.16102E-02  6.48789E-02  6.81298E-02  7.13601E-02  7.45669E-02  7.77473E-02
   8.08983E-02  8.40171E-02  8.71007E-02  9.01459E-02  9.31497E-02  9.61090E-02
   9.90209E-02  1.01882E-01  1.04689E-01  1.07439E-01  1.10129E-01  1.12756E-01
   1.15316E-01  1.17806E-01  1.20224E-01  1.22565E-01  1.24827E-01  1.27007E-01
   1.29101E-01  1.31107E-01  1.33021E-01  1.34840E-01  1.36562E-01  1.38183E-01
   1.39701E-01  1.41113E-01  1.42415E-01  1.43605E-01  1.44681E-01  1.45641E-01
   1.46480E-01  1.47197E-01  1.47791E-01  1.48257E-01  1.48595E-01  1.48802E-01
   1.48876E-01  1.48815E-01  1.48618E-01  1.48283E-01  1.47808E-01  1.47193E-01
   1.46435E-01  1.45533E-01  1.44487E-01  1.43295E-01  1.41958E-01  1.40473E-01
   1.38841E-01  1.37061E-01  1.35133E-01  1.33057E-01  1.30833E-01  1.28461E-01
   1.25942E-01  1.23276E-01  1.20464E-01  1.17506E-01  1.14404E-01  1.11158E-01
   1.07771E-01  1.04242E-01  1.00574E-01  9.67693E-02  9.28286E-02  8.87542E-02
   8.45484E-02  8.02135E-02  7.57519E-02  7.11661E-02  6.64589E-02  6.16333E-02
   5.66926E-02  5.16396E-02  4.64781E-02  4.12121E-02  3.58456E-02  3.03823E-02
   2.48263E-02  1.91812E-02  1.34509E-02  7.63894E-03  1.74934E-03 -4.21370E-03
  -1.02458E-02 -1.63431E-02 -2.25015E-02 -2.87194E-02 -3.49954E-02 -4.13283E-02
  -4.77166E-02 -5.41577E-02 -6.06484E-02 -6.71858E-02 -7.37671E-02 -8.03890E-02
  -8.70486E-02 -9.37434E-02 -1.00470E-01 -1.07227E-01 -1.14009E-01 -1.20814E-01
  -1.27639E-01 -1.34480E-01 -1.41334E-01 -1.48197E-01 -1.55065E-01 -1.61935E-01
  -1.68803E-01 -1.75664E-01 -1.82515E-01 -1.89352E-01 -1.96170E-01 -2.02965E-01
  -2.09733E-01 -2.16468E-01 -2.23167E-01 -2.29824E-01 -2.36435E-01 -2.42995E-01
  -2.49499E-01 -2.55941E-01 -2.62317E-01 -2.68622E-01 -2.74851E-01 -2.80999E-01
  -2.87060E-01 -2.93028E-01 -2.98901E-01 -3.04671E-01 -3.10336E-01 -3.15891E-01
  -3.21332E-01 -3.26655E-01 -3.31854E-01 -3.36926E-01 -3.41864E-01 -3.46666E-01
  -3.51326E-01 -3.55842E-01 -3.60209E-01 -3.64424E-01 -3.68485E-01 -3.72389E-01
  -3.76136E-01 -3.79722E-01 -3.83148E-01 -3.86413E-01 -3.89517E-01 -3.92460E-01
  -3.95242E-01 -3.97864E-01 -4.00327E-01 -4.02631E-01 -4.04779E-01 -4.06771E-01
  -4.08610E-01 -4.10299E-01 -4.11839E-01 -4.13234E-01 -4.14489E-01 -4.15607E-01
  -4.16593E-01 -4.17450E-01 -4.18180E-01 -4.18788E-01 -4.19277E-01 -4.19649E-01
  -4.19910E-01 -4.20064E-01 -4.20114E-01 -4.20064E-01 -4.19919E-01 -4.19683E-01
  -4.19359E-01 -4.18951E-01 -4.18463E-01 -4.17899E-01 -4.17261E-01 -4.16555E-01
  -4.15782E-01 -4.14947E-01 -4.14052E-01 -4.13102E-01 -4.12098E-01 -4.11043E-01
  -4.09940E-01 -4.08791E-01 -4.07599E-01 -4.06368E-01 -4.05101E-01 -4.03800E-01
  -4.02470E-01 -4.01114E-01 -3.99734E-01 -3.98335E-01 -2.18025E-02 -3.47597E-02
  -4.65894E-02 -5.67353E-02 -6.49368E-02 -7.10050E-02 -7.47509E-02 -7.60545E-02
  -7.53437E-02 -7.33091E-02 -7.06429E-02 -6.80154E-02 -6.56854E-02 -6.35429E-02
  -6.14652E-02 -5.93305E-02 -5.70708E-02 -5.47083E-02 -5.22733E-02 -4.97963E-02
  -4.73000E-02 -4.47825E-02 -4.22368E-02 -3.96563E-02 -3.70350E-02 -3.43733E-02
  -3.16744E-02 -2.89410E-02 -2.61762E-02 -2.33813E-02 -2.05568E-02 -1.77032E-02
  -1.48208E-02 -1.19103E-02 -8.97252E-03 -6.00834E-03 -3.01865E-03 -4.49093E-06
   3.03258E-03  6.09094E-03  9.16890E-03  1.22648E-02  1.53767E-02  1.85023E-02
   2.16398E-02  2.47868E-02  2.79413E-02  3.11011E-02  3.42640E-02  3.74277E-02
   4.05900E-02  4.37485E-02  4.69006E-02  5.00440E-02  5.31761E-02  5.62944E-02
   5.93962E-02  6.24789E-02  6.55399E-02  6.85763E-02  7.15854E-02  7.45645E-02
   7.75107E-02  8.04211E-02  8.32928E-02  8.61230E-02  8.89086E-02  9.16468E-02
   9.43345E-02  9.69688E-02  9.95467E-02  1.02065E-01  1.04521E-01  1.06911E-01
   1.09233E-01  1.11484E-01  1.13660E-01  1.15759E-01  1.17777E-01  1.19712E-01
   1.21560E-01  1.23320E-01  1.24987E-01  1.26560E-01  1.28035E-01  1.29410E-01
   1.30682E-01  1.31848E-01  1.32906E-01  1.33854E-01  1.34689E-01  1.35408E-01
   1.36010E-01  1.36492E-01  1.36852E-01  1.37088E-01  1.37198E-01  1.37181E-01
   1.37034E-01  1.36756E-01  1.36346E-01  1.35801E-01  1.35122E-01  1.34306E-01
   1.33352E-01  1.32260E-01  1.31029E-01  1.29658E-01  1.28146E-01  1.26494E-01
   1.24700E-01  1.22765E-01  1.20688E-01  1.18470E-01  1.16111E-01  1.13612E-01
   1.10972E-01  1.08193E-01  1.05275E-01  1.02220E-01  9.90286E-02  9.57017E-02
   9.22410E-02  8.86481E-02  8.49247E-02  8.10725E-02  7.70935E-02  7.29898E-02
   6.87637E-02  6.44175E-02  5.99537E-02  5.53750E-02  5.06845E-02  4.58851E-02
   4.09799E-02  3.59727E-02  3.08677E-02  2.56694E-02  2.03817E-02  1.50084E-02
   9.55244E-03  4.01686E-03 -1.59547E-03 -7.28127E-03 -1.30370E-02 -1.88590E-02
  -2.47440E-02 -3.06884E-02 -3.66904E-02 -4.27486E-02 -4.88615E-02 -5.50272E-02
  -6.12432E-02 -6.75063E-02 -7.38137E-02 -8.01623E-02 -8.65489E-02 -9.29704E-02
  -9.94242E-02 -1.05907E-01 -1.12416E-01 -1.18949E-01 -1.25500E-01 -1.32069E-01
  -1.38651E-01 -1.45242E-01 -1.51840E-01 -1.58439E-01 -1.65037E-01 -1.71629E-01
  -1.78211E-01 -1.84780E-01 -1.91332E-01 -1.97862E-01 -2.04366E-01 -2.10840E-01
  -2.17279E-01 -2.23679E-01 -2.30035E-01 -2.36342E-01 -2.42597E-01 -2.48793E-01
  -2.54927E-01 -2.60994E-01 -2.66989E-01 -2.72908E-01 -2.78745E-01 -2.84498E-01
  -2.90159E-01 -2.95726E-01 -3.01193E-01 -3.06559E-01 -3.11818E-01 -3.16967E-01
  -3.22003E-01 -3.26923E-01 -3.31720E-01 -3.36393E-01 -3.40936E-01 -3.45346E-01
  -3.49621E-01 -3.53757E-01 -3.57750E-01 -3.61599E-01 -3.65303E-01 -3.68860E-01
  -3.72268E-01 -3.75527E-01 -3.78638E-01 -3.81599E-01 -3.84412E-01 -3.87076E-01
  -3.89592E-01 -3.91961E-01 -3.94184E-01 -3.96261E-01 -3.98195E-01 -3.99987E-01
  -4.01639E-01 -4.03153E-01 -4.04533E-01 -4.05782E-01 -4.06904E-01 -4.07902E-01
  -4.08780E-01 -4.09539E-01 -4.10183E-01 -4.10714E-01 -4.11136E-01 -4.11452E-01
  -4.11665E-01 -4.11780E-01 -4.11800E-01 -4.11728E-01 -4.11568E-01 -4.11324E-01
  -4.10998E-01 -4.10594E-01 -4.10116E-01 -4.09566E-01 -4.08948E-01 -4.08265E-01
  -4.07521E-01 -4.06717E-01 -4.05857E-01 -4.04944E-01 -4.03980E-01 -4.02967E-01
  -4.01909E-01 -4.00806E-01 -3.99664E-01 -3.98483E-01 -3.97268E-01 -3.96021E-01
  -3.94745E-01 -3.93443E-01 -3.92118E-01 -2.19476E-02 -3.49258E-02 -4.67807E-02
  -5.69562E-02 -6.51893E-02 -7.12882E-02 -7.50610E-02 -7.63852E-02 -7.56907E-02
  -7.36719E-02 -7.10248E-02 -6.84236E-02 -6.61280E-02 -6.40270E-02 -6.19962E-02
  -5.99124E-02 -5.77069E-02 -5.54016E-02 -5.30266E-02 -5.06124E-02 -4.81816E-02
  -4.57324E-02 -4.32580E-02 -4.07519E-02 -3.82083E-02 -3.56276E-02 -3.30130E-02
  -3.03673E-02 -2.76934E-02 -2.49929E-02 -2.22661E-02 -1.95134E-02 -1.67354E-02
  -1.39326E-02 -1.11059E-02 -8.25641E-03 -5.38499E-03 -2.49270E-03  4.19157E-04
   3.34924E-03  6.29616E-03  9.25852E-03  1.22344E-02  1.52216E-02  1.82182E-02
   2.12220E-02  2.42308E-02  2.72427E-02  3.02554E-02  3.32670E-02  3.62752E-02
   3.92777E-02  4.22720E-02  4.52559E-02  4.82269E-02  5.11827E-02  5.41206E-02
   5.70381E-02  5.99328E-02  6.28020E-02  6.56430E-02  6.84532E-02  7.12298E-02
   7.39703E-02  7.66718E-02  7.93315E-02  8.19466E-02  8.45144E-02  8.70320E-02
   8.94966E-02  9.19054E-02  9.42554E-02  9.65439E-02  9.87680E-02  1.00925E-01
   1.03012E-01  1.05026E-01  1.06964E-01  1.08824E-01  1.10602E-01  1.12297E-01
   1.13904E-01  1.15423E-01  1.16849E-01  1.18181E-01  1.19416E-01  1.20551E-01
   1.21584E-01  1.22513E-01  1.23334E-01  1.24047E-01  1.24649E-01  1.25137E-01
   1.25510E-01  1.25766E-01  1.25902E-01  1.25918E-01  1.25810E-01  1.25579E-01
   1.25222E-01  1.24738E-01  1.24125E-01  1.23383E-01  1.22510E-01  1.21505E-01
   1.20368E-01  1.19098E-01  1.17694E-01  1.16155E-01  1.14482E-01  1.12674E-01
   1.10732E-01  1.08654E-01  1.06441E-01  1.04094E-01  1.01613E-01  9.89990E-02
   9.62517E-02  9.33726E-02  9.03626E-02  8.72229E-02  8.39547E-02  8.05592E-02
   7.70383E-02  7.33934E-02  6.96264E-02  6.57392E-02  6.17338E-02  5.76127E-02
   5.33780E-02  4.90323E-02  4.45780E-02  4.00182E-02  3.53557E-02  3.05933E-02
   2.57350E-02  2.07852E-02  1.57485E-02  1.06290E-02  5.43019E-03  1.54211E-04
  -5.19654E-03 -1.06200E-02 -1.61135E-02 -2.16743E-02 -2.72993E-02 -3.29860E-02
  -3.87312E-02 -4.45328E-02 -5.03889E-02 -5.62974E-02 -6.22563E-02 -6.82628E-02
  -7.43140E-02 -8.04071E-02 -8.65392E-02 -9.27072E-02 -9.89077E-02 -1.05138E-01
  -1.11395E-01 -1.17676E-01 -1.23977E-01 -1.30295E-01 -1.36626E-01 -1.42969E-01
  -1.49318E-01 -1.55670E-01 -1.62021E-01 -1.68367E-01 -1.74705E-01 -1.81030E-01
  -1.87339E-01 -1.93628E-01 -1.99892E-01 -2.06128E-01 -2.12331E-01 -2.18496E-01
  -2.24621E-01 -2.30699E-01 -2.36726E-01 -2.42698E-01 -2.48612E-01 -2.54461E-01
  -2.60243E-01 -2.65952E-01 -2.71584E-01 -2.77136E-01 -2.82603E-01 -2.87981E-01
  -2.93265E-01 -2.98452E-01 -3.03539E-01 -3.08523E-01 -3.13399E-01 -3.18166E-01
  -3.22819E-01 -3.27356E-01 -3.31773E-01 -3.36067E-01 -3.40236E-01 -3.44277E-01
  -3.48187E-01 -3.51964E-01 -3.55606E-01 -3.59113E-01 -3.62483E-01 -3.65714E-01
  -3.68808E-01 -3.71763E-01 -3.74580E-01 -3.77258E-01 -3.79798E-01 -3.82202E-01
  -3.84468E-01 -3.86599E-01 -3.88595E-01 -3.90459E-01 -3.92191E-01 -3.93793E-01
  -3.95267E-01 -3.96616E-01 -3.97843E-01 -3.98951E-01 -3.99942E-01 -4.00819E-01
  -4.01585E-01 -4.02242E-01 -4.02793E-01 -4.03240E-01 -4.03588E-01 -4.03839E-01
  -4.03996E-01 -4.04062E-01 -4.04041E-01 -4.03935E-01 -4.03748E-01 -4.03483E-01
  -4.03143E-01 -4.02730E-01 -4.02248E-01 -4.01700E-01 -4.01088E-01 -4.00416E-01
  -3.99685E-01 -3.98899E-01 -3.98060E-01 -3.97171E-01 -3.96234E-01 -3.95251E-01
  -3.94224E-01 -3.93156E-01 -3.92050E-01 -3.90906E-01 -3.89729E-01 -3.88520E-01
  -3.87281E-01 -3.86015E-01 -2.20478E-02 -3.50471E-02 -4.69293E-02 -5.71387E-02
  -6.54085E-02 -7.15419E-02 -7.53423E-02 -7.66830E-02 -7.59964E-02 -7.39827E-02
  -7.13436E-02 -6.87589E-02 -6.64900E-02 -6.44238E-02 -6.24345E-02 -6.03968E-02
  -5.82407E-02 -5.59880E-02 -5.36690E-02 -5.13138E-02 -4.89452E-02 -4.65613E-02
  -4.41556E-02 -4.17212E-02 -3.92526E-02 -3.67503E-02 -3.42172E-02 -3.16565E-02
  -2.90710E-02 -2.64621E-02 -2.38304E-02 -2.11761E-02 -1.84998E-02 -1.58020E-02
  -1.30837E-02 -1.03461E-02 -7.59011E-03 -4.81687E-03 -2.02744E-03  7.77113E-04
   3.59565E-03  6.42700E-03  9.26932E-03  1.21206E-02  1.49787E-02  1.78417E-02
   2.07075E-02  2.35741E-02  2.64395E-02  2.93016E-02  3.21584E-02  3.50077E-02
   3.78470E-02  4.06743E-02  4.34872E-02  4.62833E-02  4.90602E-02  5.18157E-02
   5.45471E-02  5.72521E-02  5.99280E-02  6.25724E-02  6.51827E-02  6.77564E-02
   7.02907E-02  7.27832E-02  7.52310E-02  7.76316E-02  7.99824E-02  8.22805E-02
   8.45234E-02  8.67083E-02  8.88326E-02  9.08935E-02  9.28885E-02  9.48147E-02
   9.66697E-02  9.84507E-02  1.00155E-01  1.01780E-01  1.03324E-01  1.04783E-01
   1.06155E-01  1.07438E-01  1.08630E-01  1.09727E-01  1.10728E-01  1.11631E-01
   1.12432E-01  1.13131E-01  1.13724E-01  1.14210E-01  1.14587E-01  1.14853E-01
   1.15007E-01  1.15045E-01  1.14968E-01  1.14773E-01  1.14458E-01  1.14023E-01
   1.13466E-01  1.12787E-01  1.11983E-01  1.11054E-01  1.09999E-01  1.08818E-01
   1.07509E-01  1.06072E-01  1.04507E-01  1.02814E-01  1.00992E-01  9.90413E-02
   9.69620E-02  9.47542E-02  9.24182E-02  8.99547E-02  8.73642E-02  8.46473E-02
   8.18050E-02  7.88382E-02  7.57481E-02  7.25359E-02  6.92030E-02  6.57509E-02
   6.21814E-02  5.84960E-02  5.46969E-02  5.07861E-02  4.67660E-02  4.26390E-02
   3.84075E-02  3.40740E-02  2.96411E-02  2.51113E-02  2.04874E-02  1.57730E-02
   1.09727E-02  6.09063E-03  1.13103E-03 -3.90312E-03 -9.01009E-03 -1.41881E-02
  -1.94355E-02 -2.47503E-02 -3.01303E-02 -3.55728E-02 -4.10759E-02 -4.66368E-02
  -5.22530E-02 -5.79221E-02 -6.36419E-02 -6.94095E-02 -7.52225E-02 -8.10779E-02
  -8.69731E-02 -9.29054E-02 -9.88716E-02 -1.04868E-01 -1.10893E-01 -1.16943E-01
  -1.23013E-01 -1.29102E-01 -1.35206E-01 -1.41321E-01 -1.47443E-01 -1.53569E-01
  -1.59696E-01 -1.65819E-01 -1.71935E-01 -1.78040E-01 -1.84130E-01 -1.90200E-01
  -1.96248E-01 -2.02268E-01 -2.08256E-01 -2.14209E-01 -2.20122E-01 -2.25991E-01
  -2.31812E-01 -2.37581E-01 -2.43293E-01 -2.48945E-01 -2.54532E-01 -2.60049E-01
  -2.65494E-01 -2.70862E-01 -2.76149E-01 -2.81352E-01 -2.86467E-01 -2.91489E-01
  -2.96416E-01 -3.01245E-01 -3.05972E-01 -3.10593E-01 -3.15107E-01 -3.19510E-01
  -3.23800E-01 -3.27975E-01 -3.32031E-01 -3.35967E-01 -3.39782E-01 -3.43473E-01
  -3.47039E-01 -3.50478E-01 -3.53791E-01 -3.56975E-01 -3.60031E-01 -3.62957E-01
  -3.65754E-01 -3.68422E-01 -3.70961E-01 -3.73371E-01 -3.75653E-01 -3.77808E-01
  -3.79837E-01 -3.81740E-01 -3.83520E-01 -3.85178E-01 -3.86715E-01 -3.88134E-01
  -3.89436E-01 -3.90624E-01 -3.91699E-01 -3.92665E-01 -3.93523E-01 -3.94276E-01
  -3.94926E-01 -3.95477E-01 -3.95930E-01 -3.96289E-01 -3.96556E-01 -3.96735E-01
  -3.96828E-01 -3.96837E-01 -3.96766E-01 -3.96617E-01 -3.96393E-01 -3.96097E-01
  -3.95732E-01 -3.95300E-01 -3.94803E-01 -3.94246E-01 -3.93629E-01 -3.92955E-01
  -3.92227E-01 -3.91447E-01 -3.90618E-01 -3.89742E-01 -3.88820E-01 -3.87856E-01
  -3.86850E-01 -3.85805E-01 -3.84722E-01 -3.83603E-01 -3.82450E-01 -3.81264E-01
  -3.80047E-01 -2.20978E-02 -3.51171E-02 -4.70271E-02 -5.72723E-02 -6.55814E-02
  -7.17516E-02 -7.55803E-02 -7.69359E-02 -7.62533E-02 -7.42388E-02 -7.16004E-02
  -6.90237E-02 -6.67721E-02 -6.47318E-02 -6.27753E-02 -6.07761E-02 -5.86634E-02
  -5.64585E-02 -5.41913E-02 -5.18917E-02 -4.95820E-02 -4.72605E-02 -4.49204E-02
  -4.25551E-02 -4.01588E-02 -3.77321E-02 -3.52780E-02 -3.27996E-02 -3.02998E-02
  -2.77801E-02 -2.52408E-02 -2.26824E-02 -2.01052E-02 -1.75099E-02 -1.48975E-02
  -1.22692E-02 -9.62595E-03 -6.96892E-03 -4.29902E-03 -1.61714E-03  1.07574E-03
   3.77863E-03  6.48982E-03  9.20740E-03  1.19295E-02  1.46541E-02  1.73794E-02
   2.01034E-02  2.28241E-02  2.55395E-02  2.82477E-02  3.09464E-02  3.36336E-02
   3.63071E-02  3.89646E-02  4.16040E-02  4.42230E-02  4.68192E-02  4.93904E-02
   5.19342E-02  5.44482E-02  5.69299E-02  5.93769E-02  6.17869E-02  6.41573E-02
   6.64856E-02  6.87693E-02  7.10060E-02  7.31930E-02  7.53279E-02  7.74081E-02
   7.94310E-02  8.13943E-02  8.32952E-02  8.51314E-02  8.69003E-02  8.85993E-02
   9.02262E-02  9.17783E-02  9.32533E-02  9.46486E-02  9.59621E-02  9.71914E-02
   9.83340E-02  9.93879E-02  1.00351E-01  1.01220E-01  1.01995E-01  1.02672E-01
   1.03249E-01  1.03725E-01  1.04098E-01  1.04366E-01  1.04528E-01  1.04581E-01
   1.04524E-01  1.04355E-01  1.04073E-01  1.03678E-01  1.03166E-01  1.02538E-01
   1.01792E-01  1.00928E-01  9.99442E-02  9.88400E-02  9.76147E-02  9.62680E-02
   9.47993E-02  9.32083E-02  9.14947E-02  8.96584E-02  8.76996E-02  8.56183E-02
   8.34146E-02  8.10889E-02  7.86419E-02  7.60741E-02  7.33860E-02  7.05786E-02
   6.76530E-02  6.46103E-02  6.14516E-02  5.81784E-02  5.47922E-02  5.12946E-02
   4.76875E-02  4.39726E-02  4.01524E-02  3.62295E-02  3.22063E-02  2.80854E-02
   2.38690E-02  1.95592E-02  1.51583E-02  1.06685E-02  6.09323E-03  1.43621E-03
  -3.29860E-03 -8.10759E-03 -1.29881E-02 -1.79386E-02 -2.29575E-02 -2.80435E-02
  -3.31948E-02 -3.84093E-02 -4.36848E-02 -4.90196E-02 -5.44111E-02 -5.98566E-02
  -6.53537E-02 -7.08996E-02 -7.64918E-02 -8.21274E-02 -8.78036E-02 -9.35178E-02
  -9.92672E-02 -1.05049E-01 -1.10859E-01 -1.16696E-01 -1.22557E-01 -1.28437E-01
  -1.34334E-01 -1.40243E-01 -1.46161E-01 -1.52083E-01 -1.58007E-01 -1.63929E-01
  -1.69845E-01 -1.75751E-01 -1.81644E-01 -1.87519E-01 -1.93373E-01 -1.99199E-01
  -2.04996E-01 -2.10757E-01 -2.16481E-01 -2.22161E-01 -2.27796E-01 -2.33379E-01
  -2.38909E-01 -2.44381E-01 -2.49791E-01 -2.55135E-01 -2.60408E-01 -2.65608E-01
  -2.70731E-01 -2.75772E-01 -2.80730E-01 -2.85599E-01 -2.90378E-01 -2.95063E-01
  -2.99650E-01 -3.04138E-01 -3.08521E-01 -3.12799E-01 -3.16967E-01 -3.21025E-01
  -3.24969E-01 -3.28799E-01 -3.32512E-01 -3.36108E-01 -3.39586E-01 -3.42946E-01
  -3.46186E-01 -3.49306E-01 -3.52306E-01 -3.55184E-01 -3.57940E-01 -3.60575E-01
  -3.63089E-01 -3.65481E-01 -3.67753E-01 -3.69905E-01 -3.71938E-01 -3.73854E-01
  -3.75652E-01 -3.77336E-01 -3.78905E-01 -3.80363E-01 -3.81710E-01 -3.82948E-01
  -3.84079E-01 -3.85105E-01 -3.86028E-01 -3.86849E-01 -3.87572E-01 -3.88198E-01
  -3.88731E-01 -3.89172E-01 -3.89525E-01 -3.89791E-01 -3.89974E-01 -3.90074E-01
  -3.90097E-01 -3.90042E-01 -3.89914E-01 -3.89715E-01 -3.89446E-01 -3.89111E-01
  -3.88712E-01 -3.88252E-01 -3.87732E-01 -3.87155E-01 -3.86523E-01 -3.85839E-01
  -3.85104E-01 -3.84321E-01 -3.83492E-01 -3.82619E-01 -3.81705E-01 -3.80749E-01
  -3.79754E-01 -3.78721E-01 -3.77650E-01 -3.76544E-01 -3.75403E-01 -3.74230E-01
  -2.20880E-02 -3.51231E-02 -4.70562E-02 -5.73323E-02 -6.56758E-02 -7.18786E-02
  -7.57328E-02 -7.71021E-02 -7.64234E-02 -7.44080E-02 -7.17687E-02 -6.91961E-02
  -6.69558E-02 -6.49339E-02 -6.30026E-02 -6.10354E-02 -5.89610E-02 -5.67999E-02
  -5.45813E-02 -5.23344E-02 -5.00809E-02 -4.78189E-02 -4.55417E-02 -4.32426E-02
  -4.09160E-02 -3.85624E-02 -3.61849E-02 -3.37865E-02 -3.13701E-02 -2.89371E-02
  -2.64880E-02 -2.40231E-02 -2.15428E-02 -1.90477E-02 -1.65388E-02 -1.40174E-02
  -1.14845E-02 -8.94105E-03 -6.38800E-03 -3.82612E-03 -1.25630E-03  1.32057E-03
   3.90296E-03  6.48916E-03  9.07747E-03  1.16662E-02  1.42534E-02  1.68372E-02
   1.94157E-02  2.19871E-02  2.45492E-02  2.71001E-02  2.96378E-02  3.21602E-02
   3.46652E-02  3.71507E-02  3.96145E-02  4.20545E-02  4.44684E-02  4.68539E-02
   4.92088E-02  5.15308E-02  5.38177E-02  5.60670E-02  5.82765E-02  6.04438E-02
   6.25665E-02  6.46422E-02  6.66686E-02  6.86433E-02  7.05639E-02  7.24281E-02
   7.42333E-02  7.59774E-02  7.76578E-02  7.92724E-02  8.08186E-02  8.22943E-02
   8.36971E-02  8.50248E-02  8.62750E-02  8.74456E-02  8.85345E-02  8.95395E-02
   9.04584E-02  9.12893E-02  9.20301E-02  9.26789E-02  9.32337E-02  9.36927E-02
   9.40542E-02  9.43164E-02  9.44775E-02  9.45360E-02  9.44905E-02  9.43395E-02
   9.40815E-02  9.37152E-02  9.32395E-02  9.26533E-02  9.19554E-02  9.11450E-02
   9.02211E-02  8.91831E-02  8.80303E-02  8.67620E-02  8.53778E-02  8.38774E-02
   8.22604E-02  8.05266E-02  7.86760E-02  7.67088E-02  7.46250E-02  7.24248E-02
   7.01087E-02  6.76772E-02  6.51308E-02  6.24702E-02  5.96963E-02  5.68101E-02
   5.38129E-02  5.07056E-02  4.74898E-02  4.41669E-02  4.07386E-02  3.72064E-02
   3.35725E-02  2.98393E-02  2.60096E-02  2.20862E-02  1.80716E-02  1.39676E-02
   9.77604E-03  5.49867E-03  1.13719E-03 -3.30566E-03 -7.82678E-03 -1.24230E-02
  -1.70915E-02 -2.18298E-02 -2.66364E-02 -3.15099E-02 -3.64487E-02 -4.14511E-02
  -4.65152E-02 -5.16388E-02 -5.68202E-02 -6.20569E-02 -6.73464E-02 -7.26861E-02
  -7.80735E-02 -8.35058E-02 -8.89802E-02 -9.44939E-02 -1.00044E-01 -1.05628E-01
  -1.11243E-01 -1.16885E-01 -1.22553E-01 -1.28243E-01 -1.33952E-01 -1.39676E-01
  -1.45410E-01 -1.51151E-01 -1.56894E-01 -1.62636E-01 -1.68374E-01 -1.74104E-01
  -1.79822E-01 -1.85525E-01 -1.91208E-01 -1.96866E-01 -2.02494E-01 -2.08089E-01
  -2.13647E-01 -2.19163E-01 -2.24633E-01 -2.30055E-01 -2.35423E-01 -2.40736E-01
  -2.45988E-01 -2.51176E-01 -2.56297E-01 -2.61347E-01 -2.66320E-01 -2.71215E-01
  -2.76028E-01 -2.80756E-01 -2.85396E-01 -2.89945E-01 -2.94401E-01 -2.98760E-01
  -3.03020E-01 -3.07177E-01 -3.11228E-01 -3.15173E-01 -3.19008E-01 -3.22731E-01
  -3.26342E-01 -3.29839E-01 -3.33222E-01 -3.36492E-01 -3.39648E-01 -3.42690E-01
  -3.45618E-01 -3.48431E-01 -3.51128E-01 -3.53711E-01 -3.56178E-01 -3.58531E-01
  -3.60770E-01 -3.62895E-01 -3.64908E-01 -3.66810E-01 -3.68601E-01 -3.70283E-01
  -3.71857E-01 -3.73326E-01 -3.74689E-01 -3.75949E-01 -3.77108E-01 -3.78167E-01
  -3.79127E-01 -3.79991E-01 -3.80760E-01 -3.81436E-01 -3.82023E-01 -3.82522E-01
  -3.82935E-01 -3.83265E-01 -3.83514E-01 -3.83684E-01 -3.83777E-01 -3.83796E-01
  -3.83742E-01 -3.83619E-01 -3.83428E-01 -3.83171E-01 -3.82851E-01 -3.82471E-01
  -3.82031E-01 -3.81535E-01 -3.80984E-01 -3.80380E-01 -3.79726E-01 -3.79023E-01
  -3.78273E-01 -3.77479E-01 -3.76643E-01 -3.75765E-01 -3.74848E-01 -3.73892E-01
  -3.72899E-01 -3.71868E-01 -3.70802E-01 -3.69700E-01 -3.68565E-01 -2.20079E-02
  -3.50505E-02 -4.69961E-02 -5.72901E-02 -6.56545E-02 -7.18783E-02 -7.57505E-02
  -7.71323E-02 -7.64611E-02 -7.44505E-02 -7.18154E-02 -6.92486E-02 -6.70175E-02
  -6.50093E-02 -6.30979E-02 -6.11577E-02 -5.91180E-02 -5.69981E-02 -5.48261E-02
  -5.26298E-02 -5.04300E-02 -4.82249E-02 -4.60078E-02 -4.37723E-02 -4.15130E-02
  -3.92302E-02 -3.69271E-02 -3.46065E-02 -3.22714E-02 -2.99231E-02 -2.75621E-02
  -2.51887E-02 -2.28033E-02 -2.04064E-02 -1.79991E-02 -1.55825E-02 -1.31576E-02
  -1.07255E-02 -8.28687E-03 -5.84258E-03 -3.39343E-03 -9.40255E-04  1.51560E-03
   3.97266E-03  6.42943E-03  8.88440E-03  1.13358E-02  1.37819E-02  1.62207E-02
   1.86503E-02  2.10689E-02  2.34746E-02  2.58653E-02  2.82393E-02  3.05945E-02
   3.29288E-02  3.52402E-02  3.75267E-02  3.97861E-02  4.20162E-02  4.42150E-02
   4.63802E-02  4.85098E-02  5.06014E-02  5.26530E-02  5.46622E-02  5.66268E-02
   5.85446E-02  6.04135E-02  6.22310E-02  6.39950E-02  6.57033E-02  6.73536E-02
   6.89437E-02  7.04714E-02  7.19345E-02  7.33308E-02  7.46583E-02  7.59146E-02
   7.70978E-02  7.82056E-02  7.92362E-02  8.01875E-02  8.10574E-02  8.18441E-02
   8.25456E-02  8.31601E-02  8.36858E-02  8.41209E-02  8.44637E-02  8.47126E-02
   8.48661E-02  8.49224E-02  8.48803E-02  8.47383E-02  8.44951E-02  8.41494E-02
   8.37001E-02  8.31461E-02  8.24864E-02  8.17199E-02  8.08459E-02  7.98636E-02
   7.87725E-02  7.75718E-02  7.62610E-02  7.48398E-02  7.33080E-02  7.16651E-02
   6.99112E-02  6.80461E-02  6.60701E-02  6.39834E-02  6.17861E-02  5.94787E-02
   5.70618E-02  5.45360E-02  5.19017E-02  4.91601E-02  4.63121E-02  4.33588E-02
   4.03014E-02  3.71413E-02  3.38798E-02  3.05185E-02  2.70590E-02  2.35031E-02
   1.98537E-02  1.61134E-02  1.22852E-02  8.37174E-03  4.37438E-03  2.94488E-04
  -3.86657E-03 -8.10755E-03 -1.24264E-02 -1.68209E-02 -2.12885E-02 -2.58273E-02
  -3.04351E-02 -3.51103E-02 -3.98512E-02 -4.46562E-02 -4.95237E-02 -5.44514E-02
  -5.94373E-02 -6.44798E-02 -6.95762E-02 -7.47242E-02 -7.99213E-02 -8.51652E-02
  -9.04532E-02 -9.57826E-02 -1.01150E-01 -1.06554E-01 -1.11990E-01 -1.17456E-01
  -1.22949E-01 -1.28466E-01 -1.34004E-01 -1.39561E-01 -1.45130E-01 -1.50710E-01
  -1.56294E-01 -1.61879E-01 -1.67461E-01 -1.73037E-01 -1.78603E-01 -1.84156E-01
  -1.89692E-01 -1.95205E-01 -2.00690E-01 -2.06145E-01 -2.11563E-01 -2.16941E-01
  -2.22275E-01 -2.27561E-01 -2.32794E-01 -2.37973E-01 -2.43091E-01 -2.48147E-01
  -2.53136E-01 -2.58054E-01 -2.62898E-01 -2.67664E-01 -2.72348E-01 -2.76948E-01
  -2.81460E-01 -2.85883E-01 -2.90213E-01 -2.94449E-01 -2.98586E-01 -3.02624E-01
  -3.06559E-01 -3.10390E-01 -3.14114E-01 -3.17730E-01 -3.21237E-01 -3.24632E-01
  -3.27916E-01 -3.31089E-01 -3.34153E-01 -3.37106E-01 -3.39949E-01 -3.42682E-01
  -3.45305E-01 -3.47817E-01 -3.50220E-01 -3.52514E-01 -3.54699E-01 -3.56777E-01
  -3.58747E-01 -3.60612E-01 -3.62372E-01 -3.64029E-01 -3.65583E-01 -3.67037E-01
  -3.68391E-01 -3.69647E-01 -3.70807E-01 -3.71872E-01 -3.72844E-01 -3.73725E-01
  -3.74515E-01 -3.75217E-01 -3.75834E-01 -3.76366E-01 -3.76816E-01 -3.77187E-01
  -3.77479E-01 -3.77696E-01 -3.77838E-01 -3.77908E-01 -3.77909E-01 -3.77842E-01
  -3.77709E-01 -3.77512E-01 -3.77253E-01 -3.76934E-01 -3.76558E-01 -3.76126E-01
  -3.75640E-01 -3.75101E-01 -3.74513E-01 -3.73876E-01 -3.73193E-01 -3.72465E-01
  -3.71694E-01 -3.70883E-01 -3.70032E-01 -3.69143E-01 -3.68216E-01 -3.67253E-01
  -3.66254E-01 -3.65220E-01 -3.64153E-01 -3.63053E-01 -2.18471E-02 -3.48850E-02
  -4.68265E-02 -5.71175E-02 -6.54806E-02 -7.17062E-02 -7.55843E-02 -7.69770E-02
  -7.63207E-02 -7.43265E-02 -7.17072E-02 -6.91535E-02 -6.69335E-02 -6.49375E-02
  -6.30424E-02 -6.11260E-02 -5.91190E-02 -5.70391E-02 -5.49126E-02 -5.27657E-02
  -5.06177E-02 -4.84670E-02 -4.63074E-02 -4.41330E-02 -4.19384E-02 -3.97244E-02
  -3.74937E-02 -3.52492E-02 -3.29936E-02 -3.07283E-02 -2.84537E-02 -2.61700E-02
  -2.38776E-02 -2.15772E-02 -1.92697E-02 -1.69560E-02 -1.46373E-02 -1.23144E-02
  -9.98813E-03 -7.65927E-03 -5.32860E-03 -2.99693E-03 -6.65421E-04  1.66467E-03
   3.99208E-03  6.31551E-03  8.63335E-03  1.09438E-02  1.32451E-02  1.55354E-02
   1.78128E-02  2.00757E-02  2.23220E-02  2.45501E-02  2.67580E-02  2.89438E-02
   3.11054E-02  3.32411E-02  3.53487E-02  3.74262E-02  3.94716E-02  4.14829E-02
   4.34579E-02  4.53948E-02  4.72912E-02  4.91452E-02  5.09547E-02  5.27175E-02
   5.44316E-02  5.60949E-02  5.77052E-02  5.92605E-02  6.07587E-02  6.21978E-02
   6.35756E-02  6.48901E-02  6.61393E-02  6.73213E-02  6.84340E-02  6.94753E-02
   7.04435E-02  7.13367E-02  7.21530E-02  7.28904E-02  7.35474E-02  7.41220E-02
   7.46127E-02  7.50177E-02  7.53353E-02  7.55642E-02  7.57028E-02  7.57496E-02
   7.57032E-02  7.55623E-02  7.53258E-02  7.49923E-02  7.45606E-02  7.40298E-02
   7.33990E-02  7.26672E-02  7.18334E-02  7.08970E-02  6.98574E-02  6.87140E-02
   6.74662E-02  6.61135E-02  6.46557E-02  6.30927E-02  6.14241E-02  5.96498E-02
   5.77701E-02  5.57851E-02  5.36949E-02  5.14999E-02  4.92005E-02  4.67974E-02
   4.42911E-02  4.16824E-02  3.89721E-02  3.61613E-02  3.32511E-02  3.02426E-02
   2.71371E-02  2.39357E-02  2.06399E-02  1.72511E-02  1.37711E-02  1.02024E-02
   6.54775E-03  2.81001E-03 -1.00835E-03 -4.90620E-03 -8.88251E-03 -1.29362E-02
  -1.70665E-02 -2.12719E-02 -2.55506E-02 -2.99011E-02 -3.43217E-02 -3.88109E-02
  -4.33667E-02 -4.79874E-02 -5.26714E-02 -5.74167E-02 -6.22213E-02 -6.70832E-02
  -7.20005E-02 -7.69708E-02 -8.19918E-02 -8.70613E-02 -9.21768E-02 -9.73361E-02
  -1.02536E-01 -1.07775E-01 -1.13049E-01 -1.18355E-01 -1.23691E-01 -1.29054E-01
  -1.34440E-01 -1.39845E-01 -1.45267E-01 -1.50701E-01 -1.56144E-01 -1.61592E-01
  -1.67040E-01 -1.72485E-01 -1.77923E-01 -1.83350E-01 -1.88760E-01 -1.94151E-01
  -1.99518E-01 -2.04857E-01 -2.10162E-01 -2.15430E-01 -2.20657E-01 -2.25837E-01
  -2.30967E-01 -2.36041E-01 -2.41057E-01 -2.46008E-01 -2.50892E-01 -2.55704E-01
  -2.60441E-01 -2.65099E-01 -2.69674E-01 -2.74163E-01 -2.78563E-01 -2.82872E-01
  -2.87086E-01 -2.91204E-01 -2.95223E-01 -2.99141E-01 -3.02957E-01 -3.06670E-01
  -3.10277E-01 -3.13778E-01 -3.17173E-01 -3.20461E-01 -3.23640E-01 -3.26712E-01
  -3.29676E-01 -3.32532E-01 -3.35280E-01 -3.37920E-01 -3.40454E-01 -3.42882E-01
  -3.45203E-01 -3.47420E-01 -3.49533E-01 -3.51543E-01 -3.53451E-01 -3.55259E-01
  -3.56966E-01 -3.58575E-01 -3.60087E-01 -3.61503E-01 -3.62825E-01 -3.64054E-01
  -3.65191E-01 -3.66239E-01 -3.67198E-01 -3.68071E-01 -3.68858E-01 -3.69563E-01
  -3.70185E-01 -3.70728E-01 -3.71193E-01 -3.71581E-01 -3.71896E-01 -3.72137E-01
  -3.72307E-01 -3.72409E-01 -3.72443E-01 -3.72412E-01 -3.72318E-01 -3.72162E-01
  -3.71946E-01 -3.71672E-01 -3.71342E-01 -3.70957E-01 -3.70520E-01 -3.70032E-01
  -3.69495E-01 -3.68910E-01 -3.68280E-01 -3.67605E-01 -3.66888E-01 -3.66130E-01
  -3.65333E-01 -3.64498E-01 -3.63627E-01 -3.62720E-01 -3.61778E-01 -3.60804E-01
  -3.59797E-01 -3.58759E-01 -3.57692E-01 -2.15956E-02 -3.46140E-02 -4.65315E-02
  -5.67936E-02 -6.51282E-02 -7.13319E-02 -7.52012E-02 -7.66033E-02 -7.59711E-02
  -7.40082E-02 -7.14200E-02 -6.88897E-02 -6.66848E-02 -6.47007E-02 -6.28196E-02
  -6.09247E-02 -5.89490E-02 -5.69086E-02 -5.48273E-02 -5.27289E-02 -5.06312E-02
  -4.85327E-02 -4.64281E-02 -4.43122E-02 -4.21804E-02 -4.00333E-02 -3.78736E-02
  -3.57037E-02 -3.35263E-02 -3.13426E-02 -2.91528E-02 -2.69575E-02 -2.47568E-02
  -2.25514E-02 -2.03421E-02 -1.81299E-02 -1.59157E-02 -1.37003E-02 -1.14846E-02
  -9.26930E-03 -7.05515E-03 -4.84295E-03 -2.63370E-03 -4.28468E-04  1.77167E-03
   3.96562E-03  6.15190E-03  8.32881E-03  1.04947E-02  1.26477E-02  1.47863E-02
   1.69087E-02  1.90130E-02  2.10977E-02  2.31607E-02  2.52005E-02  2.72150E-02
   2.92024E-02  3.11608E-02  3.30884E-02  3.49831E-02  3.68431E-02  3.86664E-02
   4.04512E-02  4.21953E-02  4.38969E-02  4.55540E-02  4.71646E-02  4.87268E-02
   5.02386E-02  5.16980E-02  5.31031E-02  5.44519E-02  5.57427E-02  5.69733E-02
   5.81420E-02  5.92468E-02  6.02859E-02  6.12575E-02  6.21598E-02  6.29909E-02
   6.37492E-02  6.44330E-02  6.50404E-02  6.55700E-02  6.60202E-02  6.63893E-02
   6.66759E-02  6.68784E-02  6.69955E-02  6.70259E-02  6.69681E-02  6.68210E-02
   6.65832E-02  6.62539E-02  6.58318E-02  6.53158E-02  6.47052E-02  6.39990E-02
   6.31964E-02  6.22966E-02  6.12991E-02  6.02031E-02  5.90083E-02  5.77141E-02
   5.63200E-02  5.48261E-02  5.32321E-02  5.15379E-02  4.97434E-02  4.78488E-02
   4.58545E-02  4.37604E-02  4.15671E-02  3.92751E-02  3.68850E-02  3.43977E-02
   3.18137E-02  2.91341E-02  2.63599E-02  2.34921E-02  2.05317E-02  1.74800E-02
   1.43378E-02  1.11063E-02  7.78659E-03  4.38022E-03  8.89372E-04 -2.68350E-03
  -6.33599E-03 -1.00659E-02 -1.38723E-02 -1.77543E-02 -2.17111E-02 -2.57419E-02
  -2.98455E-02 -3.40207E-02 -3.82663E-02 -4.25809E-02 -4.69632E-02 -5.14114E-02
  -5.59237E-02 -6.04984E-02 -6.51336E-02 -6.98275E-02 -7.45780E-02 -7.93835E-02
  -8.42415E-02 -8.91499E-02 -9.41064E-02 -9.91087E-02 -1.04155E-01 -1.09242E-01
  -1.14367E-01 -1.19529E-01 -1.24724E-01 -1.29950E-01 -1.35201E-01 -1.40474E-01
  -1.45766E-01 -1.51071E-01 -1.56388E-01 -1.61714E-01 -1.67046E-01 -1.72381E-01
  -1.77713E-01 -1.83037E-01 -1.88348E-01 -1.93641E-01 -1.98912E-01 -2.04157E-01
  -2.09373E-01 -2.14557E-01 -2.19703E-01 -2.24807E-01 -2.29863E-01 -2.34866E-01
  -2.39811E-01 -2.44692E-01 -2.49504E-01 -2.54241E-01 -2.58899E-01 -2.63475E-01
  -2.67965E-01 -2.72366E-01 -2.76675E-01 -2.80888E-01 -2.85003E-01 -2.89017E-01
  -2.92926E-01 -2.96730E-01 -3.00428E-01 -3.04019E-01 -3.07503E-01 -3.10881E-01
  -3.14153E-01 -3.17320E-01 -3.20384E-01 -3.23344E-01 -3.26200E-01 -3.28951E-01
  -3.31595E-01 -3.34133E-01 -3.36566E-01 -3.38894E-01 -3.41119E-01 -3.43242E-01
  -3.45266E-01 -3.47190E-01 -3.49017E-01 -3.50747E-01 -3.52382E-01 -3.53922E-01
  -3.55371E-01 -3.56728E-01 -3.57996E-01 -3.59175E-01 -3.60268E-01 -3.61276E-01
  -3.62201E-01 -3.63043E-01 -3.63805E-01 -3.64489E-01 -3.65096E-01 -3.65627E-01
  -3.66084E-01 -3.66469E-01 -3.66784E-01 -3.67029E-01 -3.67207E-01 -3.67320E-01
  -3.67368E-01 -3.67355E-01 -3.67280E-01 -3.67147E-01 -3.66956E-01 -3.66709E-01
  -3.66409E-01 -3.66056E-01 -3.65652E-01 -3.65199E-01 -3.64698E-01 -3.64151E-01
  -3.63559E-01 -3.62924E-01 -3.62248E-01 -3.61532E-01 -3.60777E-01 -3.59984E-01
  -3.59156E-01 -3.58293E-01 -3.57397E-01 -3.56470E-01 -3.55513E-01 -3.54527E-01
  -3.53515E-01 -3.52477E-01 -2.12458E-02 -3.42330E-02 -4.61120E-02 -5.63280E-02
  -6.46164E-02 -7.07830E-02 -7.46336E-02 -7.60431E-02 -7.54395E-02 -7.35155E-02
  -7.09652E-02 -6.84615E-02 -6.62704E-02 -6.42939E-02 -6.24215E-02 -6.05431E-02
  -5.85953E-02 -5.65920E-02 -5.45540E-02 -5.25025E-02 -5.04531E-02 -4.84049E-02
  -4.63535E-02 -4.42944E-02 -4.22241E-02 -4.01430E-02 -3.80534E-02 -3.59576E-02
  -3.38577E-02 -3.17548E-02 -2.96494E-02 -2.75416E-02 -2.54319E-02 -2.33206E-02
  -2.12087E-02 -1.90969E-02 -1.69860E-02 -1.48770E-02 -1.27704E-02 -1.06671E-02
  -8.56782E-03 -6.47331E-03 -4.38446E-03 -2.30216E-03 -2.27339E-04  1.83905E-03
   3.89569E-03  5.94099E-03  7.97340E-03  9.99134E-03  1.19932E-02  1.39773E-02
   1.59419E-02  1.78854E-02  1.98060E-02  2.17021E-02  2.35719E-02  2.54136E-02
   2.72253E-02  2.90055E-02  3.07521E-02  3.24634E-02  3.41376E-02  3.57729E-02
   3.73673E-02  3.89191E-02  4.04265E-02  4.18875E-02  4.33004E-02  4.46634E-02
   4.59745E-02  4.72321E-02  4.84342E-02  4.95792E-02  5.06653E-02  5.16906E-02
   5.26535E-02  5.35524E-02  5.43854E-02  5.51510E-02  5.58474E-02  5.64733E-02
   5.70268E-02  5.75067E-02  5.79112E-02  5.82391E-02  5.84889E-02  5.86591E-02
   5.87485E-02  5.87559E-02  5.86799E-02  5.85195E-02  5.82733E-02  5.79405E-02
   5.75201E-02  5.70110E-02  5.64123E-02  5.57232E-02  5.49430E-02  5.40710E-02
   5.31065E-02  5.20488E-02  5.08976E-02  4.96524E-02  4.83127E-02  4.68782E-02
   4.53488E-02  4.37245E-02  4.20051E-02  4.01908E-02  3.82817E-02  3.62781E-02
   3.41803E-02  3.19885E-02  2.97035E-02  2.73260E-02  2.48569E-02  2.22970E-02
   1.96473E-02  1.69085E-02  1.40819E-02  1.11682E-02  8.16856E-03  5.08352E-03
   1.91395E-03 -1.33940E-03 -4.67535E-03 -8.09222E-03 -1.15881E-02 -1.51611E-02
  -1.88095E-02 -2.25324E-02 -2.63291E-02 -3.01986E-02 -3.41403E-02 -3.81531E-02
  -4.22360E-02 -4.63879E-02 -5.06077E-02 -5.48942E-02 -5.92456E-02 -6.36603E-02
  -6.81368E-02 -7.26733E-02 -7.72682E-02 -8.19194E-02 -8.66255E-02 -9.13843E-02
  -9.61936E-02 -1.01051E-01 -1.05955E-01 -1.10903E-01 -1.15892E-01 -1.20921E-01
  -1.25987E-01 -1.31088E-01 -1.36221E-01 -1.41379E-01 -1.46559E-01 -1.51755E-01
  -1.56964E-01 -1.62184E-01 -1.67414E-01 -1.72652E-01 -1.77896E-01 -1.83140E-01
  -1.88376E-01 -1.93597E-01 -1.98798E-01 -2.03974E-01 -2.09124E-01 -2.14243E-01
  -2.19330E-01 -2.24380E-01 -2.29386E-01 -2.34342E-01 -2.39242E-01 -2.44079E-01
  -2.48847E-01 -2.53540E-01 -2.58151E-01 -2.62675E-01 -2.67108E-01 -2.71447E-01
  -2.75689E-01 -2.79831E-01 -2.83870E-01 -2.87802E-01 -2.91624E-01 -2.95333E-01
  -2.98928E-01 -3.02411E-01 -3.05781E-01 -3.09040E-01 -3.12189E-01 -3.15231E-01
  -3.18168E-01 -3.21004E-01 -3.23739E-01 -3.26373E-01 -3.28903E-01 -3.31328E-01
  -3.33647E-01 -3.35862E-01 -3.37975E-01 -3.39989E-01 -3.41905E-01 -3.43725E-01
  -3.45451E-01 -3.47085E-01 -3.48626E-01 -3.50078E-01 -3.51442E-01 -3.52719E-01
  -3.53911E-01 -3.55020E-01 -3.56047E-01 -3.56994E-01 -3.57862E-01 -3.58653E-01
  -3.59368E-01 -3.60009E-01 -3.60578E-01 -3.61076E-01 -3.61505E-01 -3.61865E-01
  -3.62160E-01 -3.62389E-01 -3.62555E-01 -3.62659E-01 -3.62702E-01 -3.62687E-01
  -3.62614E-01 -3.62485E-01 -3.62302E-01 -3.62066E-01 -3.61778E-01 -3.61440E-01
  -3.61054E-01 -3.60620E-01 -3.60141E-01 -3.59617E-01 -3.59051E-01 -3.58442E-01
  -3.57794E-01 -3.57107E-01 -3.56383E-01 -3.55621E-01 -3.54825E-01 -3.53994E-01
  -3.53132E-01 -3.52239E-01 -3.51318E-01 -3.50371E-01 -3.49400E-01 -3.48406E-01
  -3.47391E-01 -2.07906E-02 -3.37396E-02 -4.55736E-02 -5.57380E-02 -6.39755E-02
  -7.01013E-02 -7.39302E-02 -7.53449E-02 -7.47678E-02 -7.28798E-02 -7.03632E-02
  -6.78795E-02 -6.56936E-02 -6.37154E-02 -6.18421E-02 -5.99720E-02 -5.80457E-02
  -5.60744E-02 -5.40761E-02 -5.20686E-02 -5.00654E-02 -4.80657E-02 -4.60662E-02
  -4.40632E-02 -4.20539E-02 -4.00387E-02 -3.80194E-02 -3.59979E-02 -3.39758E-02
  -3.19541E-02 -2.99330E-02 -2.79129E-02 -2.58940E-02 -2.38767E-02 -2.18618E-02
  -1.98499E-02 -1.78418E-02 -1.58383E-02 -1.38399E-02 -1.18475E-02 -9.86177E-03
  -7.88348E-03 -5.91339E-03 -3.95231E-03 -2.00104E-03 -6.04128E-05  1.86838E-03
   3.78391E-03  5.68475E-03  7.56950E-03  9.43661E-03  1.12845E-02  1.31115E-02
   1.49161E-02  1.66966E-02  1.84513E-02  2.01787E-02  2.18770E-02  2.35445E-02
   2.51796E-02  2.67806E-02  2.83457E-02  2.98732E-02  3.13615E-02  3.28087E-02
   3.42133E-02  3.55734E-02  3.68873E-02  3.81535E-02  3.93701E-02  4.05354E-02
   4.16479E-02  4.27057E-02  4.37075E-02  4.46513E-02  4.55358E-02  4.63592E-02
   4.71201E-02  4.78169E-02  4.84480E-02  4.90120E-02  4.95076E-02  4.99332E-02
   5.02874E-02  5.05690E-02  5.07766E-02  5.09089E-02  5.09648E-02  5.09429E-02
   5.08423E-02  5.06618E-02  5.04004E-02  5.00569E-02  4.96306E-02  4.91206E-02
   4.85259E-02  4.78459E-02  4.70797E-02  4.62269E-02  4.52867E-02  4.42585E-02
   4.31420E-02  4.19366E-02  4.06421E-02  3.92580E-02  3.77842E-02  3.62205E-02
   3.45669E-02  3.28235E-02  3.09903E-02  2.90674E-02  2.70553E-02  2.49541E-02
   2.27642E-02  2.04863E-02  1.81213E-02  1.56700E-02  1.31333E-02  1.05122E-02
   7.80736E-03  5.01982E-03  2.15042E-03 -8.00094E-04 -3.83135E-03 -6.94283E-03
  -1.01341E-02 -1.34043E-02 -1.67524E-02 -2.01770E-02 -2.36769E-02 -2.72507E-02
  -3.08978E-02 -3.46172E-02 -3.84081E-02 -4.22698E-02 -4.62013E-02 -5.02016E-02
  -5.42696E-02 -5.84045E-02 -6.26049E-02 -6.68695E-02 -7.11967E-02 -7.55854E-02
  -8.00339E-02 -8.45406E-02 -8.91039E-02 -9.37225E-02 -9.83941E-02 -1.03117E-01
  -1.07889E-01 -1.12708E-01 -1.17572E-01 -1.22480E-01 -1.27427E-01 -1.32414E-01
  -1.37437E-01 -1.42492E-01 -1.47574E-01 -1.52678E-01 -1.57798E-01 -1.62931E-01
  -1.68077E-01 -1.73235E-01 -1.78404E-01 -1.83582E-01 -1.88762E-01 -1.93936E-01
  -1.99094E-01 -2.04230E-01 -2.09339E-01 -2.14420E-01 -2.19468E-01 -2.24482E-01
  -2.29455E-01 -2.34382E-01 -2.39255E-01 -2.44066E-01 -2.48810E-01 -2.53479E-01
  -2.58066E-01 -2.62564E-01 -2.66967E-01 -2.71272E-01 -2.75475E-01 -2.79572E-01
  -2.83560E-01 -2.87437E-01 -2.91198E-01 -2.94842E-01 -2.98364E-01 -3.01766E-01
  -3.05047E-01 -3.08210E-01 -3.11256E-01 -3.14186E-01 -3.17006E-01 -3.19716E-01
  -3.22323E-01 -3.24826E-01 -3.27227E-01 -3.29524E-01 -3.31717E-01 -3.33805E-01
  -3.35791E-01 -3.37678E-01 -3.39469E-01 -3.41166E-01 -3.42771E-01 -3.44287E-01
  -3.45715E-01 -3.47056E-01 -3.48314E-01 -3.49489E-01 -3.50584E-01 -3.51600E-01
  -3.52539E-01 -3.53403E-01 -3.54192E-01 -3.54910E-01 -3.55557E-01 -3.56134E-01
  -3.56644E-01 -3.57088E-01 -3.57467E-01 -3.57783E-01 -3.58037E-01 -3.58230E-01
  -3.58364E-01 -3.58440E-01 -3.58460E-01 -3.58424E-01 -3.58335E-01 -3.58193E-01
  -3.58000E-01 -3.57758E-01 -3.57466E-01 -3.57128E-01 -3.56743E-01 -3.56314E-01
  -3.55842E-01 -3.55327E-01 -3.54771E-01 -3.54176E-01 -3.53543E-01 -3.52873E-01
  -3.52167E-01 -3.51425E-01 -3.50650E-01 -3.49842E-01 -3.49001E-01 -3.48132E-01
  -3.47235E-01 -3.46312E-01 -3.45367E-01 -3.44400E-01 -3.43414E-01 -3.42412E-01
  -2.02231E-02 -3.31311E-02 -4.49217E-02 -5.50407E-02 -6.32359E-02 -6.93285E-02
  -7.31397E-02 -7.45571E-02 -7.39978E-02 -7.21327E-02 -6.96343E-02 -6.71546E-02
  -6.49581E-02 -6.29631E-02 -6.10756E-02 -5.92022E-02 -5.72879E-02 -5.53413E-02
  -5.33769E-02 -5.14094E-02 -4.94496E-02 -4.74970E-02 -4.55488E-02 -4.36021E-02
  -4.16544E-02 -3.97060E-02 -3.77580E-02 -3.58118E-02 -3.38687E-02 -3.19291E-02
  -2.99935E-02 -2.80618E-02 -2.61344E-02 -2.42116E-02 -2.22939E-02 -2.03820E-02
  -1.84766E-02 -1.65782E-02 -1.46875E-02 -1.28052E-02 -1.09321E-02 -9.06887E-03
  -7.21619E-03 -5.37482E-03 -3.54550E-03 -1.72899E-03  7.36417E-05  1.86112E-03
   3.63218E-03  5.38556E-03  7.11984E-03  8.83350E-03  1.05250E-02  1.21927E-02
   1.38351E-02  1.54507E-02  1.70378E-02  1.85950E-02  2.01205E-02  2.16129E-02
   2.30705E-02  2.44917E-02  2.58750E-02  2.72186E-02  2.85210E-02  2.97806E-02
   3.09959E-02  3.21651E-02  3.32868E-02  3.43594E-02  3.53812E-02  3.63509E-02
   3.72668E-02  3.81275E-02  3.89315E-02  3.96772E-02  4.03633E-02  4.09884E-02
   4.15511E-02  4.20499E-02  4.24836E-02  4.28509E-02  4.31504E-02  4.33810E-02
   4.35414E-02  4.36306E-02  4.36473E-02  4.35905E-02  4.34590E-02  4.32520E-02
   4.29685E-02  4.26076E-02  4.21683E-02  4.16499E-02  4.10516E-02  4.03728E-02
   3.96126E-02  3.87707E-02  3.78463E-02  3.68390E-02  3.57484E-02  3.45741E-02
   3.33157E-02  3.19731E-02  3.05461E-02  2.90343E-02  2.74379E-02  2.57567E-02
   2.39907E-02  2.21400E-02  2.02047E-02  1.81852E-02  1.60816E-02  1.38943E-02
   1.16240E-02  9.27160E-03  6.83781E-03  4.32349E-03  1.72948E-03 -9.43529E-04
  -3.69473E-03 -6.52335E-03 -9.42885E-03 -1.24111E-02 -1.54698E-02 -1.86047E-02
  -2.18154E-02 -2.51012E-02 -2.84613E-02 -3.18950E-02 -3.54013E-02 -3.89797E-02
  -4.26292E-02 -4.63490E-02 -5.01385E-02 -5.39967E-02 -5.79226E-02 -6.19151E-02
  -6.59736E-02 -7.00967E-02 -7.42835E-02 -7.85326E-02 -8.28430E-02 -8.72134E-02
  -9.16423E-02 -9.61283E-02 -1.00670E-01 -1.05266E-01 -1.09914E-01 -1.14613E-01
  -1.19361E-01 -1.24156E-01 -1.28997E-01 -1.33879E-01 -1.38801E-01 -1.43760E-01
  -1.48752E-01 -1.53772E-01 -1.58817E-01 -1.63881E-01 -1.68961E-01 -1.74057E-01
  -1.79169E-01 -1.84295E-01 -1.89434E-01 -1.94576E-01 -1.99713E-01 -2.04836E-01
  -2.09936E-01 -2.15007E-01 -2.20047E-01 -2.25049E-01 -2.30010E-01 -2.34925E-01
  -2.39785E-01 -2.44584E-01 -2.49315E-01 -2.53970E-01 -2.58544E-01 -2.63031E-01
  -2.67423E-01 -2.71715E-01 -2.75902E-01 -2.79981E-01 -2.83946E-01 -2.87793E-01
  -2.91520E-01 -2.95124E-01 -2.98605E-01 -3.01961E-01 -3.05190E-01 -3.08294E-01
  -3.11273E-01 -3.14127E-01 -3.16859E-01 -3.19471E-01 -3.21965E-01 -3.24343E-01
  -3.26607E-01 -3.28761E-01 -3.30808E-01 -3.32750E-01 -3.34591E-01 -3.36334E-01
  -3.37981E-01 -3.39535E-01 -3.40998E-01 -3.42375E-01 -3.43666E-01 -3.44875E-01
  -3.46003E-01 -3.47054E-01 -3.48028E-01 -3.48929E-01 -3.49757E-01 -3.50514E-01
  -3.51203E-01 -3.51825E-01 -3.52381E-01 -3.52874E-01 -3.53303E-01 -3.53672E-01
  -3.53981E-01 -3.54231E-01 -3.54425E-01 -3.54562E-01 -3.54645E-01 -3.54674E-01
  -3.54652E-01 -3.54578E-01 -3.54454E-01 -3.54282E-01 -3.54063E-01 -3.53797E-01
  -3.53486E-01 -3.53131E-01 -3.52733E-01 -3.52294E-01 -3.51814E-01 -3.51294E-01
  -3.50736E-01 -3.50141E-01 -3.49510E-01 -3.48843E-01 -3.48143E-01 -3.47410E-01
  -3.46645E-01 -3.45848E-01 -3.45021E-01 -3.44165E-01 -3.43281E-01 -3.42372E-01
  -3.41440E-01 -3.40487E-01 -3.39515E-01 -3.38525E-01 -3.37519E-01 -1.95330E-02
  -3.23993E-02 -4.41523E-02 -5.42388E-02 -6.24073E-02 -6.84802E-02 -7.22792E-02
  -7.36924E-02 -7.31334E-02 -7.12676E-02 -6.87619E-02 -6.62630E-02 -6.40373E-02
  -6.20105E-02 -6.00965E-02 -5.82094E-02 -5.62983E-02 -5.43691E-02 -5.24332E-02
  -5.05021E-02 -4.85842E-02 -4.66787E-02 -4.47830E-02 -4.28942E-02 -4.10102E-02
  -3.91306E-02 -3.72561E-02 -3.53875E-02 -3.35253E-02 -3.16700E-02 -2.98215E-02
  -2.79799E-02 -2.61453E-02 -2.43181E-02 -2.24985E-02 -2.06872E-02 -1.88848E-02
  -1.70916E-02 -1.53085E-02 -1.35359E-02 -1.17748E-02 -1.00256E-02 -8.28922E-03
  -6.56623E-03 -4.85740E-03 -3.16347E-03 -1.48541E-03  1.75675E-04  1.81865E-03
   3.44242E-03  5.04566E-03  6.62693E-03  8.18473E-03  9.71757E-03  1.12240E-02
   1.27024E-02  1.41515E-02  1.55696E-02  1.69554E-02  1.83073E-02  1.96237E-02
   2.09032E-02  2.21443E-02  2.33456E-02  2.45054E-02  2.56223E-02  2.66948E-02
   2.77215E-02  2.87010E-02  2.96317E-02  3.05123E-02  3.13413E-02  3.21173E-02
   3.28391E-02  3.35052E-02  3.41143E-02  3.46651E-02  3.51564E-02  3.55869E-02
   3.59553E-02  3.62605E-02  3.65014E-02  3.66767E-02  3.67854E-02  3.68264E-02
   3.67987E-02  3.67013E-02  3.65333E-02  3.62938E-02  3.59819E-02  3.55968E-02
   3.51377E-02  3.46039E-02  3.39946E-02  3.33094E-02  3.25475E-02  3.17085E-02
   3.07918E-02  2.97971E-02  2.87239E-02  2.75719E-02  2.63408E-02  2.50306E-02
   2.36412E-02  2.21726E-02  2.06246E-02  1.89972E-02  1.72901E-02  1.55033E-02
   1.36368E-02  1.16906E-02  9.66509E-03  7.56034E-03  5.37667E-03  3.11463E-03
   7.74959E-04 -1.64172E-03 -4.13473E-03 -6.70339E-03 -9.34716E-03 -1.20654E-02
  -1.48574E-02 -1.77229E-02 -2.06619E-02 -2.36740E-02 -2.67594E-02 -2.99177E-02
  -3.31485E-02 -3.64515E-02 -3.98261E-02 -4.32719E-02 -4.67882E-02 -5.03744E-02
  -5.40296E-02 -5.77533E-02 -6.15447E-02 -6.54029E-02 -6.93270E-02 -7.33163E-02
  -7.73698E-02 -8.14868E-02 -8.56661E-02 -8.99070E-02 -9.42084E-02 -9.85690E-02
  -1.02987E-01 -1.07463E-01 -1.11993E-01 -1.16577E-01 -1.21215E-01 -1.25904E-01
  -1.30644E-01 -1.35432E-01 -1.40263E-01 -1.45135E-01 -1.50043E-01 -1.54985E-01
  -1.59958E-01 -1.64959E-01 -1.69987E-01 -1.75038E-01 -1.80111E-01 -1.85205E-01
  -1.90316E-01 -1.95442E-01 -2.00573E-01 -2.05702E-01 -2.10818E-01 -2.15913E-01
  -2.20979E-01 -2.26008E-01 -2.30993E-01 -2.35926E-01 -2.40801E-01 -2.45610E-01
  -2.50347E-01 -2.55006E-01 -2.59580E-01 -2.64066E-01 -2.68458E-01 -2.72752E-01
  -2.76944E-01 -2.81026E-01 -2.84993E-01 -2.88838E-01 -2.92555E-01 -2.96145E-01
  -2.99606E-01 -3.02939E-01 -3.06145E-01 -3.09222E-01 -3.12170E-01 -3.14987E-01
  -3.17671E-01 -3.20223E-01 -3.22640E-01 -3.24922E-01 -3.27069E-01 -3.29082E-01
  -3.30971E-01 -3.32746E-01 -3.34415E-01 -3.35989E-01 -3.37469E-01 -3.38859E-01
  -3.40160E-01 -3.41374E-01 -3.42505E-01 -3.43556E-01 -3.44531E-01 -3.45431E-01
  -3.46260E-01 -3.47020E-01 -3.47713E-01 -3.48341E-01 -3.48906E-01 -3.49408E-01
  -3.49851E-01 -3.50236E-01 -3.50563E-01 -3.50836E-01 -3.51053E-01 -3.51218E-01
  -3.51331E-01 -3.51393E-01 -3.51405E-01 -3.51369E-01 -3.51286E-01 -3.51156E-01
  -3.50981E-01 -3.50761E-01 -3.50499E-01 -3.50194E-01 -3.49847E-01 -3.49461E-01
  -3.49035E-01 -3.48570E-01 -3.48068E-01 -3.47530E-01 -3.46956E-01 -3.46348E-01
  -3.45706E-01 -3.45031E-01 -3.44325E-01 -3.43588E-01 -3.42821E-01 -3.42025E-01
  -3.41201E-01 -3.40349E-01 -3.39471E-01 -3.38568E-01 -3.37641E-01 -3.36692E-01
  -3.35722E-01 -3.34731E-01 -3.33722E-01 -3.32696E-01 -1.86978E-02 -3.15136E-02
  -4.32238E-02 -5.32764E-02 -6.14175E-02 -6.74654E-02 -7.12384E-02 -7.26211E-02
  -7.20273E-02 -7.01241E-02 -6.75803E-02 -6.50445E-02 -6.27854E-02 -6.07319E-02
  -5.88007E-02 -5.69091E-02 -5.50074E-02 -5.30998E-02 -5.11959E-02 -4.93050E-02
  -4.74342E-02 -4.55819E-02 -4.37451E-02 -4.19207E-02 -4.01060E-02 -3.83003E-02
  -3.65038E-02 -3.47167E-02 -3.29391E-02 -3.11711E-02 -2.94126E-02 -2.76635E-02
  -2.59239E-02 -2.41938E-02 -2.24736E-02 -2.07638E-02 -1.90649E-02 -1.73773E-02
  -1.57016E-02 -1.40386E-02 -1.23888E-02 -1.07530E-02 -9.13176E-03 -7.52590E-03
  -5.93615E-03 -4.36327E-03 -2.80815E-03 -1.27177E-03  2.44870E-04  1.74081E-03
   3.21483E-03  4.66556E-03  6.09157E-03  7.49145E-03  8.86378E-03  1.02072E-02
   1.15202E-02  1.28014E-02  1.40494E-02  1.52628E-02  1.64401E-02  1.75801E-02
   1.86811E-02  1.97420E-02  2.07612E-02  2.17374E-02  2.26693E-02  2.35555E-02
   2.43947E-02  2.51855E-02  2.59267E-02  2.66169E-02  2.72550E-02  2.78396E-02
   2.83697E-02  2.88439E-02  2.92612E-02  2.96204E-02  2.99204E-02  3.01601E-02
   3.03385E-02  3.04545E-02  3.05072E-02  3.04955E-02  3.04186E-02  3.02756E-02
   3.00657E-02  2.97880E-02  2.94418E-02  2.90264E-02  2.85412E-02  2.79853E-02
   2.73582E-02  2.66595E-02  2.58885E-02  2.50449E-02  2.41281E-02  2.31379E-02
   2.20739E-02  2.09359E-02  1.97235E-02  1.84368E-02  1.70757E-02  1.56406E-02
   1.41315E-02  1.25483E-02  1.08909E-02  9.15893E-03  7.35221E-03  5.47061E-03
   3.51419E-03  1.48312E-03 -6.22517E-04 -2.80251E-03 -5.05649E-03 -7.38398E-03
  -9.78455E-03 -1.22578E-02 -1.48031E-02 -1.74203E-02 -2.01088E-02 -2.28682E-02
  -2.56981E-02 -2.85987E-02 -3.15698E-02 -3.46114E-02 -3.77233E-02 -4.09054E-02
  -4.41574E-02 -4.74790E-02 -5.08700E-02 -5.43298E-02 -5.78580E-02 -6.14540E-02
  -6.51174E-02 -6.88474E-02 -7.26435E-02 -7.65050E-02 -8.04312E-02 -8.44216E-02
  -8.84755E-02 -9.25921E-02 -9.67710E-02 -1.01011E-01 -1.05311E-01 -1.09671E-01
  -1.14088E-01 -1.18562E-01 -1.23092E-01 -1.27678E-01 -1.32320E-01 -1.37016E-01
  -1.41763E-01 -1.46557E-01 -1.51391E-01 -1.56262E-01 -1.61168E-01 -1.66108E-01
  -1.71084E-01 -1.76095E-01 -1.81140E-01 -1.86215E-01 -1.91317E-01 -1.96441E-01
  -2.01582E-01 -2.06732E-01 -2.11884E-01 -2.17027E-01 -2.22154E-01 -2.27254E-01
  -2.32316E-01 -2.37329E-01 -2.42281E-01 -2.47166E-01 -2.51975E-01 -2.56702E-01
  -2.61340E-01 -2.65883E-01 -2.70328E-01 -2.74671E-01 -2.78909E-01 -2.83036E-01
  -2.87044E-01 -2.90924E-01 -2.94669E-01 -2.98271E-01 -3.01731E-01 -3.05051E-01
  -3.08232E-01 -3.11278E-01 -3.14186E-01 -3.16955E-01 -3.19584E-01 -3.22068E-01
  -3.24407E-01 -3.26598E-01 -3.28636E-01 -3.30520E-01 -3.32252E-01 -3.33848E-01
  -3.35324E-01 -3.36695E-01 -3.37976E-01 -3.39171E-01 -3.40280E-01 -3.41306E-01
  -3.42250E-01 -3.43117E-01 -3.43910E-01 -3.44633E-01 -3.45289E-01 -3.45882E-01
  -3.46415E-01 -3.46887E-01 -3.47303E-01 -3.47663E-01 -3.47969E-01 -3.48223E-01
  -3.48426E-01 -3.48580E-01 -3.48686E-01 -3.48744E-01 -3.48756E-01 -3.48723E-01
  -3.48647E-01 -3.48527E-01 -3.48365E-01 -3.48161E-01 -3.47918E-01 -3.47634E-01
  -3.47312E-01 -3.46952E-01 -3.46555E-01 -3.46122E-01 -3.45653E-01 -3.45149E-01
  -3.44612E-01 -3.44041E-01 -3.43438E-01 -3.42804E-01 -3.42139E-01 -3.41445E-01
  -3.40721E-01 -3.39969E-01 -3.39189E-01 -3.38382E-01 -3.37550E-01 -3.36693E-01
  -3.35811E-01 -3.34906E-01 -3.33978E-01 -3.33027E-01 -3.32054E-01 -3.31059E-01
  -3.30043E-01 -3.29006E-01 -3.27947E-01 -1.76918E-02 -3.04375E-02 -4.20850E-02
  -5.20834E-02 -6.01737E-02 -6.61672E-02 -6.98755E-02 -7.11777E-02 -7.04940E-02
  -6.85034E-02 -6.58868E-02 -6.33042E-02 -6.10266E-02 -5.89766E-02 -5.70647E-02
  -5.52019E-02 -5.33344E-02 -5.14669E-02 -4.96092E-02 -4.77716E-02 -4.59611E-02
  -4.41754E-02 -4.24106E-02 -4.06623E-02 -3.89270E-02 -3.72035E-02 -3.54919E-02
  -3.37922E-02 -3.21043E-02 -3.04281E-02 -2.87635E-02 -2.71103E-02 -2.54682E-02
  -2.38374E-02 -2.22182E-02 -2.06110E-02 -1.90164E-02 -1.74348E-02 -1.58668E-02
  -1.43130E-02 -1.27742E-02 -1.12508E-02 -9.74382E-03 -8.25388E-03 -6.78181E-03
  -5.32842E-03 -3.89457E-03 -2.48112E-03 -1.08898E-03  2.80976E-04  1.62763E-03
   2.94969E-03  4.24580E-03  5.51463E-03  6.75482E-03  7.96505E-03  9.14396E-03
   1.02902E-02  1.14024E-02  1.24793E-02  1.35195E-02  1.45218E-02  1.54847E-02
   1.64071E-02  1.72876E-02  1.81250E-02  1.89180E-02  1.96654E-02  2.03661E-02
   2.10187E-02  2.16221E-02  2.21753E-02  2.26769E-02  2.31261E-02  2.35216E-02
   2.38625E-02  2.41477E-02  2.43762E-02  2.45472E-02  2.46596E-02  2.47125E-02
   2.47051E-02  2.46365E-02  2.45059E-02  2.43126E-02  2.40557E-02  2.37347E-02
   2.33488E-02  2.28974E-02  2.23799E-02  2.17958E-02  2.11446E-02  2.04257E-02
   1.96387E-02  1.87834E-02  1.78593E-02  1.68661E-02  1.58035E-02  1.46715E-02
   1.34697E-02  1.21980E-02  1.08565E-02  9.44542E-03  7.96519E-03  6.41604E-03
   4.79800E-03  3.11071E-03  1.35383E-03 -4.73023E-04 -2.37006E-03 -4.33729E-03
  -6.37464E-03 -8.48208E-03 -1.06595E-02 -1.29068E-02 -1.52237E-02 -1.76099E-02
  -2.00654E-02 -2.25898E-02 -2.51830E-02 -2.78447E-02 -3.05746E-02 -3.33726E-02
  -3.62387E-02 -3.91728E-02 -4.21749E-02 -4.52450E-02 -4.83829E-02 -5.15885E-02
  -5.48616E-02 -5.82022E-02 -6.16099E-02 -6.50844E-02 -6.86254E-02 -7.22327E-02
  -7.59059E-02 -7.96444E-02 -8.34479E-02 -8.73161E-02 -9.12485E-02 -9.52448E-02
  -9.93044E-02 -1.03427E-01 -1.07612E-01 -1.11859E-01 -1.16166E-01 -1.20533E-01
  -1.24958E-01 -1.29442E-01 -1.33985E-01 -1.38587E-01 -1.43249E-01 -1.47966E-01
  -1.52732E-01 -1.57542E-01 -1.62390E-01 -1.67275E-01 -1.72200E-01 -1.77168E-01
  -1.82182E-01 -1.87242E-01 -1.92343E-01 -1.97477E-01 -2.02641E-01 -2.07827E-01
  -2.13029E-01 -2.18238E-01 -2.23448E-01 -2.28650E-01 -2.33832E-01 -2.38983E-01
  -2.44089E-01 -2.49138E-01 -2.54119E-01 -2.59023E-01 -2.63840E-01 -2.68561E-01
  -2.73178E-01 -2.77683E-01 -2.82070E-01 -2.86333E-01 -2.90462E-01 -2.94450E-01
  -2.98285E-01 -3.01958E-01 -3.05462E-01 -3.08796E-01 -3.11962E-01 -3.14963E-01
  -3.17802E-01 -3.20478E-01 -3.22994E-01 -3.25348E-01 -3.27541E-01 -3.29575E-01
  -3.31448E-01 -3.33162E-01 -3.34717E-01 -3.36118E-01 -3.37383E-01 -3.38529E-01
  -3.39574E-01 -3.40533E-01 -3.41410E-01 -3.42209E-01 -3.42931E-01 -3.43581E-01
  -3.44161E-01 -3.44675E-01 -3.45129E-01 -3.45526E-01 -3.45868E-01 -3.46158E-01
  -3.46398E-01 -3.46590E-01 -3.46735E-01 -3.46835E-01 -3.46890E-01 -3.46904E-01
  -3.46875E-01 -3.46807E-01 -3.46699E-01 -3.46552E-01 -3.46367E-01 -3.46145E-01
  -3.45887E-01 -3.45593E-01 -3.45264E-01 -3.44900E-01 -3.44503E-01 -3.44073E-01
  -3.43610E-01 -3.43116E-01 -3.42590E-01 -3.42033E-01 -3.41447E-01 -3.40831E-01
  -3.40187E-01 -3.39514E-01 -3.38814E-01 -3.38088E-01 -3.37335E-01 -3.36557E-01
  -3.35754E-01 -3.34926E-01 -3.34075E-01 -3.33201E-01 -3.32306E-01 -3.31389E-01
  -3.30453E-01 -3.29495E-01 -3.28516E-01 -3.27515E-01 -3.26491E-01 -3.25445E-01
  -3.24375E-01 -3.23282E-01 -1.64893E-02 -2.91346E-02 -4.06847E-02 -5.05895E-02
  -5.85830E-02 -6.44683E-02 -6.80484E-02 -6.91967E-02 -6.83482E-02 -6.62070E-02
  -6.34788E-02 -6.08476E-02 -5.85851E-02 -5.65943E-02 -5.47651E-02 -5.29884E-02
  -5.11986E-02 -4.94036E-02 -4.76176E-02 -4.58552E-02 -4.41265E-02 -4.24283E-02
  -4.07547E-02 -3.90997E-02 -3.74580E-02 -3.58284E-02 -3.42112E-02 -3.26067E-02
  -3.10152E-02 -2.94367E-02 -2.78710E-02 -2.63177E-02 -2.47765E-02 -2.32476E-02
  -2.17313E-02 -2.02283E-02 -1.87389E-02 -1.72638E-02 -1.58036E-02 -1.43590E-02
  -1.29306E-02 -1.15191E-02 -1.01254E-02 -8.75019E-03 -7.39443E-03 -6.05896E-03
  -4.74463E-03 -3.45227E-03 -2.18273E-03 -9.36837E-04  2.84355E-04  1.47963E-03
   2.64771E-03  3.78737E-03  4.89732E-03  5.97629E-03  7.02299E-03  8.03615E-03
   9.01446E-03  9.95669E-03  1.08616E-02  1.17279E-02  1.25545E-02  1.33401E-02
   1.40836E-02  1.47838E-02  1.54396E-02  1.60498E-02  1.66134E-02  1.71293E-02
   1.75965E-02  1.80138E-02  1.83804E-02  1.86954E-02  1.89576E-02  1.91664E-02
   1.93207E-02  1.94198E-02  1.94628E-02  1.94490E-02  1.93776E-02  1.92480E-02
   1.90594E-02  1.88111E-02  1.85026E-02  1.81332E-02  1.77025E-02  1.72097E-02
   1.66545E-02  1.60364E-02  1.53550E-02  1.46098E-02  1.38005E-02  1.29267E-02
   1.19884E-02  1.09852E-02  9.91683E-03  8.78325E-03  7.58429E-03  6.31986E-03
   4.98983E-03  3.59444E-03  2.13402E-03  6.09021E-04 -9.80187E-04 -2.63356E-03
  -4.35151E-03 -6.13443E-03 -7.98276E-03 -9.89678E-03 -1.18766E-02 -1.39221E-02
  -1.60335E-02 -1.82107E-02 -2.04537E-02 -2.27625E-02 -2.51371E-02 -2.75775E-02
  -3.00835E-02 -3.26553E-02 -3.52928E-02 -3.79959E-02 -4.07646E-02 -4.35989E-02
  -4.64988E-02 -4.94643E-02 -5.24954E-02 -5.55921E-02 -5.87543E-02 -6.19820E-02
  -6.52752E-02 -6.86338E-02 -7.20578E-02 -7.55470E-02 -7.91014E-02 -8.27210E-02
  -8.64055E-02 -9.01547E-02 -9.39686E-02 -9.78470E-02 -1.01790E-01 -1.05797E-01
  -1.09868E-01 -1.14003E-01 -1.18201E-01 -1.22461E-01 -1.26783E-01 -1.31166E-01
  -1.35610E-01 -1.40117E-01 -1.44688E-01 -1.49322E-01 -1.54016E-01 -1.58763E-01
  -1.63559E-01 -1.68397E-01 -1.73279E-01 -1.78207E-01 -1.83188E-01 -1.88226E-01
  -1.93321E-01 -1.98467E-01 -2.03658E-01 -2.08887E-01 -2.14149E-01 -2.19437E-01
  -2.24745E-01 -2.30065E-01 -2.35392E-01 -2.40715E-01 -2.46024E-01 -2.51309E-01
  -2.56559E-01 -2.61761E-01 -2.66898E-01 -2.71955E-01 -2.76915E-01 -2.81763E-01
  -2.86482E-01 -2.91054E-01 -2.95463E-01 -2.99695E-01 -3.03739E-01 -3.07585E-01
  -3.11224E-01 -3.14648E-01 -3.17854E-01 -3.20842E-01 -3.23611E-01 -3.26160E-01
  -3.28496E-01 -3.30628E-01 -3.32563E-01 -3.34312E-01 -3.35885E-01 -3.37296E-01
  -3.38557E-01 -3.39681E-01 -3.40681E-01 -3.41566E-01 -3.42347E-01 -3.43034E-01
  -3.43636E-01 -3.44159E-01 -3.44610E-01 -3.44995E-01 -3.45319E-01 -3.45587E-01
  -3.45802E-01 -3.45968E-01 -3.46087E-01 -3.46163E-01 -3.46198E-01 -3.46192E-01
  -3.46149E-01 -3.46069E-01 -3.45953E-01 -3.45803E-01 -3.45619E-01 -3.45402E-01
  -3.45153E-01 -3.44872E-01 -3.44561E-01 -3.44219E-01 -3.43847E-01 -3.43446E-01
  -3.43015E-01 -3.42556E-01 -3.42068E-01 -3.41553E-01 -3.41010E-01 -3.40440E-01
  -3.39844E-01 -3.39222E-01 -3.38573E-01 -3.37900E-01 -3.37202E-01 -3.36479E-01
  -3.35732E-01 -3.34963E-01 -3.34170E-01 -3.33355E-01 -3.32518E-01 -3.31660E-01
  -3.30780E-01 -3.29880E-01 -3.28961E-01 -3.28023E-01 -3.27068E-01 -3.26094E-01
  -3.25103E-01 -3.24091E-01 -3.23060E-01 -3.22007E-01 -3.20931E-01 -3.19833E-01
  -3.18710E-01 -1.50766E-02 -2.75836E-02 -3.89913E-02 -4.87491E-02 -5.65839E-02
  -6.22900E-02 -6.56617E-02 -6.65673E-02 -6.54669E-02 -6.31042E-02 -6.02242E-02
  -5.75485E-02 -5.53474E-02 -5.34879E-02 -5.18226E-02 -5.02051E-02 -4.85495E-02
  -4.68696E-02 -4.51886E-02 -4.35299E-02 -4.19101E-02 -4.03249E-02 -3.87658E-02
  -3.72244E-02 -3.56932E-02 -3.41710E-02 -3.26591E-02 -3.11587E-02 -2.96712E-02
  -2.81968E-02 -2.67354E-02 -2.52864E-02 -2.38498E-02 -2.24255E-02 -2.10142E-02
  -1.96166E-02 -1.82334E-02 -1.68653E-02 -1.55131E-02 -1.41774E-02 -1.28590E-02
  -1.15586E-02 -1.02771E-02 -9.01544E-03 -7.77455E-03 -6.55534E-03 -5.35871E-03
  -4.18549E-03 -3.03654E-03 -1.91272E-03 -8.15026E-04  2.55396E-04  1.29737E-03
   2.30974E-03  3.29130E-03  4.24087E-03  5.15719E-03  6.03905E-03  6.88522E-03
   7.69453E-03  8.46583E-03  9.19797E-03  9.88979E-03  1.05402E-02  1.11482E-02
   1.17127E-02  1.22326E-02  1.27070E-02  1.31348E-02  1.35152E-02  1.38472E-02
   1.41300E-02  1.43626E-02  1.45443E-02  1.46743E-02  1.47518E-02  1.47761E-02
   1.47466E-02  1.46626E-02  1.45235E-02  1.43287E-02  1.40777E-02  1.37700E-02
   1.34050E-02  1.29824E-02  1.25017E-02  1.19624E-02  1.13640E-02  1.07062E-02
   9.98870E-03  9.21116E-03  8.37329E-03  7.47483E-03  6.51562E-03  5.49551E-03
   4.41438E-03  3.27207E-03  2.06853E-03  8.03709E-04 -5.22435E-04 -1.90995E-03
  -3.35859E-03 -4.86803E-03 -6.43784E-03 -8.06767E-03 -9.75746E-03 -1.15076E-02
  -1.33185E-02 -1.51905E-02 -1.71239E-02 -1.91189E-02 -2.11755E-02 -2.32938E-02
  -2.54738E-02 -2.77158E-02 -3.00197E-02 -3.23857E-02 -3.48138E-02 -3.73042E-02
  -3.98571E-02 -4.24726E-02 -4.51509E-02 -4.78920E-02 -5.06962E-02 -5.35634E-02
  -5.64938E-02 -5.94873E-02 -6.25442E-02 -6.56646E-02 -6.88485E-02 -7.20960E-02
  -7.54073E-02 -7.87826E-02 -8.22220E-02 -8.57258E-02 -8.92941E-02 -9.29269E-02
  -9.66242E-02 -1.00386E-01 -1.04214E-01 -1.08106E-01 -1.12063E-01 -1.16085E-01
  -1.20173E-01 -1.24326E-01 -1.28543E-01 -1.32824E-01 -1.37170E-01 -1.41580E-01
  -1.46056E-01 -1.50599E-01 -1.55210E-01 -1.59886E-01 -1.64621E-01 -1.69412E-01
  -1.74254E-01 -1.79149E-01 -1.84101E-01 -1.89114E-01 -1.94193E-01 -1.99340E-01
  -2.04549E-01 -2.09816E-01 -2.15136E-01 -2.20504E-01 -2.25913E-01 -2.31360E-01
  -2.36837E-01 -2.42339E-01 -2.47863E-01 -2.53407E-01 -2.58967E-01 -2.64540E-01
  -2.70108E-01 -2.75643E-01 -2.81118E-01 -2.86505E-01 -2.91773E-01 -2.96887E-01
  -3.01812E-01 -3.06514E-01 -3.10964E-01 -3.15154E-01 -3.19076E-01 -3.22723E-01
  -3.26089E-01 -3.29165E-01 -3.31943E-01 -3.34415E-01 -3.36577E-01 -3.38441E-01
  -3.40032E-01 -3.41374E-01 -3.42493E-01 -3.43418E-01 -3.44187E-01 -3.44839E-01
  -3.45409E-01 -3.45921E-01 -3.46368E-01 -3.46743E-01 -3.47035E-01 -3.47240E-01
  -3.47368E-01 -3.47430E-01 -3.47438E-01 -3.47405E-01 -3.47334E-01 -3.47228E-01
  -3.47087E-01 -3.46913E-01 -3.46708E-01 -3.46474E-01 -3.46211E-01 -3.45923E-01
  -3.45609E-01 -3.45270E-01 -3.44907E-01 -3.44520E-01 -3.44110E-01 -3.43676E-01
  -3.43219E-01 -3.42739E-01 -3.42236E-01 -3.41710E-01 -3.41163E-01 -3.40592E-01
  -3.40000E-01 -3.39385E-01 -3.38749E-01 -3.38090E-01 -3.37410E-01 -3.36709E-01
  -3.35987E-01 -3.35244E-01 -3.34480E-01 -3.33696E-01 -3.32892E-01 -3.32068E-01
  -3.31225E-01 -3.30363E-01 -3.29483E-01 -3.28584E-01 -3.27667E-01 -3.26732E-01
  -3.25780E-01 -3.24812E-01 -3.23828E-01 -3.22829E-01 -3.21816E-01 -3.20786E-01
  -3.19740E-01 -3.18677E-01 -3.17595E-01 -3.16495E-01 -3.15375E-01 -3.14234E-01
  -1.34872E-02 -2.58242E-02 -3.70510E-02 -4.66162E-02 -5.42396E-02 -5.97072E-02
  -6.28047E-02 -6.33969E-02 -6.19764E-02 -5.93367E-02 -5.62733E-02 -5.35549E-02
  -5.14490E-02 -4.97746E-02 -4.83348E-02 -4.69338E-02 -4.54580E-02 -4.39293E-02
  -4.23825E-02 -4.08521E-02 -3.93634E-02 -3.79113E-02 -3.64844E-02 -3.50718E-02
  -3.36635E-02 -3.22587E-02 -3.08600E-02 -2.94703E-02 -2.80919E-02 -2.67260E-02
  -2.53722E-02 -2.40303E-02 -2.27001E-02 -2.13817E-02 -2.00761E-02 -1.87843E-02
  -1.75072E-02 -1.62457E-02 -1.50007E-02 -1.37730E-02 -1.25634E-02 -1.13728E-02
  -1.02021E-02 -9.05234E-03 -7.92452E-03 -6.81963E-03 -5.73861E-03 -4.68238E-03
  -3.65185E-03 -2.64792E-03 -1.67160E-03 -7.23933E-04  1.93972E-04  1.08105E-03
   1.93619E-03  2.75823E-03  3.54601E-03  4.29836E-03  5.01412E-03  5.69220E-03
   6.33151E-03  6.93099E-03  7.48956E-03  8.00623E-03  8.48005E-03  8.91008E-03
   9.29536E-03  9.63501E-03  9.92821E-03  1.01741E-02  1.03720E-02  1.05210E-02
   1.06204E-02  1.06696E-02  1.06680E-02  1.06150E-02  1.05099E-02  1.03523E-02
   1.01418E-02  9.87777E-03  9.55993E-03  9.18794E-03  8.76149E-03  8.28028E-03
   7.74397E-03  7.15222E-03  6.50470E-03  5.80107E-03  5.04105E-03  4.22447E-03
   3.35115E-03  2.42093E-03  1.43364E-03  3.89228E-04 -7.12359E-04 -1.87116E-03
  -3.08723E-03 -4.36056E-03 -5.69116E-03 -7.07897E-03 -8.52401E-03 -1.00261E-02
  -1.15849E-02 -1.32001E-02 -1.48715E-02 -1.65991E-02 -1.83831E-02 -2.02237E-02
  -2.21214E-02 -2.40764E-02 -2.60887E-02 -2.81586E-02 -3.02862E-02 -3.24716E-02
  -3.47149E-02 -3.70163E-02 -3.93759E-02 -4.17940E-02 -4.42706E-02 -4.68063E-02
  -4.94013E-02 -5.20560E-02 -5.47706E-02 -5.75453E-02 -6.03804E-02 -6.32761E-02
  -6.62326E-02 -6.92502E-02 -7.23291E-02 -7.54696E-02 -7.86720E-02 -8.19367E-02
  -8.52641E-02 -8.86545E-02 -9.21085E-02 -9.56263E-02 -9.92084E-02 -1.02855E-01
  -1.06566E-01 -1.10343E-01 -1.14186E-01 -1.18095E-01 -1.22070E-01 -1.26112E-01
  -1.30221E-01 -1.34396E-01 -1.38639E-01 -1.42950E-01 -1.47328E-01 -1.51776E-01
  -1.56295E-01 -1.60884E-01 -1.65543E-01 -1.70270E-01 -1.75061E-01 -1.79916E-01
  -1.84835E-01 -1.89821E-01 -1.94878E-01 -2.00010E-01 -2.05219E-01 -2.10501E-01
  -2.15856E-01 -2.21282E-01 -2.26775E-01 -2.32330E-01 -2.37943E-01 -2.43609E-01
  -2.49324E-01 -2.55093E-01 -2.60925E-01 -2.66831E-01 -2.72814E-01 -2.78852E-01
  -2.84902E-01 -2.90919E-01 -2.96861E-01 -3.02677E-01 -3.08309E-01 -3.13699E-01
  -3.18788E-01 -3.23535E-01 -3.27931E-01 -3.31975E-01 -3.35663E-01 -3.38991E-01
  -3.41944E-01 -3.44506E-01 -3.46660E-01 -3.48392E-01 -3.49726E-01 -3.50703E-01
  -3.51364E-01 -3.51751E-01 -3.51921E-01 -3.51939E-01 -3.51876E-01 -3.51797E-01
  -3.51740E-01 -3.51681E-01 -3.51590E-01 -3.51437E-01 -3.51201E-01 -3.50893E-01
  -3.50532E-01 -3.50136E-01 -3.49721E-01 -3.49292E-01 -3.48847E-01 -3.48386E-01
  -3.47908E-01 -3.47413E-01 -3.46901E-01 -3.46375E-01 -3.45836E-01 -3.45284E-01
  -3.44719E-01 -3.44141E-01 -3.43549E-01 -3.42943E-01 -3.42322E-01 -3.41687E-01
  -3.41037E-01 -3.40372E-01 -3.39692E-01 -3.38996E-01 -3.38285E-01 -3.37557E-01
  -3.36814E-01 -3.36055E-01 -3.35280E-01 -3.34488E-01 -3.33680E-01 -3.32856E-01
  -3.32016E-01 -3.31160E-01 -3.30288E-01 -3.29400E-01 -3.28497E-01 -3.27578E-01
  -3.26645E-01 -3.25696E-01 -3.24732E-01 -3.23754E-01 -3.22762E-01 -3.21756E-01
  -3.20736E-01 -3.19703E-01 -3.18658E-01 -3.17600E-01 -3.16530E-01 -3.15447E-01
  -3.14351E-01 -3.13241E-01 -3.12118E-01 -3.10981E-01 -3.09830E-01 -1.17667E-02
  -2.39110E-02 -3.49297E-02 -4.42697E-02 -5.16447E-02 -5.68331E-02 -5.96134E-02
  -5.98477E-02 -5.80652E-02 -5.51147E-02 -5.18469E-02 -4.90833E-02 -4.70877E-02
  -4.56252E-02 -4.44436E-02 -4.32921E-02 -4.20255E-02 -4.06736E-02 -3.92827E-02
  -3.78990E-02 -3.65563E-02 -3.52491E-02 -3.39640E-02 -3.26877E-02 -3.14086E-02
  -3.01263E-02 -2.88450E-02 -2.75689E-02 -2.63020E-02 -2.50460E-02 -2.38007E-02
  -2.25662E-02 -2.13422E-02 -2.01294E-02 -1.89287E-02 -1.77416E-02 -1.65693E-02
  -1.54128E-02 -1.42734E-02 -1.31518E-02 -1.20491E-02 -1.09662E-02 -9.90420E-03
  -8.86416E-03 -7.84716E-03 -6.85428E-03 -5.88654E-03 -4.94492E-03 -4.03043E-03
  -3.14403E-03 -2.28674E-03 -1.45955E-03 -6.63501E-04  1.00424E-04  8.31169E-04
   1.52765E-03  2.18876E-03  2.81338E-03  3.40043E-03  3.94889E-03  4.45774E-03
   4.92601E-03  5.35268E-03  5.73688E-03  6.07775E-03  6.37445E-03  6.62613E-03
   6.83203E-03  6.99145E-03  7.10369E-03  7.16806E-03  7.18393E-03  7.15075E-03
   7.06803E-03  6.93525E-03  6.75191E-03  6.51768E-03  6.23221E-03  5.89519E-03
   5.50630E-03  5.06535E-03  4.57222E-03  4.02679E-03  3.42893E-03  2.77848E-03
   2.07521E-03  1.31891E-03  5.09347E-04 -3.53606E-04 -1.27001E-03 -2.23989E-03
  -3.26329E-03 -4.34026E-03 -5.47075E-03 -6.65472E-03 -7.89212E-03 -9.18293E-03
  -1.05270E-02 -1.19244E-02 -1.33750E-02 -1.48786E-02 -1.64352E-02 -1.80445E-02
  -1.97064E-02 -2.14208E-02 -2.31875E-02 -2.50068E-02 -2.68788E-02 -2.88038E-02
  -3.07818E-02 -3.28130E-02 -3.48977E-02 -3.70359E-02 -3.92279E-02 -4.14739E-02
  -4.37740E-02 -4.61284E-02 -4.85375E-02 -5.10014E-02 -5.35208E-02 -5.60960E-02
  -5.87274E-02 -6.14156E-02 -6.41608E-02 -6.69635E-02 -6.98242E-02 -7.27430E-02
  -7.57207E-02 -7.87576E-02 -8.18542E-02 -8.50110E-02 -8.82286E-02 -9.15076E-02
  -9.48486E-02 -9.82523E-02 -1.01719E-01 -1.05250E-01 -1.08845E-01 -1.12506E-01
  -1.16232E-01 -1.20024E-01 -1.23884E-01 -1.27811E-01 -1.31807E-01 -1.35871E-01
  -1.40005E-01 -1.44210E-01 -1.48485E-01 -1.52832E-01 -1.57251E-01 -1.61744E-01
  -1.66312E-01 -1.70955E-01 -1.75673E-01 -1.80466E-01 -1.85335E-01 -1.90279E-01
  -1.95302E-01 -2.00406E-01 -2.05593E-01 -2.10866E-01 -2.16224E-01 -2.21670E-01
  -2.27206E-01 -2.32831E-01 -2.38541E-01 -2.44333E-01 -2.50201E-01 -2.56145E-01
  -2.62180E-01 -2.68328E-01 -2.74610E-01 -2.81045E-01 -2.87601E-01 -2.94215E-01
  -3.00827E-01 -3.07372E-01 -3.13780E-01 -3.19969E-01 -3.25858E-01 -3.31365E-01
  -3.36432E-01 -3.41056E-01 -3.45241E-01 -3.48988E-01 -3.52298E-01 -3.55152E-01
  -3.57523E-01 -3.59388E-01 -3.60727E-01 -3.61569E-01 -3.61966E-01 -3.61974E-01
  -3.61647E-01 -3.61060E-01 -3.60311E-01 -3.59498E-01 -3.58717E-01 -3.58021E-01
  -3.57376E-01 -3.56742E-01 -3.56076E-01 -3.55349E-01 -3.54572E-01 -3.53763E-01
  -3.52945E-01 -3.52134E-01 -3.51335E-01 -3.50543E-01 -3.49754E-01 -3.48966E-01
  -3.48178E-01 -3.47388E-01 -3.46599E-01 -3.45810E-01 -3.45021E-01 -3.44231E-01
  -3.43439E-01 -3.42643E-01 -3.41842E-01 -3.41037E-01 -3.40225E-01 -3.39406E-01
  -3.38580E-01 -3.37746E-01 -3.36904E-01 -3.36052E-01 -3.35191E-01 -3.34319E-01
  -3.33437E-01 -3.32545E-01 -3.31641E-01 -3.30726E-01 -3.29800E-01 -3.28862E-01
  -3.27913E-01 -3.26952E-01 -3.25979E-01 -3.24995E-01 -3.23999E-01 -3.22992E-01
  -3.21973E-01 -3.20943E-01 -3.19902E-01 -3.18850E-01 -3.17787E-01 -3.16714E-01
  -3.15630E-01 -3.14537E-01 -3.13433E-01 -3.12319E-01 -3.11197E-01 -3.10066E-01
  -3.08927E-01 -3.07781E-01 -3.06627E-01 -3.05467E-01 -9.96062E-03 -2.18988E-02
  -3.26930E-02 -4.17884E-02 -4.88937E-02 -5.37812E-02 -5.62235E-02 -5.60816E-02
  -5.39217E-02 -5.06479E-02 -4.71662E-02 -4.43505E-02 -4.24612E-02 -4.12105E-02
  -4.02912E-02 -3.93978E-02 -3.83533E-02 -3.71932E-02 -3.59728E-02 -3.47476E-02
  -3.35583E-02 -3.24000E-02 -3.12581E-02 -3.01185E-02 -2.89686E-02 -2.78091E-02
  -2.66452E-02 -2.54824E-02 -2.43262E-02 -2.31787E-02 -2.20402E-02 -2.09110E-02
  -1.97912E-02 -1.86815E-02 -1.75834E-02 -1.64985E-02 -1.54284E-02 -1.43744E-02
  -1.33378E-02 -1.23196E-02 -1.13211E-02 -1.03432E-02 -9.38717E-03 -8.45416E-03
  -7.54531E-03 -6.66178E-03 -5.80468E-03 -4.97507E-03 -4.17402E-03 -3.40259E-03
  -2.66182E-03 -1.95265E-03 -1.27607E-03 -6.33029E-04 -2.45264E-05  5.48415E-04
   1.08475E-03  1.58343E-03  2.04343E-03  2.46381E-03  2.84366E-03  3.18205E-03
   3.47807E-03  3.73094E-03  3.93991E-03  4.10423E-03  4.22318E-03  4.29610E-03
   4.32241E-03  4.30155E-03  4.23295E-03  4.11610E-03  3.95062E-03  3.73614E-03
   3.47229E-03  3.15872E-03  2.79525E-03  2.38168E-03  1.91788E-03  1.40367E-03
   8.39047E-04  2.24055E-04 -4.41247E-04 -1.15682E-03 -1.92267E-03 -2.73888E-03
  -3.60552E-03 -4.52266E-03 -5.49031E-03 -6.50837E-03 -7.57672E-03 -8.69528E-03
  -9.86394E-03 -1.10826E-02 -1.23510E-02 -1.36691E-02 -1.50368E-02 -1.64538E-02
  -1.79201E-02 -1.94355E-02 -2.09998E-02 -2.26130E-02 -2.42749E-02 -2.59853E-02
  -2.77443E-02 -2.95518E-02 -3.14078E-02 -3.33124E-02 -3.52657E-02 -3.72677E-02
  -3.93186E-02 -4.14187E-02 -4.35680E-02 -4.57669E-02 -4.80156E-02 -5.03144E-02
  -5.26637E-02 -5.50638E-02 -5.75151E-02 -6.00181E-02 -6.25733E-02 -6.51812E-02
  -6.78422E-02 -7.05571E-02 -7.33263E-02 -7.61506E-02 -7.90304E-02 -8.19666E-02
  -8.49599E-02 -8.80110E-02 -9.11206E-02 -9.42895E-02 -9.75184E-02 -1.00808E-01
  -1.04160E-01 -1.07574E-01 -1.11052E-01 -1.14594E-01 -1.18201E-01 -1.21874E-01
  -1.25614E-01 -1.29422E-01 -1.33299E-01 -1.37246E-01 -1.41264E-01 -1.45353E-01
  -1.49516E-01 -1.53753E-01 -1.58066E-01 -1.62454E-01 -1.66919E-01 -1.71464E-01
  -1.76088E-01 -1.80794E-01 -1.85585E-01 -1.90462E-01 -1.95426E-01 -2.00480E-01
  -2.05624E-01 -2.10859E-01 -2.16188E-01 -2.21617E-01 -2.27149E-01 -2.32789E-01
  -2.38540E-01 -2.44399E-01 -2.50364E-01 -2.56432E-01 -2.62602E-01 -2.68901E-01
  -2.75362E-01 -2.82019E-01 -2.88899E-01 -2.95963E-01 -3.03128E-01 -3.10310E-01
  -3.17427E-01 -3.24386E-01 -3.31089E-01 -3.37434E-01 -3.43320E-01 -3.48680E-01
  -3.53514E-01 -3.57832E-01 -3.61644E-01 -3.64956E-01 -3.67745E-01 -3.69984E-01
  -3.71644E-01 -3.72702E-01 -3.73186E-01 -3.73150E-01 -3.72648E-01 -3.71737E-01
  -3.70503E-01 -3.69063E-01 -3.67536E-01 -3.66041E-01 -3.64645E-01 -3.63327E-01
  -3.62053E-01 -3.60791E-01 -3.59517E-01 -3.58238E-01 -3.56969E-01 -3.55723E-01
  -3.54514E-01 -3.53340E-01 -3.52198E-01 -3.51081E-01 -3.49985E-01 -3.48906E-01
  -3.47844E-01 -3.46797E-01 -3.45764E-01 -3.44744E-01 -3.43735E-01 -3.42734E-01
  -3.41740E-01 -3.40750E-01 -3.39764E-01 -3.38780E-01 -3.37798E-01 -3.36815E-01
  -3.35830E-01 -3.34844E-01 -3.33855E-01 -3.32861E-01 -3.31864E-01 -3.30861E-01
  -3.29852E-01 -3.28838E-01 -3.27817E-01 -3.26789E-01 -3.25754E-01 -3.24711E-01
  -3.23661E-01 -3.22603E-01 -3.21538E-01 -3.20464E-01 -3.19382E-01 -3.18293E-01
  -3.17195E-01 -3.16090E-01 -3.14977E-01 -3.13857E-01 -3.12729E-01 -3.11592E-01
  -3.10448E-01 -3.09297E-01 -3.08139E-01 -3.06976E-01 -3.05808E-01 -3.04637E-01
  -3.03463E-01 -3.02289E-01 -3.01113E-01 -8.11393E-03 -1.98418E-02 -3.04065E-02
  -3.92514E-02 -4.60815E-02 -5.06651E-02 -5.27704E-02 -5.22587E-02 -4.97304E-02
  -4.61402E-02 -4.24451E-02 -3.95670E-02 -3.77641E-02 -3.67012E-02 -3.60221E-02
  -3.53728E-02 -3.45467E-02 -3.35814E-02 -3.25372E-02 -3.14744E-02 -3.04381E-02
  -2.94242E-02 -2.84193E-02 -2.74095E-02 -2.63832E-02 -2.53416E-02 -2.42911E-02
  -2.32380E-02 -2.21884E-02 -2.11453E-02 -2.01094E-02 -1.90811E-02 -1.80612E-02
  -1.70506E-02 -1.60511E-02 -1.50647E-02 -1.40930E-02 -1.31377E-02 -1.22003E-02
  -1.12819E-02 -1.03840E-02 -9.50767E-03 -8.65430E-03 -7.82508E-03 -7.02126E-03
  -6.24408E-03 -5.49470E-03 -4.77426E-03 -4.08389E-03 -3.42471E-03 -2.79776E-03
  -2.20400E-03 -1.64439E-03 -1.11987E-03 -6.31407E-04 -1.79960E-04  2.33486E-04
   6.07962E-04  9.42506E-04  1.23627E-03  1.48841E-03  1.69812E-03  1.86456E-03
   1.98705E-03  2.06495E-03  2.09762E-03  2.08444E-03  2.02486E-03  1.91845E-03
   1.76476E-03  1.56335E-03  1.31385E-03  1.01602E-03  6.69608E-04  2.74398E-04
  -1.69813E-04 -6.63069E-04 -1.20541E-03 -1.79682E-03 -2.43733E-03 -3.12679E-03
  -3.86501E-03 -4.65179E-03 -5.48692E-03 -6.37026E-03 -7.30171E-03 -8.28116E-03
  -9.30853E-03 -1.03836E-02 -1.15062E-02 -1.26760E-02 -1.38928E-02 -1.51562E-02
  -1.64661E-02 -1.78222E-02 -1.92242E-02 -2.06719E-02 -2.21650E-02 -2.37033E-02
  -2.52866E-02 -2.69146E-02 -2.85872E-02 -3.03042E-02 -3.20656E-02 -3.38713E-02
  -3.57211E-02 -3.76151E-02 -3.95533E-02 -4.15356E-02 -4.35620E-02 -4.56328E-02
  -4.77481E-02 -4.99082E-02 -5.21132E-02 -5.43638E-02 -5.66603E-02 -5.90033E-02
  -6.13935E-02 -6.38312E-02 -6.63169E-02 -6.88510E-02 -7.14339E-02 -7.40663E-02
  -7.67489E-02 -7.94826E-02 -8.22682E-02 -8.51066E-02 -8.79989E-02 -9.09459E-02
  -9.39487E-02 -9.70082E-02 -1.00126E-01 -1.03302E-01 -1.06537E-01 -1.09833E-01
  -1.13192E-01 -1.16612E-01 -1.20097E-01 -1.23648E-01 -1.27264E-01 -1.30948E-01
  -1.34701E-01 -1.38524E-01 -1.42417E-01 -1.46384E-01 -1.50425E-01 -1.54541E-01
  -1.58735E-01 -1.63007E-01 -1.67358E-01 -1.71791E-01 -1.76306E-01 -1.80907E-01
  -1.85595E-01 -1.90376E-01 -1.95251E-01 -2.00222E-01 -2.05291E-01 -2.10459E-01
  -2.15728E-01 -2.21101E-01 -2.26585E-01 -2.32188E-01 -2.37916E-01 -2.43776E-01
  -2.49765E-01 -2.55883E-01 -2.62127E-01 -2.68502E-01 -2.75040E-01 -2.81784E-01
  -2.88776E-01 -2.96053E-01 -3.03563E-01 -3.11204E-01 -3.18871E-01 -3.26459E-01
  -3.33859E-01 -3.40962E-01 -3.47656E-01 -3.53830E-01 -3.59410E-01 -3.64403E-01
  -3.68826E-01 -3.72696E-01 -3.76026E-01 -3.78797E-01 -3.80984E-01 -3.82559E-01
  -3.83503E-01 -3.83831E-01 -3.83585E-01 -3.82802E-01 -3.81524E-01 -3.79833E-01
  -3.77854E-01 -3.75711E-01 -3.73531E-01 -3.71398E-01 -3.69326E-01 -3.67317E-01
  -3.65377E-01 -3.63509E-01 -3.61711E-01 -3.59981E-01 -3.58318E-01 -3.56719E-01
  -3.55178E-01 -3.53692E-01 -3.52254E-01 -3.50858E-01 -3.49501E-01 -3.48178E-01
  -3.46886E-01 -3.45622E-01 -3.44382E-01 -3.43164E-01 -3.41964E-01 -3.40781E-01
  -3.39611E-01 -3.38453E-01 -3.37304E-01 -3.36164E-01 -3.35030E-01 -3.33901E-01
  -3.32776E-01 -3.31654E-01 -3.30533E-01 -3.29412E-01 -3.28292E-01 -3.27170E-01
  -3.26047E-01 -3.24922E-01 -3.23794E-01 -3.22663E-01 -3.21528E-01 -3.20390E-01
  -3.19248E-01 -3.18101E-01 -3.16950E-01 -3.15794E-01 -3.14634E-01 -3.13469E-01
  -3.12299E-01 -3.11124E-01 -3.09945E-01 -3.08761E-01 -3.07572E-01 -3.06377E-01
  -3.05178E-01 -3.03974E-01 -3.02769E-01 -3.01561E-01 -3.00354E-01 -2.99148E-01
  -2.97943E-01 -2.96743E-01 -6.26964E-03 -1.77929E-02 -2.81351E-02 -3.67384E-02
  -4.33049E-02 -4.75996E-02 -4.93875E-02 -4.85302E-02 -4.56585E-02 -4.17716E-02
  -3.78709E-02 -3.49206E-02 -3.31779E-02 -3.22675E-02 -3.17919E-02 -3.13559E-02
  -3.07271E-02 -2.99425E-02 -2.90641E-02 -2.81542E-02 -2.72594E-02 -2.63774E-02
  -2.54964E-02 -2.46041E-02 -2.36904E-02 -2.27574E-02 -2.18119E-02 -2.08607E-02
  -1.99105E-02 -1.89648E-02 -1.80245E-02 -1.70907E-02 -1.61644E-02 -1.52471E-02
  -1.43407E-02 -1.34474E-02 -1.25690E-02 -1.17077E-02 -1.08648E-02 -1.00418E-02
  -9.24021E-03 -8.46142E-03 -7.70679E-03 -6.97764E-03 -6.27530E-03 -5.60110E-03
  -4.95624E-03 -4.34192E-03 -3.75928E-03 -3.20951E-03 -2.69367E-03 -2.21273E-03
  -1.76764E-03 -1.35936E-03 -9.88839E-04 -6.56977E-04 -3.64688E-04 -1.12875E-04
   9.75770E-05  2.65904E-04  3.91368E-04  4.73237E-04  5.10788E-04  5.03427E-04
   4.50626E-04  3.51858E-04  2.06604E-04  1.44394E-05 -2.24950E-04 -5.11878E-04
  -8.46654E-04 -1.22952E-03 -1.66059E-03 -2.13995E-03 -2.66769E-03 -3.24388E-03
  -3.86841E-03 -4.54118E-03 -5.26203E-03 -6.03084E-03 -6.84732E-03 -7.71115E-03
  -8.62198E-03 -9.57948E-03 -1.05833E-02 -1.16332E-02 -1.27288E-02 -1.38699E-02
  -1.50560E-02 -1.62868E-02 -1.75618E-02 -1.88805E-02 -2.02426E-02 -2.16476E-02
  -2.30952E-02 -2.45849E-02 -2.61163E-02 -2.76891E-02 -2.93030E-02 -3.09575E-02
  -3.26524E-02 -3.43875E-02 -3.61624E-02 -3.79772E-02 -3.98315E-02 -4.17252E-02
  -4.36584E-02 -4.56309E-02 -4.76427E-02 -4.96938E-02 -5.17843E-02 -5.39144E-02
  -5.60845E-02 -5.82948E-02 -6.05459E-02 -6.28385E-02 -6.51735E-02 -6.75516E-02
  -6.99734E-02 -7.24391E-02 -7.49493E-02 -7.75044E-02 -8.01049E-02 -8.27521E-02
  -8.54469E-02 -8.81904E-02 -9.09837E-02 -9.38281E-02 -9.67249E-02 -9.96752E-02
  -1.02680E-01 -1.05741E-01 -1.08860E-01 -1.12036E-01 -1.15273E-01 -1.18570E-01
  -1.21929E-01 -1.25352E-01 -1.28839E-01 -1.32394E-01 -1.36016E-01 -1.39708E-01
  -1.43471E-01 -1.47306E-01 -1.51216E-01 -1.55201E-01 -1.59265E-01 -1.63408E-01
  -1.67632E-01 -1.71940E-01 -1.76332E-01 -1.80811E-01 -1.85379E-01 -1.90041E-01
  -1.94799E-01 -1.99658E-01 -2.04620E-01 -2.09686E-01 -2.14860E-01 -2.20143E-01
  -2.25539E-01 -2.31058E-01 -2.36709E-01 -2.42501E-01 -2.48439E-01 -2.54526E-01
  -2.60761E-01 -2.67144E-01 -2.73681E-01 -2.80409E-01 -2.87379E-01 -2.94640E-01
  -3.02233E-01 -3.10096E-01 -3.18108E-01 -3.26144E-01 -3.34078E-01 -3.41791E-01
  -3.49169E-01 -3.56097E-01 -3.62460E-01 -3.68184E-01 -3.73281E-01 -3.77776E-01
  -3.81692E-01 -3.85049E-01 -3.87833E-01 -3.90027E-01 -3.91610E-01 -3.92566E-01
  -3.92898E-01 -3.92618E-01 -3.91742E-01 -3.90284E-01 -3.88312E-01 -3.85947E-01
  -3.83309E-01 -3.80521E-01 -3.77683E-01 -3.74857E-01 -3.72103E-01 -3.69478E-01
  -3.67026E-01 -3.64734E-01 -3.62578E-01 -3.60533E-01 -3.58577E-01 -3.56699E-01
  -3.54894E-01 -3.53158E-01 -3.51486E-01 -3.49872E-01 -3.48310E-01 -3.46794E-01
  -3.45317E-01 -3.43874E-01 -3.42463E-01 -3.41079E-01 -3.39719E-01 -3.38380E-01
  -3.37061E-01 -3.35758E-01 -3.34469E-01 -3.33193E-01 -3.31926E-01 -3.30669E-01
  -3.29420E-01 -3.28176E-01 -3.26938E-01 -3.25704E-01 -3.24473E-01 -3.23244E-01
  -3.22018E-01 -3.20792E-01 -3.19567E-01 -3.18343E-01 -3.17118E-01 -3.15892E-01
  -3.14665E-01 -3.13437E-01 -3.12208E-01 -3.10977E-01 -3.09744E-01 -3.08510E-01
  -3.07273E-01 -3.06035E-01 -3.04795E-01 -3.03552E-01 -3.02307E-01 -3.01059E-01
  -2.99810E-01 -2.98561E-01 -2.97312E-01 -2.96065E-01 -2.94821E-01 -2.93580E-01
  -2.92345E-01 -4.47024E-03 -1.58041E-02 -2.59433E-02 -3.43293E-02 -4.06610E-02
  -4.47000E-02 -4.62078E-02 -4.50455E-02 -4.18693E-02 -3.77156E-02 -3.36236E-02
  -3.05930E-02 -2.88808E-02 -2.80797E-02 -2.77588E-02 -2.74901E-02 -2.70198E-02
  -2.63832E-02 -2.56428E-02 -2.48610E-02 -2.40849E-02 -2.33138E-02 -2.25373E-02
  -2.17450E-02 -2.09283E-02 -2.00897E-02 -1.92364E-02 -1.83755E-02 -1.75139E-02
  -1.66554E-02 -1.58014E-02 -1.49533E-02 -1.41126E-02 -1.32809E-02 -1.24604E-02
  -1.16534E-02 -1.08622E-02 -1.00888E-02 -9.33485E-03 -8.60196E-03 -7.89173E-03
  -7.20570E-03 -6.54534E-03 -5.91204E-03 -5.30720E-03 -4.73223E-03 -4.18840E-03
  -3.67690E-03 -3.19892E-03 -2.75565E-03 -2.34820E-03 -1.97752E-03 -1.64461E-03
  -1.35042E-03 -1.09590E-03 -8.81895E-04 -7.09241E-04 -5.78780E-04 -4.91321E-04
  -4.47540E-04 -4.48078E-04 -4.93576E-04 -5.84660E-04 -7.21821E-04 -9.05477E-04
  -1.13605E-03 -1.41395E-03 -1.73947E-03 -2.11282E-03 -2.53417E-03 -3.00370E-03
  -3.52153E-03 -4.08762E-03 -4.70193E-03 -5.36440E-03 -6.07495E-03 -6.83333E-03
  -7.63929E-03 -8.49252E-03 -9.39275E-03 -1.03395E-02 -1.13325E-02 -1.23710E-02
  -1.34546E-02 -1.45829E-02 -1.57553E-02 -1.69713E-02 -1.82304E-02 -1.95319E-02
  -2.08753E-02 -2.22599E-02 -2.36851E-02 -2.51503E-02 -2.66549E-02 -2.81983E-02
  -2.97800E-02 -3.13993E-02 -3.30558E-02 -3.47491E-02 -3.64785E-02 -3.82436E-02
  -4.00441E-02 -4.18797E-02 -4.37500E-02 -4.56549E-02 -4.75940E-02 -4.95674E-02
  -5.15750E-02 -5.36166E-02 -5.56922E-02 -5.78021E-02 -5.99466E-02 -6.21258E-02
  -6.43401E-02 -6.65903E-02 -6.88771E-02 -7.12015E-02 -7.35643E-02 -7.59661E-02
  -7.84076E-02 -8.08893E-02 -8.34118E-02 -8.59759E-02 -8.85829E-02 -9.12341E-02
  -9.39307E-02 -9.66739E-02 -9.94653E-02 -1.02306E-01 -1.05198E-01 -1.08143E-01
  -1.11142E-01 -1.14196E-01 -1.17307E-01 -1.20476E-01 -1.23705E-01 -1.26996E-01
  -1.30350E-01 -1.33769E-01 -1.37254E-01 -1.40808E-01 -1.44432E-01 -1.48128E-01
  -1.51897E-01 -1.55742E-01 -1.59665E-01 -1.63667E-01 -1.67751E-01 -1.71919E-01
  -1.76173E-01 -1.80515E-01 -1.84947E-01 -1.89472E-01 -1.94094E-01 -1.98816E-01
  -2.03642E-01 -2.08576E-01 -2.13619E-01 -2.18776E-01 -2.24049E-01 -2.29445E-01
  -2.34971E-01 -2.40640E-01 -2.46460E-01 -2.52439E-01 -2.58579E-01 -2.64880E-01
  -2.71345E-01 -2.77980E-01 -2.84828E-01 -2.91942E-01 -2.99377E-01 -3.07176E-01
  -3.15272E-01 -3.23526E-01 -3.31795E-01 -3.39940E-01 -3.47833E-01 -3.55361E-01
  -3.62410E-01 -3.68870E-01 -3.74667E-01 -3.79819E-01 -3.84354E-01 -3.88300E-01
  -3.91681E-01 -3.94493E-01 -3.96723E-01 -3.98362E-01 -3.99396E-01 -3.99815E-01
  -3.99603E-01 -3.98747E-01 -3.97236E-01 -3.95119E-01 -3.92506E-01 -3.89508E-01
  -3.86236E-01 -3.82805E-01 -3.79327E-01 -3.75920E-01 -3.72696E-01 -3.69742E-01
  -3.67033E-01 -3.64522E-01 -3.62162E-01 -3.59908E-01 -3.57744E-01 -3.55668E-01
  -3.53676E-01 -3.51766E-01 -3.49930E-01 -3.48160E-01 -3.46448E-01 -3.44784E-01
  -3.43162E-01 -3.41577E-01 -3.40028E-01 -3.38508E-01 -3.37017E-01 -3.35550E-01
  -3.34104E-01 -3.32678E-01 -3.31269E-01 -3.29875E-01 -3.28493E-01 -3.27124E-01
  -3.25764E-01 -3.24414E-01 -3.23071E-01 -3.21735E-01 -3.20406E-01 -3.19081E-01
  -3.17761E-01 -3.16445E-01 -3.15132E-01 -3.13822E-01 -3.12515E-01 -3.11210E-01
  -3.09906E-01 -3.08604E-01 -3.07304E-01 -3.06004E-01 -3.04705E-01 -3.03408E-01
  -3.02111E-01 -3.00814E-01 -2.99518E-01 -2.98222E-01 -2.96926E-01 -2.95631E-01
  -2.94337E-01 -2.93046E-01 -2.91757E-01 -2.90472E-01 -2.89191E-01 -2.87915E-01
  -2.75825E-03 -1.39278E-02 -2.38960E-02 -3.21041E-02 -3.82471E-02 -4.20816E-02
  -4.33642E-02 -4.19539E-02 -3.85258E-02 -3.41462E-02 -2.98836E-02 -2.67660E-02
  -2.50511E-02 -2.43080E-02 -2.40812E-02 -2.39183E-02 -2.35499E-02 -2.30104E-02
  -2.23626E-02 -2.16690E-02 -2.09774E-02 -2.02877E-02 -1.95902E-02 -1.88752E-02
  -1.81347E-02 -1.73716E-02 -1.65933E-02 -1.58070E-02 -1.50197E-02 -1.42354E-02
  -1.34559E-02 -1.26826E-02 -1.19173E-02 -1.11617E-02 -1.04184E-02 -9.68971E-03
  -8.97799E-03 -8.28549E-03 -7.61395E-03 -6.96504E-03 -6.34044E-03 -5.74181E-03
  -5.17066E-03 -4.62848E-03 -4.11674E-03 -3.63691E-03 -3.19029E-03 -2.77810E-03
  -2.40154E-03 -2.06179E-03 -1.75998E-03 -1.49709E-03 -1.27409E-03 -1.09198E-03
  -9.51674E-04 -8.53965E-04 -7.99629E-04 -7.89439E-04 -8.24136E-04 -9.04311E-04
  -1.03051E-03 -1.20329E-03 -1.42317E-03 -1.69056E-03 -2.00575E-03 -2.36907E-03
  -2.78080E-03 -3.24114E-03 -3.75015E-03 -4.30788E-03 -4.91438E-03 -5.56965E-03
  -6.27348E-03 -7.02569E-03 -7.82609E-03 -8.67443E-03 -9.57032E-03 -1.05133E-02
  -1.15030E-02 -1.25389E-02 -1.36204E-02 -1.47470E-02 -1.59179E-02 -1.71325E-02
  -1.83902E-02 -1.96901E-02 -2.10314E-02 -2.24136E-02 -2.38356E-02 -2.52967E-02
  -2.67961E-02 -2.83330E-02 -2.99064E-02 -3.15157E-02 -3.31599E-02 -3.48384E-02
  -3.65502E-02 -3.82948E-02 -4.00714E-02 -4.18794E-02 -4.37182E-02 -4.55872E-02
  -4.74860E-02 -4.94142E-02 -5.13714E-02 -5.33572E-02 -5.53718E-02 -5.74149E-02
  -5.94865E-02 -6.15865E-02 -6.37153E-02 -6.58733E-02 -6.80606E-02 -7.02777E-02
  -7.25253E-02 -7.48039E-02 -7.71143E-02 -7.94574E-02 -8.18339E-02 -8.42450E-02
  -8.66918E-02 -8.91753E-02 -9.16967E-02 -9.42574E-02 -9.68588E-02 -9.95023E-02
  -1.02189E-01 -1.04921E-01 -1.07699E-01 -1.10526E-01 -1.13403E-01 -1.16331E-01
  -1.19312E-01 -1.22349E-01 -1.25443E-01 -1.28596E-01 -1.31809E-01 -1.35086E-01
  -1.38427E-01 -1.41835E-01 -1.45312E-01 -1.48860E-01 -1.52480E-01 -1.56175E-01
  -1.59947E-01 -1.63797E-01 -1.67729E-01 -1.71744E-01 -1.75845E-01 -1.80033E-01
  -1.84312E-01 -1.88684E-01 -1.93151E-01 -1.97717E-01 -2.02386E-01 -2.07161E-01
  -2.12046E-01 -2.17044E-01 -2.22159E-01 -2.27395E-01 -2.32759E-01 -2.38259E-01
  -2.43907E-01 -2.49711E-01 -2.55681E-01 -2.61817E-01 -2.68121E-01 -2.74594E-01
  -2.81243E-01 -2.88114E-01 -2.95265E-01 -3.02751E-01 -3.10622E-01 -3.18802E-01
  -3.27143E-01 -3.35493E-01 -3.43701E-01 -3.51636E-01 -3.59189E-01 -3.66254E-01
  -3.72723E-01 -3.78529E-01 -3.83688E-01 -3.88232E-01 -3.92188E-01 -3.95582E-01
  -3.98415E-01 -4.00682E-01 -4.02377E-01 -4.03496E-01 -4.04011E-01 -4.03890E-01
  -4.03097E-01 -4.01600E-01 -3.99433E-01 -3.96694E-01 -3.93483E-01 -3.89902E-01
  -3.86069E-01 -3.82141E-01 -3.78277E-01 -3.74634E-01 -3.71331E-01 -3.68335E-01
  -3.65579E-01 -3.62998E-01 -3.60531E-01 -3.58158E-01 -3.55879E-01 -3.53692E-01
  -3.51596E-01 -3.49585E-01 -3.47649E-01 -3.45777E-01 -3.43959E-01 -3.42186E-01
  -3.40455E-01 -3.38763E-01 -3.37105E-01 -3.35478E-01 -3.33880E-01 -3.32308E-01
  -3.30758E-01 -3.29227E-01 -3.27715E-01 -3.26219E-01 -3.24738E-01 -3.23270E-01
  -3.21814E-01 -3.20368E-01 -3.18933E-01 -3.17507E-01 -3.16089E-01 -3.14678E-01
  -3.13274E-01 -3.11876E-01 -3.10484E-01 -3.09098E-01 -3.07716E-01 -3.06338E-01
  -3.04965E-01 -3.03596E-01 -3.02230E-01 -3.00869E-01 -2.99510E-01 -2.98155E-01
  -2.96803E-01 -2.95453E-01 -2.94107E-01 -2.92763E-01 -2.91422E-01 -2.90084E-01
  -2.88750E-01 -2.87418E-01 -2.86091E-01 -2.84766E-01 -2.83446E-01 -1.16428E-03
  -1.22009E-02 -2.20378E-02 -3.01168E-02 -3.61276E-02 -3.98198E-02 -4.09432E-02
  -3.93518E-02 -3.57337E-02 -3.11760E-02 -2.67684E-02 -2.35591E-02 -2.18073E-02
  -2.10668E-02 -2.08668E-02 -2.07390E-02 -2.04047E-02 -1.98989E-02 -1.92861E-02
  -1.86307E-02 -1.79816E-02 -1.73380E-02 -1.66895E-02 -1.60254E-02 -1.53371E-02
  -1.46273E-02 -1.39035E-02 -1.31730E-02 -1.24432E-02 -1.17179E-02 -1.09989E-02
  -1.02878E-02 -9.58619E-03 -8.89604E-03 -8.21982E-03 -7.56004E-03 -6.91923E-03
  -6.29968E-03 -5.70319E-03 -5.13146E-03 -4.58617E-03 -4.06902E-03 -3.58158E-03
  -3.12540E-03 -2.70201E-03 -2.31295E-03 -1.95955E-03 -1.64300E-03 -1.36452E-03
  -1.12530E-03 -9.26439E-04 -7.68924E-04 -6.53735E-04 -5.81846E-04 -5.54160E-04
  -5.71413E-04 -6.34319E-04 -7.43596E-04 -8.99916E-04 -1.10379E-03 -1.35569E-03
  -1.65607E-03 -2.00538E-03 -2.40391E-03 -2.85187E-03 -3.34945E-03 -3.89684E-03
  -4.49412E-03 -5.14122E-03 -5.83806E-03 -6.58458E-03 -7.38060E-03 -8.22580E-03
  -9.11984E-03 -1.00624E-02 -1.10530E-02 -1.20911E-02 -1.31761E-02 -1.43074E-02
  -1.54843E-02 -1.67061E-02 -1.79720E-02 -1.92811E-02 -2.06326E-02 -2.20254E-02
  -2.34588E-02 -2.49315E-02 -2.64427E-02 -2.79913E-02 -2.95762E-02 -3.11963E-02
  -3.28507E-02 -3.45383E-02 -3.62579E-02 -3.80086E-02 -3.97892E-02 -4.15987E-02
  -4.34361E-02 -4.53006E-02 -4.71913E-02 -4.91073E-02 -5.10479E-02 -5.30127E-02
  -5.50010E-02 -5.70123E-02 -5.90463E-02 -6.11028E-02 -6.31819E-02 -6.52835E-02
  -6.74075E-02 -6.95545E-02 -7.17248E-02 -7.39188E-02 -7.61370E-02 -7.83797E-02
  -8.06471E-02 -8.29395E-02 -8.52573E-02 -8.76019E-02 -8.99753E-02 -9.23795E-02
  -9.48163E-02 -9.72874E-02 -9.97944E-02 -1.02339E-01 -1.04921E-01 -1.07544E-01
  -1.10208E-01 -1.12916E-01 -1.15669E-01 -1.18468E-01 -1.21315E-01 -1.24214E-01
  -1.27167E-01 -1.30175E-01 -1.33241E-01 -1.36368E-01 -1.39557E-01 -1.42811E-01
  -1.46132E-01 -1.49522E-01 -1.52983E-01 -1.56518E-01 -1.60128E-01 -1.63817E-01
  -1.67585E-01 -1.71436E-01 -1.75370E-01 -1.79392E-01 -1.83502E-01 -1.87704E-01
  -1.92000E-01 -1.96392E-01 -2.00885E-01 -2.05481E-01 -2.10185E-01 -2.14998E-01
  -2.19927E-01 -2.24973E-01 -2.30142E-01 -2.35440E-01 -2.40876E-01 -2.46458E-01
  -2.52198E-01 -2.58101E-01 -2.64168E-01 -2.70400E-01 -2.76795E-01 -2.83361E-01
  -2.90145E-01 -2.97206E-01 -3.04604E-01 -3.12389E-01 -3.20487E-01 -3.28744E-01
  -3.37006E-01 -3.45120E-01 -3.52956E-01 -3.60413E-01 -3.67389E-01 -3.73784E-01
  -3.79535E-01 -3.84657E-01 -3.89176E-01 -3.93117E-01 -3.96502E-01 -3.99335E-01
  -4.01613E-01 -4.03334E-01 -4.04493E-01 -4.05061E-01 -4.04995E-01 -4.04252E-01
  -4.02792E-01 -4.00640E-01 -3.97886E-01 -3.94621E-01 -3.90940E-01 -3.86962E-01
  -3.82860E-01 -3.78815E-01 -3.75003E-01 -3.71558E-01 -3.68442E-01 -3.65578E-01
  -3.62892E-01 -3.60315E-01 -3.57826E-01 -3.55427E-01 -3.53119E-01 -3.50902E-01
  -3.48772E-01 -3.46718E-01 -3.44729E-01 -3.42793E-01 -3.40903E-01 -3.39055E-01
  -3.37246E-01 -3.35473E-01 -3.33732E-01 -3.32022E-01 -3.30338E-01 -3.28678E-01
  -3.27040E-01 -3.25421E-01 -3.23821E-01 -3.22237E-01 -3.20669E-01 -3.19114E-01
  -3.17573E-01 -3.16045E-01 -3.14527E-01 -3.13020E-01 -3.11522E-01 -3.10034E-01
  -3.08555E-01 -3.07083E-01 -3.05620E-01 -3.04164E-01 -3.02714E-01 -3.01272E-01
  -2.99836E-01 -2.98406E-01 -2.96982E-01 -2.95564E-01 -2.94152E-01 -2.92744E-01
  -2.91343E-01 -2.89947E-01 -2.88556E-01 -2.87169E-01 -2.85788E-01 -2.84410E-01
  -2.83036E-01 -2.81666E-01 -2.80298E-01 -2.78934E-01  3.28462E-04 -1.05990E-02
  -2.03334E-02 -2.83180E-02 -3.42367E-02 -3.78316E-02 -3.88450E-02 -3.71254E-02
  -3.33677E-02 -2.86729E-02 -2.41440E-02 -2.08420E-02 -1.90280E-02 -1.82477E-02
  -1.80216E-02 -1.78728E-02 -1.75184E-02 -1.69954E-02 -1.63710E-02 -1.57124E-02
  -1.50702E-02 -1.44424E-02 -1.38163E-02 -1.31795E-02 -1.25214E-02 -1.18444E-02
  -1.11560E-02 -1.04638E-02 -9.77526E-03 -9.09425E-03 -8.42231E-03 -7.76089E-03
  -7.11144E-03 -6.47586E-03 -5.85668E-03 -5.25650E-03 -4.67790E-03 -4.12323E-03
  -3.59428E-03 -3.09275E-03 -2.62034E-03 -2.17870E-03 -1.76947E-03 -1.39421E-03
  -1.05452E-03 -7.51964E-04 -4.87877E-04 -2.63458E-04 -7.99012E-05  6.16035E-05
   1.59968E-04  2.14231E-04  2.23436E-04  1.86628E-04  1.02939E-04 -2.83186E-05
  -2.07801E-04 -4.36170E-04 -7.14039E-04 -1.04185E-03 -1.41997E-03 -1.84881E-03
  -2.32872E-03 -2.85990E-03 -3.44244E-03 -4.07644E-03 -4.76198E-03 -5.49902E-03
  -6.28736E-03 -7.12681E-03 -8.01715E-03 -8.95809E-03 -9.94914E-03 -1.09898E-02
  -1.20795E-02 -1.32178E-02 -1.44039E-02 -1.56369E-02 -1.69160E-02 -1.82405E-02
  -1.96092E-02 -2.10213E-02 -2.24756E-02 -2.39710E-02 -2.55063E-02 -2.70803E-02
  -2.86917E-02 -3.03393E-02 -3.20217E-02 -3.37376E-02 -3.54857E-02 -3.72647E-02
  -3.90733E-02 -4.09101E-02 -4.27737E-02 -4.46627E-02 -4.65757E-02 -4.85116E-02
  -5.04691E-02 -5.24472E-02 -5.44448E-02 -5.64610E-02 -5.84952E-02 -6.05465E-02
  -6.26143E-02 -6.46981E-02 -6.67979E-02 -6.89136E-02 -7.10451E-02 -7.31924E-02
  -7.53561E-02 -7.75367E-02 -7.97346E-02 -8.19504E-02 -8.41841E-02 -8.64355E-02
  -8.87046E-02 -9.09915E-02 -9.32981E-02 -9.56272E-02 -9.79817E-02 -1.00364E-01
  -1.02777E-01 -1.05222E-01 -1.07701E-01 -1.10214E-01 -1.12764E-01 -1.15352E-01
  -1.17979E-01 -1.20647E-01 -1.23358E-01 -1.26114E-01 -1.28919E-01 -1.31775E-01
  -1.34687E-01 -1.37656E-01 -1.40684E-01 -1.43775E-01 -1.46930E-01 -1.50152E-01
  -1.53444E-01 -1.56808E-01 -1.60246E-01 -1.63761E-01 -1.67355E-01 -1.71030E-01
  -1.74789E-01 -1.78633E-01 -1.82564E-01 -1.86584E-01 -1.90696E-01 -1.94902E-01
  -1.99205E-01 -2.03608E-01 -2.08115E-01 -2.12728E-01 -2.17451E-01 -2.22288E-01
  -2.27242E-01 -2.32316E-01 -2.37517E-01 -2.42852E-01 -2.48330E-01 -2.53958E-01
  -2.59744E-01 -2.65685E-01 -2.71778E-01 -2.78022E-01 -2.84421E-01 -2.91022E-01
  -2.97884E-01 -3.05070E-01 -3.12627E-01 -3.20485E-01 -3.28496E-01 -3.36511E-01
  -3.44379E-01 -3.51979E-01 -3.59215E-01 -3.65995E-01 -3.72228E-01 -3.77853E-01
  -3.82879E-01 -3.87328E-01 -3.91219E-01 -3.94567E-01 -3.97375E-01 -3.99639E-01
  -4.01358E-01 -4.02526E-01 -4.03115E-01 -4.03085E-01 -4.02396E-01 -4.01011E-01
  -3.98951E-01 -3.96300E-01 -3.93143E-01 -3.89566E-01 -3.85683E-01 -3.81667E-01
  -3.77695E-01 -3.73944E-01 -3.70544E-01 -3.67457E-01 -3.64609E-01 -3.61921E-01
  -3.59326E-01 -3.56805E-01 -3.54361E-01 -3.51998E-01 -3.49718E-01 -3.47519E-01
  -3.45390E-01 -3.43320E-01 -3.41300E-01 -3.39323E-01 -3.37384E-01 -3.35483E-01
  -3.33615E-01 -3.31779E-01 -3.29972E-01 -3.28191E-01 -3.26434E-01 -3.24700E-01
  -3.22985E-01 -3.21290E-01 -3.19612E-01 -3.17950E-01 -3.16305E-01 -3.14674E-01
  -3.13056E-01 -3.11452E-01 -3.09860E-01 -3.08280E-01 -3.06711E-01 -3.05153E-01
  -3.03605E-01 -3.02067E-01 -3.00539E-01 -2.99020E-01 -2.97510E-01 -2.96009E-01
  -2.94516E-01 -2.93032E-01 -2.91555E-01 -2.90086E-01 -2.88625E-01 -2.87172E-01
  -2.85727E-01 -2.84289E-01 -2.82858E-01 -2.81433E-01 -2.80014E-01 -2.78598E-01
  -2.77187E-01 -2.75779E-01 -2.74372E-01  1.74865E-03 -9.08219E-03 -1.87277E-02
  -2.66324E-02 -3.24757E-02 -3.59940E-02 -3.69236E-02 -3.51079E-02 -3.12454E-02
  -2.64438E-02 -2.18134E-02 -1.84220E-02 -1.65322E-02 -1.56861E-02 -1.54008E-02
  -1.51959E-02 -1.47872E-02 -1.42145E-02 -1.35482E-02 -1.28585E-02 -1.21981E-02
  -1.15631E-02 -1.09386E-02 -1.03095E-02 -9.66317E-03 -9.00147E-03 -8.33210E-03
  -7.66277E-03 -7.00098E-03 -6.35064E-03 -5.71306E-03 -5.08947E-03 -4.48109E-03
  -3.88972E-03 -3.31789E-03 -2.76821E-03 -2.24327E-03 -1.74545E-03 -1.27654E-03
  -8.38241E-04 -4.32244E-04 -6.02302E-05  2.76189E-04  5.75426E-04  8.35893E-04
   1.05602E-03  1.23448E-03  1.37007E-03  1.46163E-03  1.50796E-03  1.50801E-03
   1.46084E-03  1.36555E-03  1.22121E-03  1.02699E-03  7.82270E-04  4.86433E-04
   1.38872E-04 -2.60966E-04 -7.13452E-04 -1.21889E-03 -1.77759E-03 -2.38985E-03
  -3.05576E-03 -3.77533E-03 -4.54854E-03 -5.37538E-03 -6.25570E-03 -7.18916E-03
  -8.17545E-03 -9.21421E-03 -1.03050E-02 -1.14472E-02 -1.26402E-02 -1.38832E-02
  -1.51755E-02 -1.65161E-02 -1.79041E-02 -1.93384E-02 -2.08179E-02 -2.23415E-02
  -2.39078E-02 -2.55155E-02 -2.71632E-02 -2.88495E-02 -3.05729E-02 -3.23317E-02
  -3.41244E-02 -3.59494E-02 -3.78050E-02 -3.96896E-02 -4.16015E-02 -4.35392E-02
  -4.55009E-02 -4.74848E-02 -4.94893E-02 -5.15126E-02 -5.35533E-02 -5.56100E-02
  -5.76813E-02 -5.97657E-02 -6.18622E-02 -6.39699E-02 -6.60878E-02 -6.82151E-02
  -7.03512E-02 -7.24959E-02 -7.46490E-02 -7.68103E-02 -7.89799E-02 -8.11582E-02
  -8.33457E-02 -8.55432E-02 -8.77510E-02 -8.99693E-02 -9.21982E-02 -9.44376E-02
  -9.66878E-02 -9.89510E-02 -1.01231E-01 -1.03530E-01 -1.05851E-01 -1.08198E-01
  -1.10573E-01 -1.12976E-01 -1.15410E-01 -1.17876E-01 -1.20377E-01 -1.22912E-01
  -1.25485E-01 -1.28095E-01 -1.30748E-01 -1.33446E-01 -1.36194E-01 -1.38996E-01
  -1.41855E-01 -1.44774E-01 -1.47753E-01 -1.50798E-01 -1.53909E-01 -1.57091E-01
  -1.60344E-01 -1.63674E-01 -1.67082E-01 -1.70570E-01 -1.74141E-01 -1.77796E-01
  -1.81538E-01 -1.85369E-01 -1.89290E-01 -1.93302E-01 -1.97407E-01 -2.01609E-01
  -2.05909E-01 -2.10311E-01 -2.14819E-01 -2.19435E-01 -2.24161E-01 -2.29001E-01
  -2.33957E-01 -2.39034E-01 -2.44238E-01 -2.49577E-01 -2.55057E-01 -2.60682E-01
  -2.66449E-01 -2.72353E-01 -2.78388E-01 -2.84558E-01 -2.90905E-01 -2.97485E-01
  -3.04357E-01 -3.11566E-01 -3.19048E-01 -3.26667E-01 -3.34284E-01 -3.41764E-01
  -3.48993E-01 -3.55885E-01 -3.62359E-01 -3.68331E-01 -3.73745E-01 -3.78605E-01
  -3.82925E-01 -3.86718E-01 -3.89994E-01 -3.92750E-01 -3.94983E-01 -3.96688E-01
  -3.97857E-01 -3.98469E-01 -3.98492E-01 -3.97897E-01 -3.96654E-01 -3.94786E-01
  -3.92369E-01 -3.89478E-01 -3.86192E-01 -3.82614E-01 -3.78900E-01 -3.75210E-01
  -3.71703E-01 -3.68499E-01 -3.65562E-01 -3.62825E-01 -3.60217E-01 -3.57678E-01
  -3.55191E-01 -3.52763E-01 -3.50399E-01 -3.48104E-01 -3.45877E-01 -3.43708E-01
  -3.41589E-01 -3.39512E-01 -3.37471E-01 -3.35463E-01 -3.33488E-01 -3.31543E-01
  -3.29626E-01 -3.27736E-01 -3.25870E-01 -3.24028E-01 -3.22206E-01 -3.20404E-01
  -3.18621E-01 -3.16856E-01 -3.15107E-01 -3.13376E-01 -3.11659E-01 -3.09958E-01
  -3.08271E-01 -3.06598E-01 -3.04939E-01 -3.03292E-01 -3.01658E-01 -3.00036E-01
  -2.98426E-01 -2.96828E-01 -2.95241E-01 -2.93666E-01 -2.92101E-01 -2.90547E-01
  -2.89003E-01 -2.87469E-01 -2.85945E-01 -2.84432E-01 -2.82928E-01 -2.81435E-01
  -2.79951E-01 -2.78476E-01 -2.77009E-01 -2.75549E-01 -2.74094E-01 -2.72645E-01
  -2.71199E-01 -2.69757E-01  3.12497E-03 -7.61067E-03 -1.71653E-02 -2.49845E-02
  -3.07461E-02 -3.41841E-02 -3.50325E-02 -3.31328E-02 -2.91839E-02 -2.42956E-02
  -1.95800E-02 -1.61067E-02 -1.41388E-02 -1.32178E-02 -1.28600E-02 -1.25844E-02
  -1.21072E-02 -1.14710E-02 -1.07488E-02 -1.00136E-02 -9.31992E-03 -8.66240E-03
  -8.02392E-03 -7.38731E-03 -6.73791E-03 -6.07718E-03 -5.41296E-03 -4.75310E-03
  -4.10521E-03 -3.47318E-03 -2.85813E-03 -2.26114E-03 -1.68325E-03 -1.12613E-03
  -5.92275E-04 -8.42395E-05  3.95420E-04  8.44356E-04  1.26073E-03  1.64280E-03
   1.98881E-03  2.29705E-03  2.56592E-03  2.79389E-03  2.97942E-03  3.12100E-03
   3.21730E-03  3.26716E-03  3.26939E-03  3.22284E-03  3.12647E-03  2.97939E-03
   2.78075E-03  2.52968E-03  2.22540E-03  1.86732E-03  1.45490E-03  9.87576E-04
   4.64849E-04 -1.13583E-04 -7.47944E-04 -1.43849E-03 -2.18542E-03 -2.98876E-03
  -3.84840E-03 -4.76427E-03 -5.73623E-03 -6.76404E-03 -7.84722E-03 -8.98534E-03
  -1.01779E-02 -1.14244E-02 -1.27239E-02 -1.40756E-02 -1.54788E-02 -1.69324E-02
  -1.84353E-02 -1.99863E-02 -2.15840E-02 -2.32273E-02 -2.49147E-02 -2.66444E-02
  -2.84150E-02 -3.02248E-02 -3.20721E-02 -3.39548E-02 -3.58711E-02 -3.78191E-02
  -3.97969E-02 -4.18022E-02 -4.38332E-02 -4.58876E-02 -4.79634E-02 -5.00587E-02
  -5.21714E-02 -5.42994E-02 -5.64408E-02 -5.85937E-02 -6.07565E-02 -6.29274E-02
  -6.51048E-02 -6.72871E-02 -6.94734E-02 -7.16624E-02 -7.38529E-02 -7.60442E-02
  -7.82358E-02 -8.04273E-02 -8.26183E-02 -8.48086E-02 -8.69986E-02 -8.91889E-02
  -9.13798E-02 -9.35721E-02 -9.57665E-02 -9.79643E-02 -1.00166E-01 -1.02374E-01
  -1.04589E-01 -1.06815E-01 -1.09054E-01 -1.11309E-01 -1.13582E-01 -1.15876E-01
  -1.18194E-01 -1.20537E-01 -1.22909E-01 -1.25310E-01 -1.27742E-01 -1.30205E-01
  -1.32702E-01 -1.35237E-01 -1.37816E-01 -1.40442E-01 -1.43121E-01 -1.45857E-01
  -1.48651E-01 -1.51507E-01 -1.54428E-01 -1.57415E-01 -1.60472E-01 -1.63604E-01
  -1.66811E-01 -1.70099E-01 -1.73468E-01 -1.76922E-01 -1.80464E-01 -1.84095E-01
  -1.87817E-01 -1.91630E-01 -1.95534E-01 -1.99530E-01 -2.03620E-01 -2.07808E-01
  -2.12095E-01 -2.16485E-01 -2.20980E-01 -2.25581E-01 -2.30289E-01 -2.35107E-01
  -2.40037E-01 -2.45085E-01 -2.50256E-01 -2.55556E-01 -2.60988E-01 -2.66546E-01
  -2.72222E-01 -2.78009E-01 -2.83908E-01 -2.89953E-01 -2.96193E-01 -3.02675E-01
  -3.09438E-01 -3.16426E-01 -3.23521E-01 -3.30605E-01 -3.37560E-01 -3.44289E-01
  -3.50715E-01 -3.56767E-01 -3.62371E-01 -3.67477E-01 -3.72085E-01 -3.76204E-01
  -3.79841E-01 -3.83001E-01 -3.85679E-01 -3.87869E-01 -3.89562E-01 -3.90749E-01
  -3.91417E-01 -3.91546E-01 -3.91118E-01 -3.90116E-01 -3.88563E-01 -3.86521E-01
  -3.84056E-01 -3.81231E-01 -3.78135E-01 -3.74897E-01 -3.71651E-01 -3.68530E-01
  -3.65634E-01 -3.62936E-01 -3.60381E-01 -3.57914E-01 -3.55485E-01 -3.53084E-01
  -3.50718E-01 -3.48395E-01 -3.46121E-01 -3.43896E-01 -3.41714E-01 -3.39570E-01
  -3.37457E-01 -3.35371E-01 -3.33312E-01 -3.31278E-01 -3.29268E-01 -3.27283E-01
  -3.25320E-01 -3.23379E-01 -3.21458E-01 -3.19557E-01 -3.17674E-01 -3.15809E-01
  -3.13962E-01 -3.12132E-01 -3.10319E-01 -3.08521E-01 -3.06740E-01 -3.04973E-01
  -3.03222E-01 -3.01486E-01 -2.99764E-01 -2.98057E-01 -2.96363E-01 -2.94683E-01
  -2.93017E-01 -2.91364E-01 -2.89724E-01 -2.88098E-01 -2.86483E-01 -2.84882E-01
  -2.83292E-01 -2.81715E-01 -2.80150E-01 -2.78597E-01 -2.77056E-01 -2.75527E-01
  -2.74009E-01 -2.72501E-01 -2.71002E-01 -2.69512E-01 -2.68029E-01 -2.66553E-01
  -2.65083E-01  4.48329E-03 -6.14987E-03 -1.55999E-02 -2.33130E-02 -2.89690E-02
  -3.23046E-02 -3.30564E-02 -3.10681E-02 -2.70380E-02 -2.20736E-02 -1.72849E-02
  -1.37394E-02 -1.16994E-02 -1.07069E-02 -1.02785E-02 -9.93369E-03 -9.38969E-03
  -8.69074E-03 -7.91175E-03 -7.12760E-03 -6.39387E-03 -5.70443E-03 -5.04085E-03
  -4.38472E-03 -3.72026E-03 -3.04867E-03 -2.37791E-03 -1.71594E-03 -1.07048E-03
  -4.45447E-04  1.58093E-04  7.39130E-04  1.29665E-03  1.82906E-03  2.33398E-03
   2.80894E-03  3.25149E-03  3.65934E-03  4.03054E-03  4.36324E-03  4.65557E-03
   4.90570E-03  5.11213E-03  5.27339E-03  5.38808E-03  5.45474E-03  5.47213E-03
   5.43908E-03  5.35441E-03  5.21697E-03  5.02576E-03  4.77996E-03  4.47877E-03
   4.12138E-03  3.70708E-03  3.23533E-03  2.70564E-03  2.11749E-03  1.47045E-03
   7.64276E-04 -1.17875E-06 -8.26097E-04 -1.71061E-03 -2.65467E-03 -3.65808E-03
  -4.72067E-03 -5.84225E-03 -7.02245E-03 -8.26069E-03 -9.55637E-03 -1.09089E-02
  -1.23176E-02 -1.37814E-02 -1.52994E-02 -1.68705E-02 -1.84937E-02 -2.01675E-02
  -2.18906E-02 -2.36613E-02 -2.54782E-02 -2.73396E-02 -2.92434E-02 -3.11878E-02
  -3.31709E-02 -3.51904E-02 -3.72441E-02 -3.93298E-02 -4.14450E-02 -4.35874E-02
  -4.57543E-02 -4.79431E-02 -5.01513E-02 -5.23762E-02 -5.46155E-02 -5.68669E-02
  -5.91281E-02 -6.13967E-02 -6.36706E-02 -6.59478E-02 -6.82262E-02 -7.05037E-02
  -7.27786E-02 -7.50494E-02 -7.73146E-02 -7.95727E-02 -8.18226E-02 -8.40635E-02
  -8.62945E-02 -8.85149E-02 -9.07241E-02 -9.29225E-02 -9.51102E-02 -9.72875E-02
  -9.94551E-02 -1.01616E-01 -1.03772E-01 -1.05928E-01 -1.08086E-01 -1.10249E-01
  -1.12416E-01 -1.14590E-01 -1.16771E-01 -1.18962E-01 -1.21165E-01 -1.23386E-01
  -1.25626E-01 -1.27890E-01 -1.30178E-01 -1.32491E-01 -1.34831E-01 -1.37200E-01
  -1.39603E-01 -1.42046E-01 -1.44536E-01 -1.47078E-01 -1.49675E-01 -1.52331E-01
  -1.55049E-01 -1.57831E-01 -1.60679E-01 -1.63599E-01 -1.66593E-01 -1.69664E-01
  -1.72817E-01 -1.76054E-01 -1.79379E-01 -1.82796E-01 -1.86306E-01 -1.89910E-01
  -1.93607E-01 -1.97395E-01 -2.01274E-01 -2.05246E-01 -2.09313E-01 -2.13476E-01
  -2.17739E-01 -2.22102E-01 -2.26565E-01 -2.31128E-01 -2.35793E-01 -2.40560E-01
  -2.45434E-01 -2.50419E-01 -2.55518E-01 -2.60734E-01 -2.66059E-01 -2.71486E-01
  -2.77005E-01 -2.82614E-01 -2.88335E-01 -2.94202E-01 -3.00247E-01 -3.06495E-01
  -3.12899E-01 -3.19368E-01 -3.25808E-01 -3.32126E-01 -3.38243E-01 -3.44096E-01
  -3.49622E-01 -3.54758E-01 -3.59463E-01 -3.63735E-01 -3.67580E-01 -3.71002E-01
  -3.74006E-01 -3.76584E-01 -3.78726E-01 -3.80422E-01 -3.81664E-01 -3.82443E-01
  -3.82752E-01 -3.82584E-01 -3.81932E-01 -3.80818E-01 -3.79285E-01 -3.77383E-01
  -3.75158E-01 -3.72676E-01 -3.70036E-01 -3.67343E-01 -3.64700E-01 -3.62184E-01
  -3.59780E-01 -3.57451E-01 -3.55161E-01 -3.52877E-01 -3.50594E-01 -3.48322E-01
  -3.46067E-01 -3.43838E-01 -3.41637E-01 -3.39461E-01 -3.37307E-01 -3.35172E-01
  -3.33055E-01 -3.30954E-01 -3.28872E-01 -3.26807E-01 -3.24761E-01 -3.22733E-01
  -3.20723E-01 -3.18730E-01 -3.16754E-01 -3.14794E-01 -3.12852E-01 -3.10927E-01
  -3.09018E-01 -3.07126E-01 -3.05250E-01 -3.03391E-01 -3.01548E-01 -2.99721E-01
  -2.97910E-01 -2.96115E-01 -2.94336E-01 -2.92573E-01 -2.90825E-01 -2.89092E-01
  -2.87375E-01 -2.85672E-01 -2.83985E-01 -2.82312E-01 -2.80654E-01 -2.79011E-01
  -2.77381E-01 -2.75766E-01 -2.74165E-01 -2.72578E-01 -2.71005E-01 -2.69444E-01
  -2.67897E-01 -2.66362E-01 -2.64840E-01 -2.63329E-01 -2.61830E-01 -2.60342E-01
   5.83832E-03 -4.68616E-03 -1.40207E-02 -2.16117E-02 -2.71439E-02 -3.03600E-02
  -3.10029E-02 -2.89214E-02 -2.48121E-02 -1.97773E-02 -1.49217E-02 -1.13078E-02
  -9.19649E-03 -8.13133E-03 -7.63079E-03 -7.21606E-03 -6.60570E-03 -5.84455E-03
  -5.00802E-03 -4.17153E-03 -3.39101E-03 -2.66012E-03 -1.96021E-03 -1.27255E-03
  -5.81150E-04  1.12842E-04  8.01416E-04  1.47655E-03  2.13050E-03  2.75929E-03
   3.36181E-03  3.93703E-03  4.48390E-03  5.00082E-03  5.48551E-03  5.93560E-03
   6.34872E-03  6.72262E-03  7.05528E-03  7.34474E-03  7.58902E-03  7.78623E-03
   7.93491E-03  8.03372E-03  8.08133E-03  8.07640E-03  8.01773E-03  7.90418E-03
   7.73459E-03  7.50783E-03  7.22294E-03  6.87917E-03  6.47578E-03  6.01203E-03
   5.48728E-03  4.90103E-03  4.25285E-03  3.54228E-03  2.76894E-03  1.93266E-03
   1.03336E-03  7.09284E-05 -9.54704E-04 -2.04341E-03 -3.19493E-03 -4.40901E-03
  -5.68538E-03 -7.02359E-03 -8.42293E-03 -9.88270E-03 -1.14022E-02 -1.29805E-02
  -1.46166E-02 -1.63093E-02 -1.80573E-02 -1.98595E-02 -2.17142E-02 -2.36198E-02
  -2.55744E-02 -2.75764E-02 -2.96237E-02 -3.17140E-02 -3.38451E-02 -3.60147E-02
  -3.82202E-02 -4.04590E-02 -4.27282E-02 -4.50252E-02 -4.73470E-02 -4.96904E-02
  -5.20521E-02 -5.44289E-02 -5.68177E-02 -5.92157E-02 -6.16201E-02 -6.40282E-02
  -6.64373E-02 -6.88448E-02 -7.12481E-02 -7.36447E-02 -7.60321E-02 -7.84081E-02
  -8.07708E-02 -8.31183E-02 -8.54488E-02 -8.77605E-02 -9.00525E-02 -9.23237E-02
  -9.45728E-02 -9.67991E-02 -9.90024E-02 -1.01183E-01 -1.03340E-01 -1.05475E-01
  -1.07592E-01 -1.09698E-01 -1.11797E-01 -1.13896E-01 -1.15995E-01 -1.18094E-01
  -1.20191E-01 -1.22286E-01 -1.24380E-01 -1.26478E-01 -1.28585E-01 -1.30706E-01
  -1.32845E-01 -1.35003E-01 -1.37182E-01 -1.39382E-01 -1.41606E-01 -1.43860E-01
  -1.46152E-01 -1.48489E-01 -1.50876E-01 -1.53320E-01 -1.55821E-01 -1.58384E-01
  -1.61011E-01 -1.63705E-01 -1.66470E-01 -1.69311E-01 -1.72230E-01 -1.75233E-01
  -1.78322E-01 -1.81503E-01 -1.84779E-01 -1.88153E-01 -1.91624E-01 -1.95190E-01
  -1.98848E-01 -2.02598E-01 -2.06440E-01 -2.10375E-01 -2.14405E-01 -2.18531E-01
  -2.22754E-01 -2.27073E-01 -2.31487E-01 -2.35995E-01 -2.40597E-01 -2.45296E-01
  -2.50094E-01 -2.54993E-01 -2.59993E-01 -2.65087E-01 -2.70265E-01 -2.75520E-01
  -2.80846E-01 -2.86250E-01 -2.91748E-01 -2.97353E-01 -3.03074E-01 -3.08876E-01
  -3.14692E-01 -3.20457E-01 -3.26106E-01 -3.31579E-01 -3.36825E-01 -3.41795E-01
  -3.46437E-01 -3.50717E-01 -3.54633E-01 -3.58189E-01 -3.61387E-01 -3.64229E-01
  -3.66707E-01 -3.68810E-01 -3.70528E-01 -3.71851E-01 -3.72778E-01 -3.73309E-01
  -3.73446E-01 -3.73191E-01 -3.72560E-01 -3.71581E-01 -3.70284E-01 -3.68696E-01
  -3.66863E-01 -3.64854E-01 -3.62740E-01 -3.60595E-01 -3.58475E-01 -3.56377E-01
  -3.54283E-01 -3.52178E-01 -3.50047E-01 -3.47892E-01 -3.45721E-01 -3.43543E-01
  -3.41367E-01 -3.39196E-01 -3.37031E-01 -3.34872E-01 -3.32719E-01 -3.30573E-01
  -3.28435E-01 -3.26307E-01 -3.24190E-01 -3.22085E-01 -3.19994E-01 -3.17916E-01
  -3.15852E-01 -3.13803E-01 -3.11769E-01 -3.09751E-01 -3.07749E-01 -3.05763E-01
  -3.03793E-01 -3.01841E-01 -2.99905E-01 -2.97987E-01 -2.96085E-01 -2.94201E-01
  -2.92335E-01 -2.90485E-01 -2.88653E-01 -2.86838E-01 -2.85041E-01 -2.83260E-01
  -2.81497E-01 -2.79750E-01 -2.78020E-01 -2.76308E-01 -2.74611E-01 -2.72931E-01
  -2.71268E-01 -2.69620E-01 -2.67987E-01 -2.66371E-01 -2.64770E-01 -2.63185E-01
  -2.61616E-01 -2.60064E-01 -2.58528E-01 -2.57010E-01 -2.55508E-01  7.20196E-03
  -3.21117E-03 -1.24259E-02 -1.98885E-02 -2.52898E-02 -2.83802E-02 -2.89101E-02
  -2.67349E-02 -2.25480E-02 -1.74446E-02 -1.25221E-02 -8.83590E-03 -6.64539E-03
  -5.49782E-03 -4.91540E-03 -4.42307E-03 -3.74140E-03 -2.91442E-03 -2.01645E-03
  -1.12181E-03 -2.85697E-04  4.97737E-04  1.24649E-03  1.97855E-03  2.70934E-03
   3.43755E-03  4.15524E-03  4.85444E-03  5.52745E-03  6.17031E-03  6.78183E-03
   7.36091E-03  7.90644E-03  8.41679E-03  8.88966E-03  9.32268E-03  9.71347E-03
   1.00598E-02  1.03597E-02  1.06111E-02  1.08122E-02  1.09611E-02  1.10563E-02
   1.10965E-02  1.10805E-02  1.10069E-02  1.08746E-02  1.06825E-02  1.04295E-02
   1.01145E-02  9.73669E-03  9.29526E-03  8.78957E-03  8.21895E-03  7.58280E-03
   6.88070E-03  6.11227E-03  5.27713E-03  4.37495E-03  3.40562E-03  2.36913E-03
   1.26542E-03  9.45019E-05 -1.14344E-03 -2.44807E-03 -3.81909E-03 -5.25612E-03
  -6.75866E-03 -8.32589E-03 -9.95701E-03 -1.16512E-02 -1.34076E-02 -1.52248E-02
  -1.71016E-02 -1.90366E-02 -2.10285E-02 -2.30753E-02 -2.51753E-02 -2.73263E-02
  -2.95266E-02 -3.17735E-02 -3.40647E-02 -3.63975E-02 -3.87692E-02 -4.11768E-02
  -4.36173E-02 -4.60873E-02 -4.85836E-02 -5.11027E-02 -5.36409E-02 -5.61942E-02
  -5.87587E-02 -6.13308E-02 -6.39069E-02 -6.64836E-02 -6.90573E-02 -7.16247E-02
  -7.41825E-02 -7.67276E-02 -7.92565E-02 -8.17663E-02 -8.42542E-02 -8.67178E-02
  -8.91546E-02 -9.15624E-02 -9.39391E-02 -9.62838E-02 -9.85950E-02 -1.00872E-01
  -1.03113E-01 -1.05318E-01 -1.07487E-01 -1.09619E-01 -1.11716E-01 -1.13782E-01
  -1.15827E-01 -1.17857E-01 -1.19882E-01 -1.21900E-01 -1.23911E-01 -1.25912E-01
  -1.27901E-01 -1.29879E-01 -1.31852E-01 -1.33827E-01 -1.35809E-01 -1.37803E-01
  -1.39811E-01 -1.41834E-01 -1.43875E-01 -1.45936E-01 -1.48023E-01 -1.50146E-01
  -1.52311E-01 -1.54527E-01 -1.56798E-01 -1.59127E-01 -1.61517E-01 -1.63970E-01
  -1.66492E-01 -1.69085E-01 -1.71754E-01 -1.74504E-01 -1.77339E-01 -1.80263E-01
  -1.83280E-01 -1.86396E-01 -1.89612E-01 -1.92927E-01 -1.96339E-01 -1.99847E-01
  -2.03448E-01 -2.07142E-01 -2.10930E-01 -2.14815E-01 -2.18798E-01 -2.22877E-01
  -2.27051E-01 -2.31320E-01 -2.35680E-01 -2.40132E-01 -2.44674E-01 -2.49306E-01
  -2.54028E-01 -2.58837E-01 -2.63726E-01 -2.68685E-01 -2.73707E-01 -2.78782E-01
  -2.83906E-01 -2.89076E-01 -2.94288E-01 -2.99536E-01 -3.04794E-01 -3.10020E-01
  -3.15174E-01 -3.20215E-01 -3.25103E-01 -3.29802E-01 -3.34275E-01 -3.38483E-01
  -3.42401E-01 -3.46023E-01 -3.49347E-01 -3.52370E-01 -3.55089E-01 -3.57497E-01
  -3.59583E-01 -3.61339E-01 -3.62758E-01 -3.63839E-01 -3.64590E-01 -3.65015E-01
  -3.65121E-01 -3.64919E-01 -3.64426E-01 -3.63658E-01 -3.62632E-01 -3.61373E-01
  -3.59924E-01 -3.58328E-01 -3.56628E-01 -3.54860E-01 -3.53032E-01 -3.51145E-01
  -3.49202E-01 -3.47205E-01 -3.45160E-01 -3.43076E-01 -3.40962E-01 -3.38827E-01
  -3.36676E-01 -3.34514E-01 -3.32342E-01 -3.30164E-01 -3.27984E-01 -3.25803E-01
  -3.23624E-01 -3.21450E-01 -3.19283E-01 -3.17125E-01 -3.14977E-01 -3.12840E-01
  -3.10716E-01 -3.08606E-01 -3.06510E-01 -3.04430E-01 -3.02365E-01 -3.00318E-01
  -2.98288E-01 -2.96276E-01 -2.94282E-01 -2.92307E-01 -2.90350E-01 -2.88412E-01
  -2.86493E-01 -2.84593E-01 -2.82712E-01 -2.80851E-01 -2.79008E-01 -2.77185E-01
  -2.75380E-01 -2.73595E-01 -2.71828E-01 -2.70081E-01 -2.68352E-01 -2.66641E-01
  -2.64948E-01 -2.63272E-01 -2.61614E-01 -2.59974E-01 -2.58352E-01 -2.56751E-01
  -2.55170E-01 -2.53609E-01 -2.52071E-01 -2.50555E-01  8.58612E-03 -1.71650E-03
  -1.08135E-02 -1.81511E-02 -2.34259E-02 -2.63953E-02 -2.68165E-02 -2.45506E-02
  -2.02875E-02 -1.51135E-02 -1.01177E-02 -6.34741E-03 -4.06133E-03 -2.81292E-03
  -2.13081E-03 -1.54629E-03 -7.82970E-04  1.17606E-04  1.08410E-03  2.04518E-03
   2.94766E-03  3.79639E-03  4.60771E-03  5.39798E-03  6.18115E-03  6.95567E-03
   7.71379E-03  8.44776E-03  9.15010E-03  9.81690E-03  1.04470E-02  1.10391E-02
   1.15922E-02  1.21046E-02  1.25737E-02  1.29971E-02  1.33721E-02  1.36965E-02
   1.39684E-02  1.41862E-02  1.43482E-02  1.44527E-02  1.44982E-02  1.44834E-02
   1.44069E-02  1.42673E-02  1.40633E-02  1.37942E-02  1.34588E-02  1.30563E-02
   1.25857E-02  1.20465E-02  1.14379E-02  1.07594E-02  1.00104E-02  9.19060E-03
   8.29964E-03  7.33720E-03  6.30307E-03  5.19717E-03  4.01955E-03  2.77021E-03
   1.44920E-03  5.67758E-05 -1.40665E-03 -2.94071E-03 -4.54497E-03 -6.21885E-03
  -7.96149E-03 -9.77203E-03 -1.16496E-02 -1.35932E-02 -1.56014E-02 -1.76728E-02
  -1.98060E-02 -2.19994E-02 -2.42510E-02 -2.65586E-02 -2.89201E-02 -3.13334E-02
  -3.37957E-02 -3.63040E-02 -3.88555E-02 -4.14471E-02 -4.40755E-02 -4.67370E-02
  -4.94276E-02 -5.21437E-02 -5.48813E-02 -5.76360E-02 -6.04033E-02 -6.31789E-02
  -6.59582E-02 -6.87368E-02 -7.15099E-02 -7.42728E-02 -7.70211E-02 -7.97504E-02
  -8.24565E-02 -8.51354E-02 -8.77829E-02 -9.03955E-02 -9.29705E-02 -9.55046E-02
  -9.79949E-02 -1.00440E-01 -1.02838E-01 -1.05188E-01 -1.07491E-01 -1.09745E-01
  -1.11949E-01 -1.14104E-01 -1.16207E-01 -1.18260E-01 -1.20269E-01 -1.22244E-01
  -1.24192E-01 -1.26123E-01 -1.28037E-01 -1.29934E-01 -1.31811E-01 -1.33666E-01
  -1.35503E-01 -1.37327E-01 -1.39145E-01 -1.40964E-01 -1.42789E-01 -1.44624E-01
  -1.46469E-01 -1.48328E-01 -1.50205E-01 -1.52105E-01 -1.54039E-01 -1.56014E-01
  -1.58038E-01 -1.60117E-01 -1.62253E-01 -1.64450E-01 -1.66710E-01 -1.69039E-01
  -1.71441E-01 -1.73920E-01 -1.76481E-01 -1.79129E-01 -1.81868E-01 -1.84700E-01
  -1.87629E-01 -1.90659E-01 -1.93788E-01 -1.97017E-01 -2.00344E-01 -2.03769E-01
  -2.07293E-01 -2.10917E-01 -2.14644E-01 -2.18475E-01 -2.22409E-01 -2.26444E-01
  -2.30581E-01 -2.34816E-01 -2.39147E-01 -2.43569E-01 -2.48079E-01 -2.52670E-01
  -2.57339E-01 -2.62075E-01 -2.66870E-01 -2.71715E-01 -2.76600E-01 -2.81511E-01
  -2.86431E-01 -2.91346E-01 -2.96240E-01 -3.01092E-01 -3.05879E-01 -3.10579E-01
  -3.15169E-01 -3.19626E-01 -3.23927E-01 -3.28051E-01 -3.31975E-01 -3.35679E-01
  -3.39149E-01 -3.42369E-01 -3.45326E-01 -3.48006E-01 -3.50401E-01 -3.52508E-01
  -3.54320E-01 -3.55832E-01 -3.57047E-01 -3.57967E-01 -3.58599E-01 -3.58947E-01
  -3.59021E-01 -3.58836E-01 -3.58407E-01 -3.57751E-01 -3.56883E-01 -3.55824E-01
  -3.54592E-01 -3.53207E-01 -3.51688E-01 -3.50049E-01 -3.48305E-01 -3.46471E-01
  -3.44559E-01 -3.42582E-01 -3.40546E-01 -3.38462E-01 -3.36339E-01 -3.34182E-01
  -3.31999E-01 -3.29795E-01 -3.27575E-01 -3.25344E-01 -3.23106E-01 -3.20864E-01
  -3.18622E-01 -3.16383E-01 -3.14150E-01 -3.11923E-01 -3.09707E-01 -3.07502E-01
  -3.05310E-01 -3.03132E-01 -3.00970E-01 -2.98825E-01 -2.96697E-01 -2.94588E-01
  -2.92498E-01 -2.90427E-01 -2.88376E-01 -2.86346E-01 -2.84337E-01 -2.82348E-01
  -2.80381E-01 -2.78435E-01 -2.76510E-01 -2.74606E-01 -2.72724E-01 -2.70863E-01
  -2.69023E-01 -2.67204E-01 -2.65406E-01 -2.63629E-01 -2.61873E-01 -2.60136E-01
  -2.58419E-01 -2.56721E-01 -2.55044E-01 -2.53388E-01 -2.51754E-01 -2.50142E-01
  -2.48555E-01 -2.46992E-01 -2.45454E-01  1.00038E-02 -1.91722E-04 -9.17788E-03
  -1.64014E-02 -2.15625E-02 -2.44231E-02 -2.47448E-02 -2.23923E-02 -1.80510E-02
  -1.27989E-02 -7.71680E-03 -3.84417E-03 -1.44056E-03 -6.80023E-05  7.36014E-04
   1.43141E-03  2.29059E-03  3.27601E-03  4.32105E-03  5.35911E-03  6.34028E-03
   7.26792E-03  8.15595E-03  9.01836E-03  9.86694E-03  1.06998E-02  1.15096E-02
   1.22888E-02  1.30305E-02  1.37307E-02  1.43884E-02  1.50025E-02  1.55717E-02
   1.60942E-02  1.65673E-02  1.69879E-02  1.73532E-02  1.76606E-02  1.79088E-02
   1.80967E-02  1.82229E-02  1.82864E-02  1.82856E-02  1.82187E-02  1.80842E-02
   1.78804E-02  1.76063E-02  1.72610E-02  1.68437E-02  1.63535E-02  1.57899E-02
   1.51521E-02  1.44395E-02  1.36516E-02  1.27877E-02  1.18478E-02  1.08314E-02
   9.73842E-03  8.56868E-03  7.32217E-03  5.99897E-03  4.59911E-03  3.12269E-03
   1.57003E-03 -5.84067E-05 -1.76218E-03 -3.54078E-03 -5.39361E-03 -7.31978E-03
  -9.31843E-03 -1.13887E-02 -1.35295E-02 -1.57394E-02 -1.80168E-02 -2.03603E-02
  -2.27683E-02 -2.52384E-02 -2.77684E-02 -3.03560E-02 -3.29987E-02 -3.56936E-02
  -3.84374E-02 -4.12269E-02 -4.40587E-02 -4.69289E-02 -4.98333E-02 -5.27675E-02
  -5.57271E-02 -5.87076E-02 -6.17041E-02 -6.47117E-02 -6.77255E-02 -7.07402E-02
  -7.37498E-02 -7.67478E-02 -7.97278E-02 -8.26837E-02 -8.56096E-02 -8.85002E-02
  -9.13501E-02 -9.41538E-02 -9.69070E-02 -9.96061E-02 -1.02247E-01 -1.04827E-01
  -1.07343E-01 -1.09795E-01 -1.12185E-01 -1.14512E-01 -1.16776E-01 -1.18976E-01
  -1.21111E-01 -1.23181E-01 -1.25186E-01 -1.27132E-01 -1.29026E-01 -1.30876E-01
  -1.32689E-01 -1.34470E-01 -1.36219E-01 -1.37937E-01 -1.39627E-01 -1.41291E-01
  -1.42937E-01 -1.44571E-01 -1.46199E-01 -1.47828E-01 -1.49461E-01 -1.51102E-01
  -1.52755E-01 -1.54423E-01 -1.56115E-01 -1.57839E-01 -1.59602E-01 -1.61413E-01
  -1.63277E-01 -1.65198E-01 -1.67179E-01 -1.69225E-01 -1.71339E-01 -1.73527E-01
  -1.75795E-01 -1.78147E-01 -1.80588E-01 -1.83119E-01 -1.85743E-01 -1.88460E-01
  -1.91272E-01 -1.94183E-01 -1.97194E-01 -2.00310E-01 -2.03532E-01 -2.06863E-01
  -2.10306E-01 -2.13864E-01 -2.17538E-01 -2.21330E-01 -2.25238E-01 -2.29262E-01
  -2.33402E-01 -2.37653E-01 -2.42004E-01 -2.46447E-01 -2.50970E-01 -2.55564E-01
  -2.60219E-01 -2.64924E-01 -2.69670E-01 -2.74445E-01 -2.79232E-01 -2.84012E-01
  -2.88766E-01 -2.93472E-01 -2.98116E-01 -3.02682E-01 -3.07156E-01 -3.11521E-01
  -3.15768E-01 -3.19888E-01 -3.23876E-01 -3.27723E-01 -3.31415E-01 -3.34921E-01
  -3.38207E-01 -3.41238E-01 -3.43986E-01 -3.46444E-01 -3.48614E-01 -3.50496E-01
  -3.52089E-01 -3.53392E-01 -3.54403E-01 -3.55118E-01 -3.55537E-01 -3.55672E-01
  -3.55550E-01 -3.55199E-01 -3.54648E-01 -3.53915E-01 -3.53006E-01 -3.51923E-01
  -3.50669E-01 -3.49251E-01 -3.47685E-01 -3.45990E-01 -3.44185E-01 -3.42289E-01
  -3.40314E-01 -3.38269E-01 -3.36163E-01 -3.34005E-01 -3.31803E-01 -3.29565E-01
  -3.27297E-01 -3.25008E-01 -3.22702E-01 -3.20385E-01 -3.18060E-01 -3.15733E-01
  -3.13406E-01 -3.11083E-01 -3.08767E-01 -3.06461E-01 -3.04166E-01 -3.01884E-01
  -2.99618E-01 -2.97368E-01 -2.95137E-01 -2.92925E-01 -2.90732E-01 -2.88561E-01
  -2.86412E-01 -2.84284E-01 -2.82179E-01 -2.80098E-01 -2.78039E-01 -2.76004E-01
  -2.73993E-01 -2.72005E-01 -2.70041E-01 -2.68100E-01 -2.66183E-01 -2.64290E-01
  -2.62420E-01 -2.60574E-01 -2.58750E-01 -2.56950E-01 -2.55171E-01 -2.53415E-01
  -2.51680E-01 -2.49968E-01 -2.48278E-01 -2.46612E-01 -2.44969E-01 -2.43349E-01
  -2.41754E-01 -2.40183E-01  1.14726E-02  1.38171E-03 -7.49926E-03 -1.46176E-02
  -1.96746E-02 -2.24331E-02 -2.26561E-02 -2.02089E-02 -1.57735E-02 -1.04232E-02
  -5.23372E-03 -1.24004E-03  1.29651E-03  2.80628E-03  3.74398E-03  4.56177E-03
   5.52870E-03  6.61108E-03  7.74684E-03  8.87394E-03  9.94555E-03  1.09636E-02
   1.19396E-02  1.28852E-02  1.38101E-02  1.47121E-02  1.55840E-02  1.64187E-02
   1.72096E-02  1.79528E-02  1.86472E-02  1.92916E-02  1.98848E-02  2.04249E-02
   2.09086E-02  2.13327E-02  2.16939E-02  2.19895E-02  2.22186E-02  2.23805E-02
   2.24744E-02  2.24996E-02  2.24543E-02  2.23368E-02  2.21452E-02  2.18777E-02
   2.15333E-02  2.11114E-02  2.06113E-02  2.00324E-02  1.93741E-02  1.86358E-02
   1.78169E-02  1.69169E-02  1.59353E-02  1.48720E-02  1.37268E-02  1.24995E-02
   1.11902E-02  9.79868E-03  8.32522E-03  6.76982E-03  5.13263E-03  3.41396E-03
   1.61434E-03 -2.65782E-04 -2.22587E-03 -4.26531E-03 -6.38326E-03 -8.57890E-03
  -1.08514E-02 -1.31996E-02 -1.56222E-02 -1.81175E-02 -2.06841E-02 -2.33202E-02
  -2.60235E-02 -2.87916E-02 -3.16220E-02 -3.45122E-02 -3.74588E-02 -4.04585E-02
  -4.35075E-02 -4.66023E-02 -4.97385E-02 -5.29112E-02 -5.61153E-02 -5.93460E-02
  -6.25979E-02 -6.58656E-02 -6.91434E-02 -7.24258E-02 -7.57066E-02 -7.89778E-02
  -8.22311E-02 -8.54581E-02 -8.86506E-02 -9.18014E-02 -9.49035E-02 -9.79497E-02
  -1.00933E-01 -1.03848E-01 -1.06690E-01 -1.09453E-01 -1.12134E-01 -1.14729E-01
  -1.17240E-01 -1.19669E-01 -1.22017E-01 -1.24287E-01 -1.26476E-01 -1.28583E-01
  -1.30609E-01 -1.32552E-01 -1.34418E-01 -1.36212E-01 -1.37941E-01 -1.39610E-01
  -1.41226E-01 -1.42795E-01 -1.44321E-01 -1.45810E-01 -1.47268E-01 -1.48702E-01
  -1.50119E-01 -1.51524E-01 -1.52925E-01 -1.54326E-01 -1.55732E-01 -1.57148E-01
  -1.58581E-01 -1.60037E-01 -1.61524E-01 -1.63049E-01 -1.64621E-01 -1.66245E-01
  -1.67926E-01 -1.69666E-01 -1.71472E-01 -1.73349E-01 -1.75301E-01 -1.77335E-01
  -1.79456E-01 -1.81668E-01 -1.83971E-01 -1.86366E-01 -1.88853E-01 -1.91433E-01
  -1.94112E-01 -1.96896E-01 -1.99792E-01 -2.02807E-01 -2.05944E-01 -2.09207E-01
  -2.12599E-01 -2.16125E-01 -2.19785E-01 -2.23580E-01 -2.27510E-01 -2.31575E-01
  -2.35769E-01 -2.40079E-01 -2.44490E-01 -2.48987E-01 -2.53556E-01 -2.58186E-01
  -2.62866E-01 -2.67584E-01 -2.72329E-01 -2.77084E-01 -2.81831E-01 -2.86551E-01
  -2.91226E-01 -2.95841E-01 -3.00381E-01 -3.04830E-01 -3.09176E-01 -3.13411E-01
  -3.17538E-01 -3.21559E-01 -3.25477E-01 -3.29281E-01 -3.32923E-01 -3.36354E-01
  -3.39524E-01 -3.42390E-01 -3.44947E-01 -3.47200E-01 -3.49153E-01 -3.50809E-01
  -3.52163E-01 -3.53205E-01 -3.53926E-01 -3.54317E-01 -3.54393E-01 -3.54196E-01
  -3.53768E-01 -3.53152E-01 -3.52375E-01 -3.51434E-01 -3.50328E-01 -3.49051E-01
  -3.47603E-01 -3.46000E-01 -3.44262E-01 -3.42406E-01 -3.40451E-01 -3.38409E-01
  -3.36290E-01 -3.34104E-01 -3.31859E-01 -3.29566E-01 -3.27232E-01 -3.24865E-01
  -3.22473E-01 -3.20064E-01 -3.17642E-01 -3.15211E-01 -3.12778E-01 -3.10346E-01
  -3.07919E-01 -3.05499E-01 -3.03090E-01 -3.00694E-01 -2.98315E-01 -2.95952E-01
  -2.93608E-01 -2.91285E-01 -2.88984E-01 -2.86705E-01 -2.84450E-01 -2.82219E-01
  -2.80013E-01 -2.77832E-01 -2.75677E-01 -2.73548E-01 -2.71446E-01 -2.69369E-01
  -2.67319E-01 -2.65295E-01 -2.63298E-01 -2.61327E-01 -2.59382E-01 -2.57462E-01
  -2.55569E-01 -2.53701E-01 -2.51858E-01 -2.50040E-01 -2.48247E-01 -2.46478E-01
  -2.44733E-01 -2.43012E-01 -2.41314E-01 -2.39639E-01 -2.37986E-01 -2.36355E-01
  -2.34746E-01  1.30110E-02  3.02443E-03 -5.75405E-03 -1.27720E-02 -1.77283E-02
  -2.03830E-02 -2.04962E-02 -1.79304E-02 -1.33685E-02 -7.88556E-03 -2.55937E-03
   1.57318E-03  4.24850E-03  5.89453E-03  6.96353E-03  7.90528E-03  8.98797E-03
   1.01797E-02  1.14203E-02  1.26497E-02  1.38225E-02  1.49395E-02  1.60111E-02
   1.70474E-02  1.80569E-02  1.90370E-02  1.99807E-02  2.08809E-02  2.17307E-02
   2.25265E-02  2.32666E-02  2.39497E-02  2.45743E-02  2.51382E-02  2.56383E-02
   2.60712E-02  2.64336E-02  2.67229E-02  2.69382E-02  2.70786E-02  2.71436E-02
   2.71323E-02  2.70432E-02  2.68747E-02  2.66250E-02  2.62925E-02  2.58763E-02
   2.53758E-02  2.47907E-02  2.41203E-02  2.33643E-02  2.25221E-02  2.15934E-02
   2.05777E-02  1.94746E-02  1.82840E-02  1.70058E-02  1.56401E-02  1.41866E-02
   1.26456E-02  1.10170E-02  9.30106E-03  7.49778E-03  5.60749E-03  3.63067E-03
   1.56771E-03 -5.80872E-04 -2.81455E-03 -5.13254E-03 -7.53409E-03 -1.00184E-02
  -1.25845E-02 -1.52310E-02 -1.79564E-02 -2.07591E-02 -2.36376E-02 -2.65895E-02
  -2.96124E-02 -3.27035E-02 -3.58606E-02 -3.90799E-02 -4.23578E-02 -4.56904E-02
  -4.90737E-02 -5.25030E-02 -5.59726E-02 -5.94768E-02 -6.30101E-02 -6.65664E-02
  -7.01389E-02 -7.37207E-02 -7.73052E-02 -8.08847E-02 -8.44496E-02 -8.79897E-02
  -9.14950E-02 -9.49554E-02 -9.83620E-02 -1.01706E-01 -1.04979E-01 -1.08171E-01
  -1.11276E-01 -1.14285E-01 -1.17192E-01 -1.19991E-01 -1.22677E-01 -1.25254E-01
  -1.27725E-01 -1.30094E-01 -1.32361E-01 -1.34528E-01 -1.36592E-01 -1.38553E-01
  -1.40410E-01 -1.42168E-01 -1.43833E-01 -1.45411E-01 -1.46906E-01 -1.48327E-01
  -1.49683E-01 -1.50984E-01 -1.52238E-01 -1.53454E-01 -1.54640E-01 -1.55801E-01
  -1.56946E-01 -1.58081E-01 -1.59214E-01 -1.60350E-01 -1.61496E-01 -1.62660E-01
  -1.63848E-01 -1.65067E-01 -1.66324E-01 -1.67628E-01 -1.68982E-01 -1.70393E-01
  -1.71866E-01 -1.73406E-01 -1.75018E-01 -1.76709E-01 -1.78484E-01 -1.80350E-01
  -1.82310E-01 -1.84367E-01 -1.86520E-01 -1.88771E-01 -1.91123E-01 -1.93582E-01
  -1.96158E-01 -1.98856E-01 -2.01687E-01 -2.04654E-01 -2.07761E-01 -2.11012E-01
  -2.14411E-01 -2.17960E-01 -2.21658E-01 -2.25505E-01 -2.29503E-01 -2.33643E-01
  -2.37913E-01 -2.42298E-01 -2.46782E-01 -2.51351E-01 -2.55993E-01 -2.60696E-01
  -2.65447E-01 -2.70233E-01 -2.75040E-01 -2.79851E-01 -2.84650E-01 -2.89421E-01
  -2.94147E-01 -2.98810E-01 -3.03392E-01 -3.07875E-01 -3.12250E-01 -3.16516E-01
  -3.20673E-01 -3.24722E-01 -3.28648E-01 -3.32404E-01 -3.35942E-01 -3.39210E-01
  -3.42168E-01 -3.44808E-01 -3.47131E-01 -3.49142E-01 -3.50840E-01 -3.52221E-01
  -3.53273E-01 -3.53986E-01 -3.54350E-01 -3.54381E-01 -3.54122E-01 -3.53615E-01
  -3.52903E-01 -3.52014E-01 -3.50952E-01 -3.49718E-01 -3.48312E-01 -3.46737E-01
  -3.45009E-01 -3.43143E-01 -3.41158E-01 -3.39070E-01 -3.36891E-01 -3.34632E-01
  -3.32304E-01 -3.29918E-01 -3.27483E-01 -3.25008E-01 -3.22502E-01 -3.19972E-01
  -3.17427E-01 -3.14870E-01 -3.12309E-01 -3.09747E-01 -3.07190E-01 -3.04640E-01
  -3.02102E-01 -2.99578E-01 -2.97071E-01 -2.94583E-01 -2.92115E-01 -2.89671E-01
  -2.87250E-01 -2.84855E-01 -2.82486E-01 -2.80143E-01 -2.77829E-01 -2.75543E-01
  -2.73285E-01 -2.71057E-01 -2.68857E-01 -2.66687E-01 -2.64546E-01 -2.62435E-01
  -2.60353E-01 -2.58300E-01 -2.56276E-01 -2.54281E-01 -2.52314E-01 -2.50376E-01
  -2.48465E-01 -2.46582E-01 -2.44727E-01 -2.42900E-01 -2.41099E-01 -2.39325E-01
  -2.37574E-01 -2.35848E-01 -2.34143E-01 -2.32459E-01 -2.30796E-01 -2.29150E-01
   1.46377E-02  4.75702E-03 -3.91872E-03 -1.08367E-02 -1.56897E-02 -1.82302E-02
  -1.82105E-02 -1.54872E-02 -1.07496E-02 -5.08539E-03  4.15326E-04  4.70365E-03
   7.51399E-03  9.28128E-03  1.04651E-02  1.15224E-02  1.27250E-02  1.40385E-02
   1.54000E-02  1.67465E-02  1.80300E-02  1.92519E-02  2.04228E-02  2.15537E-02
   2.26534E-02  2.37192E-02  2.47434E-02  2.57186E-02  2.66373E-02  2.74952E-02
   2.82901E-02  2.90199E-02  2.96826E-02  3.02757E-02  3.07968E-02  3.12430E-02
   3.16117E-02  3.19004E-02  3.21077E-02  3.22318E-02  3.22714E-02  3.22249E-02
   3.20913E-02  3.18695E-02  3.15588E-02  3.11581E-02  3.06668E-02  3.00844E-02
   2.94105E-02  2.86447E-02  2.77865E-02  2.68359E-02  2.57925E-02  2.46562E-02
   2.34268E-02  2.21042E-02  2.06885E-02  1.91795E-02  1.75773E-02  1.58818E-02
   1.40932E-02  1.22115E-02  1.02369E-02  8.16949E-03  6.00962E-03  3.75752E-03
   1.41353E-03 -1.02196E-03 -3.54824E-03 -6.16467E-03 -8.87055E-03 -1.16651E-02
  -1.45469E-02 -1.75147E-02 -2.05672E-02 -2.37029E-02 -2.69195E-02 -3.02147E-02
  -3.35859E-02 -3.70306E-02 -4.05453E-02 -4.41259E-02 -4.77683E-02 -5.14685E-02
  -5.52210E-02 -5.90196E-02 -6.28579E-02 -6.67296E-02 -7.06274E-02 -7.45425E-02
  -7.84659E-02 -8.23888E-02 -8.63017E-02 -9.01938E-02 -9.40536E-02 -9.78699E-02
  -1.01631E-01 -1.05328E-01 -1.08948E-01 -1.12481E-01 -1.15917E-01 -1.19245E-01
  -1.22454E-01 -1.25533E-01 -1.28472E-01 -1.31267E-01 -1.33921E-01 -1.36439E-01
  -1.38825E-01 -1.41082E-01 -1.43210E-01 -1.45208E-01 -1.47076E-01 -1.48813E-01
  -1.50425E-01 -1.51921E-01 -1.53309E-01 -1.54595E-01 -1.55791E-01 -1.56905E-01
  -1.57950E-01 -1.58935E-01 -1.59870E-01 -1.60765E-01 -1.61629E-01 -1.62471E-01
  -1.63299E-01 -1.64123E-01 -1.64950E-01 -1.65788E-01 -1.66644E-01 -1.67526E-01
  -1.68441E-01 -1.69395E-01 -1.70395E-01 -1.71447E-01 -1.72557E-01 -1.73731E-01
  -1.74975E-01 -1.76296E-01 -1.77698E-01 -1.79189E-01 -1.80774E-01 -1.82460E-01
  -1.84251E-01 -1.86155E-01 -1.88178E-01 -1.90325E-01 -1.92602E-01 -1.95015E-01
  -1.97567E-01 -2.00266E-01 -2.03113E-01 -2.06112E-01 -2.09265E-01 -2.12575E-01
  -2.16041E-01 -2.19661E-01 -2.23433E-01 -2.27354E-01 -2.31421E-01 -2.35626E-01
  -2.39960E-01 -2.44417E-01 -2.48986E-01 -2.53655E-01 -2.58412E-01 -2.63244E-01
  -2.68136E-01 -2.73073E-01 -2.78037E-01 -2.83011E-01 -2.87977E-01 -2.92916E-01
  -2.97807E-01 -3.02629E-01 -3.07360E-01 -3.11980E-01 -3.16465E-01 -3.20793E-01
  -3.24942E-01 -3.28889E-01 -3.32614E-01 -3.36099E-01 -3.39323E-01 -3.42268E-01
  -3.44922E-01 -3.47274E-01 -3.49314E-01 -3.51033E-01 -3.52428E-01 -3.53503E-01
  -3.54259E-01 -3.54701E-01 -3.54836E-01 -3.54678E-01 -3.54240E-01 -3.53538E-01
  -3.52585E-01 -3.51401E-01 -3.50004E-01 -3.48413E-01 -3.46647E-01 -3.44722E-01
  -3.42657E-01 -3.40468E-01 -3.38173E-01 -3.35785E-01 -3.33317E-01 -3.30784E-01
  -3.28196E-01 -3.25566E-01 -3.22901E-01 -3.20211E-01 -3.17504E-01 -3.14787E-01
  -3.12065E-01 -3.09344E-01 -3.06629E-01 -3.03925E-01 -3.01235E-01 -2.98561E-01
  -2.95908E-01 -2.93277E-01 -2.90670E-01 -2.88090E-01 -2.85537E-01 -2.83013E-01
  -2.80518E-01 -2.78055E-01 -2.75623E-01 -2.73223E-01 -2.70855E-01 -2.68520E-01
  -2.66217E-01 -2.63947E-01 -2.61710E-01 -2.59506E-01 -2.57334E-01 -2.55196E-01
  -2.53089E-01 -2.51014E-01 -2.48971E-01 -2.46960E-01 -2.44979E-01 -2.43028E-01
  -2.41109E-01 -2.39219E-01 -2.37360E-01 -2.35531E-01 -2.33729E-01 -2.31953E-01
  -2.30202E-01 -2.28473E-01 -2.26765E-01 -2.25077E-01 -2.23406E-01  1.63728E-02
   6.60145E-03 -1.96867E-03 -8.78367E-03 -1.35266E-02 -1.59380E-02 -1.57583E-02
  -1.28353E-02 -7.87070E-03 -1.97541E-03  3.73710E-03  8.19581E-03  1.11339E-02
   1.30038E-02  1.42831E-02  1.54468E-02  1.67751E-02  1.82262E-02  1.97281E-02
   2.12087E-02  2.26139E-02  2.39464E-02  2.52200E-02  2.64486E-02  2.76441E-02
   2.88033E-02  2.99175E-02  3.09779E-02  3.19758E-02  3.29058E-02  3.37647E-02
   3.45493E-02  3.52565E-02  3.58839E-02  3.64299E-02  3.68933E-02  3.72726E-02
   3.75660E-02  3.77703E-02  3.78824E-02  3.78990E-02  3.78173E-02  3.76369E-02
   3.73584E-02  3.69821E-02  3.65085E-02  3.59374E-02  3.52683E-02  3.45006E-02
   3.36339E-02  3.26679E-02  3.16029E-02  3.04389E-02  2.91763E-02  2.78150E-02
   2.63551E-02  2.47964E-02  2.31390E-02  2.13828E-02  1.95277E-02  1.75739E-02
   1.55214E-02  1.33702E-02  1.11202E-02  8.77161E-03  6.32424E-03  3.77816E-03
   1.13357E-03 -1.60898E-03 -4.44898E-03 -7.38588E-03 -1.04190E-02 -1.35474E-02
  -1.67699E-02 -2.00857E-02 -2.34934E-02 -2.69910E-02 -3.05765E-02 -3.42474E-02
  -3.80016E-02 -4.18354E-02 -4.57447E-02 -4.97253E-02 -5.37729E-02 -5.78818E-02
  -6.20449E-02 -6.62554E-02 -7.05061E-02 -7.47882E-02 -7.90899E-02 -8.33994E-02
  -8.77047E-02 -9.19939E-02 -9.62553E-02 -1.00477E-01 -1.04647E-01 -1.08753E-01
  -1.12783E-01 -1.16724E-01 -1.20564E-01 -1.24288E-01 -1.27883E-01 -1.31332E-01
  -1.34619E-01 -1.37729E-01 -1.40655E-01 -1.43401E-01 -1.45972E-01 -1.48372E-01
  -1.50605E-01 -1.52672E-01 -1.54572E-01 -1.56305E-01 -1.57873E-01 -1.59287E-01
  -1.60560E-01 -1.61706E-01 -1.62739E-01 -1.63668E-01 -1.64504E-01 -1.65254E-01
  -1.65928E-01 -1.66536E-01 -1.67092E-01 -1.67609E-01 -1.68099E-01 -1.68575E-01
  -1.69045E-01 -1.69518E-01 -1.70004E-01 -1.70511E-01 -1.71047E-01 -1.71617E-01
  -1.72228E-01 -1.72888E-01 -1.73602E-01 -1.74377E-01 -1.75219E-01 -1.76137E-01
  -1.77136E-01 -1.78221E-01 -1.79398E-01 -1.80674E-01 -1.82058E-01 -1.83564E-01
  -1.85210E-01 -1.87009E-01 -1.88976E-01 -1.91110E-01 -1.93408E-01 -1.95868E-01
  -1.98489E-01 -2.01269E-01 -2.04209E-01 -2.07308E-01 -2.10567E-01 -2.13981E-01
  -2.17543E-01 -2.21246E-01 -2.25085E-01 -2.29057E-01 -2.33168E-01 -2.37427E-01
  -2.41839E-01 -2.46406E-01 -2.51118E-01 -2.55961E-01 -2.60923E-01 -2.65987E-01
  -2.71132E-01 -2.76335E-01 -2.81570E-01 -2.86813E-01 -2.92042E-01 -2.97236E-01
  -3.02373E-01 -3.07434E-01 -3.12375E-01 -3.17133E-01 -3.21641E-01 -3.25834E-01
  -3.29676E-01 -3.33202E-01 -3.36453E-01 -3.39472E-01 -3.42290E-01 -3.44887E-01
  -3.47226E-01 -3.49272E-01 -3.50994E-01 -3.52403E-01 -3.53529E-01 -3.54404E-01
  -3.55060E-01 -3.55486E-01 -3.55638E-01 -3.55468E-01 -3.54927E-01 -3.53999E-01
  -3.52728E-01 -3.51162E-01 -3.49351E-01 -3.47339E-01 -3.45152E-01 -3.42812E-01
  -3.40341E-01 -3.37761E-01 -3.35090E-01 -3.32343E-01 -3.29536E-01 -3.26685E-01
  -3.23803E-01 -3.20897E-01 -3.17976E-01 -3.15049E-01 -3.12123E-01 -3.09203E-01
  -3.06294E-01 -3.03401E-01 -3.00527E-01 -2.97677E-01 -2.94852E-01 -2.92055E-01
  -2.89288E-01 -2.86553E-01 -2.83851E-01 -2.81182E-01 -2.78549E-01 -2.75952E-01
  -2.73391E-01 -2.70866E-01 -2.68378E-01 -2.65928E-01 -2.63514E-01 -2.61138E-01
  -2.58798E-01 -2.56496E-01 -2.54229E-01 -2.51999E-01 -2.49806E-01 -2.47648E-01
  -2.45525E-01 -2.43437E-01 -2.41383E-01 -2.39363E-01 -2.37376E-01 -2.35422E-01
  -2.33502E-01 -2.31614E-01 -2.29758E-01 -2.27932E-01 -2.26135E-01 -2.24364E-01
  -2.22618E-01 -2.20896E-01 -2.19196E-01 -2.17516E-01  1.82422E-02  8.58507E-03
   1.25132E-04 -6.58272E-03 -1.12123E-02 -1.34928E-02 -1.31537E-02 -1.00336E-02
  -4.84579E-03  1.27800E-03  7.20339E-03  1.18394E-02  1.49187E-02  1.69100E-02
   1.83083E-02  1.96057E-02  2.10893E-02  2.27080E-02  2.43789E-02  2.60192E-02
   2.75670E-02  2.90275E-02  3.04191E-02  3.17603E-02  3.30667E-02  3.43352E-02
   3.55550E-02  3.67153E-02  3.78058E-02  3.88196E-02  3.97527E-02  4.06010E-02
   4.13605E-02  4.20288E-02  4.26053E-02  4.30898E-02  4.34820E-02  4.37804E-02
   4.39808E-02  4.40788E-02  4.40695E-02  4.39492E-02  4.37183E-02  4.33786E-02
   4.29320E-02  4.23802E-02  4.17235E-02  4.09616E-02  4.00939E-02  3.91199E-02
   3.80399E-02  3.68541E-02  3.55634E-02  3.41681E-02  3.26689E-02  3.10656E-02
   2.93581E-02  2.75464E-02  2.56305E-02  2.36103E-02  2.14858E-02  1.92569E-02
   1.69235E-02  1.44855E-02  1.19425E-02  9.29407E-03  6.53995E-03  3.68003E-03
   7.14618E-04 -2.35601E-03 -5.53155E-03 -8.81167E-03 -1.21957E-02 -1.56833E-02
  -1.92736E-02 -2.29659E-02 -2.67588E-02 -3.06504E-02 -3.46390E-02 -3.87227E-02
  -4.28982E-02 -4.71616E-02 -5.15088E-02 -5.59357E-02 -6.04365E-02 -6.50039E-02
  -6.96304E-02 -7.43088E-02 -7.90288E-02 -8.37759E-02 -8.85355E-02 -9.32928E-02
  -9.80334E-02 -1.02744E-01 -1.07411E-01 -1.12021E-01 -1.16560E-01 -1.21012E-01
  -1.25360E-01 -1.29586E-01 -1.33673E-01 -1.37601E-01 -1.41348E-01 -1.44894E-01
  -1.48215E-01 -1.51303E-01 -1.54160E-01 -1.56788E-01 -1.59193E-01 -1.61376E-01
  -1.63341E-01 -1.65090E-01 -1.66624E-01 -1.67950E-01 -1.69084E-01 -1.70049E-01
  -1.70866E-01 -1.71557E-01 -1.72135E-01 -1.72607E-01 -1.72981E-01 -1.73267E-01
  -1.73476E-01 -1.73625E-01 -1.73731E-01 -1.73810E-01 -1.73877E-01 -1.73942E-01
  -1.74015E-01 -1.74105E-01 -1.74221E-01 -1.74369E-01 -1.74557E-01 -1.74790E-01
  -1.75075E-01 -1.75418E-01 -1.75826E-01 -1.76306E-01 -1.76865E-01 -1.77508E-01
  -1.78241E-01 -1.79070E-01 -1.80000E-01 -1.81044E-01 -1.82225E-01 -1.83567E-01
  -1.85096E-01 -1.86830E-01 -1.88766E-01 -1.90896E-01 -1.93211E-01 -1.95706E-01
  -1.98378E-01 -2.01225E-01 -2.04247E-01 -2.07443E-01 -2.10806E-01 -2.14325E-01
  -2.17990E-01 -2.21791E-01 -2.25729E-01 -2.29821E-01 -2.34086E-01 -2.38542E-01
  -2.43201E-01 -2.48052E-01 -2.53081E-01 -2.58272E-01 -2.63612E-01 -2.69070E-01
  -2.74615E-01 -2.80216E-01 -2.85841E-01 -2.91466E-01 -2.97071E-01 -3.02637E-01
  -3.08144E-01 -3.13532E-01 -3.18699E-01 -3.23540E-01 -3.27949E-01 -3.31879E-01
  -3.35403E-01 -3.38614E-01 -3.41606E-01 -3.44446E-01 -3.47103E-01 -3.49516E-01
  -3.51626E-01 -3.53378E-01 -3.54795E-01 -3.55933E-01 -3.56854E-01 -3.57612E-01
  -3.58188E-01 -3.58487E-01 -3.58412E-01 -3.57864E-01 -3.56804E-01 -3.55298E-01
  -3.53424E-01 -3.51259E-01 -3.48872E-01 -3.46298E-01 -3.43567E-01 -3.40707E-01
  -3.37746E-01 -3.34704E-01 -3.31600E-01 -3.28451E-01 -3.25276E-01 -3.22086E-01
  -3.18891E-01 -3.15697E-01 -3.12514E-01 -3.09347E-01 -3.06201E-01 -3.03080E-01
  -2.99988E-01 -2.96928E-01 -2.93903E-01 -2.90914E-01 -2.87963E-01 -2.85052E-01
  -2.82182E-01 -2.79353E-01 -2.76565E-01 -2.73820E-01 -2.71117E-01 -2.68457E-01
  -2.65840E-01 -2.63265E-01 -2.60733E-01 -2.58242E-01 -2.55793E-01 -2.53386E-01
  -2.51020E-01 -2.48694E-01 -2.46409E-01 -2.44163E-01 -2.41957E-01 -2.39789E-01
  -2.37659E-01 -2.35566E-01 -2.33511E-01 -2.31492E-01 -2.29508E-01 -2.27560E-01
  -2.25647E-01 -2.23767E-01 -2.21921E-01 -2.20106E-01 -2.18321E-01 -2.16566E-01
  -2.14838E-01 -2.13137E-01 -2.11461E-01  2.02733E-02  1.07366E-02  2.39278E-03
  -4.20333E-03 -8.72177E-03 -1.08871E-02 -1.04239E-02 -7.16690E-03 -1.82929E-03
   4.45496E-03  1.05492E-02  1.53605E-02  1.86209E-02  2.08006E-02  2.23957E-02
   2.38994E-02  2.55972E-02  2.74309E-02  2.93103E-02  3.11452E-02  3.28688E-02
   3.44892E-02  3.60294E-02  3.75123E-02  3.89574E-02  4.03608E-02  4.17095E-02
   4.29901E-02  4.41900E-02  4.53013E-02  4.63200E-02  4.72419E-02  4.80633E-02
   4.87814E-02  4.93956E-02  4.99054E-02  5.03101E-02  5.06085E-02  5.07966E-02
   5.08705E-02  5.08260E-02  5.06599E-02  5.03729E-02  4.99675E-02  4.94458E-02
   4.88101E-02  4.80612E-02  4.71992E-02  4.62240E-02  4.51356E-02  4.39346E-02
   4.26217E-02  4.11977E-02  3.96635E-02  3.80197E-02  3.62664E-02  3.44036E-02
   3.24313E-02  3.03495E-02  2.81580E-02  2.58568E-02  2.34456E-02  2.09244E-02
   1.82925E-02  1.55494E-02  1.26945E-02  9.72723E-03  6.64706E-03  3.45389E-03
   1.47557E-04 -3.27208E-03 -6.80519E-03 -1.04518E-02 -1.42118E-02 -1.80854E-02
  -2.20724E-02 -2.61718E-02 -3.03829E-02 -3.47045E-02 -3.91356E-02 -4.36735E-02
  -4.83151E-02 -5.30570E-02 -5.78961E-02 -6.28268E-02 -6.78422E-02 -7.29352E-02
  -7.80987E-02 -8.33222E-02 -8.85903E-02 -9.38868E-02 -9.91957E-02 -1.04501E-01
  -1.09785E-01 -1.15030E-01 -1.20218E-01 -1.25332E-01 -1.30346E-01 -1.35234E-01
  -1.39970E-01 -1.44529E-01 -1.48883E-01 -1.53007E-01 -1.56874E-01 -1.60459E-01
  -1.63748E-01 -1.66738E-01 -1.69428E-01 -1.71820E-01 -1.73913E-01 -1.75716E-01
  -1.77236E-01 -1.78480E-01 -1.79461E-01 -1.80204E-01 -1.80740E-01 -1.81099E-01
  -1.81311E-01 -1.81395E-01 -1.81364E-01 -1.81231E-01 -1.81009E-01 -1.80713E-01
  -1.80363E-01 -1.79977E-01 -1.79574E-01 -1.79169E-01 -1.78773E-01 -1.78394E-01
  -1.78042E-01 -1.77726E-01 -1.77450E-01 -1.77222E-01 -1.77045E-01 -1.76926E-01
  -1.76870E-01 -1.76883E-01 -1.76970E-01 -1.77136E-01 -1.77388E-01 -1.77730E-01
  -1.78167E-01 -1.78705E-01 -1.79357E-01 -1.80146E-01 -1.81099E-01 -1.82243E-01
  -1.83598E-01 -1.85165E-01 -1.86943E-01 -1.88928E-01 -1.91121E-01 -1.93524E-01
  -1.96140E-01 -1.98975E-01 -2.02033E-01 -2.05309E-01 -2.08795E-01 -2.12481E-01
  -2.16357E-01 -2.20424E-01 -2.24695E-01 -2.29185E-01 -2.33907E-01 -2.38869E-01
  -2.44057E-01 -2.49454E-01 -2.55043E-01 -2.60805E-01 -2.66711E-01 -2.72729E-01
  -2.78826E-01 -2.84972E-01 -2.91142E-01 -2.97316E-01 -3.03475E-01 -3.09598E-01
  -3.15625E-01 -3.21450E-01 -3.26962E-01 -3.32052E-01 -3.36663E-01 -3.40852E-01
  -3.44693E-01 -3.48258E-01 -3.51598E-01 -3.54671E-01 -3.57407E-01 -3.59735E-01
  -3.61597E-01 -3.63010E-01 -3.64036E-01 -3.64737E-01 -3.65170E-01 -3.65328E-01
  -3.65134E-01 -3.64509E-01 -3.63375E-01 -3.61707E-01 -3.59581E-01 -3.57084E-01
  -3.54304E-01 -3.51315E-01 -3.48160E-01 -3.44870E-01 -3.41478E-01 -3.38014E-01
  -3.34501E-01 -3.30955E-01 -3.27393E-01 -3.23833E-01 -3.20286E-01 -3.16758E-01
  -3.13255E-01 -3.09785E-01 -3.06352E-01 -3.02959E-01 -2.99608E-01 -2.96304E-01
  -2.93047E-01 -2.89838E-01 -2.86679E-01 -2.83569E-01 -2.80510E-01 -2.77502E-01
  -2.74545E-01 -2.71637E-01 -2.68781E-01 -2.65974E-01 -2.63217E-01 -2.60509E-01
  -2.57849E-01 -2.55238E-01 -2.52673E-01 -2.50156E-01 -2.47685E-01 -2.45259E-01
  -2.42878E-01 -2.40541E-01 -2.38247E-01 -2.35996E-01 -2.33788E-01 -2.31620E-01
  -2.29494E-01 -2.27407E-01 -2.25359E-01 -2.23350E-01 -2.21379E-01 -2.19444E-01
  -2.17546E-01 -2.15683E-01 -2.13855E-01 -2.12061E-01 -2.10301E-01 -2.08574E-01
  -2.06879E-01 -2.05215E-01  2.24936E-02  1.30847E-02  4.86440E-03 -1.61491E-03
  -6.02995E-03 -8.11307E-03 -7.59663E-03 -4.31993E-03  1.02451E-03  7.33562E-03
   1.35097E-02  1.84851E-02  2.19935E-02  2.44763E-02  2.64001E-02  2.82285E-02
   3.02285E-02  3.23419E-02  3.44800E-02  3.65539E-02  3.84989E-02  4.03256E-02
   4.20602E-02  4.37285E-02  4.53522E-02  4.69263E-02  4.84347E-02  4.98615E-02
   5.11911E-02  5.24157E-02  5.35325E-02  5.45393E-02  5.54336E-02  5.62129E-02
   5.68737E-02  5.74131E-02  5.78278E-02  5.81153E-02  5.82752E-02  5.83075E-02
   5.82121E-02  5.79889E-02  5.76388E-02  5.71625E-02  5.65611E-02  5.58355E-02
   5.49868E-02  5.40161E-02  5.29247E-02  5.17139E-02  5.03846E-02  4.89377E-02
   4.73739E-02  4.56940E-02  4.38988E-02  4.19884E-02  3.99632E-02  3.78232E-02
   3.55687E-02  3.31994E-02  3.07151E-02  2.81155E-02  2.54001E-02  2.25683E-02
   1.96196E-02  1.65532E-02  1.33684E-02  1.00644E-02  6.64021E-03  3.09507E-03
  -5.71945E-04 -4.36174E-03 -8.27507E-03 -1.23128E-02 -1.64757E-02 -2.07645E-02
  -2.51793E-02 -2.97205E-02 -3.43880E-02 -3.91819E-02 -4.41011E-02 -4.91438E-02
  -5.43085E-02 -5.95933E-02 -6.49943E-02 -7.05057E-02 -7.61218E-02 -8.18368E-02
  -8.76418E-02 -9.35228E-02 -9.94657E-02 -1.05456E-01 -1.11478E-01 -1.17504E-01
  -1.23510E-01 -1.29467E-01 -1.35349E-01 -1.41116E-01 -1.46726E-01 -1.52138E-01
  -1.57311E-01 -1.62210E-01 -1.66809E-01 -1.71078E-01 -1.74991E-01 -1.78527E-01
  -1.81677E-01 -1.84433E-01 -1.86786E-01 -1.88735E-01 -1.90294E-01 -1.91484E-01
  -1.92321E-01 -1.92827E-01 -1.93036E-01 -1.92987E-01 -1.92716E-01 -1.92262E-01
  -1.91656E-01 -1.90926E-01 -1.90101E-01 -1.89209E-01 -1.88272E-01 -1.87308E-01
  -1.86333E-01 -1.85365E-01 -1.84416E-01 -1.83495E-01 -1.82611E-01 -1.81770E-01
  -1.80981E-01 -1.80247E-01 -1.79571E-01 -1.78958E-01 -1.78411E-01 -1.77932E-01
  -1.77524E-01 -1.77189E-01 -1.76930E-01 -1.76751E-01 -1.76656E-01 -1.76651E-01
  -1.76741E-01 -1.76934E-01 -1.77242E-01 -1.77678E-01 -1.78255E-01 -1.78988E-01
  -1.79899E-01 -1.81012E-01 -1.82350E-01 -1.83935E-01 -1.85790E-01 -1.87933E-01
  -1.90385E-01 -1.93166E-01 -1.96284E-01 -1.99739E-01 -2.03533E-01 -2.07665E-01
  -2.12128E-01 -2.16904E-01 -2.21972E-01 -2.27314E-01 -2.32909E-01 -2.38734E-01
  -2.44767E-01 -2.50984E-01 -2.57362E-01 -2.63882E-01 -2.70527E-01 -2.77279E-01
  -2.84118E-01 -2.91024E-01 -2.97973E-01 -3.04941E-01 -3.11905E-01 -3.18831E-01
  -3.25672E-01 -3.32379E-01 -3.38906E-01 -3.45198E-01 -3.51185E-01 -3.56796E-01
  -3.61960E-01 -3.66609E-01 -3.70690E-01 -3.74157E-01 -3.76963E-01 -3.79064E-01
  -3.80456E-01 -3.81156E-01 -3.81180E-01 -3.80545E-01 -3.79293E-01 -3.77489E-01
  -3.75198E-01 -3.72485E-01 -3.69415E-01 -3.66047E-01 -3.62441E-01 -3.58654E-01
  -3.54741E-01 -3.50735E-01 -3.46666E-01 -3.42563E-01 -3.38453E-01 -3.34352E-01
  -3.30273E-01 -3.26226E-01 -3.22223E-01 -3.18270E-01 -3.14370E-01 -3.10529E-01
  -3.06748E-01 -3.03030E-01 -2.99376E-01 -2.95787E-01 -2.92262E-01 -2.88803E-01
  -2.85408E-01 -2.82076E-01 -2.78808E-01 -2.75603E-01 -2.72459E-01 -2.69376E-01
  -2.66352E-01 -2.63388E-01 -2.60481E-01 -2.57631E-01 -2.54837E-01 -2.52097E-01
  -2.49412E-01 -2.46779E-01 -2.44198E-01 -2.41668E-01 -2.39188E-01 -2.36757E-01
  -2.34373E-01 -2.32037E-01 -2.29748E-01 -2.27503E-01 -2.25303E-01 -2.23147E-01
  -2.21034E-01 -2.18963E-01 -2.16933E-01 -2.14943E-01 -2.12992E-01 -2.11079E-01
  -2.09205E-01 -2.07369E-01 -2.05571E-01 -2.03810E-01 -2.02088E-01 -2.00402E-01
  -1.98754E-01  2.49488E-02  1.56761E-02  7.58726E-03  1.22971E-03 -3.09320E-03
  -5.13741E-03 -4.65885E-03 -1.51251E-03  3.65619E-03  9.82333E-03  1.59626E-02
   2.10857E-02  2.49238E-02  2.78516E-02  3.02663E-02  3.25630E-02  3.49693E-02
   3.74362E-02  3.98890E-02  4.22527E-02  4.44734E-02  4.65638E-02  4.85499E-02
   5.04577E-02  5.23087E-02  5.40956E-02  5.57997E-02  5.74022E-02  5.88850E-02
   6.02408E-02  6.14703E-02  6.25741E-02  6.35533E-02  6.44047E-02  6.51204E-02
   6.56920E-02  6.61109E-02  6.63729E-02  6.64840E-02  6.64520E-02  6.62849E-02
   6.59891E-02  6.55646E-02  6.50088E-02  6.43195E-02  6.34946E-02  6.25352E-02
   6.14445E-02  6.02257E-02  5.88819E-02  5.74151E-02  5.58257E-02  5.41142E-02
   5.22810E-02  5.03266E-02  4.82514E-02  4.60561E-02  4.37413E-02  4.13074E-02
   3.87540E-02  3.60807E-02  3.32868E-02  3.03719E-02  2.73354E-02  2.41766E-02
   2.08950E-02  1.74901E-02  1.39605E-02  1.03043E-02  6.51966E-03  2.60466E-03
  -1.44264E-03 -5.62394E-03 -9.94110E-03 -1.43958E-02 -1.89899E-02 -2.37250E-02
  -2.86028E-02 -3.36249E-02 -3.87929E-02 -4.41079E-02 -4.95707E-02 -5.51821E-02
  -6.09429E-02 -6.68516E-02 -7.29052E-02 -7.91005E-02 -8.54344E-02 -9.19017E-02
  -9.84940E-02 -1.05203E-01 -1.12019E-01 -1.18927E-01 -1.25891E-01 -1.32872E-01
  -1.39828E-01 -1.46718E-01 -1.53482E-01 -1.60053E-01 -1.66365E-01 -1.72355E-01
  -1.77977E-01 -1.83200E-01 -1.87995E-01 -1.92332E-01 -1.96183E-01 -1.99528E-01
  -2.02346E-01 -2.04615E-01 -2.06330E-01 -2.07523E-01 -2.08229E-01 -2.08486E-01
  -2.08330E-01 -2.07806E-01 -2.06960E-01 -2.05836E-01 -2.04482E-01 -2.02947E-01
  -2.01288E-01 -1.99559E-01 -1.97813E-01 -1.96083E-01 -1.94381E-01 -1.92715E-01
  -1.91096E-01 -1.89530E-01 -1.88024E-01 -1.86584E-01 -1.85213E-01 -1.83918E-01
  -1.82698E-01 -1.81554E-01 -1.80486E-01 -1.79494E-01 -1.78576E-01 -1.77729E-01
  -1.76951E-01 -1.76238E-01 -1.75593E-01 -1.75020E-01 -1.74525E-01 -1.74112E-01
  -1.73779E-01 -1.73508E-01 -1.73281E-01 -1.73080E-01 -1.72905E-01 -1.72817E-01
  -1.72889E-01 -1.73195E-01 -1.73805E-01 -1.74773E-01 -1.76148E-01 -1.77979E-01
  -1.80311E-01 -1.83178E-01 -1.86602E-01 -1.90603E-01 -1.95201E-01 -2.00374E-01
  -2.06037E-01 -2.12099E-01 -2.18473E-01 -2.25083E-01 -2.31888E-01 -2.38856E-01
  -2.45952E-01 -2.53151E-01 -2.60455E-01 -2.67879E-01 -2.75439E-01 -2.83146E-01
  -2.90986E-01 -2.98926E-01 -3.06932E-01 -3.14974E-01 -3.23077E-01 -3.31334E-01
  -3.39841E-01 -3.48695E-01 -3.57859E-01 -3.67002E-01 -3.75756E-01 -3.83751E-01
  -3.90677E-01 -3.96477E-01 -4.01165E-01 -4.04755E-01 -4.07252E-01 -4.08604E-01
  -4.08721E-01 -4.07517E-01 -4.04911E-01 -4.01043E-01 -3.96271E-01 -3.90960E-01
  -3.85473E-01 -3.80051E-01 -3.74705E-01 -3.69421E-01 -3.64183E-01 -3.58985E-01
  -3.53836E-01 -3.48755E-01 -3.43757E-01 -3.38857E-01 -3.34060E-01 -3.29364E-01
  -3.24768E-01 -3.20274E-01 -3.15878E-01 -3.11581E-01 -3.07380E-01 -3.03276E-01
  -2.99265E-01 -2.95346E-01 -2.91516E-01 -2.87772E-01 -2.84112E-01 -2.80534E-01
  -2.77036E-01 -2.73614E-01 -2.70269E-01 -2.66996E-01 -2.63794E-01 -2.60661E-01
  -2.57596E-01 -2.54597E-01 -2.51661E-01 -2.48788E-01 -2.45976E-01 -2.43223E-01
  -2.40529E-01 -2.37892E-01 -2.35310E-01 -2.32782E-01 -2.30307E-01 -2.27885E-01
  -2.25513E-01 -2.23190E-01 -2.20916E-01 -2.18690E-01 -2.16510E-01 -2.14376E-01
  -2.12287E-01 -2.10241E-01 -2.08238E-01 -2.06276E-01 -2.04355E-01 -2.02475E-01
  -2.00635E-01 -1.98837E-01 -1.97080E-01 -1.95364E-01 -1.93689E-01 -1.92056E-01
   2.77584E-02  1.86293E-02  1.06773E-02  4.44419E-03  2.06263E-04 -1.82444E-03
  -1.43589E-03  1.49532E-03  6.38590E-03  1.23141E-02  1.83561E-02  2.36209E-02
   2.78389E-02  3.12964E-02  3.42992E-02  3.71514E-02  4.00299E-02  4.29011E-02
   4.57119E-02  4.84091E-02  5.09552E-02  5.33624E-02  5.56532E-02  5.78497E-02
   5.99701E-02  6.20052E-02  6.39350E-02  6.57396E-02  6.73997E-02  6.89087E-02
   7.02691E-02  7.14839E-02  7.25557E-02  7.34812E-02  7.42484E-02  7.48448E-02
   7.52578E-02  7.54819E-02  7.55296E-02  7.54163E-02  7.51577E-02  7.47668E-02
   7.42432E-02  7.35823E-02  7.27795E-02  7.18308E-02  7.07377E-02  6.95053E-02
   6.81389E-02  6.66436E-02  6.50223E-02  6.32751E-02  6.14022E-02  5.94037E-02
   5.72798E-02  5.50313E-02  5.26590E-02  5.01636E-02  4.75459E-02  4.48053E-02
   4.19408E-02  3.89517E-02  3.58371E-02  3.25964E-02  2.92290E-02  2.57343E-02
   2.21116E-02  1.83593E-02  1.44743E-02  1.04537E-02  6.29464E-03  1.99408E-03
  -2.45076E-03 -7.04281E-03 -1.17848E-02 -1.66799E-02 -2.17312E-02 -2.69424E-02
  -3.23167E-02 -3.78577E-02 -4.35691E-02 -4.94549E-02 -5.55189E-02 -6.17650E-02
  -6.81953E-02 -7.48112E-02 -8.16135E-02 -8.86035E-02 -9.57813E-02 -1.03146E-01
  -1.10697E-01 -1.18434E-01 -1.26344E-01 -1.34388E-01 -1.42519E-01 -1.50690E-01
  -1.58850E-01 -1.66912E-01 -1.74775E-01 -1.82341E-01 -1.89512E-01 -1.96216E-01
  -2.02398E-01 -2.08004E-01 -2.12979E-01 -2.17278E-01 -2.20868E-01 -2.23714E-01
  -2.25784E-01 -2.27073E-01 -2.27640E-01 -2.27555E-01 -2.26889E-01 -2.25712E-01
  -2.24093E-01 -2.22103E-01 -2.19811E-01 -2.17287E-01 -2.14604E-01 -2.11835E-01
  -2.09054E-01 -2.06333E-01 -2.03711E-01 -2.01190E-01 -1.98769E-01 -1.96449E-01
  -1.94230E-01 -1.92113E-01 -1.90098E-01 -1.88188E-01 -1.86381E-01 -1.84675E-01
  -1.83065E-01 -1.81548E-01 -1.80119E-01 -1.78771E-01 -1.77493E-01 -1.76278E-01
  -1.75115E-01 -1.74004E-01 -1.72948E-01 -1.71955E-01 -1.71028E-01 -1.70150E-01
  -1.69267E-01 -1.68319E-01 -1.67247E-01 -1.66034E-01 -1.64788E-01 -1.63644E-01
  -1.62737E-01 -1.62198E-01 -1.62121E-01 -1.62589E-01 -1.63685E-01 -1.65488E-01
  -1.68062E-01 -1.71451E-01 -1.75702E-01 -1.80859E-01 -1.86880E-01 -1.93597E-01
  -2.00837E-01 -2.08423E-01 -2.16211E-01 -2.24142E-01 -2.32168E-01 -2.40243E-01
  -2.48333E-01 -2.56472E-01 -2.64718E-01 -2.73127E-01 -2.81751E-01 -2.90585E-01
  -2.99584E-01 -3.08706E-01 -3.17910E-01 -3.27299E-01 -3.37139E-01 -3.47710E-01
  -3.59286E-01 -3.71857E-01 -3.84772E-01 -3.97296E-01 -4.08692E-01 -4.18352E-01
  -4.26213E-01 -4.32364E-01 -4.36895E-01 -4.39874E-01 -4.41181E-01 -4.40597E-01
  -4.37900E-01 -4.32892E-01 -4.25833E-01 -4.17442E-01 -4.08461E-01 -3.99625E-01
  -3.91394E-01 -3.83716E-01 -3.76484E-01 -3.69590E-01 -3.62946E-01 -3.56534E-01
  -3.50351E-01 -3.44395E-01 -3.38660E-01 -3.33137E-01 -3.27807E-01 -3.22657E-01
  -3.17670E-01 -3.12837E-01 -3.08149E-01 -3.03600E-01 -2.99184E-01 -2.94893E-01
  -2.90723E-01 -2.86666E-01 -2.82718E-01 -2.78873E-01 -2.75126E-01 -2.71475E-01
  -2.67914E-01 -2.64441E-01 -2.61052E-01 -2.57744E-01 -2.54514E-01 -2.51359E-01
  -2.48278E-01 -2.45267E-01 -2.42325E-01 -2.39450E-01 -2.36640E-01 -2.33893E-01
  -2.31208E-01 -2.28583E-01 -2.26016E-01 -2.23505E-01 -2.21050E-01 -2.18650E-01
  -2.16301E-01 -2.14005E-01 -2.11759E-01 -2.09563E-01 -2.07414E-01 -2.05313E-01
  -2.03258E-01 -2.01248E-01 -1.99282E-01 -1.97359E-01 -1.95480E-01 -1.93643E-01
  -1.91850E-01 -1.90099E-01 -1.88393E-01 -1.86729E-01 -1.85109E-01  3.10603E-02
   2.20809E-02  1.42678E-02  8.15883E-03  4.00482E-03  1.98719E-03  2.28737E-03
   5.00845E-03  9.62871E-03  1.53273E-02  2.12813E-02  2.66958E-02  3.13005E-02
   3.52945E-02  3.88934E-02  4.23118E-02  4.56769E-02  4.89720E-02  5.21667E-02
   5.52311E-02  5.81438E-02  6.09134E-02  6.35539E-02  6.60795E-02  6.85012E-02
   7.08095E-02  7.29865E-02  7.50144E-02  7.68762E-02  7.85645E-02  8.00791E-02
   8.14201E-02  8.25876E-02  8.35771E-02  8.43783E-02  8.49802E-02  8.53721E-02
   8.55500E-02  8.55285E-02  8.53253E-02  8.49580E-02  8.44417E-02  8.37786E-02
   8.29667E-02  8.20040E-02  8.08888E-02  7.96244E-02  7.82169E-02  7.66726E-02
   7.49976E-02  7.31955E-02  7.12667E-02  6.92117E-02  6.70308E-02  6.47245E-02
   6.22931E-02  5.97375E-02  5.70580E-02  5.42551E-02  5.13277E-02  4.82748E-02
   4.50949E-02  4.17869E-02  3.83496E-02  3.47819E-02  3.10826E-02  2.72507E-02
   2.32836E-02  1.91777E-02  1.49295E-02  1.05352E-02  5.99123E-03  1.29356E-03
  -3.56179E-03 -8.57868E-03 -1.37614E-02 -1.91150E-02 -2.46450E-02 -3.03564E-02
  -3.62549E-02 -4.23470E-02 -4.86399E-02 -5.51404E-02 -6.18558E-02 -6.87930E-02
  -7.59591E-02 -8.33611E-02 -9.10062E-02 -9.89012E-02 -1.07053E-01 -1.15468E-01
  -1.24154E-01 -1.33108E-01 -1.42301E-01 -1.51703E-01 -1.61278E-01 -1.70983E-01
  -1.80701E-01 -1.90291E-01 -1.99609E-01 -2.08514E-01 -2.16874E-01 -2.24563E-01
  -2.31454E-01 -2.37423E-01 -2.42381E-01 -2.46283E-01 -2.49091E-01 -2.50764E-01
  -2.51306E-01 -2.50831E-01 -2.49466E-01 -2.47338E-01 -2.44577E-01 -2.41313E-01
  -2.37677E-01 -2.33798E-01 -2.29805E-01 -2.25784E-01 -2.21796E-01 -2.17905E-01
  -2.14172E-01 -2.10626E-01 -2.07262E-01 -2.04071E-01 -2.01046E-01 -1.98182E-01
  -1.95470E-01 -1.92906E-01 -1.90483E-01 -1.88195E-01 -1.86034E-01 -1.83991E-01
  -1.82059E-01 -1.80228E-01 -1.78485E-01 -1.76814E-01 -1.75201E-01 -1.73629E-01
  -1.72094E-01 -1.70599E-01 -1.69151E-01 -1.67752E-01 -1.66373E-01 -1.64922E-01
  -1.63306E-01 -1.61429E-01 -1.59255E-01 -1.56937E-01 -1.54668E-01 -1.52640E-01
  -1.51037E-01 -1.49993E-01 -1.49623E-01 -1.50040E-01 -1.51356E-01 -1.53657E-01
  -1.57010E-01 -1.61482E-01 -1.67136E-01 -1.73910E-01 -1.81568E-01 -1.89858E-01
  -1.98530E-01 -2.07379E-01 -2.16323E-01 -2.25303E-01 -2.34257E-01 -2.43143E-01
  -2.52023E-01 -2.60994E-01 -2.70151E-01 -2.79584E-01 -2.89296E-01 -2.99240E-01
  -3.09362E-01 -3.19621E-01 -3.30184E-01 -3.41473E-01 -3.53923E-01 -3.67967E-01
  -3.83613E-01 -3.99930E-01 -4.15861E-01 -4.30348E-01 -4.42516E-01 -4.52293E-01
  -4.59824E-01 -4.65255E-01 -4.68700E-01 -4.69978E-01 -4.68755E-01 -4.64690E-01
  -4.57477E-01 -4.47489E-01 -4.35774E-01 -4.23413E-01 -4.11481E-01 -4.00637E-01
  -3.90780E-01 -3.81721E-01 -3.73277E-01 -3.65289E-01 -3.57711E-01 -3.50520E-01
  -3.43692E-01 -3.37203E-01 -3.31025E-01 -3.25129E-01 -3.19484E-01 -3.14062E-01
  -3.08842E-01 -3.03812E-01 -2.98960E-01 -2.94273E-01 -2.89741E-01 -2.85355E-01
  -2.81105E-01 -2.76982E-01 -2.72979E-01 -2.69090E-01 -2.65309E-01 -2.61631E-01
  -2.58051E-01 -2.54565E-01 -2.51168E-01 -2.47858E-01 -2.44629E-01 -2.41481E-01
  -2.38409E-01 -2.35411E-01 -2.32485E-01 -2.29629E-01 -2.26840E-01 -2.24117E-01
  -2.21458E-01 -2.18861E-01 -2.16324E-01 -2.13846E-01 -2.11425E-01 -2.09060E-01
  -2.06749E-01 -2.04491E-01 -2.02286E-01 -2.00131E-01 -1.98027E-01 -1.95970E-01
  -1.93961E-01 -1.91998E-01 -1.90080E-01 -1.88208E-01 -1.86380E-01 -1.84597E-01
  -1.82858E-01 -1.81164E-01 -1.79513E-01 -1.77906E-01  3.49922E-02  2.61671E-02
   1.84918E-02  1.25039E-02  8.43877E-03  6.45875E-03  6.72604E-03  9.33174E-03
   1.37997E-02  1.93819E-02  2.53290E-02  3.09154E-02  3.58702E-02  4.03296E-02
   4.44438E-02  4.83623E-02  5.21769E-02  5.58841E-02  5.94714E-02  6.29262E-02
   6.62387E-02  6.94082E-02  7.24356E-02  7.53218E-02  7.80667E-02  8.06628E-02
   8.30998E-02  8.53676E-02  8.74557E-02  8.93535E-02  9.10500E-02  9.25342E-02
   9.37953E-02  9.48272E-02  9.56308E-02  9.62071E-02  9.65574E-02  9.66848E-02
   9.65973E-02  9.63037E-02  9.58128E-02  9.51334E-02  9.42747E-02  9.32457E-02
   9.20555E-02  9.07131E-02  8.92253E-02  8.75973E-02  8.58344E-02  8.39420E-02
   8.19236E-02  7.97811E-02  7.75164E-02  7.51311E-02  7.26264E-02  7.00020E-02
   6.72573E-02  6.43920E-02  6.14053E-02  5.82958E-02  5.50616E-02  5.17011E-02
   4.82123E-02  4.45929E-02  4.08403E-02  3.69518E-02  3.29248E-02  2.87560E-02
   2.44420E-02  1.99791E-02  1.53636E-02  1.05916E-02  5.65808E-03  5.58076E-04
  -4.71333E-03 -1.01616E-02 -1.57935E-02 -2.16164E-02 -2.76371E-02 -3.38632E-02
  -4.03039E-02 -4.69690E-02 -5.38682E-02 -6.10117E-02 -6.84120E-02 -7.60843E-02
  -8.40435E-02 -9.23047E-02 -1.00882E-01 -1.09787E-01 -1.19033E-01 -1.28631E-01
  -1.38594E-01 -1.48937E-01 -1.59672E-01 -1.70814E-01 -1.82354E-01 -1.94146E-01
  -2.05997E-01 -2.17711E-01 -2.29090E-01 -2.39895E-01 -2.49854E-01 -2.58696E-01
  -2.66154E-01 -2.72056E-01 -2.76359E-01 -2.79026E-01 -2.80021E-01 -2.79374E-01
  -2.77282E-01 -2.73964E-01 -2.69639E-01 -2.64532E-01 -2.58883E-01 -2.52943E-01
  -2.46959E-01 -2.41165E-01 -2.35646E-01 -2.30402E-01 -2.25432E-01 -2.20733E-01
  -2.16301E-01 -2.12126E-01 -2.08199E-01 -2.04512E-01 -2.01054E-01 -1.97808E-01
  -1.94758E-01 -1.91888E-01 -1.89182E-01 -1.86628E-01 -1.84214E-01 -1.81928E-01
  -1.79758E-01 -1.77685E-01 -1.75689E-01 -1.73750E-01 -1.71848E-01 -1.69974E-01
  -1.68131E-01 -1.66321E-01 -1.64547E-01 -1.62770E-01 -1.60879E-01 -1.58761E-01
  -1.56298E-01 -1.53447E-01 -1.50389E-01 -1.47353E-01 -1.44565E-01 -1.42244E-01
  -1.40551E-01 -1.39618E-01 -1.39581E-01 -1.40571E-01 -1.42688E-01 -1.46005E-01
  -1.50595E-01 -1.56528E-01 -1.63731E-01 -1.71930E-01 -1.80836E-01 -1.90161E-01
  -1.99669E-01 -2.09261E-01 -2.18862E-01 -2.28398E-01 -2.37817E-01 -2.47197E-01
  -2.56658E-01 -2.66321E-01 -2.76295E-01 -2.86598E-01 -2.97182E-01 -3.08000E-01
  -3.19011E-01 -3.30421E-01 -3.42721E-01 -3.56420E-01 -3.72024E-01 -3.89547E-01
  -4.07912E-01 -4.25899E-01 -4.42284E-01 -4.56056E-01 -4.67115E-01 -4.75614E-01
  -4.81704E-01 -4.85501E-01 -4.86788E-01 -4.85169E-01 -4.80245E-01 -4.71654E-01
  -4.59838E-01 -4.46037E-01 -4.31528E-01 -4.17580E-01 -4.04976E-01 -3.93596E-01
  -3.83225E-01 -3.73647E-01 -3.64679E-01 -3.56252E-01 -3.48329E-01 -3.40866E-01
  -3.33826E-01 -3.27167E-01 -3.20852E-01 -3.14841E-01 -3.09096E-01 -3.03591E-01
  -2.98308E-01 -2.93232E-01 -2.88346E-01 -2.83636E-01 -2.79089E-01 -2.74696E-01
  -2.70444E-01 -2.66325E-01 -2.62330E-01 -2.58454E-01 -2.54689E-01 -2.51031E-01
  -2.47472E-01 -2.44011E-01 -2.40641E-01 -2.37359E-01 -2.34161E-01 -2.31045E-01
  -2.28008E-01 -2.25046E-01 -2.22157E-01 -2.19339E-01 -2.16591E-01 -2.13909E-01
  -2.11292E-01 -2.08738E-01 -2.06246E-01 -2.03815E-01 -2.01442E-01 -1.99126E-01
  -1.96866E-01 -1.94661E-01 -1.92510E-01 -1.90410E-01 -1.88361E-01 -1.86362E-01
  -1.84410E-01 -1.82506E-01 -1.80648E-01 -1.78836E-01 -1.77069E-01 -1.75346E-01
  -1.73668E-01 -1.72033E-01 -1.70441E-01  3.97233E-02  3.10753E-02  2.35512E-02
   1.76925E-02  1.37344E-02  1.18377E-02  1.21633E-02  1.48033E-02  1.93013E-02
   2.49382E-02  3.09932E-02  3.67683E-02  4.19934E-02  4.67811E-02  5.12576E-02
   5.55484E-02  5.97326E-02  6.38127E-02  6.77840E-02  7.16418E-02  7.53789E-02
   7.89802E-02  8.24292E-02  8.57091E-02  8.88053E-02  9.17140E-02  9.44364E-02
   9.69733E-02  9.93247E-02  1.01473E-01  1.03386E-01  1.05033E-01  1.06383E-01
   1.07428E-01  1.08190E-01  1.08695E-01  1.08966E-01  1.09022E-01  1.08854E-01
   1.08452E-01  1.07805E-01  1.06907E-01  1.05779E-01  1.04451E-01  1.02952E-01
   1.01311E-01  9.95389E-02  9.76386E-02  9.56119E-02  9.34606E-02  9.11879E-02
   8.87980E-02  8.62950E-02  8.36833E-02  8.09652E-02  7.81388E-02  7.52016E-02
   7.21510E-02  6.89848E-02  6.57004E-02  6.22954E-02  5.87675E-02  5.51140E-02
   5.13307E-02  4.74123E-02  4.33535E-02  3.91495E-02  3.47959E-02  3.02902E-02
   2.56295E-02  2.08111E-02  1.58313E-02  1.06844E-02  5.36457E-03 -1.34027E-04
  -5.81784E-03 -1.16951E-02 -1.77748E-02 -2.40654E-02 -3.05762E-02 -3.73181E-02
  -4.43031E-02 -5.15428E-02 -5.90498E-02 -6.68428E-02 -7.49466E-02 -8.33858E-02
  -9.21853E-02 -1.01365E-01 -1.10941E-01 -1.20924E-01 -1.31330E-01 -1.42191E-01
  -1.53596E-01 -1.65646E-01 -1.78440E-01 -1.92038E-01 -2.06270E-01 -2.20882E-01
  -2.35619E-01 -2.50217E-01 -2.64274E-01 -2.77295E-01 -2.88782E-01 -2.98242E-01
  -3.05383E-01 -3.10170E-01 -3.12582E-01 -3.12601E-01 -3.10304E-01 -3.06002E-01
  -3.00042E-01 -2.92767E-01 -2.84535E-01 -2.75759E-01 -2.66867E-01 -2.58289E-01
  -2.50420E-01 -2.43327E-01 -2.36882E-01 -2.30957E-01 -2.25424E-01 -2.20215E-01
  -2.15326E-01 -2.10752E-01 -2.06493E-01 -2.02537E-01 -1.98858E-01 -1.95424E-01
  -1.92206E-01 -1.89178E-01 -1.86323E-01 -1.83626E-01 -1.81073E-01 -1.78650E-01
  -1.76335E-01 -1.74107E-01 -1.71943E-01 -1.69819E-01 -1.67726E-01 -1.65661E-01
  -1.63624E-01 -1.61614E-01 -1.59591E-01 -1.57450E-01 -1.55080E-01 -1.52371E-01
  -1.49280E-01 -1.45993E-01 -1.42741E-01 -1.39752E-01 -1.37249E-01 -1.35394E-01
  -1.34324E-01 -1.34178E-01 -1.35092E-01 -1.37157E-01 -1.40436E-01 -1.44987E-01
  -1.50870E-01 -1.58009E-01 -1.66148E-01 -1.75015E-01 -1.84340E-01 -1.93896E-01
  -2.03577E-01 -2.13297E-01 -2.22968E-01 -2.32530E-01 -2.42057E-01 -2.51667E-01
  -2.61481E-01 -2.71611E-01 -2.82081E-01 -2.92861E-01 -3.03919E-01 -3.15231E-01
  -3.26986E-01 -3.39627E-01 -3.53612E-01 -3.69394E-01 -3.86972E-01 -4.05329E-01
  -4.23313E-01 -4.39773E-01 -4.53745E-01 -4.65090E-01 -4.73896E-01 -4.80249E-01
  -4.84207E-01 -4.85549E-01 -4.83905E-01 -4.78906E-01 -4.70215E-01 -4.58275E-01
  -4.44305E-01 -4.29557E-01 -4.15278E-01 -4.02246E-01 -3.90382E-01 -3.79511E-01
  -3.69457E-01 -3.60071E-01 -3.51283E-01 -3.43043E-01 -3.35300E-01 -3.28007E-01
  -3.21120E-01 -3.14599E-01 -3.08403E-01 -3.02493E-01 -2.96841E-01 -2.91428E-01
  -2.86235E-01 -2.81243E-01 -2.76437E-01 -2.71804E-01 -2.67332E-01 -2.63010E-01
  -2.58826E-01 -2.54772E-01 -2.50843E-01 -2.47029E-01 -2.43325E-01 -2.39726E-01
  -2.36226E-01 -2.32823E-01 -2.29510E-01 -2.26286E-01 -2.23146E-01 -2.20087E-01
  -2.17105E-01 -2.14199E-01 -2.11366E-01 -2.08605E-01 -2.05912E-01 -2.03287E-01
  -2.00728E-01 -1.98233E-01 -1.95801E-01 -1.93430E-01 -1.91120E-01 -1.88867E-01
  -1.86673E-01 -1.84534E-01 -1.82449E-01 -1.80417E-01 -1.78437E-01 -1.76506E-01
  -1.74624E-01 -1.72788E-01 -1.70999E-01 -1.69255E-01 -1.67555E-01 -1.65898E-01
  -1.64282E-01 -1.62708E-01  4.55482E-02  3.71950E-02  2.99222E-02  2.42690E-02
   2.04771E-02  1.87159E-02  1.91547E-02  2.18943E-02  2.64861E-02  3.22189E-02
   3.83795E-02  4.42776E-02  4.96488E-02  5.46103E-02  5.92924E-02  6.38249E-02
   6.82899E-02  7.26908E-02  7.70233E-02  8.12834E-02  8.54612E-02  8.95284E-02
   9.34533E-02  9.72040E-02  1.00752E-01  1.04090E-01  1.07219E-01  1.10140E-01
   1.12852E-01  1.15326E-01  1.17508E-01  1.19346E-01  1.20789E-01  1.21824E-01
   1.22497E-01  1.22855E-01  1.22948E-01  1.22808E-01  1.22422E-01  1.21771E-01
   1.20836E-01  1.19606E-01  1.18113E-01  1.16407E-01  1.14534E-01  1.12538E-01
   1.10437E-01  1.08228E-01  1.05910E-01  1.03479E-01  1.00938E-01  9.82918E-02
   9.55459E-02  9.27061E-02  8.97749E-02  8.67484E-02  8.36220E-02  8.03909E-02
   7.70505E-02  7.35975E-02  7.00288E-02  6.63411E-02  6.25310E-02  5.85924E-02
   5.45179E-02  5.03000E-02  4.59316E-02  4.14078E-02  3.67267E-02  3.18866E-02
   2.68855E-02  2.17202E-02  1.63845E-02  1.08720E-02  5.17654E-03 -7.09069E-04
  -6.79416E-03 -1.30889E-02 -1.96029E-02 -2.63467E-02 -3.33323E-02 -4.05729E-02
  -4.80812E-02 -5.58710E-02 -6.39668E-02 -7.24027E-02 -8.12125E-02 -9.04305E-02
  -1.00082E-01 -1.10180E-01 -1.20737E-01 -1.31764E-01 -1.43316E-01 -1.55569E-01
  -1.68722E-01 -1.82974E-01 -1.98467E-01 -2.15012E-01 -2.32302E-01 -2.50025E-01
  -2.67856E-01 -2.85219E-01 -3.01374E-01 -3.15574E-01 -3.27083E-01 -3.35476E-01
  -3.40733E-01 -3.42858E-01 -3.41856E-01 -3.37857E-01 -3.31291E-01 -3.22634E-01
  -3.12361E-01 -3.00967E-01 -2.89048E-01 -2.77229E-01 -2.66135E-01 -2.56337E-01
  -2.47870E-01 -2.40458E-01 -2.33820E-01 -2.27679E-01 -2.21894E-01 -2.16468E-01
  -2.11410E-01 -2.06729E-01 -2.02419E-01 -1.98441E-01 -1.94751E-01 -1.91306E-01
  -1.88069E-01 -1.85019E-01 -1.82141E-01 -1.79420E-01 -1.76841E-01 -1.74382E-01
  -1.72022E-01 -1.69736E-01 -1.67502E-01 -1.65308E-01 -1.63147E-01 -1.61016E-01
  -1.58909E-01 -1.56793E-01 -1.54583E-01 -1.52193E-01 -1.49533E-01 -1.46577E-01
  -1.43492E-01 -1.40482E-01 -1.37754E-01 -1.35507E-01 -1.33887E-01 -1.33024E-01
  -1.33044E-01 -1.34071E-01 -1.36179E-01 -1.39404E-01 -1.43781E-01 -1.49342E-01
  -1.56021E-01 -1.63617E-01 -1.71914E-01 -1.80702E-01 -1.89794E-01 -1.99084E-01
  -2.08478E-01 -2.17882E-01 -2.27225E-01 -2.36564E-01 -2.46000E-01 -2.55632E-01
  -2.65554E-01 -2.75799E-01 -2.86359E-01 -2.97226E-01 -3.08395E-01 -3.20006E-01
  -3.32368E-01 -3.45799E-01 -3.60614E-01 -3.76782E-01 -3.93494E-01 -4.09838E-01
  -4.24904E-01 -4.37916E-01 -4.48691E-01 -4.57208E-01 -4.63447E-01 -4.67370E-01
  -4.68781E-01 -4.67401E-01 -4.62950E-01 -4.55174E-01 -4.44467E-01 -4.31860E-01
  -4.18416E-01 -4.05189E-01 -3.92861E-01 -3.81421E-01 -3.70785E-01 -3.60868E-01
  -3.51589E-01 -3.42892E-01 -3.34726E-01 -3.27037E-01 -3.19777E-01 -3.12904E-01
  -3.06384E-01 -3.00182E-01 -2.94262E-01 -2.88601E-01 -2.83177E-01 -2.77973E-01
  -2.72969E-01 -2.68149E-01 -2.63503E-01 -2.59017E-01 -2.54681E-01 -2.50484E-01
  -2.46419E-01 -2.42477E-01 -2.38652E-01 -2.34937E-01 -2.31328E-01 -2.27818E-01
  -2.24406E-01 -2.21087E-01 -2.17857E-01 -2.14712E-01 -2.11650E-01 -2.08666E-01
  -2.05758E-01 -2.02924E-01 -2.00162E-01 -1.97472E-01 -1.94850E-01 -1.92296E-01
  -1.89809E-01 -1.87386E-01 -1.85027E-01 -1.82731E-01 -1.80495E-01 -1.78319E-01
  -1.76202E-01 -1.74141E-01 -1.72135E-01 -1.70182E-01 -1.68280E-01 -1.66428E-01
  -1.64623E-01 -1.62865E-01 -1.61151E-01 -1.59480E-01 -1.57851E-01 -1.56262E-01
  -1.54711E-01  5.27925E-02  4.49663E-02  3.81499E-02  3.28608E-02  2.93424E-02
   2.77711E-02  2.83237E-02  3.11088E-02  3.56940E-02  4.13877E-02  4.74965E-02
   5.33496E-02  5.86988E-02  6.36739E-02  6.84181E-02  7.30740E-02  7.77310E-02
   8.23912E-02  8.70482E-02  9.16959E-02  9.63218E-02  1.00893E-01  1.05374E-01
   1.09727E-01  1.13916E-01  1.17912E-01  1.21686E-01  1.25209E-01  1.28453E-01
   1.31368E-01  1.33891E-01  1.35958E-01  1.37506E-01  1.38521E-01  1.39053E-01
   1.39161E-01  1.38900E-01  1.38316E-01  1.37425E-01  1.36237E-01  1.34763E-01
   1.33019E-01  1.31043E-01  1.28886E-01  1.26594E-01  1.24214E-01  1.21760E-01
   1.19228E-01  1.16612E-01  1.13908E-01  1.11116E-01  1.08236E-01  1.05272E-01
   1.02228E-01  9.91031E-02  9.58917E-02  9.25878E-02  8.91848E-02  8.56770E-02
   8.20598E-02  7.83292E-02  7.44813E-02  7.05117E-02  6.64139E-02  6.21804E-02
   5.78035E-02  5.32759E-02  4.85927E-02  4.37517E-02  3.87510E-02  3.35887E-02
   2.82612E-02  2.27625E-02  1.70863E-02  1.12264E-02  5.17541E-03 -1.07634E-03
  -7.53961E-03 -1.42247E-02 -2.11425E-02 -2.83054E-02 -3.57266E-02 -4.34192E-02
  -5.13970E-02 -5.96884E-02 -6.83335E-02 -7.73728E-02 -8.68467E-02 -9.67832E-02
  -1.07192E-01 -1.18082E-01 -1.29461E-01 -1.41398E-01 -1.54139E-01 -1.67964E-01
  -1.83150E-01 -1.99907E-01 -2.18039E-01 -2.37201E-01 -2.57049E-01 -2.77211E-01
  -2.96986E-01 -3.15441E-01 -3.31638E-01 -3.44653E-01 -3.53961E-01 -3.59556E-01
  -3.61465E-01 -3.59715E-01 -3.54477E-01 -3.46270E-01 -3.35663E-01 -3.23228E-01
  -3.09562E-01 -2.95398E-01 -2.81513E-01 -2.68680E-01 -2.57606E-01 -2.48297E-01
  -2.40351E-01 -2.33364E-01 -2.26938E-01 -2.20871E-01 -2.15176E-01 -2.09873E-01
  -2.04984E-01 -2.00509E-01 -1.96401E-01 -1.92605E-01 -1.89072E-01 -1.85753E-01
  -1.82628E-01 -1.79683E-01 -1.76902E-01 -1.74271E-01 -1.71769E-01 -1.69377E-01
  -1.67072E-01 -1.64834E-01 -1.62648E-01 -1.60507E-01 -1.58403E-01 -1.56328E-01
  -1.54256E-01 -1.52135E-01 -1.49907E-01 -1.47517E-01 -1.44952E-01 -1.42351E-01
  -1.39878E-01 -1.37701E-01 -1.35979E-01 -1.34837E-01 -1.34382E-01 -1.34721E-01
  -1.35960E-01 -1.38146E-01 -1.41288E-01 -1.45392E-01 -1.50463E-01 -1.56448E-01
  -1.63215E-01 -1.70624E-01 -1.78537E-01 -1.86826E-01 -1.95388E-01 -2.04129E-01
  -2.12953E-01 -2.21785E-01 -2.30658E-01 -2.39642E-01 -2.48808E-01 -2.58224E-01
  -2.67923E-01 -2.77920E-01 -2.88228E-01 -2.98863E-01 -3.09898E-01 -3.21480E-01
  -3.33755E-01 -3.46872E-01 -3.60765E-01 -3.74897E-01 -3.88667E-01 -4.01476E-01
  -4.12795E-01 -4.22407E-01 -4.30183E-01 -4.35991E-01 -4.39699E-01 -4.41153E-01
  -4.40187E-01 -4.36634E-01 -4.30350E-01 -4.21646E-01 -4.11286E-01 -4.00058E-01
  -3.88743E-01 -3.77873E-01 -3.67514E-01 -3.57681E-01 -3.48390E-01 -3.39647E-01
  -3.31413E-01 -3.23642E-01 -3.16286E-01 -3.09300E-01 -3.02653E-01 -2.96319E-01
  -2.90271E-01 -2.84484E-01 -2.78938E-01 -2.73614E-01 -2.68495E-01 -2.63565E-01
  -2.58810E-01 -2.54218E-01 -2.49780E-01 -2.45485E-01 -2.41324E-01 -2.37291E-01
  -2.33378E-01 -2.29578E-01 -2.25884E-01 -2.22294E-01 -2.18802E-01 -2.15406E-01
  -2.12102E-01 -2.08887E-01 -2.05756E-01 -2.02708E-01 -1.99737E-01 -1.96842E-01
  -1.94021E-01 -1.91273E-01 -1.88596E-01 -1.85989E-01 -1.83452E-01 -1.80981E-01
  -1.78578E-01 -1.76239E-01 -1.73965E-01 -1.71753E-01 -1.69604E-01 -1.67515E-01
  -1.65485E-01 -1.63512E-01 -1.61594E-01 -1.59729E-01 -1.57913E-01 -1.56147E-01
  -1.54426E-01 -1.52751E-01 -1.51118E-01 -1.49526E-01 -1.47973E-01 -1.46457E-01
   6.17823E-02  5.48296E-02  4.87793E-02  4.40953E-02  4.10058E-02  3.96817E-02
   4.02940E-02  4.29513E-02  4.72651E-02  5.26084E-02  5.83530E-02  6.38911E-02
   6.90057E-02  7.38289E-02  7.85052E-02  8.31781E-02  8.79381E-02  9.27868E-02
   9.77178E-02  1.02725E-01  1.07797E-01  1.12915E-01  1.18056E-01  1.23197E-01
   1.28307E-01  1.33301E-01  1.38076E-01  1.42524E-01  1.46542E-01  1.50056E-01
   1.53011E-01  1.55354E-01  1.57031E-01  1.58024E-01  1.58364E-01  1.58085E-01
   1.57221E-01  1.55823E-01  1.53990E-01  1.51829E-01  1.49446E-01  1.46935E-01
   1.44335E-01  1.41660E-01  1.38929E-01  1.36157E-01  1.33348E-01  1.30498E-01
   1.27603E-01  1.24660E-01  1.21662E-01  1.18604E-01  1.15478E-01  1.12278E-01
   1.08998E-01  1.05630E-01  1.02168E-01  9.86065E-02  9.49388E-02  9.11597E-02
   8.72643E-02  8.32475E-02  7.91046E-02  7.48310E-02  7.04230E-02  6.58765E-02
   6.11875E-02  5.63517E-02  5.13652E-02  4.62235E-02  4.09225E-02  3.54575E-02
   2.98231E-02  2.40135E-02  1.80235E-02  1.18464E-02  5.47272E-03 -1.10800E-03
  -7.90575E-03 -1.49312E-02 -2.21960E-02 -2.97124E-02 -3.74926E-02 -4.55496E-02
  -5.39117E-02 -6.26201E-02 -7.17159E-02 -8.12403E-02 -9.12204E-02 -1.01662E-01
  -1.12569E-01 -1.23945E-01 -1.35863E-01 -1.48591E-01 -1.62437E-01 -1.77705E-01
  -1.94629E-01 -2.13019E-01 -2.32527E-01 -2.52809E-01 -2.73489E-01 -2.93831E-01
  -3.12846E-01 -3.29539E-01 -3.42929E-01 -3.52463E-01 -3.58145E-01 -3.60013E-01
  -3.58106E-01 -3.52609E-01 -3.44061E-01 -3.33053E-01 -3.20176E-01 -3.06053E-01
  -2.91456E-01 -2.77202E-01 -2.64109E-01 -2.52920E-01 -2.43627E-01 -2.35782E-01
  -2.28934E-01 -2.22641E-01 -2.16680E-01 -2.11071E-01 -2.05842E-01 -2.01023E-01
  -1.96618E-01 -1.92580E-01 -1.88853E-01 -1.85385E-01 -1.82127E-01 -1.79061E-01
  -1.76172E-01 -1.73449E-01 -1.70876E-01 -1.68438E-01 -1.66117E-01 -1.63894E-01
  -1.61751E-01 -1.59676E-01 -1.57658E-01 -1.55691E-01 -1.53764E-01 -1.51863E-01
  -1.49962E-01 -1.48034E-01 -1.46051E-01 -1.44018E-01 -1.42036E-01 -1.40230E-01
  -1.38722E-01 -1.37630E-01 -1.37049E-01 -1.37064E-01 -1.37757E-01 -1.39211E-01
  -1.41452E-01 -1.44466E-01 -1.48237E-01 -1.52751E-01 -1.57969E-01 -1.63821E-01
  -1.70234E-01 -1.77138E-01 -1.84454E-01 -1.92096E-01 -1.99974E-01 -2.07997E-01
  -2.16094E-01 -2.24274E-01 -2.32578E-01 -2.41046E-01 -2.49717E-01 -2.58621E-01
  -2.67785E-01 -2.77234E-01 -2.86992E-01 -2.97078E-01 -3.07497E-01 -3.18253E-01
  -3.29352E-01 -3.40708E-01 -3.52027E-01 -3.62992E-01 -3.73285E-01 -3.82604E-01
  -3.90726E-01 -3.97450E-01 -4.02574E-01 -4.05904E-01 -4.07331E-01 -4.06791E-01
  -4.04219E-01 -3.99562E-01 -3.93045E-01 -3.85166E-01 -3.76439E-01 -3.67372E-01
  -3.58338E-01 -3.49459E-01 -3.40828E-01 -3.32538E-01 -3.24660E-01 -3.17177E-01
  -3.10053E-01 -3.03254E-01 -2.96744E-01 -2.90503E-01 -2.84516E-01 -2.78766E-01
  -2.73240E-01 -2.67921E-01 -2.62797E-01 -2.57853E-01 -2.53077E-01 -2.48457E-01
  -2.43984E-01 -2.39650E-01 -2.35448E-01 -2.31371E-01 -2.27411E-01 -2.23564E-01
  -2.19823E-01 -2.16183E-01 -2.12640E-01 -2.09192E-01 -2.05836E-01 -2.02569E-01
  -1.99388E-01 -1.96290E-01 -1.93271E-01 -1.90329E-01 -1.87462E-01 -1.84667E-01
  -1.81945E-01 -1.79294E-01 -1.76714E-01 -1.74203E-01 -1.71760E-01 -1.69384E-01
  -1.67073E-01 -1.64827E-01 -1.62646E-01 -1.60528E-01 -1.58474E-01 -1.56481E-01
  -1.54547E-01 -1.52669E-01 -1.50846E-01 -1.49075E-01 -1.47353E-01 -1.45679E-01
  -1.44051E-01 -1.42466E-01 -1.40923E-01 -1.39420E-01 -1.37955E-01  7.25994E-02
   6.69218E-02  6.19988E-02  5.82015E-02  5.57189E-02  5.46960E-02  5.52774E-02
   5.75580E-02  6.12333E-02  6.58075E-02  7.07835E-02  7.56809E-02  8.03308E-02
   8.48433E-02  8.93381E-02  9.39344E-02  9.87085E-02  1.03665E-01  1.08803E-01
   1.14121E-01  1.19619E-01  1.25310E-01  1.31207E-01  1.37325E-01  1.43652E-01
   1.50014E-01  1.56174E-01  1.61894E-01  1.66945E-01  1.71217E-01  1.74692E-01
   1.77355E-01  1.79188E-01  1.80171E-01  1.80276E-01  1.79476E-01  1.77742E-01
   1.75124E-01  1.71867E-01  1.68252E-01  1.64559E-01  1.61026E-01  1.57671E-01
   1.54441E-01  1.51281E-01  1.48140E-01  1.45001E-01  1.41864E-01  1.38730E-01
   1.35602E-01  1.32469E-01  1.29308E-01  1.26095E-01  1.22805E-01  1.19422E-01
   1.15937E-01  1.12347E-01  1.08647E-01  1.04832E-01  1.00898E-01  9.68365E-02
   9.26433E-02  8.83128E-02  8.38455E-02  7.92455E-02  7.45164E-02  6.96621E-02
   6.46798E-02  5.95612E-02  5.42976E-02  4.88802E-02  4.33020E-02  3.75586E-02
   3.16461E-02  2.55605E-02  1.92968E-02  1.28468E-02  6.20128E-03 -6.48602E-04
  -7.71223E-03 -1.49995E-02 -2.25207E-02 -3.02860E-02 -3.83066E-02 -4.66064E-02
  -5.52201E-02 -6.41828E-02 -7.35293E-02 -8.32813E-02 -9.34406E-02 -1.04007E-01
  -1.14981E-01 -1.26421E-01 -1.38555E-01 -1.51642E-01 -1.65941E-01 -1.81648E-01
  -1.98592E-01 -2.16470E-01 -2.34977E-01 -2.53785E-01 -2.72250E-01 -2.89509E-01
  -3.04696E-01 -3.16954E-01 -3.25804E-01 -3.31248E-01 -3.33317E-01 -3.32047E-01
  -3.27598E-01 -3.20438E-01 -3.11082E-01 -3.00045E-01 -2.87867E-01 -2.75223E-01
  -2.62826E-01 -2.51388E-01 -2.41559E-01 -2.33338E-01 -2.26342E-01 -2.20188E-01
  -2.14496E-01 -2.09081E-01 -2.03961E-01 -1.99169E-01 -1.94732E-01 -1.90657E-01
  -1.86906E-01 -1.83432E-01 -1.80191E-01 -1.77143E-01 -1.74272E-01 -1.71568E-01
  -1.69020E-01 -1.66619E-01 -1.64349E-01 -1.62199E-01 -1.60152E-01 -1.58196E-01
  -1.56320E-01 -1.54517E-01 -1.52780E-01 -1.51103E-01 -1.49479E-01 -1.47901E-01
  -1.46360E-01 -1.44851E-01 -1.43384E-01 -1.42032E-01 -1.40880E-01 -1.40011E-01
  -1.39509E-01 -1.39442E-01 -1.39869E-01 -1.40853E-01 -1.42452E-01 -1.44678E-01
  -1.47510E-01 -1.50925E-01 -1.54901E-01 -1.59413E-01 -1.64428E-01 -1.69915E-01
  -1.75844E-01 -1.82172E-01 -1.88830E-01 -1.95742E-01 -2.02834E-01 -2.10043E-01
  -2.17363E-01 -2.24813E-01 -2.32406E-01 -2.40160E-01 -2.48095E-01 -2.56232E-01
  -2.64594E-01 -2.73203E-01 -2.82039E-01 -2.91038E-01 -3.00131E-01 -3.09250E-01
  -3.18305E-01 -3.27159E-01 -3.35669E-01 -3.43690E-01 -3.51070E-01 -3.57615E-01
  -3.63118E-01 -3.67374E-01 -3.70190E-01 -3.71494E-01 -3.71281E-01 -3.69544E-01
  -3.66285E-01 -3.61654E-01 -3.55949E-01 -3.49478E-01 -3.42544E-01 -3.35393E-01
  -3.28156E-01 -3.20957E-01 -3.13916E-01 -3.07128E-01 -3.00596E-01 -2.94299E-01
  -2.88219E-01 -2.82338E-01 -2.76646E-01 -2.71138E-01 -2.65807E-01 -2.60648E-01
  -2.55654E-01 -2.50816E-01 -2.46124E-01 -2.41571E-01 -2.37149E-01 -2.32852E-01
  -2.28675E-01 -2.24612E-01 -2.20660E-01 -2.16812E-01 -2.13065E-01 -2.09415E-01
  -2.05857E-01 -2.02388E-01 -1.99008E-01 -1.95714E-01 -1.92503E-01 -1.89375E-01
  -1.86325E-01 -1.83352E-01 -1.80453E-01 -1.77626E-01 -1.74871E-01 -1.72187E-01
  -1.69573E-01 -1.67030E-01 -1.64556E-01 -1.62149E-01 -1.59808E-01 -1.57532E-01
  -1.55321E-01 -1.53174E-01 -1.51094E-01 -1.49078E-01 -1.47126E-01 -1.45236E-01
  -1.43404E-01 -1.41629E-01 -1.39907E-01 -1.38237E-01 -1.36617E-01 -1.35045E-01
  -1.33520E-01 -1.32039E-01 -1.30601E-01 -1.29204E-01  8.43499E-02  8.01670E-02
   7.65701E-02  7.38159E-02  7.20392E-02  7.13453E-02  7.18395E-02  7.35932E-02
   7.64097E-02  7.99633E-02  8.39278E-02  8.79875E-02  9.20310E-02  9.61294E-02
   1.00360E-01  1.04800E-01  1.09502E-01  1.14475E-01  1.19726E-01  1.25262E-01
   1.31099E-01  1.37291E-01  1.43899E-01  1.50981E-01  1.58553E-01  1.66342E-01
   1.73958E-01  1.81011E-01  1.87128E-01  1.92167E-01  1.96158E-01  1.99134E-01
   2.01131E-01  2.02123E-01  2.02010E-01  2.00684E-01  1.98037E-01  1.94106E-01
   1.89312E-01  1.84136E-01  1.79061E-01  1.74489E-01  1.70413E-01  1.66693E-01
   1.63186E-01  1.59757E-01  1.56360E-01  1.53002E-01  1.49692E-01  1.46439E-01
   1.43227E-01  1.40018E-01  1.36770E-01  1.33441E-01  1.30001E-01  1.26445E-01
   1.22768E-01  1.18969E-01  1.15043E-01  1.10986E-01  1.06790E-01  1.02449E-01
   9.79581E-02  9.33225E-02  8.85535E-02  8.36626E-02  7.86606E-02  7.35471E-02
   6.83105E-02  6.29390E-02  5.74206E-02  5.17466E-02  4.59146E-02  3.99224E-02
   3.37681E-02  2.74488E-02  2.09583E-02  1.42894E-02  7.43548E-03  3.89208E-04
  -6.85679E-03 -1.43103E-02 -2.19789E-02 -2.98709E-02 -3.80028E-02 -4.63985E-02
  -5.50818E-02 -6.40766E-02 -7.33965E-02 -8.30397E-02 -9.30029E-02 -1.03283E-01
  -1.13915E-01 -1.25041E-01 -1.36823E-01 -1.49425E-01 -1.62964E-01 -1.77301E-01
  -1.92203E-01 -2.07435E-01 -2.22748E-01 -2.37678E-01 -2.51613E-01 -2.63938E-01
  -2.74046E-01 -2.81594E-01 -2.86575E-01 -2.89008E-01 -2.88908E-01 -2.86387E-01
  -2.81782E-01 -2.75466E-01 -2.67808E-01 -2.59201E-01 -2.50126E-01 -2.41093E-01
  -2.32614E-01 -2.25154E-01 -2.18733E-01 -2.13110E-01 -2.08041E-01 -2.03288E-01
  -1.98735E-01 -1.94401E-01 -1.90310E-01 -1.86487E-01 -1.82939E-01 -1.79641E-01
  -1.76563E-01 -1.73677E-01 -1.70956E-01 -1.68389E-01 -1.65971E-01 -1.63694E-01
  -1.61551E-01 -1.59532E-01 -1.57629E-01 -1.55831E-01 -1.54129E-01 -1.52515E-01
  -1.50989E-01 -1.49546E-01 -1.48184E-01 -1.46903E-01 -1.45705E-01 -1.44594E-01
  -1.43572E-01 -1.42654E-01 -1.41886E-01 -1.41322E-01 -1.41017E-01 -1.41023E-01
  -1.41385E-01 -1.42143E-01 -1.43337E-01 -1.45006E-01 -1.47157E-01 -1.49770E-01
  -1.52828E-01 -1.56312E-01 -1.60204E-01 -1.64492E-01 -1.69163E-01 -1.74203E-01
  -1.79589E-01 -1.85271E-01 -1.91194E-01 -1.97304E-01 -2.03552E-01 -2.09927E-01
  -2.16426E-01 -2.23050E-01 -2.29798E-01 -2.36673E-01 -2.43686E-01 -2.50845E-01
  -2.58156E-01 -2.65586E-01 -2.73056E-01 -2.80483E-01 -2.87782E-01 -2.94878E-01
  -3.01706E-01 -3.08202E-01 -3.14304E-01 -3.19936E-01 -3.24954E-01 -3.29200E-01
  -3.32513E-01 -3.34746E-01 -3.35857E-01 -3.35861E-01 -3.34776E-01 -3.32621E-01
  -3.29488E-01 -3.25543E-01 -3.20955E-01 -3.15893E-01 -3.10505E-01 -3.04905E-01
  -2.99201E-01 -2.93503E-01 -2.87898E-01 -2.82403E-01 -2.77017E-01 -2.71738E-01
  -2.66566E-01 -2.61502E-01 -2.56550E-01 -2.51711E-01 -2.46987E-01 -2.42379E-01
  -2.37882E-01 -2.33494E-01 -2.29211E-01 -2.25030E-01 -2.20949E-01 -2.16964E-01
  -2.13075E-01 -2.09277E-01 -2.05569E-01 -2.01948E-01 -1.98411E-01 -1.94957E-01
  -1.91583E-01 -1.88288E-01 -1.85072E-01 -1.81934E-01 -1.78872E-01 -1.75884E-01
  -1.72968E-01 -1.70123E-01 -1.67347E-01 -1.64641E-01 -1.62004E-01 -1.59437E-01
  -1.56939E-01 -1.54508E-01 -1.52144E-01 -1.49844E-01 -1.47608E-01 -1.45436E-01
  -1.43329E-01 -1.41290E-01 -1.39318E-01 -1.37414E-01 -1.35573E-01 -1.33792E-01
  -1.32071E-01 -1.30405E-01 -1.28793E-01 -1.27235E-01 -1.25728E-01 -1.24271E-01
  -1.22863E-01 -1.21502E-01 -1.20188E-01  9.58960E-02  9.31858E-02  9.08981E-02
   8.91767E-02  8.81003E-02  8.77318E-02  8.81341E-02  8.93532E-02  9.12992E-02
   9.38171E-02  9.67514E-02  9.99519E-02  1.03362E-01  1.07011E-01  1.10929E-01
   1.15148E-01  1.19693E-01  1.24578E-01  1.29820E-01  1.35431E-01  1.41445E-01
   1.47949E-01  1.55042E-01  1.62824E-01  1.71333E-01  1.80213E-01  1.88951E-01
   1.97034E-01  2.03972E-01  2.09595E-01  2.13979E-01  2.17202E-01  2.19342E-01
   2.20374E-01  2.20132E-01  2.18437E-01  2.15111E-01  2.10182E-01  2.04209E-01
   1.97841E-01  1.91725E-01  1.86402E-01  1.81840E-01  1.77822E-01  1.74129E-01
   1.70554E-01  1.67024E-01  1.63552E-01  1.60151E-01  1.56831E-01  1.53578E-01
   1.50344E-01  1.47080E-01  1.43737E-01  1.40279E-01  1.36698E-01  1.32990E-01
   1.29151E-01  1.25178E-01  1.21064E-01  1.16804E-01  1.12389E-01  1.07817E-01
   1.03093E-01  9.82295E-02  9.32394E-02  8.81350E-02  8.29175E-02  7.75779E-02
   7.21065E-02  6.64938E-02  6.07333E-02  5.48245E-02  4.87673E-02  4.25617E-02
   3.62067E-02  2.96989E-02  2.30340E-02  1.62079E-02  9.21623E-03  2.05438E-03
  -5.28262E-03 -1.27995E-02 -2.05013E-02 -2.83965E-02 -3.64966E-02 -4.48127E-02
  -5.33565E-02 -6.21326E-02 -7.11362E-02 -8.03614E-02 -8.98026E-02 -9.94672E-02
  -1.09401E-01 -1.19657E-01 -1.30288E-01 -1.41325E-01 -1.52660E-01 -1.64142E-01
  -1.75614E-01 -1.86916E-01 -1.97789E-01 -2.07908E-01 -2.16949E-01 -2.24587E-01
  -2.30636E-01 -2.35082E-01 -2.37921E-01 -2.39150E-01 -2.38822E-01 -2.37126E-01
  -2.34273E-01 -2.30471E-01 -2.25940E-01 -2.20944E-01 -2.15760E-01 -2.10668E-01
  -2.05924E-01 -2.01572E-01 -1.97532E-01 -1.93725E-01 -1.90069E-01 -1.86532E-01
  -1.83128E-01 -1.79875E-01 -1.76788E-01 -1.73877E-01 -1.71131E-01 -1.68540E-01
  -1.66091E-01 -1.63774E-01 -1.61584E-01 -1.59519E-01 -1.57575E-01 -1.55748E-01
  -1.54034E-01 -1.52427E-01 -1.50921E-01 -1.49512E-01 -1.48197E-01 -1.46978E-01
  -1.45857E-01 -1.44836E-01 -1.43918E-01 -1.43110E-01 -1.42420E-01 -1.41855E-01
  -1.41427E-01 -1.41163E-01 -1.41095E-01 -1.41252E-01 -1.41666E-01 -1.42362E-01
  -1.43363E-01 -1.44693E-01 -1.46374E-01 -1.48411E-01 -1.50793E-01 -1.53512E-01
  -1.56557E-01 -1.59918E-01 -1.63587E-01 -1.67554E-01 -1.71811E-01 -1.76341E-01
  -1.81114E-01 -1.86096E-01 -1.91252E-01 -1.96552E-01 -2.01978E-01 -2.07519E-01
  -2.13164E-01 -2.18900E-01 -2.24718E-01 -2.30610E-01 -2.36564E-01 -2.42573E-01
  -2.48602E-01 -2.54587E-01 -2.60467E-01 -2.66175E-01 -2.71656E-01 -2.76865E-01
  -2.81761E-01 -2.86305E-01 -2.90446E-01 -2.94103E-01 -2.97183E-01 -2.99595E-01
  -3.01255E-01 -3.02143E-01 -3.02274E-01 -3.01663E-01 -3.00328E-01 -2.98319E-01
  -2.95719E-01 -2.92614E-01 -2.89089E-01 -2.85226E-01 -2.81101E-01 -2.76789E-01
  -2.72368E-01 -2.67901E-01 -2.63413E-01 -2.58919E-01 -2.54435E-01 -2.49975E-01
  -2.45551E-01 -2.41170E-01 -2.36841E-01 -2.32574E-01 -2.28372E-01 -2.24239E-01
  -2.20175E-01 -2.16183E-01 -2.12264E-01 -2.08419E-01 -2.04646E-01 -2.00947E-01
  -1.97321E-01 -1.93768E-01 -1.90288E-01 -1.86878E-01 -1.83540E-01 -1.80273E-01
  -1.77076E-01 -1.73949E-01 -1.70892E-01 -1.67905E-01 -1.64986E-01 -1.62135E-01
  -1.59351E-01 -1.56634E-01 -1.53984E-01 -1.51401E-01 -1.48885E-01 -1.46437E-01
  -1.44054E-01 -1.41736E-01 -1.39482E-01 -1.37289E-01 -1.35161E-01 -1.33099E-01
  -1.31106E-01 -1.29184E-01 -1.27333E-01 -1.25548E-01 -1.23827E-01 -1.22167E-01
  -1.20564E-01 -1.19018E-01 -1.17528E-01 -1.16093E-01 -1.14712E-01 -1.13383E-01
  -1.12106E-01 -1.10880E-01  1.06100E-01  1.04599E-01  1.03388E-01  1.02522E-01
   1.02036E-01  1.01957E-01  1.02315E-01  1.03134E-01  1.04407E-01  1.06110E-01
   1.08220E-01  1.10715E-01  1.13580E-01  1.16812E-01  1.20403E-01  1.24350E-01
   1.28656E-01  1.33339E-01  1.38418E-01  1.43913E-01  1.49864E-01  1.56371E-01
   1.63549E-01  1.71514E-01  1.80312E-01  1.89554E-01  1.98679E-01  2.07124E-01
   2.14354E-01  2.20191E-01  2.24728E-01  2.28067E-01  2.30305E-01  2.31417E-01
   2.31205E-01  2.29460E-01  2.25972E-01  2.20760E-01  2.14439E-01  2.07724E-01
   2.01329E-01  1.95846E-01  1.91231E-01  1.87232E-01  1.83594E-01  1.80078E-01
   1.76596E-01  1.73156E-01  1.69768E-01  1.66440E-01  1.63161E-01  1.59894E-01
   1.56602E-01  1.53246E-01  1.49797E-01  1.46242E-01  1.42571E-01  1.38775E-01
   1.34845E-01  1.30773E-01  1.26556E-01  1.22189E-01  1.17666E-01  1.12988E-01
   1.08156E-01  1.03171E-01  9.80372E-02  9.27551E-02  8.73280E-02  8.17586E-02
   7.60498E-02  7.02037E-02  6.42220E-02  5.81057E-02  5.18564E-02  4.54749E-02
   3.89606E-02  3.23125E-02  2.55301E-02  1.86119E-02  1.15564E-02  4.36121E-03
  -2.97582E-03 -1.04569E-02 -1.80833E-02 -2.58560E-02 -3.37758E-02 -4.18434E-02
  -5.00564E-02 -5.84072E-02 -6.68880E-02 -7.54909E-02 -8.42023E-02 -9.29912E-02
  -1.01824E-01 -1.10666E-01 -1.19478E-01 -1.28186E-01 -1.36704E-01 -1.44946E-01
  -1.52826E-01 -1.60256E-01 -1.67147E-01 -1.73412E-01 -1.78961E-01 -1.83738E-01
  -1.87721E-01 -1.90892E-01 -1.93231E-01 -1.94747E-01 -1.95503E-01 -1.95577E-01
  -1.95041E-01 -1.93974E-01 -1.92458E-01 -1.90581E-01 -1.88429E-01 -1.86086E-01
  -1.83613E-01 -1.81059E-01 -1.78470E-01 -1.75894E-01 -1.73361E-01 -1.70882E-01
  -1.68470E-01 -1.66134E-01 -1.63885E-01 -1.61724E-01 -1.59655E-01 -1.57682E-01
  -1.55806E-01 -1.54028E-01 -1.52349E-01 -1.50768E-01 -1.49285E-01 -1.47900E-01
  -1.46611E-01 -1.45415E-01 -1.44311E-01 -1.43301E-01 -1.42390E-01 -1.41584E-01
  -1.40887E-01 -1.40307E-01 -1.39850E-01 -1.39525E-01 -1.39339E-01 -1.39302E-01
  -1.39428E-01 -1.39732E-01 -1.40228E-01 -1.40932E-01 -1.41856E-01 -1.43011E-01
  -1.44407E-01 -1.46057E-01 -1.47963E-01 -1.50124E-01 -1.52540E-01 -1.55210E-01
  -1.58128E-01 -1.61283E-01 -1.64666E-01 -1.68265E-01 -1.72068E-01 -1.76057E-01
  -1.80216E-01 -1.84526E-01 -1.88970E-01 -1.93530E-01 -1.98190E-01 -2.02933E-01
  -2.07740E-01 -2.12591E-01 -2.17463E-01 -2.22333E-01 -2.27177E-01 -2.31967E-01
  -2.36667E-01 -2.41241E-01 -2.45653E-01 -2.49865E-01 -2.53834E-01 -2.57516E-01
  -2.60867E-01 -2.63845E-01 -2.66419E-01 -2.68556E-01 -2.70227E-01 -2.71403E-01
  -2.72079E-01 -2.72260E-01 -2.71953E-01 -2.71165E-01 -2.69918E-01 -2.68251E-01
  -2.66200E-01 -2.63806E-01 -2.61106E-01 -2.58142E-01 -2.54954E-01 -2.51584E-01
  -2.48070E-01 -2.44440E-01 -2.40720E-01 -2.36936E-01 -2.33114E-01 -2.29269E-01
  -2.25414E-01 -2.21562E-01 -2.17725E-01 -2.13912E-01 -2.10129E-01 -2.06381E-01
  -2.02676E-01 -1.99017E-01 -1.95406E-01 -1.91847E-01 -1.88340E-01 -1.84890E-01
  -1.81496E-01 -1.78160E-01 -1.74883E-01 -1.71665E-01 -1.68509E-01 -1.65413E-01
  -1.62379E-01 -1.59408E-01 -1.56500E-01 -1.53655E-01 -1.50873E-01 -1.48154E-01
  -1.45499E-01 -1.42908E-01 -1.40381E-01 -1.37919E-01 -1.35522E-01 -1.33188E-01
  -1.30918E-01 -1.28710E-01 -1.26564E-01 -1.24483E-01 -1.22470E-01 -1.20530E-01
  -1.18665E-01 -1.16875E-01 -1.15156E-01 -1.13503E-01 -1.11911E-01 -1.10380E-01
  -1.08907E-01 -1.07492E-01 -1.06134E-01 -1.04832E-01 -1.03586E-01 -1.02395E-01
  -1.01258E-01  1.14097E-01  1.13364E-01  1.12838E-01  1.12527E-01  1.12442E-01
   1.12593E-01  1.12991E-01  1.13648E-01  1.14597E-01  1.15879E-01  1.17537E-01
   1.19609E-01  1.22104E-01  1.25002E-01  1.28281E-01  1.31920E-01  1.35913E-01
   1.40275E-01  1.45027E-01  1.50186E-01  1.55788E-01  1.61917E-01  1.68668E-01
   1.76135E-01  1.84353E-01  1.92970E-01  2.01483E-01  2.09386E-01  2.16196E-01
   2.21751E-01  2.26129E-01  2.29413E-01  2.31687E-01  2.32923E-01  2.32949E-01
   2.31580E-01  2.28630E-01  2.24118E-01  2.18595E-01  2.12695E-01  2.07058E-01
   2.02211E-01  1.98114E-01  1.94540E-01  1.91261E-01  1.88063E-01  1.84858E-01
   1.81643E-01  1.78413E-01  1.75165E-01  1.71896E-01  1.68601E-01  1.65275E-01
   1.61915E-01  1.58510E-01  1.55040E-01  1.51483E-01  1.47818E-01  1.44025E-01
   1.40099E-01  1.36037E-01  1.31837E-01  1.27497E-01  1.23000E-01  1.18325E-01
   1.13449E-01  1.08353E-01  1.03037E-01  9.75279E-02  9.18512E-02  8.60330E-02
   8.00915E-02  7.40300E-02  6.78504E-02  6.15546E-02  5.51446E-02  4.86230E-02
   4.19921E-02  3.52548E-02  2.84133E-02  2.14683E-02  1.44195E-02  7.26704E-03
   1.07510E-05 -7.34630E-03 -1.47990E-02 -2.23420E-02 -2.99700E-02 -3.76760E-02
  -4.54509E-02 -5.32850E-02 -6.11689E-02 -6.90794E-02 -7.69528E-02 -8.47180E-02
  -9.23042E-02 -9.96433E-02 -1.06685E-01 -1.13384E-01 -1.19697E-01 -1.25583E-01
  -1.31044E-01 -1.36110E-01 -1.40814E-01 -1.45186E-01 -1.49236E-01 -1.52941E-01
  -1.56280E-01 -1.59229E-01 -1.61772E-01 -1.63909E-01 -1.65644E-01 -1.66978E-01
  -1.67914E-01 -1.68441E-01 -1.68548E-01 -1.68222E-01 -1.67458E-01 -1.66319E-01
  -1.64905E-01 -1.63318E-01 -1.61659E-01 -1.59985E-01 -1.58306E-01 -1.56633E-01
  -1.54973E-01 -1.53338E-01 -1.51737E-01 -1.50181E-01 -1.48682E-01 -1.47248E-01
  -1.45885E-01 -1.44595E-01 -1.43380E-01 -1.42244E-01 -1.41188E-01 -1.40212E-01
  -1.39319E-01 -1.38509E-01 -1.37787E-01 -1.37159E-01 -1.36632E-01 -1.36212E-01
  -1.35908E-01 -1.35726E-01 -1.35673E-01 -1.35757E-01 -1.35985E-01 -1.36364E-01
  -1.36899E-01 -1.37597E-01 -1.38465E-01 -1.39506E-01 -1.40726E-01 -1.42127E-01
  -1.43715E-01 -1.45492E-01 -1.47462E-01 -1.49627E-01 -1.51990E-01 -1.54549E-01
  -1.57292E-01 -1.60208E-01 -1.63287E-01 -1.66517E-01 -1.69890E-01 -1.73396E-01
  -1.77027E-01 -1.80772E-01 -1.84616E-01 -1.88539E-01 -1.92524E-01 -1.96550E-01
  -2.00593E-01 -2.04626E-01 -2.08620E-01 -2.12547E-01 -2.16384E-01 -2.20111E-01
  -2.23710E-01 -2.27162E-01 -2.30442E-01 -2.33509E-01 -2.36321E-01 -2.38837E-01
  -2.41022E-01 -2.42867E-01 -2.44376E-01 -2.45549E-01 -2.46387E-01 -2.46893E-01
  -2.47065E-01 -2.46904E-01 -2.46410E-01 -2.45592E-01 -2.44462E-01 -2.43035E-01
  -2.41325E-01 -2.39348E-01 -2.37123E-01 -2.34669E-01 -2.32007E-01 -2.29158E-01
  -2.26148E-01 -2.23007E-01 -2.19762E-01 -2.16442E-01 -2.13063E-01 -2.09640E-01
  -2.06187E-01 -2.02717E-01 -1.99241E-01 -1.95768E-01 -1.92304E-01 -1.88858E-01
  -1.85437E-01 -1.82044E-01 -1.78684E-01 -1.75360E-01 -1.72075E-01 -1.68834E-01
  -1.65637E-01 -1.62487E-01 -1.59387E-01 -1.56338E-01 -1.53342E-01 -1.50399E-01
  -1.47513E-01 -1.44683E-01 -1.41911E-01 -1.39198E-01 -1.36544E-01 -1.33951E-01
  -1.31419E-01 -1.28949E-01 -1.26540E-01 -1.24193E-01 -1.21908E-01 -1.19685E-01
  -1.17524E-01 -1.15426E-01 -1.13395E-01 -1.11436E-01 -1.09554E-01 -1.07754E-01
  -1.06034E-01 -1.04388E-01 -1.02812E-01 -1.01299E-01 -9.98467E-02 -9.84539E-02
  -9.71199E-02 -9.58438E-02 -9.46247E-02 -9.34621E-02 -9.23549E-02 -9.13024E-02
   1.20119E-01  1.19787E-01  1.19619E-01  1.19610E-01  1.19766E-01  1.20090E-01
   1.20589E-01  1.21270E-01  1.22173E-01  1.23350E-01  1.24853E-01  1.26732E-01
   1.29001E-01  1.31640E-01  1.34626E-01  1.37939E-01  1.41570E-01  1.45531E-01
   1.49838E-01  1.54504E-01  1.59551E-01  1.65027E-01  1.70981E-01  1.77466E-01
   1.84489E-01  1.91786E-01  1.98983E-01  2.05704E-01  2.11592E-01  2.16514E-01
   2.20509E-01  2.23619E-01  2.25886E-01  2.27285E-01  2.27703E-01  2.27020E-01
   2.25113E-01  2.22008E-01  2.18103E-01  2.13862E-01  2.09744E-01  2.06135E-01
   2.03011E-01  2.00215E-01  1.97590E-01  1.94985E-01  1.92330E-01  1.89603E-01
   1.86784E-01  1.83853E-01  1.80812E-01  1.77684E-01  1.74496E-01  1.71275E-01
   1.68030E-01  1.64733E-01  1.61350E-01  1.57849E-01  1.54203E-01  1.50408E-01
   1.46468E-01  1.42386E-01  1.38162E-01  1.33771E-01  1.29173E-01  1.24329E-01
   1.19201E-01  1.13794E-01  1.08154E-01  1.02328E-01  9.63649E-02  9.02969E-02
   8.41294E-02  7.78647E-02  7.15055E-02  6.50544E-02  5.85165E-02  5.18966E-02
   4.52002E-02  3.84320E-02  3.15945E-02  2.46887E-02  1.77163E-02  1.06786E-02
   3.58038E-03 -3.57095E-03 -1.07679E-02 -1.80030E-02 -2.52676E-02 -3.25515E-02
  -3.98439E-02 -4.71345E-02 -5.44000E-02 -6.15794E-02 -6.86049E-02 -7.54084E-02
  -8.19273E-02 -8.81262E-02 -9.39803E-02 -9.94646E-02 -1.04558E-01 -1.09284E-01
  -1.13698E-01 -1.17855E-01 -1.21812E-01 -1.25590E-01 -1.29175E-01 -1.32547E-01
  -1.35686E-01 -1.38575E-01 -1.41195E-01 -1.43530E-01 -1.45562E-01 -1.47272E-01
  -1.48629E-01 -1.49599E-01 -1.50148E-01 -1.50250E-01 -1.49955E-01 -1.49358E-01
  -1.48557E-01 -1.47644E-01 -1.46675E-01 -1.45662E-01 -1.44615E-01 -1.43545E-01
  -1.42461E-01 -1.41377E-01 -1.40307E-01 -1.39263E-01 -1.38257E-01 -1.37296E-01
  -1.36383E-01 -1.35525E-01 -1.34724E-01 -1.33986E-01 -1.33313E-01 -1.32708E-01
  -1.32174E-01 -1.31716E-01 -1.31342E-01 -1.31057E-01 -1.30869E-01 -1.30783E-01
  -1.30808E-01 -1.30948E-01 -1.31210E-01 -1.31600E-01 -1.32121E-01 -1.32777E-01
  -1.33570E-01 -1.34503E-01 -1.35577E-01 -1.36795E-01 -1.38156E-01 -1.39663E-01
  -1.41318E-01 -1.43123E-01 -1.45081E-01 -1.47196E-01 -1.49464E-01 -1.51877E-01
  -1.54425E-01 -1.57098E-01 -1.59887E-01 -1.62786E-01 -1.65788E-01 -1.68887E-01
  -1.72076E-01 -1.75340E-01 -1.78661E-01 -1.82024E-01 -1.85409E-01 -1.88794E-01
  -1.92153E-01 -1.95462E-01 -1.98693E-01 -2.01828E-01 -2.04853E-01 -2.07756E-01
  -2.10525E-01 -2.13141E-01 -2.15573E-01 -2.17786E-01 -2.19747E-01 -2.21429E-01
  -2.22833E-01 -2.23968E-01 -2.24841E-01 -2.25463E-01 -2.25834E-01 -2.25952E-01
  -2.25817E-01 -2.25426E-01 -2.24782E-01 -2.23888E-01 -2.22750E-01 -2.21373E-01
  -2.19763E-01 -2.17930E-01 -2.15886E-01 -2.13641E-01 -2.11208E-01 -2.08611E-01
  -2.05873E-01 -2.03020E-01 -2.00075E-01 -1.97055E-01 -1.93972E-01 -1.90840E-01
  -1.87672E-01 -1.84478E-01 -1.81268E-01 -1.78049E-01 -1.74831E-01 -1.71619E-01
  -1.68420E-01 -1.65239E-01 -1.62079E-01 -1.58946E-01 -1.55844E-01 -1.52775E-01
  -1.49743E-01 -1.46751E-01 -1.43802E-01 -1.40897E-01 -1.38040E-01 -1.35232E-01
  -1.32476E-01 -1.29773E-01 -1.27125E-01 -1.24533E-01 -1.21999E-01 -1.19524E-01
  -1.17108E-01 -1.14751E-01 -1.12455E-01 -1.10219E-01 -1.08045E-01 -1.05934E-01
  -1.03887E-01 -1.01910E-01 -1.00009E-01 -9.81898E-02 -9.64583E-02 -9.48123E-02
  -9.32452E-02 -9.17504E-02 -9.03216E-02 -8.89545E-02 -8.76480E-02 -8.64010E-02
  -8.52121E-02 -8.40804E-02 -8.30047E-02 -8.19838E-02 -8.10166E-02  1.24672E-01
   1.24510E-01  1.24494E-01  1.24627E-01  1.24916E-01  1.25368E-01  1.25989E-01
   1.26791E-01  1.27797E-01  1.29042E-01  1.30557E-01  1.32375E-01  1.34503E-01
   1.36931E-01  1.39643E-01  1.42629E-01  1.45881E-01  1.49408E-01  1.53217E-01
   1.57316E-01  1.61713E-01  1.66410E-01  1.71408E-01  1.76710E-01  1.82296E-01
   1.88003E-01  1.93614E-01  1.98909E-01  2.03679E-01  2.07828E-01  2.11349E-01
   2.14237E-01  2.16486E-01  2.18074E-01  2.18961E-01  2.19101E-01  2.18453E-01
   2.17045E-01  2.15102E-01  2.12878E-01  2.10629E-01  2.08567E-01  2.06695E-01
   2.04940E-01  2.03234E-01  2.01508E-01  1.99715E-01  1.97820E-01  1.95789E-01
   1.93591E-01  1.91217E-01  1.88688E-01  1.86027E-01  1.83257E-01  1.80384E-01
   1.77379E-01  1.74207E-01  1.70836E-01  1.67237E-01  1.63415E-01  1.59382E-01
   1.55150E-01  1.50729E-01  1.46103E-01  1.41247E-01  1.36133E-01  1.30736E-01
   1.25070E-01  1.19184E-01  1.13130E-01  1.06961E-01  1.00712E-01  9.43905E-02
   8.80002E-02  8.15452E-02  7.50299E-02  6.84596E-02  6.18397E-02  5.51762E-02
   4.84739E-02  4.17362E-02  3.49649E-02  2.81624E-02  2.13309E-02  1.44753E-02
   7.60233E-03  7.19166E-04 -6.16733E-03 -1.30486E-02 -1.99142E-02 -2.67531E-02
  -3.35547E-02 -4.03009E-02 -4.69525E-02 -5.34659E-02 -5.97980E-02 -6.59083E-02
  -7.17715E-02 -7.73684E-02 -8.26793E-02 -8.76869E-02 -9.23991E-02 -9.68417E-02
  -1.01041E-01 -1.05021E-01 -1.08794E-01 -1.12349E-01 -1.15675E-01 -1.18761E-01
  -1.21597E-01 -1.24175E-01 -1.26487E-01 -1.28527E-01 -1.30285E-01 -1.31751E-01
  -1.32911E-01 -1.33752E-01 -1.34266E-01 -1.34487E-01 -1.34473E-01 -1.34282E-01
  -1.33972E-01 -1.33579E-01 -1.33118E-01 -1.32599E-01 -1.32036E-01 -1.31441E-01
  -1.30826E-01 -1.30202E-01 -1.29582E-01 -1.28977E-01 -1.28393E-01 -1.27837E-01
  -1.27315E-01 -1.26833E-01 -1.26394E-01 -1.26005E-01 -1.25669E-01 -1.25390E-01
  -1.25175E-01 -1.25027E-01 -1.24954E-01 -1.24960E-01 -1.25052E-01 -1.25234E-01
  -1.25512E-01 -1.25891E-01 -1.26376E-01 -1.26971E-01 -1.27677E-01 -1.28497E-01
  -1.29435E-01 -1.30490E-01 -1.31665E-01 -1.32961E-01 -1.34377E-01 -1.35915E-01
  -1.37576E-01 -1.39360E-01 -1.41269E-01 -1.43298E-01 -1.45442E-01 -1.47693E-01
  -1.50043E-01 -1.52486E-01 -1.55013E-01 -1.57618E-01 -1.60295E-01 -1.63034E-01
  -1.65825E-01 -1.68651E-01 -1.71500E-01 -1.74356E-01 -1.77202E-01 -1.80018E-01
  -1.82784E-01 -1.85481E-01 -1.88092E-01 -1.90605E-01 -1.93007E-01 -1.95286E-01
  -1.97427E-01 -1.99407E-01 -2.01204E-01 -2.02797E-01 -2.04165E-01 -2.05307E-01
  -2.06225E-01 -2.06922E-01 -2.07398E-01 -2.07655E-01 -2.07691E-01 -2.07505E-01
  -2.07095E-01 -2.06464E-01 -2.05616E-01 -2.04555E-01 -2.03285E-01 -2.01813E-01
  -2.00147E-01 -1.98298E-01 -1.96274E-01 -1.94086E-01 -1.91752E-01 -1.89288E-01
  -1.86713E-01 -1.84044E-01 -1.81293E-01 -1.78473E-01 -1.75595E-01 -1.72669E-01
  -1.69707E-01 -1.66715E-01 -1.63702E-01 -1.60675E-01 -1.57644E-01 -1.54611E-01
  -1.51584E-01 -1.48567E-01 -1.45566E-01 -1.42585E-01 -1.39628E-01 -1.36698E-01
  -1.33801E-01 -1.30939E-01 -1.28114E-01 -1.25331E-01 -1.22593E-01 -1.19901E-01
  -1.17258E-01 -1.14667E-01 -1.12131E-01 -1.09650E-01 -1.07227E-01 -1.04862E-01
  -1.02557E-01 -1.00312E-01 -9.81296E-02 -9.60099E-02 -9.39543E-02 -9.19644E-02
  -9.00462E-02 -8.82065E-02 -8.64524E-02 -8.47901E-02 -8.32175E-02 -8.17280E-02
  -8.03148E-02 -7.89710E-02 -7.76923E-02 -7.64768E-02 -7.53226E-02 -7.42280E-02
  -7.31911E-02 -7.22102E-02 -7.12835E-02 -7.04092E-02  1.28260E-01  1.28176E-01
   1.28229E-01  1.28434E-01  1.28802E-01  1.29346E-01  1.30075E-01  1.31001E-01
   1.32133E-01  1.33476E-01  1.35039E-01  1.36826E-01  1.38841E-01  1.41079E-01
   1.43537E-01  1.46211E-01  1.49099E-01  1.52204E-01  1.55527E-01  1.59072E-01
   1.62832E-01  1.66776E-01  1.70868E-01  1.75073E-01  1.79349E-01  1.83624E-01
   1.87813E-01  1.91830E-01  1.95592E-01  1.99039E-01  2.02128E-01  2.04819E-01
   2.07069E-01  2.08862E-01  2.10215E-01  2.11147E-01  2.11680E-01  2.11848E-01
   2.11727E-01  2.11401E-01  2.10954E-01  2.10458E-01  2.09937E-01  2.09399E-01
   2.08849E-01  2.08295E-01  2.07714E-01  2.07072E-01  2.06334E-01  2.05463E-01
   2.04419E-01  2.03156E-01  2.01628E-01  1.99787E-01  1.97596E-01  1.95037E-01
   1.92092E-01  1.88745E-01  1.84987E-01  1.80834E-01  1.76313E-01  1.71448E-01
   1.66265E-01  1.60800E-01  1.55092E-01  1.49183E-01  1.43111E-01  1.36908E-01
   1.30597E-01  1.24199E-01  1.17737E-01  1.11229E-01  1.04684E-01  9.81080E-02
   9.15100E-02  8.48964E-02  7.82706E-02  7.16349E-02  6.49921E-02  5.83445E-02
   5.16944E-02  4.50440E-02  3.83958E-02  3.17520E-02  2.51167E-02  1.84947E-02
   1.18915E-02  5.31191E-03 -1.23673E-03 -7.74454E-03 -1.42012E-02 -2.05965E-02
  -2.69190E-02 -3.31533E-02 -3.92832E-02 -4.52925E-02 -5.11649E-02 -5.68818E-02
  -6.24240E-02 -6.77722E-02 -7.29074E-02 -7.78128E-02 -8.24732E-02 -8.68735E-02
  -9.09988E-02 -9.48389E-02 -9.83901E-02 -1.01649E-01 -1.04613E-01 -1.07281E-01
  -1.09662E-01 -1.11768E-01 -1.13606E-01 -1.15190E-01 -1.16535E-01 -1.17659E-01
  -1.18580E-01 -1.19316E-01 -1.19884E-01 -1.20303E-01 -1.20592E-01 -1.20767E-01
  -1.20844E-01 -1.20839E-01 -1.20765E-01 -1.20636E-01 -1.20464E-01 -1.20261E-01
  -1.20034E-01 -1.19794E-01 -1.19551E-01 -1.19310E-01 -1.19080E-01 -1.18866E-01
  -1.18675E-01 -1.18512E-01 -1.18383E-01 -1.18293E-01 -1.18246E-01 -1.18248E-01
  -1.18303E-01 -1.18415E-01 -1.18589E-01 -1.18830E-01 -1.19142E-01 -1.19528E-01
  -1.19994E-01 -1.20544E-01 -1.21181E-01 -1.21908E-01 -1.22729E-01 -1.23648E-01
  -1.24666E-01 -1.25785E-01 -1.27007E-01 -1.28332E-01 -1.29761E-01 -1.31291E-01
  -1.32922E-01 -1.34651E-01 -1.36475E-01 -1.38390E-01 -1.40389E-01 -1.42469E-01
  -1.44621E-01 -1.46839E-01 -1.49114E-01 -1.51438E-01 -1.53801E-01 -1.56194E-01
  -1.58604E-01 -1.61021E-01 -1.63433E-01 -1.65828E-01 -1.68193E-01 -1.70514E-01
  -1.72779E-01 -1.74972E-01 -1.77082E-01 -1.79092E-01 -1.80990E-01 -1.82760E-01
  -1.84392E-01 -1.85871E-01 -1.87187E-01 -1.88325E-01 -1.89280E-01 -1.90042E-01
  -1.90605E-01 -1.90962E-01 -1.91110E-01 -1.91048E-01 -1.90778E-01 -1.90299E-01
  -1.89615E-01 -1.88732E-01 -1.87657E-01 -1.86397E-01 -1.84961E-01 -1.83358E-01
  -1.81599E-01 -1.79695E-01 -1.77657E-01 -1.75495E-01 -1.73220E-01 -1.70844E-01
  -1.68377E-01 -1.65829E-01 -1.63209E-01 -1.60526E-01 -1.57791E-01 -1.55011E-01
  -1.52193E-01 -1.49346E-01 -1.46476E-01 -1.43589E-01 -1.40692E-01 -1.37791E-01
  -1.34891E-01 -1.31998E-01 -1.29115E-01 -1.26249E-01 -1.23402E-01 -1.20581E-01
  -1.17788E-01 -1.15028E-01 -1.12304E-01 -1.09620E-01 -1.06979E-01 -1.04385E-01
  -1.01840E-01 -9.93477E-02 -9.69105E-02 -9.45315E-02 -9.22135E-02 -8.99595E-02
  -8.77714E-02 -8.56492E-02 -8.35925E-02 -8.16011E-02 -7.96755E-02 -7.78215E-02
  -7.60463E-02 -7.43573E-02 -7.27610E-02 -7.12563E-02 -6.98381E-02 -6.85009E-02
  -6.72393E-02 -6.60492E-02 -6.49278E-02 -6.38724E-02 -6.28802E-02 -6.19486E-02
  -6.10746E-02 -6.02557E-02 -5.94891E-02  1.31307E-01  1.31318E-01  1.31455E-01
   1.31736E-01  1.32175E-01  1.32784E-01  1.33576E-01  1.34560E-01  1.35737E-01
   1.37098E-01  1.38638E-01  1.40350E-01  1.42231E-01  1.44282E-01  1.46503E-01
   1.48896E-01  1.51460E-01  1.54194E-01  1.57097E-01  1.60167E-01  1.63391E-01
   1.66729E-01  1.70129E-01  1.73544E-01  1.76927E-01  1.80257E-01  1.83524E-01
   1.86715E-01  1.89816E-01  1.92794E-01  1.95596E-01  1.98168E-01  2.00459E-01
   2.02459E-01  2.04212E-01  2.05767E-01  2.07174E-01  2.08468E-01  2.09653E-01
   2.10724E-01  2.11680E-01  2.12523E-01  2.13295E-01  2.14050E-01  2.14841E-01
   2.15718E-01  2.16687E-01  2.17728E-01  2.18818E-01  2.19935E-01  2.20975E-01
   2.21747E-01  2.22051E-01  2.21690E-01  2.20531E-01  2.18578E-01  2.15856E-01
   2.12390E-01  2.08206E-01  2.03344E-01  1.97847E-01  1.91758E-01  1.85129E-01
   1.78090E-01  1.70814E-01  1.63476E-01  1.56245E-01  1.49180E-01  1.42237E-01
   1.35367E-01  1.28521E-01  1.21670E-01  1.14825E-01  1.08000E-01  1.01209E-01
   9.44623E-02  8.77578E-02  8.10909E-02  7.44574E-02  6.78528E-02  6.12774E-02
   5.47328E-02  4.82210E-02  4.17437E-02  3.53036E-02  2.89036E-02  2.25470E-02
   1.62366E-02  9.97789E-03  3.77932E-03 -2.35020E-03 -8.40194E-03 -1.43688E-02
  -2.02488E-02 -2.60405E-02 -3.17427E-02 -3.73525E-02 -4.28562E-02 -4.82365E-02
  -5.34760E-02 -5.85566E-02 -6.34510E-02 -6.81256E-02 -7.25465E-02 -7.66804E-02
  -8.05085E-02 -8.40301E-02 -8.72460E-02 -9.01570E-02 -9.27684E-02 -9.50964E-02
  -9.71591E-02 -9.89744E-02 -1.00562E-01 -1.01951E-01 -1.03172E-01 -1.04256E-01
  -1.05234E-01 -1.06113E-01 -1.06891E-01 -1.07564E-01 -1.08130E-01 -1.08594E-01
  -1.08969E-01 -1.09268E-01 -1.09505E-01 -1.09693E-01 -1.09839E-01 -1.09952E-01
  -1.10040E-01 -1.10110E-01 -1.10169E-01 -1.10225E-01 -1.10283E-01 -1.10351E-01
  -1.10433E-01 -1.10537E-01 -1.10665E-01 -1.10825E-01 -1.11020E-01 -1.11254E-01
  -1.11531E-01 -1.11855E-01 -1.12230E-01 -1.12658E-01 -1.13144E-01 -1.13692E-01
  -1.14304E-01 -1.14984E-01 -1.15736E-01 -1.16565E-01 -1.17472E-01 -1.18460E-01
  -1.19532E-01 -1.20687E-01 -1.21929E-01 -1.23255E-01 -1.24664E-01 -1.26152E-01
  -1.27716E-01 -1.29353E-01 -1.31060E-01 -1.32832E-01 -1.34666E-01 -1.36556E-01
  -1.38494E-01 -1.40472E-01 -1.42481E-01 -1.44511E-01 -1.46554E-01 -1.48602E-01
  -1.50645E-01 -1.52675E-01 -1.54681E-01 -1.56657E-01 -1.58591E-01 -1.60475E-01
  -1.62298E-01 -1.64045E-01 -1.65703E-01 -1.67259E-01 -1.68699E-01 -1.70017E-01
  -1.71205E-01 -1.72258E-01 -1.73168E-01 -1.73923E-01 -1.74512E-01 -1.74924E-01
  -1.75147E-01 -1.75179E-01 -1.75018E-01 -1.74667E-01 -1.74125E-01 -1.73396E-01
  -1.72489E-01 -1.71409E-01 -1.70165E-01 -1.68765E-01 -1.67219E-01 -1.65537E-01
  -1.63731E-01 -1.61808E-01 -1.59777E-01 -1.57644E-01 -1.55416E-01 -1.53100E-01
  -1.50704E-01 -1.48234E-01 -1.45700E-01 -1.43108E-01 -1.40466E-01 -1.37780E-01
  -1.35058E-01 -1.32305E-01 -1.29529E-01 -1.26734E-01 -1.23927E-01 -1.21113E-01
  -1.18299E-01 -1.15488E-01 -1.12687E-01 -1.09899E-01 -1.07131E-01 -1.04386E-01
  -1.01668E-01 -9.89837E-02 -9.63362E-02 -9.37296E-02 -9.11676E-02 -8.86535E-02
  -8.61909E-02 -8.37842E-02 -8.14390E-02 -7.91608E-02 -7.69553E-02 -7.48257E-02
  -7.27695E-02 -7.07832E-02 -6.88636E-02 -6.70086E-02 -6.52232E-02 -6.35145E-02
  -6.18895E-02 -6.03546E-02 -5.89111E-02 -5.75566E-02 -5.62891E-02 -5.51062E-02
  -5.40051E-02 -5.29818E-02 -5.20325E-02 -5.11532E-02 -5.03402E-02 -4.95894E-02
  -4.88971E-02 -4.82594E-02  1.33912E-01  1.34041E-01  1.34280E-01  1.34646E-01
   1.35151E-01  1.35805E-01  1.36619E-01  1.37601E-01  1.38749E-01  1.40054E-01
   1.41507E-01  1.43101E-01  1.44831E-01  1.46699E-01  1.48705E-01  1.50849E-01
   1.53133E-01  1.55551E-01  1.58102E-01  1.60781E-01  1.63577E-01  1.66452E-01
   1.69364E-01  1.72268E-01  1.75129E-01  1.77943E-01  1.80723E-01  1.83481E-01
   1.86227E-01  1.88940E-01  1.91577E-01  1.94096E-01  1.96453E-01  1.98643E-01
   2.00714E-01  2.02716E-01  2.04699E-01  2.06698E-01  2.08701E-01  2.10688E-01
   2.12641E-01  2.14550E-01  2.16469E-01  2.18470E-01  2.20623E-01  2.22997E-01
   2.25620E-01  2.28493E-01  2.31618E-01  2.34991E-01  2.38435E-01  2.41573E-01
   2.44016E-01  2.45376E-01  2.45399E-01  2.44121E-01  2.41617E-01  2.37963E-01
   2.33232E-01  2.27490E-01  2.20800E-01  2.13224E-01  2.04844E-01  1.95909E-01
   1.86753E-01  1.77715E-01  1.69120E-01  1.61063E-01  1.53415E-01  1.46035E-01
   1.38784E-01  1.31574E-01  1.24418E-01  1.17335E-01  1.10347E-01  1.03468E-01
   9.66897E-02  8.99983E-02  8.33802E-02  7.68228E-02  7.03230E-02  6.38817E-02
   5.74997E-02  5.11780E-02  4.49178E-02  3.87200E-02  3.25859E-02  2.65166E-02
   2.05154E-02  1.45889E-02  8.74405E-03  2.98754E-03 -2.67589E-03 -8.24755E-03
  -1.37298E-02 -1.91249E-02 -2.44337E-02 -2.96462E-02 -3.47492E-02 -3.97290E-02
  -4.45713E-02 -4.92520E-02 -5.37399E-02 -5.80037E-02 -6.20123E-02 -6.57488E-02
  -6.92136E-02 -7.24082E-02 -7.53342E-02 -7.79973E-02 -8.04121E-02 -8.25951E-02
  -8.45623E-02 -8.63318E-02 -8.79296E-02 -8.93841E-02 -9.07236E-02 -9.19747E-02
  -9.31426E-02 -9.42207E-02 -9.52021E-02 -9.60803E-02 -9.68573E-02 -9.75446E-02
  -9.81540E-02 -9.86974E-02 -9.91852E-02 -9.96249E-02 -1.00023E-01 -1.00388E-01
  -1.00725E-01 -1.01042E-01 -1.01345E-01 -1.01640E-01 -1.01934E-01 -1.02231E-01
  -1.02538E-01 -1.02860E-01 -1.03200E-01 -1.03565E-01 -1.03956E-01 -1.04379E-01
  -1.04835E-01 -1.05329E-01 -1.05864E-01 -1.06442E-01 -1.07067E-01 -1.07742E-01
  -1.08469E-01 -1.09253E-01 -1.10095E-01 -1.10999E-01 -1.11967E-01 -1.13000E-01
  -1.14099E-01 -1.15264E-01 -1.16496E-01 -1.17791E-01 -1.19145E-01 -1.20558E-01
  -1.22024E-01 -1.23542E-01 -1.25108E-01 -1.26718E-01 -1.28368E-01 -1.30050E-01
  -1.31758E-01 -1.33483E-01 -1.35218E-01 -1.36955E-01 -1.38686E-01 -1.40405E-01
  -1.42103E-01 -1.43775E-01 -1.45411E-01 -1.47006E-01 -1.48552E-01 -1.50039E-01
  -1.51456E-01 -1.52792E-01 -1.54033E-01 -1.55171E-01 -1.56200E-01 -1.57116E-01
  -1.57914E-01 -1.58588E-01 -1.59129E-01 -1.59525E-01 -1.59767E-01 -1.59845E-01
  -1.59754E-01 -1.59496E-01 -1.59069E-01 -1.58475E-01 -1.57717E-01 -1.56801E-01
  -1.55732E-01 -1.54517E-01 -1.53163E-01 -1.51677E-01 -1.50068E-01 -1.48344E-01
  -1.46514E-01 -1.44581E-01 -1.42552E-01 -1.40431E-01 -1.38224E-01 -1.35935E-01
  -1.33573E-01 -1.31143E-01 -1.28653E-01 -1.26107E-01 -1.23514E-01 -1.20878E-01
  -1.18205E-01 -1.15503E-01 -1.12776E-01 -1.10031E-01 -1.07272E-01 -1.04507E-01
  -1.01739E-01 -9.89752E-02 -9.62197E-02 -9.34781E-02 -9.07555E-02 -8.80573E-02
  -8.53886E-02 -8.27547E-02 -8.01602E-02 -7.76093E-02 -7.51059E-02 -7.26544E-02
  -7.02605E-02 -6.79322E-02 -6.56778E-02 -6.35054E-02 -6.14195E-02 -5.94154E-02
  -5.74874E-02 -5.56296E-02 -5.38377E-02 -5.21161E-02 -5.04718E-02 -4.89117E-02
  -4.74422E-02 -4.60663E-02 -4.47843E-02 -4.35967E-02 -4.25037E-02 -4.15035E-02
  -4.05913E-02 -3.97624E-02 -3.90120E-02 -3.83355E-02 -3.77279E-02 -3.71846E-02
  -3.67009E-02  1.36090E-01  1.36338E-01  1.36681E-01  1.37129E-01  1.37690E-01
   1.38371E-01  1.39181E-01  1.40125E-01  1.41204E-01  1.42413E-01  1.43749E-01
   1.45207E-01  1.46785E-01  1.48482E-01  1.50296E-01  1.52225E-01  1.54268E-01
   1.56420E-01  1.58679E-01  1.61041E-01  1.63497E-01  1.66023E-01  1.68592E-01
   1.71179E-01  1.73758E-01  1.76328E-01  1.78895E-01  1.81466E-01  1.84045E-01
   1.86620E-01  1.89169E-01  1.91665E-01  1.94086E-01  1.96431E-01  1.98735E-01
   2.01036E-01  2.03370E-01  2.05766E-01  2.08232E-01  2.10772E-01  2.13388E-01
   2.16094E-01  2.18945E-01  2.22010E-01  2.25359E-01  2.29060E-01  2.33152E-01
   2.37658E-01  2.42601E-01  2.47995E-01  2.53596E-01  2.58863E-01  2.63234E-01
   2.66151E-01  2.67251E-01  2.66597E-01  2.64308E-01  2.60504E-01  2.55299E-01
   2.48783E-01  2.41039E-01  2.32150E-01  2.22226E-01  2.11619E-01  2.00808E-01
   1.90275E-01  1.80486E-01  1.71566E-01  1.63310E-01  1.55498E-01  1.47911E-01
   1.40411E-01  1.33008E-01  1.25729E-01  1.18599E-01  1.11636E-01  1.04825E-01
   9.81426E-02  9.15684E-02  8.50816E-02  7.86761E-02  7.23515E-02  6.61077E-02
   5.99444E-02  5.38614E-02  4.78580E-02  4.19339E-02  3.60885E-02  3.03234E-02
   2.46430E-02  1.90521E-02  1.35554E-02  8.15650E-03  2.85626E-03 -2.34495E-03
  -7.44677E-03 -1.24480E-02 -1.73417E-02 -2.21191E-02 -2.67712E-02 -3.12888E-02
  -3.56575E-02 -3.98597E-02 -4.38775E-02 -4.76933E-02 -5.12972E-02 -5.46894E-02
  -5.78704E-02 -6.08411E-02 -6.36044E-02 -6.61691E-02 -6.85450E-02 -7.07415E-02
  -7.27694E-02 -7.46443E-02 -7.63834E-02 -7.80039E-02 -7.95218E-02 -8.09424E-02
  -8.22651E-02 -8.34887E-02 -8.46125E-02 -8.56404E-02 -8.65815E-02 -8.74451E-02
  -8.82405E-02 -8.89761E-02 -8.96587E-02 -9.02948E-02 -9.08912E-02 -9.14542E-02
  -9.19898E-02 -9.25038E-02 -9.30023E-02 -9.34908E-02 -9.39745E-02 -9.44581E-02
  -9.49463E-02 -9.54439E-02 -9.59548E-02 -9.64825E-02 -9.70305E-02 -9.76020E-02
  -9.82004E-02 -9.88282E-02 -9.94883E-02 -1.00183E-01 -1.00916E-01 -1.01688E-01
  -1.02502E-01 -1.03361E-01 -1.04265E-01 -1.05217E-01 -1.06216E-01 -1.07264E-01
  -1.08360E-01 -1.09505E-01 -1.10694E-01 -1.11928E-01 -1.13202E-01 -1.14515E-01
  -1.15863E-01 -1.17243E-01 -1.18652E-01 -1.20087E-01 -1.21541E-01 -1.23008E-01
  -1.24482E-01 -1.25957E-01 -1.27426E-01 -1.28884E-01 -1.30323E-01 -1.31737E-01
  -1.33120E-01 -1.34464E-01 -1.35764E-01 -1.37013E-01 -1.38204E-01 -1.39326E-01
  -1.40372E-01 -1.41333E-01 -1.42200E-01 -1.42970E-01 -1.43636E-01 -1.44196E-01
  -1.44643E-01 -1.44971E-01 -1.45172E-01 -1.45241E-01 -1.45170E-01 -1.44957E-01
  -1.44600E-01 -1.44101E-01 -1.43458E-01 -1.42673E-01 -1.41750E-01 -1.40692E-01
  -1.39504E-01 -1.38188E-01 -1.36752E-01 -1.35200E-01 -1.33538E-01 -1.31772E-01
  -1.29906E-01 -1.27945E-01 -1.25893E-01 -1.23754E-01 -1.21535E-01 -1.19240E-01
  -1.16876E-01 -1.14448E-01 -1.11961E-01 -1.09422E-01 -1.06836E-01 -1.04209E-01
  -1.01547E-01 -9.88546E-02 -9.61381E-02 -9.34032E-02 -9.06554E-02 -8.79003E-02
  -8.51435E-02 -8.23906E-02 -7.96472E-02 -7.69191E-02 -7.42121E-02 -7.15320E-02
  -6.88849E-02 -6.62760E-02 -6.37104E-02 -6.11930E-02 -5.87291E-02 -5.63251E-02
  -5.39901E-02 -5.17330E-02 -4.95629E-02 -4.74850E-02 -4.54956E-02 -4.35894E-02
  -4.17614E-02 -4.00079E-02 -3.83342E-02 -3.67478E-02 -3.52565E-02 -3.38673E-02
  -3.25826E-02 -3.14022E-02 -3.03254E-02 -2.93519E-02 -2.84790E-02 -2.77022E-02
  -2.70165E-02 -2.64173E-02 -2.58998E-02 -2.54591E-02 -2.50904E-02 -2.47890E-02
   1.37857E-01  1.38206E-01  1.38634E-01  1.39146E-01  1.39748E-01  1.40444E-01
   1.41238E-01  1.42135E-01  1.43138E-01  1.44248E-01  1.45467E-01  1.46797E-01
   1.48237E-01  1.49782E-01  1.51430E-01  1.53176E-01  1.55016E-01  1.56948E-01
   1.58968E-01  1.61074E-01  1.63260E-01  1.65518E-01  1.67838E-01  1.70207E-01
   1.72617E-01  1.75058E-01  1.77524E-01  1.80004E-01  1.82493E-01  1.84982E-01
   1.87466E-01  1.89939E-01  1.92395E-01  1.94839E-01  1.97291E-01  1.99770E-01
   2.02298E-01  2.04899E-01  2.07605E-01  2.10452E-01  2.13474E-01  2.16709E-01
   2.20207E-01  2.24024E-01  2.28216E-01  2.32836E-01  2.37925E-01  2.43515E-01
   2.49636E-01  2.56311E-01  2.63257E-01  2.69843E-01  2.75415E-01  2.79321E-01
   2.81137E-01  2.80937E-01  2.78862E-01  2.75052E-01  2.69640E-01  2.62734E-01
   2.54435E-01  2.44843E-01  2.34088E-01  2.22581E-01  2.10877E-01  1.99534E-01
   1.89091E-01  1.79693E-01  1.71098E-01  1.63048E-01  1.55286E-01  1.47649E-01
   1.40145E-01  1.32801E-01  1.25644E-01  1.18690E-01  1.11921E-01  1.05310E-01
   9.88299E-02  9.24566E-02  8.61817E-02  8.00035E-02  7.39210E-02  6.79325E-02
   6.20368E-02  5.62321E-02  5.05168E-02  4.48892E-02  3.93496E-02  3.39005E-02
   2.85448E-02  2.32853E-02  1.81252E-02  1.30686E-02  8.12013E-03  3.28413E-03
  -1.43501E-03 -6.03243E-03 -1.05033E-02 -1.48428E-02 -1.90460E-02 -2.31089E-02
  -2.70282E-02 -3.08003E-02 -3.44218E-02 -3.78906E-02 -4.12060E-02 -4.43673E-02
  -4.73741E-02 -5.02264E-02 -5.29269E-02 -5.54781E-02 -5.78829E-02 -6.01443E-02
  -6.22672E-02 -6.42568E-02 -6.61187E-02 -6.78583E-02 -6.94817E-02 -7.09958E-02
  -7.24072E-02 -7.37227E-02 -7.49490E-02 -7.60930E-02 -7.71616E-02 -7.81614E-02
  -7.90992E-02 -7.99812E-02 -8.08135E-02 -8.16023E-02 -8.23536E-02 -8.30727E-02
  -8.37649E-02 -8.44354E-02 -8.50893E-02 -8.57311E-02 -8.63651E-02 -8.69956E-02
  -8.76267E-02 -8.82622E-02 -8.89055E-02 -8.95599E-02 -9.02287E-02 -9.09151E-02
  -9.16213E-02 -9.23499E-02 -9.31033E-02 -9.38836E-02 -9.46924E-02 -9.55309E-02
  -9.64006E-02 -9.73027E-02 -9.82374E-02 -9.92049E-02 -1.00205E-01 -1.01238E-01
  -1.02303E-01 -1.03398E-01 -1.04522E-01 -1.05673E-01 -1.06850E-01 -1.08048E-01
  -1.09266E-01 -1.10499E-01 -1.11745E-01 -1.12999E-01 -1.14257E-01 -1.15513E-01
  -1.16763E-01 -1.18002E-01 -1.19224E-01 -1.20423E-01 -1.21593E-01 -1.22729E-01
  -1.23824E-01 -1.24871E-01 -1.25865E-01 -1.26798E-01 -1.27666E-01 -1.28461E-01
  -1.29177E-01 -1.29809E-01 -1.30352E-01 -1.30799E-01 -1.31146E-01 -1.31388E-01
  -1.31522E-01 -1.31544E-01 -1.31450E-01 -1.31238E-01 -1.30906E-01 -1.30453E-01
  -1.29878E-01 -1.29179E-01 -1.28358E-01 -1.27416E-01 -1.26353E-01 -1.25172E-01
  -1.23874E-01 -1.22463E-01 -1.20941E-01 -1.19312E-01 -1.17579E-01 -1.15747E-01
  -1.13820E-01 -1.11802E-01 -1.09698E-01 -1.07512E-01 -1.05250E-01 -1.02916E-01
  -1.00515E-01 -9.80530E-02 -9.55346E-02 -9.29651E-02 -9.03498E-02 -8.76941E-02
  -8.50034E-02 -8.22832E-02 -7.95392E-02 -7.67769E-02 -7.40021E-02 -7.12208E-02
  -6.84388E-02 -6.56623E-02 -6.28973E-02 -6.01504E-02 -5.74279E-02 -5.47363E-02
  -5.20819E-02 -4.94711E-02 -4.69102E-02 -4.44057E-02 -4.19638E-02 -3.95913E-02
  -3.72947E-02 -3.50808E-02 -3.29546E-02 -3.09183E-02 -2.89733E-02 -2.71212E-02
  -2.53645E-02 -2.37115E-02 -2.21722E-02 -2.07564E-02 -1.94729E-02 -1.83203E-02
  -1.72909E-02 -1.63769E-02 -1.55705E-02 -1.48660E-02 -1.42600E-02 -1.37489E-02
  -1.33294E-02 -1.29982E-02 -1.27516E-02 -1.25865E-02 -1.24992E-02  1.39238E-01
   1.39652E-01  1.40133E-01  1.40684E-01  1.41308E-01  1.42008E-01  1.42787E-01
   1.43647E-01  1.44592E-01  1.45627E-01  1.46757E-01  1.47986E-01  1.49313E-01
   1.50734E-01  1.52243E-01  1.53836E-01  1.55508E-01  1.57258E-01  1.59084E-01
   1.60984E-01  1.62956E-01  1.64998E-01  1.67111E-01  1.69291E-01  1.71537E-01
   1.73838E-01  1.76179E-01  1.78547E-01  1.80927E-01  1.83317E-01  1.85721E-01
   1.88143E-01  1.90586E-01  1.93058E-01  1.95570E-01  1.98133E-01  2.00758E-01
   2.03465E-01  2.06299E-01  2.09309E-01  2.12542E-01  2.16046E-01  2.19860E-01
   2.24020E-01  2.28563E-01  2.33526E-01  2.38933E-01  2.44806E-01  2.51166E-01
   2.58023E-01  2.65103E-01  2.71796E-01  2.77476E-01  2.81515E-01  2.83504E-01
   2.83505E-01  2.81643E-01  2.78043E-01  2.72829E-01  2.66114E-01  2.58012E-01
   2.48635E-01  2.38124E-01  2.26875E-01  2.15419E-01  2.04288E-01  1.93998E-01
   1.84693E-01  1.76154E-01  1.68148E-01  1.60441E-01  1.52884E-01  1.45482E-01
   1.38257E-01  1.31230E-01  1.24414E-01  1.17790E-01  1.11332E-01  1.05013E-01
   9.88117E-02  9.27173E-02  8.67280E-02  8.08414E-02  7.50552E-02  6.93672E-02
   6.37752E-02  5.82772E-02  5.28708E-02  4.75554E-02  4.23325E-02  3.72035E-02
   3.21700E-02  2.72345E-02  2.24025E-02  1.76799E-02  1.30727E-02  8.58657E-03
   4.22473E-03 -1.04237E-05 -4.11636E-03 -8.09099E-03 -1.19356E-02 -1.56541E-02
  -1.92503E-02 -2.27280E-02 -2.60890E-02 -2.93323E-02 -3.24568E-02 -3.54614E-02
  -3.83449E-02 -4.11066E-02 -4.37457E-02 -4.62612E-02 -4.86525E-02 -5.09188E-02
  -5.30592E-02 -5.50731E-02 -5.69602E-02 -5.87269E-02 -6.03830E-02 -6.19384E-02
  -6.34030E-02 -6.47845E-02 -6.60880E-02 -6.73189E-02 -6.84821E-02 -6.95829E-02
  -7.06269E-02 -7.16196E-02 -7.25666E-02 -7.34733E-02 -7.43443E-02 -7.51843E-02
  -7.59978E-02 -7.67893E-02 -7.75630E-02 -7.83224E-02 -7.90715E-02 -7.98140E-02
  -8.05532E-02 -8.12924E-02 -8.20347E-02 -8.27831E-02 -8.35405E-02 -8.43090E-02
  -8.50908E-02 -8.58880E-02 -8.67025E-02 -8.75353E-02 -8.83873E-02 -8.92592E-02
  -9.01519E-02 -9.10653E-02 -9.19991E-02 -9.29532E-02 -9.39272E-02 -9.49202E-02
  -9.59314E-02 -9.69594E-02 -9.80034E-02 -9.90614E-02 -1.00131E-01 -1.01208E-01
  -1.02291E-01 -1.03376E-01 -1.04460E-01 -1.05539E-01 -1.06610E-01 -1.07669E-01
  -1.08712E-01 -1.09732E-01 -1.10726E-01 -1.11688E-01 -1.12613E-01 -1.13495E-01
  -1.14328E-01 -1.15106E-01 -1.15824E-01 -1.16478E-01 -1.17062E-01 -1.17574E-01
  -1.18007E-01 -1.18358E-01 -1.18620E-01 -1.18788E-01 -1.18859E-01 -1.18829E-01
  -1.18698E-01 -1.18465E-01 -1.18127E-01 -1.17685E-01 -1.17136E-01 -1.16479E-01
  -1.15713E-01 -1.14837E-01 -1.13851E-01 -1.12756E-01 -1.11552E-01 -1.10239E-01
  -1.08818E-01 -1.07292E-01 -1.05662E-01 -1.03930E-01 -1.02100E-01 -1.00176E-01
  -9.81615E-02 -9.60607E-02 -9.38777E-02 -9.16168E-02 -8.92821E-02 -8.68779E-02
  -8.44088E-02 -8.18796E-02 -7.92948E-02 -7.66595E-02 -7.39785E-02 -7.12572E-02
  -6.85008E-02 -6.57148E-02 -6.29047E-02 -6.00766E-02 -5.72369E-02 -5.43917E-02
  -5.15477E-02 -4.87112E-02 -4.58893E-02 -4.30888E-02 -4.03166E-02 -3.75805E-02
  -3.48885E-02 -3.22489E-02 -2.96698E-02 -2.71563E-02 -2.47092E-02 -2.23293E-02
  -2.00174E-02 -1.77779E-02 -1.56242E-02 -1.35713E-02 -1.16340E-02 -9.82703E-03
  -8.16431E-03 -6.65964E-03 -5.32679E-03 -4.17742E-03 -3.20208E-03 -2.37883E-03
  -1.68555E-03 -1.10049E-03 -6.11711E-04 -2.17928E-04  8.15845E-05  2.87575E-04
   4.00755E-04  4.21866E-04  3.51643E-04  1.90820E-04  1.40291E-01  1.40738E-01
   1.41244E-01  1.41812E-01  1.42443E-01  1.43140E-01  1.43903E-01  1.44736E-01
   1.45642E-01  1.46625E-01  1.47690E-01  1.48841E-01  1.50078E-01  1.51396E-01
   1.52789E-01  1.54254E-01  1.55787E-01  1.57387E-01  1.59053E-01  1.60786E-01
   1.62585E-01  1.64451E-01  1.66385E-01  1.68389E-01  1.70462E-01  1.72597E-01
   1.74780E-01  1.77000E-01  1.79245E-01  1.81515E-01  1.83815E-01  1.86153E-01
   1.88536E-01  1.90970E-01  1.93463E-01  1.96026E-01  1.98664E-01  2.01397E-01
   2.04266E-01  2.07316E-01  2.10593E-01  2.14140E-01  2.17979E-01  2.22127E-01
   2.26601E-01  2.31416E-01  2.36577E-01  2.42080E-01  2.47923E-01  2.54095E-01
   2.60359E-01  2.66218E-01  2.71156E-01  2.74662E-01  2.76393E-01  2.76387E-01
   2.74728E-01  2.71502E-01  2.66799E-01  2.60731E-01  2.53416E-01  2.44972E-01
   2.35538E-01  2.25446E-01  2.15125E-01  2.05009E-01  1.95517E-01  1.86778E-01
   1.78638E-01  1.70930E-01  1.63491E-01  1.56212E-01  1.49094E-01  1.42152E-01
   1.35397E-01  1.28835E-01  1.22450E-01  1.16223E-01  1.10131E-01  1.04157E-01
   9.82913E-02  9.25316E-02  8.68750E-02  8.13183E-02  7.58593E-02  7.04957E-02
   6.52255E-02  6.00463E-02  5.49574E-02  4.99593E-02  4.50529E-02  4.02390E-02
   3.55193E-02  3.08985E-02  2.63818E-02  2.19744E-02  1.76809E-02  1.35037E-02
   9.44419E-03  5.50377E-03  1.68351E-03 -2.01888E-03 -5.60827E-03 -9.08937E-03
  -1.24670E-02 -1.57435E-02 -1.89180E-02 -2.19897E-02 -2.49575E-02 -2.78204E-02
  -3.05769E-02 -3.32258E-02 -3.57658E-02 -3.81953E-02 -4.05127E-02 -4.27160E-02
  -4.48037E-02 -4.67743E-02 -4.86332E-02 -5.03894E-02 -5.20519E-02 -5.36296E-02
  -5.51293E-02 -5.65552E-02 -5.79116E-02 -5.92024E-02 -6.04321E-02 -6.16054E-02
  -6.27270E-02 -6.38018E-02 -6.48344E-02 -6.58289E-02 -6.67893E-02 -6.77196E-02
  -6.86237E-02 -6.95052E-02 -7.03673E-02 -7.12136E-02 -7.20472E-02 -7.28712E-02
  -7.36884E-02 -7.45016E-02 -7.53135E-02 -7.61266E-02 -7.69428E-02 -7.77640E-02
  -7.85921E-02 -7.94286E-02 -8.02744E-02 -8.11300E-02 -8.19962E-02 -8.28735E-02
  -8.37617E-02 -8.46606E-02 -8.55698E-02 -8.64889E-02 -8.74173E-02 -8.83540E-02
  -8.92981E-02 -9.02485E-02 -9.12037E-02 -9.21612E-02 -9.31184E-02 -9.40726E-02
  -9.50214E-02 -9.59615E-02 -9.68902E-02 -9.78045E-02 -9.87011E-02 -9.95761E-02
  -1.00425E-01 -1.01244E-01 -1.02028E-01 -1.02773E-01 -1.03474E-01 -1.04125E-01
  -1.04722E-01 -1.05260E-01 -1.05736E-01 -1.06146E-01 -1.06486E-01 -1.06753E-01
  -1.06941E-01 -1.07047E-01 -1.07066E-01 -1.06994E-01 -1.06829E-01 -1.06571E-01
  -1.06218E-01 -1.05769E-01 -1.05224E-01 -1.04581E-01 -1.03838E-01 -1.02995E-01
  -1.02049E-01 -1.01002E-01 -9.98521E-02 -9.85992E-02 -9.72433E-02 -9.57853E-02
  -9.42262E-02 -9.25669E-02 -9.08088E-02 -8.89546E-02 -8.70076E-02 -8.49708E-02
  -8.28475E-02 -8.06410E-02 -7.83549E-02 -7.59926E-02 -7.35575E-02 -7.10537E-02
  -6.84853E-02 -6.58566E-02 -6.31717E-02 -6.04353E-02 -5.76523E-02 -5.48279E-02
  -5.19671E-02 -4.90753E-02 -4.61590E-02 -4.32247E-02 -4.02790E-02 -3.73287E-02
  -3.43809E-02 -3.14430E-02 -2.85223E-02 -2.56265E-02 -2.27648E-02 -1.99473E-02
  -1.71846E-02 -1.44867E-02 -1.18579E-02 -9.29511E-03 -6.79463E-03 -4.35284E-03
  -1.97420E-03  3.16621E-04  2.49197E-03  4.52419E-03  6.38723E-03  8.06247E-03
   9.53359E-03  1.07843E-02  1.18011E-02  1.26005E-02  1.32163E-02  1.36827E-02
   1.40334E-02  1.42859E-02  1.44408E-02  1.44975E-02  1.44557E-02  1.43148E-02
   1.40744E-02  1.37340E-02  1.32933E-02  1.41079E-01  1.41539E-01  1.42052E-01
   1.42622E-01  1.43249E-01  1.43935E-01  1.44682E-01  1.45493E-01  1.46369E-01
   1.47313E-01  1.48328E-01  1.49417E-01  1.50579E-01  1.51809E-01  1.53104E-01
   1.54460E-01  1.55874E-01  1.57347E-01  1.58880E-01  1.60474E-01  1.62129E-01
   1.63845E-01  1.65623E-01  1.67463E-01  1.69365E-01  1.71323E-01  1.73332E-01
   1.75386E-01  1.77478E-01  1.79610E-01  1.81786E-01  1.84011E-01  1.86289E-01
   1.88628E-01  1.91036E-01  1.93522E-01  1.96094E-01  1.98769E-01  2.01576E-01
   2.04550E-01  2.07723E-01  2.11124E-01  2.14761E-01  2.18631E-01  2.22735E-01
   2.27068E-01  2.31611E-01  2.36337E-01  2.41214E-01  2.46208E-01  2.51140E-01
   2.55658E-01  2.59402E-01  2.62013E-01  2.63245E-01  2.63104E-01  2.61627E-01
   2.58850E-01  2.54825E-01  2.49651E-01  2.43446E-01  2.36324E-01  2.28414E-01
   2.19955E-01  2.11247E-01  2.02589E-01  1.94272E-01  1.86402E-01  1.78904E-01
   1.71697E-01  1.64699E-01  1.57855E-01  1.51164E-01  1.44629E-01  1.38254E-01
   1.32039E-01  1.25974E-01  1.20044E-01  1.14237E-01  1.08539E-01  1.02945E-01
   9.74504E-02  9.20537E-02  8.67512E-02  8.15408E-02  7.64206E-02  7.13890E-02
   6.64444E-02  6.15858E-02  5.68137E-02  5.21286E-02  4.75311E-02  4.30221E-02
   3.86046E-02  3.42818E-02  3.00569E-02  2.59328E-02  2.19113E-02  1.79935E-02
   1.41807E-02  1.04738E-02  6.87209E-03  3.37315E-03 -2.51669E-05 -3.32515E-03
  -6.52789E-03 -9.63303E-03 -1.26401E-02 -1.55485E-02 -1.83580E-02 -2.10681E-02
  -2.36786E-02 -2.61894E-02 -2.86000E-02 -3.09104E-02 -3.31205E-02 -3.52302E-02
  -3.72397E-02 -3.91529E-02 -4.09758E-02 -4.27144E-02 -4.43746E-02 -4.59614E-02
  -4.74783E-02 -4.89289E-02 -5.03169E-02 -5.16459E-02 -5.29198E-02 -5.41427E-02
  -5.53184E-02 -5.64509E-02 -5.75436E-02 -5.86001E-02 -5.96238E-02 -6.06181E-02
  -6.15861E-02 -6.25308E-02 -6.34550E-02 -6.43616E-02 -6.52534E-02 -6.61327E-02
  -6.70018E-02 -6.78632E-02 -6.87190E-02 -6.95707E-02 -7.04201E-02 -7.12686E-02
  -7.21178E-02 -7.29682E-02 -7.38206E-02 -7.46755E-02 -7.55335E-02 -7.63944E-02
  -7.72581E-02 -7.81243E-02 -7.89926E-02 -7.98624E-02 -8.07326E-02 -8.16025E-02
  -8.24709E-02 -8.33363E-02 -8.41967E-02 -8.50499E-02 -8.58937E-02 -8.67257E-02
  -8.75433E-02 -8.83437E-02 -8.91244E-02 -8.98824E-02 -9.06143E-02 -9.13165E-02
  -9.19854E-02 -9.26172E-02 -9.32081E-02 -9.37540E-02 -9.42508E-02 -9.46943E-02
  -9.50808E-02 -9.54069E-02 -9.56694E-02 -9.58647E-02 -9.59896E-02 -9.60403E-02
  -9.60133E-02 -9.59049E-02 -9.57117E-02 -9.54319E-02 -9.50640E-02 -9.46067E-02
  -9.40584E-02 -9.34177E-02 -9.26834E-02 -9.18541E-02 -9.09285E-02 -8.99057E-02
  -8.87852E-02 -8.75666E-02 -8.62494E-02 -8.48335E-02 -8.33196E-02 -8.17082E-02
  -8.00000E-02 -7.81959E-02 -7.62980E-02 -7.43083E-02 -7.22290E-02 -7.00624E-02
  -6.78110E-02 -6.54776E-02 -6.30648E-02 -6.05754E-02 -5.80126E-02 -5.53800E-02
  -5.26811E-02 -4.99196E-02 -4.70994E-02 -4.42251E-02 -4.13015E-02 -3.83333E-02
  -3.53257E-02 -3.22849E-02 -2.92177E-02 -2.61308E-02 -2.30310E-02 -1.99261E-02
  -1.68246E-02 -1.37344E-02 -1.06644E-02 -7.62520E-03 -4.62912E-03 -1.68859E-03
   1.18409E-03  3.98202E-03  6.70504E-03  9.35348E-03  1.19276E-02  1.44197E-02
   1.68020E-02  1.90440E-02  2.11150E-02  2.29867E-02  2.46418E-02  2.60662E-02
   2.72459E-02  2.81697E-02  2.88535E-02  2.93293E-02  2.96294E-02  2.97856E-02
   2.98163E-02  2.97257E-02  2.95169E-02  2.91934E-02  2.87585E-02  2.82154E-02
   2.75675E-02  2.68180E-02  1.41667E-01  1.42130E-01  1.42641E-01  1.43204E-01
   1.43821E-01  1.44492E-01  1.45221E-01  1.46008E-01  1.46855E-01  1.47763E-01
   1.48734E-01  1.49767E-01  1.50862E-01  1.52015E-01  1.53223E-01  1.54483E-01
   1.55792E-01  1.57153E-01  1.58568E-01  1.60039E-01  1.61567E-01  1.63151E-01
   1.64789E-01  1.66478E-01  1.68217E-01  1.70005E-01  1.71841E-01  1.73726E-01
   1.75658E-01  1.77639E-01  1.79671E-01  1.81755E-01  1.83892E-01  1.86088E-01
   1.88352E-01  1.90695E-01  1.93124E-01  1.95654E-01  1.98301E-01  2.01084E-01
   2.04022E-01  2.07130E-01  2.10399E-01  2.13817E-01  2.17369E-01  2.21039E-01
   2.24790E-01  2.28575E-01  2.32344E-01  2.36046E-01  2.39556E-01  2.42665E-01
   2.45158E-01  2.46821E-01  2.47500E-01  2.47176E-01  2.45847E-01  2.43510E-01
   2.40181E-01  2.35944E-01  2.30903E-01  2.25163E-01  2.18834E-01  2.12066E-01
   2.05036E-01  1.97919E-01  1.90886E-01  1.84019E-01  1.77311E-01  1.70751E-01
   1.64328E-01  1.58036E-01  1.51871E-01  1.45831E-01  1.39913E-01  1.34116E-01
   1.28433E-01  1.22857E-01  1.17383E-01  1.12005E-01  1.06718E-01  1.01520E-01
   9.64095E-02  9.13829E-02  8.64390E-02  8.15767E-02  7.67951E-02  7.20932E-02
   6.74708E-02  6.29282E-02  5.84661E-02  5.40849E-02  4.97853E-02  4.55685E-02
   4.14357E-02  3.73882E-02  3.34273E-02  2.95542E-02  2.57704E-02  2.20773E-02
   1.84761E-02  1.49680E-02  1.15538E-02  8.23448E-03  5.01094E-03  1.88367E-03
  -1.14734E-03 -4.08207E-03 -6.92055E-03 -9.66302E-03 -1.23105E-02 -1.48641E-02
  -1.73250E-02 -1.96942E-02 -2.19739E-02 -2.41659E-02 -2.62726E-02 -2.82959E-02
  -3.02385E-02 -3.21033E-02 -3.38930E-02 -3.56105E-02 -3.72587E-02 -3.88410E-02
  -4.03604E-02 -4.18202E-02 -4.32235E-02 -4.45737E-02 -4.58738E-02 -4.71270E-02
  -4.83367E-02 -4.95057E-02 -5.06371E-02 -5.17337E-02 -5.27986E-02 -5.38345E-02
  -5.48437E-02 -5.58290E-02 -5.67928E-02 -5.77374E-02 -5.86648E-02 -5.95770E-02
  -6.04759E-02 -6.13634E-02 -6.22408E-02 -6.31095E-02 -6.39708E-02 -6.48260E-02
  -6.56757E-02 -6.65205E-02 -6.73612E-02 -6.81981E-02 -6.90314E-02 -6.98609E-02
  -7.06863E-02 -7.15075E-02 -7.23238E-02 -7.31341E-02 -7.39375E-02 -7.47329E-02
  -7.55190E-02 -7.62940E-02 -7.70560E-02 -7.78032E-02 -7.85336E-02 -7.92447E-02
  -7.99341E-02 -8.05991E-02 -8.12371E-02 -8.18453E-02 -8.24205E-02 -8.29597E-02
  -8.34598E-02 -8.39176E-02 -8.43298E-02 -8.46932E-02 -8.50043E-02 -8.52600E-02
  -8.54569E-02 -8.55919E-02 -8.56617E-02 -8.56632E-02 -8.55936E-02 -8.54499E-02
  -8.52294E-02 -8.49294E-02 -8.45475E-02 -8.40816E-02 -8.35295E-02 -8.28892E-02
  -8.21591E-02 -8.13379E-02 -8.04244E-02 -7.94171E-02 -7.83153E-02 -7.71187E-02
  -7.58267E-02 -7.44391E-02 -7.29557E-02 -7.13769E-02 -6.97033E-02 -6.79351E-02
  -6.60731E-02 -6.41184E-02 -6.20722E-02 -5.99356E-02 -5.77099E-02 -5.53969E-02
  -5.29985E-02 -5.05166E-02 -4.79532E-02 -4.53107E-02 -4.25918E-02 -3.97994E-02
  -3.69364E-02 -3.40060E-02 -3.10122E-02 -2.79593E-02 -2.48513E-02 -2.16930E-02
  -1.84903E-02 -1.52497E-02 -1.19774E-02 -8.68029E-03 -5.36713E-03 -2.04775E-03
   1.26824E-03  4.57074E-03  7.84747E-03  1.10844E-02  1.42674E-02  1.73823E-02
   2.04139E-02  2.33452E-02  2.61590E-02  2.88383E-02  3.13668E-02  3.37295E-02
   3.59120E-02  3.78997E-02  3.96796E-02  4.12463E-02  4.25965E-02  4.37270E-02
   4.46351E-02  4.53228E-02  4.57947E-02  4.60556E-02  4.61103E-02  4.59686E-02
   4.56459E-02  4.51575E-02  4.45191E-02  4.37461E-02  4.28540E-02  4.18584E-02
   4.07747E-02  1.42113E-01  1.42576E-01  1.43084E-01  1.43638E-01  1.44241E-01
   1.44895E-01  1.45600E-01  1.46359E-01  1.47172E-01  1.48040E-01  1.48963E-01
   1.49941E-01  1.50972E-01  1.52053E-01  1.53180E-01  1.54350E-01  1.55562E-01
   1.56819E-01  1.58124E-01  1.59480E-01  1.60889E-01  1.62348E-01  1.63855E-01
   1.65406E-01  1.66999E-01  1.68633E-01  1.70312E-01  1.72037E-01  1.73811E-01
   1.75633E-01  1.77503E-01  1.79422E-01  1.81387E-01  1.83403E-01  1.85478E-01
   1.87621E-01  1.89838E-01  1.92140E-01  1.94532E-01  1.97023E-01  1.99619E-01
   2.02324E-01  2.05124E-01  2.07998E-01  2.10927E-01  2.13888E-01  2.16840E-01
   2.19731E-01  2.22505E-01  2.25108E-01  2.27460E-01  2.29445E-01  2.30950E-01
   2.31859E-01  2.32084E-01  2.31596E-01  2.30375E-01  2.28399E-01  2.25663E-01
   2.22233E-01  2.18193E-01  2.13626E-01  2.08616E-01  2.03255E-01  1.97634E-01
   1.91846E-01  1.85983E-01  1.80105E-01  1.74241E-01  1.68419E-01  1.62666E-01
   1.56999E-01  1.51419E-01  1.45923E-01  1.40510E-01  1.35175E-01  1.29920E-01
   1.24742E-01  1.19642E-01  1.14617E-01  1.09667E-01  1.04791E-01  9.99874E-02
   9.52547E-02  9.05927E-02  8.60011E-02  8.14802E-02  7.70297E-02  7.26500E-02
   6.83419E-02  6.41062E-02  5.99436E-02  5.58547E-02  5.18399E-02  4.78995E-02
   4.40338E-02  4.02432E-02  3.65287E-02  3.28920E-02  2.93344E-02  2.58575E-02
   2.24633E-02  1.91542E-02  1.59326E-02  1.28011E-02  9.76082E-03  6.81167E-03
   3.95345E-03  1.18591E-03 -1.49150E-03 -4.08034E-03 -6.58222E-03 -8.99884E-03
  -1.13320E-02 -1.35845E-02 -1.57592E-02 -1.78592E-02 -1.98874E-02 -2.18455E-02
  -2.37346E-02 -2.55558E-02 -2.73102E-02 -2.89996E-02 -3.06268E-02 -3.21945E-02
  -3.37055E-02 -3.51625E-02 -3.65682E-02 -3.79252E-02 -3.92360E-02 -4.05033E-02
  -4.17296E-02 -4.29175E-02 -4.40694E-02 -4.51880E-02 -4.62754E-02 -4.73338E-02
  -4.83655E-02 -4.93725E-02 -5.03569E-02 -5.13203E-02 -5.22644E-02 -5.31908E-02
  -5.41011E-02 -5.49963E-02 -5.58777E-02 -5.67463E-02 -5.76033E-02 -5.84491E-02
  -5.92845E-02 -6.01099E-02 -6.09259E-02 -6.17325E-02 -6.25295E-02 -6.33169E-02
  -6.40944E-02 -6.48615E-02 -6.56169E-02 -6.63599E-02 -6.70894E-02 -6.78041E-02
  -6.85025E-02 -6.91831E-02 -6.98443E-02 -7.04842E-02 -7.11008E-02 -7.16916E-02
  -7.22543E-02 -7.27867E-02 -7.32860E-02 -7.37497E-02 -7.41752E-02 -7.45599E-02
  -7.49011E-02 -7.51960E-02 -7.54419E-02 -7.56360E-02 -7.57755E-02 -7.58573E-02
  -7.58785E-02 -7.58359E-02 -7.57268E-02 -7.55488E-02 -7.52995E-02 -7.49766E-02
  -7.45778E-02 -7.41007E-02 -7.35427E-02 -7.29014E-02 -7.21745E-02 -7.13603E-02
  -7.04573E-02 -6.94644E-02 -6.83802E-02 -6.72038E-02 -6.59346E-02 -6.45722E-02
  -6.31160E-02 -6.15658E-02 -5.99217E-02 -5.81837E-02 -5.63521E-02 -5.44268E-02
  -5.24084E-02 -5.02973E-02 -4.80937E-02 -4.57981E-02 -4.34116E-02 -4.09351E-02
  -3.83698E-02 -3.57168E-02 -3.29776E-02 -3.01542E-02 -2.72484E-02 -2.42621E-02
  -2.11978E-02 -1.80587E-02 -1.48481E-02 -1.15695E-02 -8.22674E-03 -4.82492E-03
  -1.36965E-03  2.13355E-03  5.67840E-03  9.25488E-03  1.28513E-02  1.64560E-02
   2.00571E-02  2.36409E-02  2.71922E-02  3.06960E-02  3.41365E-02  3.74838E-02
   4.06889E-02  4.37018E-02  4.64722E-02  4.89690E-02  5.12065E-02  5.32062E-02
   5.49895E-02  5.65772E-02  5.79865E-02  5.92339E-02  6.03355E-02  6.13039E-02
   6.21130E-02  6.27137E-02  6.30566E-02  6.30940E-02  6.28174E-02  6.22620E-02
   6.14647E-02  6.04627E-02  5.92931E-02  5.79930E-02  5.65995E-02  5.51496E-02
   1.42441E-01  1.42903E-01  1.43405E-01  1.43949E-01  1.44537E-01  1.45170E-01
   1.45849E-01  1.46575E-01  1.47350E-01  1.48173E-01  1.49045E-01  1.49966E-01
   1.50935E-01  1.51947E-01  1.52998E-01  1.54085E-01  1.55206E-01  1.56365E-01
   1.57566E-01  1.58813E-01  1.60108E-01  1.61448E-01  1.62832E-01  1.64256E-01
   1.65716E-01  1.67214E-01  1.68750E-01  1.70326E-01  1.71943E-01  1.73602E-01
   1.75301E-01  1.77038E-01  1.78812E-01  1.80625E-01  1.82481E-01  1.84387E-01
   1.86348E-01  1.88367E-01  1.90444E-01  1.92579E-01  1.94771E-01  1.97017E-01
   1.99301E-01  2.01602E-01  2.03900E-01  2.06172E-01  2.08382E-01  2.10482E-01
   2.12426E-01  2.14167E-01  2.15652E-01  2.16823E-01  2.17621E-01  2.17988E-01
   2.17876E-01  2.17258E-01  2.16111E-01  2.14414E-01  2.12155E-01  2.09378E-01
   2.06143E-01  2.02506E-01  1.98527E-01  1.94256E-01  1.89742E-01  1.85033E-01
   1.80177E-01  1.75217E-01  1.70191E-01  1.65136E-01  1.60089E-01  1.55077E-01
   1.50103E-01  1.45168E-01  1.40274E-01  1.35424E-01  1.30619E-01  1.25862E-01
   1.21157E-01  1.16506E-01  1.11910E-01  1.07369E-01  1.02885E-01  9.84561E-02
   9.40848E-02  8.97716E-02  8.55175E-02  8.13233E-02  7.71901E-02  7.31189E-02
   6.91111E-02  6.51678E-02  6.12897E-02  5.74772E-02  5.37306E-02  5.00501E-02
   4.64359E-02  4.28893E-02  3.94115E-02  3.60042E-02  3.26687E-02  2.94071E-02
   2.62217E-02  2.31151E-02  2.00898E-02  1.71470E-02  1.42865E-02  1.15083E-02
   8.81217E-03  6.19757E-03  3.66316E-03  1.20750E-03 -1.17092E-03 -3.47369E-03
  -5.70328E-03 -7.86235E-03 -9.95362E-03 -1.19797E-02 -1.39417E-02 -1.58405E-02
  -1.76766E-02 -1.94505E-02 -2.11636E-02 -2.28182E-02 -2.44167E-02 -2.59613E-02
  -2.74541E-02 -2.88975E-02 -3.02936E-02 -3.16445E-02 -3.29525E-02 -3.42195E-02
  -3.54479E-02 -3.66396E-02 -3.77968E-02 -3.89215E-02 -4.00154E-02 -4.10805E-02
  -4.21185E-02 -4.31312E-02 -4.41199E-02 -4.50860E-02 -4.60310E-02 -4.69561E-02
  -4.78623E-02 -4.87505E-02 -4.96217E-02 -5.04767E-02 -5.13160E-02 -5.21401E-02
  -5.29496E-02 -5.37447E-02 -5.45255E-02 -5.52918E-02 -5.60436E-02 -5.67805E-02
  -5.75020E-02 -5.82071E-02 -5.88950E-02 -5.95647E-02 -6.02150E-02 -6.08448E-02
  -6.14524E-02 -6.20367E-02 -6.25959E-02 -6.31282E-02 -6.36315E-02 -6.41036E-02
  -6.45426E-02 -6.49461E-02 -6.53119E-02 -6.56378E-02 -6.59213E-02 -6.61602E-02
  -6.63520E-02 -6.64945E-02 -6.65851E-02 -6.66213E-02 -6.66004E-02 -6.65197E-02
  -6.63765E-02 -6.61682E-02 -6.58927E-02 -6.55478E-02 -6.51315E-02 -6.46416E-02
  -6.40759E-02 -6.34317E-02 -6.27069E-02 -6.18991E-02 -6.10065E-02 -6.00277E-02
  -5.89612E-02 -5.78058E-02 -5.65602E-02 -5.52236E-02 -5.37953E-02 -5.22745E-02
  -5.06605E-02 -4.89529E-02 -4.71514E-02 -4.52556E-02 -4.32651E-02 -4.11797E-02
  -3.89991E-02 -3.67230E-02 -3.43512E-02 -3.18837E-02 -2.93208E-02 -2.66628E-02
  -2.39100E-02 -2.10628E-02 -1.81222E-02 -1.50890E-02 -1.19640E-02 -8.74865E-03
  -5.44494E-03 -2.05518E-03  1.41840E-03  4.97307E-03  8.60504E-03  1.23101E-02
   1.60840E-02  1.99216E-02  2.38126E-02  2.77442E-02  3.17040E-02  3.56790E-02
   3.96548E-02  4.36156E-02  4.75454E-02  5.14276E-02  5.52183E-02  5.88378E-02
   6.22041E-02  6.52352E-02  6.78824E-02  7.01783E-02  7.21673E-02  7.38940E-02
   7.54013E-02  7.67231E-02  7.78905E-02  7.89347E-02  7.98803E-02  8.06816E-02
   8.12517E-02  8.15032E-02  8.13512E-02  8.07779E-02  7.98389E-02  7.85932E-02
   7.70998E-02  7.54182E-02  7.36073E-02  7.17263E-02  6.98343E-02  1.42665E-01
   1.43123E-01  1.43618E-01  1.44150E-01  1.44720E-01  1.45330E-01  1.45980E-01
   1.46672E-01  1.47406E-01  1.48182E-01  1.49003E-01  1.49868E-01  1.50775E-01
   1.51721E-01  1.52700E-01  1.53708E-01  1.54744E-01  1.55812E-01  1.56915E-01
   1.58059E-01  1.59246E-01  1.60474E-01  1.61741E-01  1.63045E-01  1.64383E-01
   1.65754E-01  1.67158E-01  1.68592E-01  1.70058E-01  1.71553E-01  1.73076E-01
   1.74626E-01  1.76201E-01  1.77802E-01  1.79429E-01  1.81085E-01  1.82772E-01
   1.84488E-01  1.86230E-01  1.87992E-01  1.89769E-01  1.91554E-01  1.93332E-01
   1.95086E-01  1.96796E-01  1.98446E-01  2.00007E-01  2.01444E-01  2.02724E-01
   2.03811E-01  2.04673E-01  2.05279E-01  2.05595E-01  2.05592E-01  2.05242E-01
   2.04528E-01  2.03435E-01  2.01949E-01  2.00061E-01  1.97795E-01  1.95185E-01
   1.92265E-01  1.89066E-01  1.85619E-01  1.81953E-01  1.78097E-01  1.74080E-01
   1.69932E-01  1.65682E-01  1.61362E-01  1.57002E-01  1.52624E-01  1.48237E-01
   1.43848E-01  1.39463E-01  1.35090E-01  1.30735E-01  1.26401E-01  1.22094E-01
   1.17818E-01  1.13578E-01  1.09375E-01  1.05211E-01  1.01088E-01  9.70095E-02
   9.29759E-02  8.89893E-02  8.50517E-02  8.11647E-02  7.73297E-02  7.35485E-02
   6.98225E-02  6.61529E-02  6.25407E-02  5.89864E-02  5.54910E-02  5.20550E-02
   4.86797E-02  4.53664E-02  4.21165E-02  3.89311E-02  3.58119E-02  3.27605E-02
   2.97786E-02  2.68677E-02  2.40289E-02  2.12622E-02  1.85676E-02  1.59450E-02
   1.33944E-02  1.09149E-02  8.50553E-03  6.16548E-03  3.89374E-03  1.68870E-03
  -4.51332E-04 -2.52816E-03 -4.54347E-03 -6.49837E-03 -8.39372E-03 -1.02303E-02
  -1.20089E-02 -1.37308E-02 -1.53979E-02 -1.70119E-02 -1.85746E-02 -2.00880E-02
  -2.15538E-02 -2.29737E-02 -2.43498E-02 -2.56836E-02 -2.69770E-02 -2.82319E-02
  -2.94498E-02 -3.06327E-02 -3.17821E-02 -3.28996E-02 -3.39867E-02 -3.50450E-02
  -3.60758E-02 -3.70804E-02 -3.80599E-02 -3.90156E-02 -3.99484E-02 -4.08592E-02
  -4.17488E-02 -4.26180E-02 -4.34674E-02 -4.42974E-02 -4.51085E-02 -4.59008E-02
  -4.66748E-02 -4.74303E-02 -4.81672E-02 -4.88852E-02 -4.95842E-02 -5.02635E-02
  -5.09224E-02 -5.15600E-02 -5.21755E-02 -5.27679E-02 -5.33360E-02 -5.38786E-02
  -5.43943E-02 -5.48818E-02 -5.53393E-02 -5.57650E-02 -5.61572E-02 -5.65140E-02
  -5.68335E-02 -5.71136E-02 -5.73522E-02 -5.75474E-02 -5.76969E-02 -5.77987E-02
  -5.78505E-02 -5.78501E-02 -5.77952E-02 -5.76836E-02 -5.75127E-02 -5.72803E-02
  -5.69839E-02 -5.66216E-02 -5.61914E-02 -5.56911E-02 -5.51187E-02 -5.44721E-02
  -5.37492E-02 -5.29478E-02 -5.20658E-02 -5.11015E-02 -5.00532E-02 -4.89195E-02
  -4.76988E-02 -4.63897E-02 -4.49910E-02 -4.35017E-02 -4.19204E-02 -4.02462E-02
  -3.84781E-02 -3.66152E-02 -3.46566E-02 -3.26014E-02 -3.04487E-02 -2.81977E-02
  -2.58474E-02 -2.33969E-02 -2.08457E-02 -1.81931E-02 -1.54384E-02 -1.25810E-02
  -9.62044E-03 -6.55638E-03 -3.38842E-03 -1.16304E-04  3.26000E-03  6.73991E-03
   1.03227E-02  1.40078E-02  1.77939E-02  2.16793E-02  2.56615E-02  2.97383E-02
   3.39064E-02  3.81572E-02  4.24799E-02  4.68637E-02  5.12975E-02  5.57671E-02
   6.02560E-02  6.47478E-02  6.92249E-02  7.36394E-02  7.79026E-02  8.19235E-02
   8.56111E-02  8.89019E-02  9.17999E-02  9.43188E-02  9.64726E-02  9.82768E-02
   9.97540E-02  1.00929E-01  1.01827E-01  1.02468E-01  1.02825E-01  1.02840E-01
   1.02460E-01  1.01629E-01  1.00350E-01  9.86925E-02  9.67248E-02  9.45176E-02
   9.21410E-02  8.96652E-02  8.71604E-02  8.46967E-02  1.42801E-01  1.43252E-01
   1.43736E-01  1.44253E-01  1.44804E-01  1.45389E-01  1.46010E-01  1.46666E-01
   1.47359E-01  1.48089E-01  1.48859E-01  1.49668E-01  1.50516E-01  1.51397E-01
   1.52306E-01  1.53240E-01  1.54197E-01  1.55179E-01  1.56192E-01  1.57240E-01
   1.58325E-01  1.59447E-01  1.60603E-01  1.61793E-01  1.63014E-01  1.64264E-01
   1.65540E-01  1.66838E-01  1.68155E-01  1.69490E-01  1.70842E-01  1.72209E-01
   1.73590E-01  1.74984E-01  1.76390E-01  1.77805E-01  1.79229E-01  1.80657E-01
   1.82084E-01  1.83502E-01  1.84903E-01  1.86279E-01  1.87618E-01  1.88904E-01
   1.90125E-01  1.91266E-01  1.92309E-01  1.93231E-01  1.94012E-01  1.94630E-01
   1.95063E-01  1.95292E-01  1.95296E-01  1.95053E-01  1.94549E-01  1.93775E-01
   1.92726E-01  1.91397E-01  1.89785E-01  1.87899E-01  1.85753E-01  1.83360E-01
   1.80734E-01  1.77893E-01  1.74860E-01  1.71657E-01  1.68306E-01  1.64827E-01
   1.61238E-01  1.57558E-01  1.53804E-01  1.49993E-01  1.46137E-01  1.42246E-01
   1.38332E-01  1.34405E-01  1.30472E-01  1.26539E-01  1.22613E-01  1.18700E-01
   1.14804E-01  1.10928E-01  1.07077E-01  1.03253E-01  9.94607E-02  9.57016E-02
   9.19781E-02  8.82928E-02  8.46477E-02  8.10448E-02  7.74859E-02  7.39727E-02
   7.05071E-02  6.70905E-02  6.37245E-02  6.04105E-02  5.71499E-02  5.39441E-02
   5.07941E-02  4.77012E-02  4.46664E-02  4.16907E-02  3.87748E-02  3.59196E-02
   3.31257E-02  3.03937E-02  2.77238E-02  2.51163E-02  2.25714E-02  2.00893E-02
   1.76697E-02  1.53125E-02  1.30171E-02  1.07834E-02  8.61065E-03  6.49812E-03
   4.44499E-03  2.45050E-03  5.13643E-04 -1.36679E-03 -3.19194E-03 -4.96297E-03
  -6.68113E-03 -8.34788E-03 -9.96461E-03 -1.15327E-02 -1.30537E-02 -1.45289E-02
  -1.59601E-02 -1.73486E-02 -1.86959E-02 -2.00036E-02 -2.12730E-02 -2.25057E-02
  -2.37032E-02 -2.48666E-02 -2.59974E-02 -2.70967E-02 -2.81660E-02 -2.92063E-02
  -3.02186E-02 -3.12039E-02 -3.21633E-02 -3.30976E-02 -3.40074E-02 -3.48934E-02
  -3.57563E-02 -3.65966E-02 -3.74146E-02 -3.82104E-02 -3.89843E-02 -3.97365E-02
  -4.04668E-02 -4.11750E-02 -4.18609E-02 -4.25241E-02 -4.31643E-02 -4.37805E-02
  -4.43722E-02 -4.49386E-02 -4.54788E-02 -4.59917E-02 -4.64760E-02 -4.69308E-02
  -4.73546E-02 -4.77460E-02 -4.81034E-02 -4.84253E-02 -4.87100E-02 -4.89559E-02
  -4.91610E-02 -4.93236E-02 -4.94417E-02 -4.95133E-02 -4.95365E-02 -4.95093E-02
  -4.94295E-02 -4.92952E-02 -4.91042E-02 -4.88545E-02 -4.85439E-02 -4.81704E-02
  -4.77320E-02 -4.72266E-02 -4.66523E-02 -4.60069E-02 -4.52886E-02 -4.44955E-02
  -4.36257E-02 -4.26774E-02 -4.16488E-02 -4.05382E-02 -3.93438E-02 -3.80641E-02
  -3.66973E-02 -3.52420E-02 -3.36966E-02 -3.20596E-02 -3.03295E-02 -2.85048E-02
  -2.65841E-02 -2.45660E-02 -2.24490E-02 -2.02317E-02 -1.79126E-02 -1.54903E-02
  -1.29633E-02 -1.03301E-02 -7.58926E-03 -4.73904E-03 -1.77798E-03  1.29552E-03
   4.48311E-03  7.78648E-03  1.12072E-02  1.47468E-02  1.84069E-02  2.21888E-02
   2.60940E-02  3.01235E-02  3.42778E-02  3.85570E-02  4.29612E-02  4.74900E-02
   5.21403E-02  5.69073E-02  6.17869E-02  6.67738E-02  7.18558E-02  7.70156E-02
   8.22356E-02  8.74981E-02  9.27692E-02  9.79945E-02  1.03118E-01  1.08084E-01
   1.12823E-01  1.17227E-01  1.21185E-01  1.24585E-01  1.27329E-01  1.29378E-01
   1.30713E-01  1.31315E-01  1.31171E-01  1.30338E-01  1.28912E-01  1.26992E-01
   1.24673E-01  1.22036E-01  1.19139E-01  1.16042E-01  1.12803E-01  1.09481E-01
   1.06135E-01  1.02824E-01  9.96049E-02  1.42864E-01  1.43304E-01  1.43773E-01
   1.44272E-01  1.44801E-01  1.45361E-01  1.45951E-01  1.46573E-01  1.47227E-01
   1.47913E-01  1.48634E-01  1.49390E-01  1.50179E-01  1.50997E-01  1.51840E-01
   1.52703E-01  1.53585E-01  1.54488E-01  1.55418E-01  1.56376E-01  1.57366E-01
   1.58387E-01  1.59438E-01  1.60517E-01  1.61624E-01  1.62754E-01  1.63904E-01
   1.65068E-01  1.66243E-01  1.67425E-01  1.68615E-01  1.69811E-01  1.71013E-01
   1.72218E-01  1.73423E-01  1.74625E-01  1.75821E-01  1.77005E-01  1.78170E-01
   1.79308E-01  1.80412E-01  1.81471E-01  1.82477E-01  1.83419E-01  1.84284E-01
   1.85063E-01  1.85742E-01  1.86309E-01  1.86752E-01  1.87055E-01  1.87208E-01
   1.87194E-01  1.87000E-01  1.86612E-01  1.86020E-01  1.85222E-01  1.84217E-01
   1.83006E-01  1.81588E-01  1.79965E-01  1.78140E-01  1.76115E-01  1.73894E-01
   1.71489E-01  1.68917E-01  1.66194E-01  1.63339E-01  1.60365E-01  1.57281E-01
   1.54099E-01  1.50829E-01  1.47482E-01  1.44070E-01  1.40605E-01  1.37100E-01
   1.33566E-01  1.30011E-01  1.26440E-01  1.22862E-01  1.19283E-01  1.15707E-01
   1.12139E-01  1.08583E-01  1.05044E-01  1.01526E-01  9.80307E-02  9.45609E-02
   9.11194E-02  8.77086E-02  8.43304E-02  8.09870E-02  7.76802E-02  7.44120E-02
   7.11848E-02  6.80006E-02  6.48617E-02  6.17701E-02  5.87273E-02  5.57341E-02
   5.27918E-02  4.99011E-02  4.70628E-02  4.42771E-02  4.15445E-02  3.88651E-02
   3.62394E-02  3.36678E-02  3.11508E-02  2.86888E-02  2.62823E-02  2.39313E-02
   2.16360E-02  1.93963E-02  1.72124E-02  1.50841E-02  1.30112E-02  1.09936E-02
   9.03089E-03  7.12235E-03  5.26669E-03  3.46271E-03  1.70920E-03  5.02389E-06
  -1.65096E-03 -3.25981E-03 -4.82264E-03 -6.34053E-03 -7.81478E-03 -9.24658E-03
  -1.06372E-02 -1.19878E-02 -1.32996E-02 -1.45738E-02 -1.58116E-02 -1.70142E-02
  -1.81827E-02 -1.93181E-02 -2.04214E-02 -2.14938E-02 -2.25362E-02 -2.35493E-02
  -2.45340E-02 -2.54911E-02 -2.64213E-02 -2.73251E-02 -2.82031E-02 -2.90558E-02
  -2.98836E-02 -3.06867E-02 -3.14651E-02 -3.22190E-02 -3.29485E-02 -3.36534E-02
  -3.43334E-02 -3.49883E-02 -3.56177E-02 -3.62212E-02 -3.67981E-02 -3.73478E-02
  -3.78696E-02 -3.83627E-02 -3.88260E-02 -3.92585E-02 -3.96590E-02 -4.00265E-02
  -4.03596E-02 -4.06570E-02 -4.09172E-02 -4.11388E-02 -4.13203E-02 -4.14600E-02
  -4.15562E-02 -4.16071E-02 -4.16110E-02 -4.15660E-02 -4.14701E-02 -4.13217E-02
  -4.11187E-02 -4.08592E-02 -4.05415E-02 -4.01636E-02 -3.97235E-02 -3.92194E-02
  -3.86492E-02 -3.80110E-02 -3.73028E-02 -3.65228E-02 -3.56692E-02 -3.47404E-02
  -3.37345E-02 -3.26498E-02 -3.14844E-02 -3.02366E-02 -2.89044E-02 -2.74862E-02
  -2.59799E-02 -2.43840E-02 -2.26966E-02 -2.09157E-02 -1.90396E-02 -1.70664E-02
  -1.49940E-02 -1.28208E-02 -1.05445E-02 -8.16328E-03 -5.67501E-03 -3.07765E-03
  -3.68852E-04  2.45385E-03  5.39303E-03  8.45117E-03  1.16310E-02  1.49356E-02
   1.83680E-02  2.19311E-02  2.56284E-02  2.94640E-02  3.34419E-02  3.75662E-02
   4.18408E-02  4.62688E-02  5.08534E-02  5.55974E-02  6.05044E-02  6.55808E-02
   7.08339E-02  7.62713E-02  8.18990E-02  8.77083E-02  9.36804E-02  9.97959E-02
   1.06036E-01  1.12406E-01  1.18942E-01  1.25680E-01  1.32659E-01  1.39812E-01
   1.46822E-01  1.53330E-01  1.58981E-01  1.63451E-01  1.66581E-01  1.68261E-01
   1.68382E-01  1.66864E-01  1.63928E-01  1.59976E-01  1.55413E-01  1.50634E-01
   1.45860E-01  1.41118E-01  1.36427E-01  1.31803E-01  1.27264E-01  1.22829E-01
   1.18514E-01  1.14338E-01  1.42866E-01  1.43292E-01  1.43744E-01  1.44222E-01
   1.44728E-01  1.45260E-01  1.45821E-01  1.46409E-01  1.47025E-01  1.47671E-01
   1.48345E-01  1.49050E-01  1.49782E-01  1.50540E-01  1.51318E-01  1.52114E-01
   1.52926E-01  1.53756E-01  1.54608E-01  1.55484E-01  1.56385E-01  1.57311E-01
   1.58261E-01  1.59235E-01  1.60230E-01  1.61244E-01  1.62270E-01  1.63305E-01
   1.64344E-01  1.65384E-01  1.66424E-01  1.67463E-01  1.68502E-01  1.69537E-01
   1.70565E-01  1.71582E-01  1.72583E-01  1.73564E-01  1.74518E-01  1.75437E-01
   1.76313E-01  1.77140E-01  1.77908E-01  1.78608E-01  1.79232E-01  1.79770E-01
   1.80214E-01  1.80555E-01  1.80785E-01  1.80894E-01  1.80874E-01  1.80716E-01
   1.80408E-01  1.79943E-01  1.79312E-01  1.78516E-01  1.77556E-01  1.76432E-01
   1.75146E-01  1.73697E-01  1.72084E-01  1.70305E-01  1.68363E-01  1.66263E-01
   1.64019E-01  1.61642E-01  1.59146E-01  1.56539E-01  1.53829E-01  1.51022E-01
   1.48127E-01  1.45150E-01  1.42103E-01  1.38997E-01  1.35842E-01  1.32650E-01
   1.29427E-01  1.26180E-01  1.22916E-01  1.19641E-01  1.16360E-01  1.13077E-01
   1.09798E-01  1.06527E-01  1.03268E-01  1.00022E-01  9.67939E-02  9.35852E-02
   9.03986E-02  8.72362E-02  8.41002E-02  8.09926E-02  7.79155E-02  7.48716E-02
   7.18634E-02  6.88937E-02  6.59648E-02  6.30781E-02  6.02348E-02  5.74358E-02
   5.46822E-02  5.19745E-02  4.93131E-02  4.66983E-02  4.41304E-02  4.16098E-02
   3.91372E-02  3.67131E-02  3.43382E-02  3.20130E-02  2.97378E-02  2.75127E-02
   2.53380E-02  2.32139E-02  2.11405E-02  1.91177E-02  1.71456E-02  1.52240E-02
   1.33525E-02  1.15299E-02  9.75523E-03  8.02759E-03  6.34602E-03  4.70965E-03
   3.11763E-03  1.56913E-03  6.32842E-05 -1.40093E-03 -2.82447E-03 -4.20830E-03
  -5.55338E-03 -6.86071E-03 -8.13124E-03 -9.36588E-03 -1.05656E-02 -1.17314E-02
  -1.28639E-02 -1.39641E-02 -1.50329E-02 -1.60709E-02 -1.70788E-02 -1.80573E-02
  -1.90069E-02 -1.99283E-02 -2.08219E-02 -2.16880E-02 -2.25272E-02 -2.33396E-02
  -2.41254E-02 -2.48846E-02 -2.56172E-02 -2.63233E-02 -2.70027E-02 -2.76549E-02
  -2.82799E-02 -2.88773E-02 -2.94465E-02 -2.99870E-02 -3.04982E-02 -3.09795E-02
  -3.14301E-02 -3.18489E-02 -3.22351E-02 -3.25876E-02 -3.29054E-02 -3.31873E-02
  -3.34320E-02 -3.36383E-02 -3.38049E-02 -3.39303E-02 -3.40131E-02 -3.40516E-02
  -3.40443E-02 -3.39896E-02 -3.38857E-02 -3.37309E-02 -3.35235E-02 -3.32618E-02
  -3.29439E-02 -3.25682E-02 -3.21330E-02 -3.16363E-02 -3.10763E-02 -3.04512E-02
  -2.97589E-02 -2.89977E-02 -2.81657E-02 -2.72613E-02 -2.62827E-02 -2.52282E-02
  -2.40960E-02 -2.28840E-02 -2.15905E-02 -2.02134E-02 -1.87509E-02 -1.72009E-02
  -1.55614E-02 -1.38305E-02 -1.20060E-02 -1.00857E-02 -8.06732E-03 -5.94863E-03
  -3.72731E-03 -1.40084E-03  1.03333E-03  3.57784E-03  6.23530E-03  9.00888E-03
   1.19019E-02  1.49180E-02  1.80604E-02  2.13331E-02  2.47404E-02  2.82866E-02
   3.19761E-02  3.58142E-02  3.98078E-02  4.39639E-02  4.82895E-02  5.27913E-02
   5.74754E-02  6.23477E-02  6.74140E-02  7.26819E-02  7.81703E-02  8.39019E-02
   8.98998E-02  9.61843E-02  1.02751E-01  1.09576E-01  1.16635E-01  1.23909E-01
   1.31455E-01  1.39441E-01  1.48039E-01  1.57420E-01  1.67534E-01  1.77784E-01
   1.87489E-01  1.95972E-01  2.02614E-01  2.07103E-01  2.09218E-01  2.08737E-01
   2.05499E-01  1.99941E-01  1.92856E-01  1.85039E-01  1.77273E-01  1.69956E-01
   1.63067E-01  1.56562E-01  1.50399E-01  1.44536E-01  1.38931E-01  1.33540E-01
   1.28322E-01  1.42819E-01  1.43228E-01  1.43661E-01  1.44117E-01  1.44598E-01
   1.45104E-01  1.45634E-01  1.46190E-01  1.46770E-01  1.47376E-01  1.48007E-01
   1.48663E-01  1.49342E-01  1.50042E-01  1.50759E-01  1.51492E-01  1.52238E-01
   1.53000E-01  1.53779E-01  1.54577E-01  1.55395E-01  1.56233E-01  1.57089E-01
   1.57963E-01  1.58853E-01  1.59755E-01  1.60665E-01  1.61578E-01  1.62489E-01
   1.63396E-01  1.64298E-01  1.65195E-01  1.66087E-01  1.66970E-01  1.67842E-01
   1.68698E-01  1.69534E-01  1.70346E-01  1.71128E-01  1.71873E-01  1.72575E-01
   1.73227E-01  1.73823E-01  1.74356E-01  1.74816E-01  1.75198E-01  1.75494E-01
   1.75696E-01  1.75799E-01  1.75795E-01  1.75677E-01  1.75439E-01  1.75074E-01
   1.74576E-01  1.73938E-01  1.73161E-01  1.72244E-01  1.71188E-01  1.69992E-01
   1.68657E-01  1.67183E-01  1.65569E-01  1.63817E-01  1.61933E-01  1.59923E-01
   1.57797E-01  1.55563E-01  1.53228E-01  1.50798E-01  1.48278E-01  1.45677E-01
   1.42999E-01  1.40254E-01  1.37451E-01  1.34598E-01  1.31703E-01  1.28773E-01
   1.25814E-01  1.22833E-01  1.19834E-01  1.16822E-01  1.13803E-01  1.10781E-01
   1.07758E-01  1.04741E-01  1.01729E-01  9.87280E-02  9.57389E-02  9.27648E-02
   8.98078E-02  8.68702E-02  8.39543E-02  8.10624E-02  7.81968E-02  7.53600E-02
   7.25546E-02  6.97829E-02  6.70464E-02  6.43465E-02  6.16845E-02  5.90617E-02
   5.64789E-02  5.39367E-02  5.14358E-02  4.89766E-02  4.65600E-02  4.41864E-02
   4.18566E-02  3.95712E-02  3.73310E-02  3.51360E-02  3.29866E-02  3.08830E-02
   2.88254E-02  2.68138E-02  2.48484E-02  2.29290E-02  2.10556E-02  1.92278E-02
   1.74450E-02  1.57065E-02  1.40116E-02  1.23598E-02  1.07504E-02  9.18273E-03
   7.65612E-03  6.16992E-03  4.72335E-03  3.31568E-03  1.94615E-03  6.14042E-04
  -6.81454E-04 -1.94106E-03 -3.16551E-03 -4.35560E-03 -5.51199E-03 -6.63536E-03
  -7.72636E-03 -8.78569E-03 -9.81392E-03 -1.08115E-02 -1.17790E-02 -1.27169E-02
  -1.36255E-02 -1.45052E-02 -1.53564E-02 -1.61792E-02 -1.69739E-02 -1.77405E-02
  -1.84791E-02 -1.91895E-02 -1.98718E-02 -2.05257E-02 -2.11508E-02 -2.17471E-02
  -2.23140E-02 -2.28512E-02 -2.33581E-02 -2.38340E-02 -2.42784E-02 -2.46905E-02
  -2.50695E-02 -2.54144E-02 -2.57243E-02 -2.59982E-02 -2.62351E-02 -2.64337E-02
  -2.65930E-02 -2.67117E-02 -2.67886E-02 -2.68221E-02 -2.68109E-02 -2.67535E-02
  -2.66485E-02 -2.64943E-02 -2.62892E-02 -2.60317E-02 -2.57203E-02 -2.53531E-02
  -2.49287E-02 -2.44452E-02 -2.39010E-02 -2.32944E-02 -2.26234E-02 -2.18864E-02
  -2.10815E-02 -2.02069E-02 -1.92609E-02 -1.82417E-02 -1.71475E-02 -1.59765E-02
  -1.47266E-02 -1.33960E-02 -1.19826E-02 -1.04843E-02 -8.89906E-03 -7.22479E-03
  -5.45924E-03 -3.60020E-03 -1.64516E-03  4.08376E-04  2.56299E-03  4.82127E-03
   7.18619E-03  9.66075E-03  1.22481E-02  1.49513E-02  1.77744E-02  2.07213E-02
   2.37964E-02  2.70040E-02  3.03489E-02  3.38365E-02  3.74722E-02  4.12616E-02
   4.52116E-02  4.93320E-02  5.36324E-02  5.81227E-02  6.28121E-02  6.77092E-02
   7.28218E-02  7.81582E-02  8.37296E-02  8.95679E-02  9.57120E-02  1.02201E-01
   1.09071E-01  1.16318E-01  1.23911E-01  1.31816E-01  1.40005E-01  1.48598E-01
   1.57907E-01  1.68257E-01  1.79972E-01  1.93024E-01  2.06520E-01  2.19439E-01
   2.30760E-01  2.39558E-01  2.45372E-01  2.47882E-01  2.46769E-01  2.41801E-01
   2.33635E-01  2.23450E-01  2.12436E-01  2.01756E-01  1.91984E-01  1.83044E-01
   1.74830E-01  1.67234E-01  1.60149E-01  1.53469E-01  1.47085E-01  1.40891E-01
   1.42736E-01  1.43126E-01  1.43539E-01  1.43973E-01  1.44429E-01  1.44907E-01
   1.45408E-01  1.45931E-01  1.46477E-01  1.47044E-01  1.47633E-01  1.48244E-01
   1.48873E-01  1.49520E-01  1.50182E-01  1.50855E-01  1.51540E-01  1.52236E-01
   1.52946E-01  1.53671E-01  1.54412E-01  1.55168E-01  1.55937E-01  1.56719E-01
   1.57511E-01  1.58310E-01  1.59112E-01  1.59912E-01  1.60706E-01  1.61492E-01
   1.62270E-01  1.63039E-01  1.63799E-01  1.64547E-01  1.65282E-01  1.65998E-01
   1.66692E-01  1.67361E-01  1.67998E-01  1.68600E-01  1.69161E-01  1.69676E-01
   1.70139E-01  1.70545E-01  1.70886E-01  1.71156E-01  1.71350E-01  1.71460E-01
   1.71481E-01  1.71406E-01  1.71230E-01  1.70947E-01  1.70553E-01  1.70042E-01
   1.69412E-01  1.68660E-01  1.67785E-01  1.66784E-01  1.65658E-01  1.64408E-01
   1.63036E-01  1.61545E-01  1.59937E-01  1.58216E-01  1.56388E-01  1.54457E-01
   1.52429E-01  1.50310E-01  1.48104E-01  1.45818E-01  1.43459E-01  1.41031E-01
   1.38542E-01  1.35998E-01  1.33406E-01  1.30771E-01  1.28100E-01  1.25398E-01
   1.22670E-01  1.19921E-01  1.17155E-01  1.14377E-01  1.11589E-01  1.08796E-01
   1.06000E-01  1.03205E-01  1.00414E-01  9.76292E-02  9.48538E-02  9.20904E-02
   8.93415E-02  8.66098E-02  8.38974E-02  8.12061E-02  7.85373E-02  7.58926E-02
   7.32735E-02  7.06819E-02  6.81197E-02  6.55890E-02  6.30916E-02  6.06289E-02
   5.82020E-02  5.58117E-02  5.34591E-02  5.11449E-02  4.88698E-02  4.66345E-02
   4.44395E-02  4.22855E-02  4.01727E-02  3.81014E-02  3.60717E-02  3.40840E-02
   3.21381E-02  3.02341E-02  2.83718E-02  2.65512E-02  2.47722E-02  2.30343E-02
   2.13372E-02  1.96807E-02  1.80645E-02  1.64879E-02  1.49505E-02  1.34519E-02
   1.19915E-02  1.05688E-02  9.18328E-03  7.83428E-03  6.52129E-03  5.24369E-03
   4.00093E-03  2.79247E-03  1.61768E-03  4.76078E-04 -6.32862E-04 -1.70963E-03
  -2.75476E-03 -3.76867E-03 -4.75174E-03 -5.70432E-03 -6.62680E-03 -7.51947E-03
  -8.38253E-03 -9.21614E-03 -1.00205E-02 -1.07958E-02 -1.15419E-02 -1.22588E-02
  -1.29464E-02 -1.36048E-02 -1.42335E-02 -1.48324E-02 -1.54010E-02 -1.59392E-02
  -1.64464E-02 -1.69220E-02 -1.73654E-02 -1.77761E-02 -1.81535E-02 -1.84965E-02
  -1.88045E-02 -1.90766E-02 -1.93118E-02 -1.95092E-02 -1.96675E-02 -1.97859E-02
  -1.98631E-02 -1.98978E-02 -1.98889E-02 -1.98350E-02 -1.97349E-02 -1.95870E-02
  -1.93901E-02 -1.91426E-02 -1.88430E-02 -1.84899E-02 -1.80817E-02 -1.76167E-02
  -1.70934E-02 -1.65102E-02 -1.58654E-02 -1.51572E-02 -1.43841E-02 -1.35442E-02
  -1.26358E-02 -1.16570E-02 -1.06062E-02 -9.48130E-03 -8.28055E-03 -7.00195E-03
  -5.64352E-03 -4.20327E-03 -2.67908E-03 -1.06871E-03  6.29988E-04  2.41934E-03
   4.30169E-03  6.27972E-03  8.35608E-03  1.05335E-02  1.28149E-02  1.52034E-02
   1.77025E-02  2.03157E-02  2.30463E-02  2.58989E-02  2.88781E-02  3.19890E-02
   3.52363E-02  3.86255E-02  4.21629E-02  4.58546E-02  4.97069E-02  5.37282E-02
   5.79303E-02  6.23251E-02  6.69247E-02  7.17403E-02  7.67816E-02  8.20576E-02
   8.75774E-02  9.33548E-02  9.94328E-02  1.05865E-01  1.12705E-01  1.20001E-01
   1.27747E-01  1.35895E-01  1.44399E-01  1.53214E-01  1.62516E-01  1.72754E-01
   1.84400E-01  1.97921E-01  2.13317E-01  2.29437E-01  2.44955E-01  2.58549E-01
   2.69024E-01  2.75815E-01  2.78554E-01  2.76869E-01  2.70495E-01  2.60266E-01
   2.47661E-01  2.34168E-01  2.21247E-01  2.09601E-01  1.99110E-01  1.89614E-01
   1.80949E-01  1.72955E-01  1.65471E-01  1.58334E-01  1.51382E-01  1.42626E-01
   1.42998E-01  1.43390E-01  1.43802E-01  1.44233E-01  1.44684E-01  1.45156E-01
   1.45647E-01  1.46158E-01  1.46689E-01  1.47238E-01  1.47807E-01  1.48392E-01
   1.48991E-01  1.49601E-01  1.50219E-01  1.50845E-01  1.51480E-01  1.52124E-01
   1.52780E-01  1.53449E-01  1.54130E-01  1.54820E-01  1.55518E-01  1.56221E-01
   1.56927E-01  1.57632E-01  1.58331E-01  1.59020E-01  1.59698E-01  1.60364E-01
   1.61019E-01  1.61663E-01  1.62292E-01  1.62906E-01  1.63500E-01  1.64070E-01
   1.64614E-01  1.65127E-01  1.65605E-01  1.66043E-01  1.66438E-01  1.66784E-01
   1.67077E-01  1.67313E-01  1.67486E-01  1.67591E-01  1.67621E-01  1.67572E-01
   1.67437E-01  1.67211E-01  1.66891E-01  1.66473E-01  1.65954E-01  1.65331E-01
   1.64602E-01  1.63764E-01  1.62816E-01  1.61756E-01  1.60586E-01  1.59310E-01
   1.57931E-01  1.56453E-01  1.54878E-01  1.53210E-01  1.51452E-01  1.49607E-01
   1.47681E-01  1.45677E-01  1.43599E-01  1.41454E-01  1.39246E-01  1.36980E-01
   1.34662E-01  1.32298E-01  1.29893E-01  1.27451E-01  1.24978E-01  1.22478E-01
   1.19954E-01  1.17411E-01  1.14851E-01  1.12277E-01  1.09691E-01  1.07097E-01
   1.04499E-01  1.01899E-01  9.93021E-02  9.67106E-02  9.41278E-02  9.15570E-02
   8.90013E-02  8.64630E-02  8.39421E-02  8.14383E-02  7.89511E-02  7.64806E-02
   7.40290E-02  7.15994E-02  6.91948E-02  6.68184E-02  6.44721E-02  6.21572E-02
   5.98751E-02  5.76270E-02  5.54138E-02  5.32362E-02  5.10945E-02  4.89894E-02
   4.69212E-02  4.48903E-02  4.28970E-02  4.09415E-02  3.90241E-02  3.71449E-02
   3.53037E-02  3.35006E-02  3.17356E-02  3.00085E-02  2.83192E-02  2.66677E-02
   2.50538E-02  2.34774E-02  2.19381E-02  2.04357E-02  1.89699E-02  1.75403E-02
   1.61464E-02  1.47880E-02  1.34645E-02  1.21755E-02  1.09207E-02  9.69951E-03
   8.51168E-03  7.35673E-03  6.23428E-03  5.14399E-03  4.08551E-03  3.05843E-03
   2.06247E-03  1.09734E-03  1.62793E-04 -7.41482E-04 -1.61567E-03 -2.45985E-03
  -3.27408E-03 -4.05847E-03 -4.81301E-03 -5.53766E-03 -6.23234E-03 -6.89700E-03
  -7.53153E-03 -8.13565E-03 -8.70903E-03 -9.25134E-03 -9.76224E-03 -1.02412E-02
  -1.06878E-02 -1.11013E-02 -1.14812E-02 -1.18269E-02 -1.21376E-02 -1.24125E-02
  -1.26509E-02 -1.28518E-02 -1.30144E-02 -1.31376E-02 -1.32203E-02 -1.32614E-02
  -1.32599E-02 -1.32146E-02 -1.31243E-02 -1.29878E-02 -1.28039E-02 -1.25711E-02
  -1.22882E-02 -1.19537E-02 -1.15662E-02 -1.11242E-02 -1.06262E-02 -1.00707E-02
  -9.45618E-03 -8.78105E-03 -8.04370E-03 -7.24255E-03 -6.37592E-03 -5.44204E-03
  -4.43909E-03 -3.36527E-03 -2.21870E-03 -9.97501E-04  3.00273E-04  1.67654E-03
   3.13327E-03  4.67259E-03  6.29681E-03  8.00813E-03  9.80896E-03  1.17017E-02
   1.36891E-02  1.57739E-02  1.79590E-02  2.02473E-02  2.26421E-02  2.51471E-02
   2.77660E-02  3.05023E-02  3.33609E-02  3.63469E-02  3.94654E-02  4.27217E-02
   4.61217E-02  4.96718E-02  5.33785E-02  5.72484E-02  6.12906E-02  6.55182E-02
   6.99446E-02  7.45830E-02  7.94459E-02  8.45423E-02  8.98808E-02  9.54700E-02
   1.01324E-01  1.07494E-01  1.14043E-01  1.21036E-01  1.28529E-01  1.36507E-01
   1.44900E-01  1.53640E-01  1.62662E-01  1.72177E-01  1.82746E-01  1.94955E-01
   2.09389E-01  2.26075E-01  2.43680E-01  2.60669E-01  2.75503E-01  2.86807E-01
   2.93991E-01  2.96700E-01  2.94583E-01  2.87400E-01  2.76081E-01  2.62246E-01
   2.47521E-01  2.33502E-01  2.20953E-01  2.09726E-01  1.99626E-01  1.90460E-01
   1.82034E-01  1.74154E-01  1.66628E-01  1.59261E-01  1.42496E-01  1.42850E-01
   1.43221E-01  1.43611E-01  1.44018E-01  1.44443E-01  1.44885E-01  1.45345E-01
   1.45823E-01  1.46318E-01  1.46830E-01  1.47359E-01  1.47904E-01  1.48459E-01
   1.49023E-01  1.49591E-01  1.50161E-01  1.50736E-01  1.51319E-01  1.51911E-01
   1.52514E-01  1.53125E-01  1.53744E-01  1.54367E-01  1.54991E-01  1.55614E-01
   1.56231E-01  1.56840E-01  1.57435E-01  1.58017E-01  1.58585E-01  1.59139E-01
   1.59680E-01  1.60206E-01  1.60714E-01  1.61201E-01  1.61665E-01  1.62101E-01
   1.62505E-01  1.62875E-01  1.63206E-01  1.63495E-01  1.63738E-01  1.63931E-01
   1.64072E-01  1.64157E-01  1.64181E-01  1.64138E-01  1.64024E-01  1.63834E-01
   1.63563E-01  1.63209E-01  1.62769E-01  1.62241E-01  1.61623E-01  1.60913E-01
   1.60110E-01  1.59210E-01  1.58214E-01  1.57123E-01  1.55940E-01  1.54667E-01
   1.53309E-01  1.51866E-01  1.50343E-01  1.48741E-01  1.47063E-01  1.45312E-01
   1.43491E-01  1.41602E-01  1.39649E-01  1.37635E-01  1.35565E-01  1.33445E-01
   1.31281E-01  1.29079E-01  1.26841E-01  1.24572E-01  1.22275E-01  1.19954E-01
   1.17611E-01  1.15249E-01  1.12868E-01  1.10470E-01  1.08060E-01  1.05641E-01
   1.03217E-01  1.00792E-01  9.83705E-02  9.59560E-02  9.35523E-02  9.11633E-02
   8.87911E-02  8.64340E-02  8.40892E-02  8.17542E-02  7.94269E-02  7.71102E-02
   7.48083E-02  7.25256E-02  7.02664E-02  6.80334E-02  6.58280E-02  6.36518E-02
   6.15063E-02  5.93927E-02  5.73111E-02  5.52619E-02  5.32456E-02  5.12624E-02
   4.93127E-02  4.73969E-02  4.55153E-02  4.36683E-02  4.18561E-02  4.00787E-02
   3.83361E-02  3.66284E-02  3.49557E-02  3.33179E-02  3.17151E-02  3.01472E-02
   2.86142E-02  2.71159E-02  2.56523E-02  2.42230E-02  2.28281E-02  2.14671E-02
   2.01398E-02  1.88459E-02  1.75850E-02  1.63569E-02  1.51613E-02  1.39980E-02
   1.28667E-02  1.17670E-02  1.06989E-02  9.66202E-03  8.65617E-03  7.68114E-03
   6.73672E-03  5.82275E-03  4.93899E-03  4.08535E-03  3.26184E-03  2.46851E-03
   1.70534E-03  9.72422E-04  2.69836E-04 -4.02320E-04 -1.04397E-03 -1.65498E-03
  -2.23506E-03 -2.78384E-03 -3.30096E-03 -3.78606E-03 -4.23866E-03 -4.65819E-03
  -5.04414E-03 -5.39593E-03 -5.71297E-03 -5.99454E-03 -6.23992E-03 -6.44841E-03
  -6.61922E-03 -6.75138E-03 -6.84391E-03 -6.89579E-03 -6.90604E-03 -6.87361E-03
  -6.79744E-03 -6.67648E-03 -6.50968E-03 -6.29582E-03 -6.03360E-03 -5.72173E-03
  -5.35890E-03 -4.94377E-03 -4.47493E-03 -3.95097E-03 -3.37049E-03 -2.73202E-03
  -2.03410E-03 -1.27519E-03 -4.53783E-04  4.31704E-04  1.38300E-03  2.40190E-03
   3.49017E-03  4.64965E-03  5.88216E-03  7.18960E-03  8.57381E-03  1.00367E-02
   1.15804E-02  1.32072E-02  1.49194E-02  1.67193E-02  1.86093E-02  2.05924E-02
   2.26710E-02  2.48483E-02  2.71269E-02  2.95104E-02  3.20024E-02  3.46065E-02
   3.73266E-02  4.01673E-02  4.31338E-02  4.62316E-02  4.94657E-02  5.28422E-02
   5.63674E-02  6.00477E-02  6.38894E-02  6.79019E-02  7.20986E-02  7.64932E-02
   8.10996E-02  8.59299E-02  9.09918E-02  9.62923E-02  1.01838E-01  1.07643E-01
   1.13760E-01  1.20258E-01  1.27206E-01  1.34666E-01  1.42608E-01  1.50941E-01
   1.59572E-01  1.68415E-01  1.77698E-01  1.88048E-01  2.00121E-01  2.14572E-01
   2.31454E-01  2.49351E-01  2.66624E-01  2.81638E-01  2.92938E-01  2.99970E-01
   3.02447E-01  3.00089E-01  2.92720E-01  2.81285E-01  2.67390E-01  2.52650E-01
   2.38647E-01  2.26133E-01  2.14952E-01  2.04900E-01  1.95775E-01  1.87375E-01
   1.79499E-01  1.71942E-01  1.64504E-01  1.42351E-01  1.42686E-01  1.43037E-01
   1.43405E-01  1.43789E-01  1.44188E-01  1.44602E-01  1.45032E-01  1.45478E-01
   1.45939E-01  1.46416E-01  1.46909E-01  1.47415E-01  1.47931E-01  1.48451E-01
   1.48972E-01  1.49490E-01  1.50011E-01  1.50535E-01  1.51068E-01  1.51610E-01
   1.52161E-01  1.52715E-01  1.53271E-01  1.53824E-01  1.54372E-01  1.54911E-01
   1.55439E-01  1.55951E-01  1.56448E-01  1.56928E-01  1.57394E-01  1.57845E-01
   1.58281E-01  1.58699E-01  1.59095E-01  1.59467E-01  1.59811E-01  1.60123E-01
   1.60401E-01  1.60642E-01  1.60841E-01  1.60996E-01  1.61105E-01  1.61164E-01
   1.61171E-01  1.61123E-01  1.61014E-01  1.60842E-01  1.60602E-01  1.60291E-01
   1.59907E-01  1.59448E-01  1.58913E-01  1.58299E-01  1.57607E-01  1.56834E-01
   1.55979E-01  1.55042E-01  1.54024E-01  1.52927E-01  1.51752E-01  1.50502E-01
   1.49178E-01  1.47783E-01  1.46319E-01  1.44789E-01  1.43194E-01  1.41536E-01
   1.39814E-01  1.38030E-01  1.36187E-01  1.34289E-01  1.32344E-01  1.30356E-01
   1.28332E-01  1.26275E-01  1.24188E-01  1.22073E-01  1.19933E-01  1.17771E-01
   1.15586E-01  1.13380E-01  1.11155E-01  1.08913E-01  1.06658E-01  1.04396E-01
   1.02131E-01  9.98673E-02  9.76095E-02  9.53617E-02  9.31283E-02  9.09115E-02
   8.87077E-02  8.65125E-02  8.43211E-02  8.21302E-02  7.99426E-02  7.77639E-02
   7.55994E-02  7.34544E-02  7.13321E-02  6.92340E-02  6.71619E-02  6.51174E-02
   6.31016E-02  6.11145E-02  5.91565E-02  5.72277E-02  5.53285E-02  5.34592E-02
   5.16205E-02  4.98126E-02  4.80362E-02  4.62913E-02  4.45784E-02  4.28974E-02
   4.12486E-02  3.96321E-02  3.80479E-02  3.64961E-02  3.49768E-02  3.34900E-02
   3.20356E-02  3.06137E-02  2.92243E-02  2.78672E-02  2.65422E-02  2.52493E-02
   2.39881E-02  2.27586E-02  2.15605E-02  2.03937E-02  1.92581E-02  1.81534E-02
   1.70795E-02  1.60364E-02  1.50239E-02  1.40418E-02  1.30901E-02  1.21686E-02
   1.12772E-02  1.04158E-02  9.58437E-03  8.78300E-03  8.01179E-03  7.27078E-03
   6.56014E-03  5.87997E-03  5.23043E-03  4.61162E-03  4.02373E-03  3.46707E-03
   2.94201E-03  2.44893E-03  1.98821E-03  1.56031E-03  1.16579E-03  8.05149E-04
   4.78924E-04  1.87704E-04 -6.78321E-05 -2.87016E-04 -4.69164E-04 -6.13539E-04
  -7.19237E-04 -7.85332E-04 -8.10891E-04 -7.94981E-04 -7.36632E-04 -6.34863E-04
  -4.88693E-04 -2.97130E-04 -5.90470E-05  2.26780E-04  5.61565E-04  9.46521E-04
   1.38293E-03  1.87208E-03  2.41531E-03  3.01393E-03  3.66931E-03  4.38284E-03
   5.15599E-03  5.99018E-03  6.88694E-03  7.84790E-03  8.87476E-03  9.96920E-03
   1.11330E-02  1.23678E-02  1.36756E-02  1.50581E-02  1.65171E-02  1.80547E-02
   1.96732E-02  2.13747E-02  2.31616E-02  2.50362E-02  2.70012E-02  2.90594E-02
   3.12134E-02  3.34661E-02  3.58208E-02  3.82811E-02  4.08505E-02  4.35325E-02
   4.63319E-02  4.92535E-02  5.23025E-02  5.54840E-02  5.88036E-02  6.22671E-02
   6.58807E-02  6.96501E-02  7.35843E-02  7.76961E-02  8.19986E-02  8.65050E-02
   9.12265E-02  9.61689E-02  1.01337E-01  1.06735E-01  1.12374E-01  1.18307E-01
   1.24602E-01  1.31324E-01  1.38535E-01  1.46195E-01  1.54194E-01  1.62423E-01
   1.70778E-01  1.79482E-01  1.89174E-01  2.00519E-01  2.14184E-01  2.30237E-01
   2.47286E-01  2.63722E-01  2.77933E-01  2.88503E-01  2.94953E-01  2.97090E-01
   2.94723E-01  2.87753E-01  2.77070E-01  2.64138E-01  2.50432E-01  2.37398E-01
   2.25719E-01  2.15249E-01  2.05798E-01  1.97177E-01  1.89198E-01  1.81672E-01
   1.74409E-01  1.67220E-01  1.42194E-01  1.42511E-01  1.42843E-01  1.43189E-01
   1.43550E-01  1.43925E-01  1.44313E-01  1.44714E-01  1.45129E-01  1.45558E-01
   1.46002E-01  1.46461E-01  1.46932E-01  1.47410E-01  1.47889E-01  1.48366E-01
   1.48837E-01  1.49306E-01  1.49778E-01  1.50257E-01  1.50746E-01  1.51241E-01
   1.51739E-01  1.52235E-01  1.52725E-01  1.53206E-01  1.53675E-01  1.54130E-01
   1.54568E-01  1.54988E-01  1.55392E-01  1.55781E-01  1.56155E-01  1.56514E-01
   1.56854E-01  1.57173E-01  1.57468E-01  1.57734E-01  1.57970E-01  1.58173E-01
   1.58339E-01  1.58467E-01  1.58553E-01  1.58594E-01  1.58588E-01  1.58530E-01
   1.58420E-01  1.58255E-01  1.58031E-01  1.57748E-01  1.57402E-01  1.56994E-01
   1.56520E-01  1.55979E-01  1.55371E-01  1.54694E-01  1.53949E-01  1.53134E-01
   1.52250E-01  1.51296E-01  1.50275E-01  1.49185E-01  1.48029E-01  1.46807E-01
   1.45523E-01  1.44178E-01  1.42776E-01  1.41316E-01  1.39798E-01  1.38222E-01
   1.36586E-01  1.34892E-01  1.33146E-01  1.31355E-01  1.29523E-01  1.27658E-01
   1.25760E-01  1.23834E-01  1.21881E-01  1.19904E-01  1.17903E-01  1.15879E-01
   1.13833E-01  1.11765E-01  1.09678E-01  1.07577E-01  1.05466E-01  1.03350E-01
   1.01234E-01  9.91224E-02  9.70190E-02  9.49286E-02  9.28535E-02  9.07892E-02
   8.87302E-02  8.66712E-02  8.46079E-02  8.25434E-02  8.04835E-02  7.84342E-02
   7.64012E-02  7.43876E-02  7.23952E-02  7.04256E-02  6.84804E-02  6.65606E-02
   6.46663E-02  6.27978E-02  6.09553E-02  5.91390E-02  5.73494E-02  5.55873E-02
   5.38530E-02  5.21472E-02  5.04702E-02  4.88223E-02  4.72037E-02  4.56148E-02
   4.40556E-02  4.25264E-02  4.10272E-02  3.95583E-02  3.81198E-02  3.67116E-02
   3.53338E-02  3.39864E-02  3.26695E-02  3.13829E-02  3.01266E-02  2.89006E-02
   2.77049E-02  2.65393E-02  2.54038E-02  2.42983E-02  2.32227E-02  2.21771E-02
   2.11612E-02  2.01751E-02  1.92187E-02  1.82920E-02  1.73950E-02  1.65277E-02
   1.56900E-02  1.48821E-02  1.41040E-02  1.33558E-02  1.26377E-02  1.19497E-02
   1.12920E-02  1.06649E-02  1.00686E-02  9.50336E-03  8.96943E-03  8.46722E-03
   7.99707E-03  7.55935E-03  7.15453E-03  6.78312E-03  6.44562E-03  6.14254E-03
   5.87446E-03  5.64204E-03  5.44596E-03  5.28689E-03  5.16554E-03  5.08270E-03
   5.03920E-03  5.03587E-03  5.07353E-03  5.15312E-03  5.27560E-03  5.44195E-03
   5.65314E-03  5.91020E-03  6.21426E-03  6.56641E-03  6.96775E-03  7.41947E-03
   7.92277E-03  8.47892E-03  9.08913E-03  9.75471E-03  1.04770E-02  1.12574E-02
   1.20972E-02  1.29979E-02  1.39611E-02  1.49882E-02  1.60807E-02  1.72404E-02
   1.84688E-02  1.97677E-02  2.11390E-02  2.25844E-02  2.41058E-02  2.57053E-02
   2.73850E-02  2.91471E-02  3.09937E-02  3.29274E-02  3.49508E-02  3.70665E-02
   3.92772E-02  4.15860E-02  4.39961E-02  4.65109E-02  4.91337E-02  5.18686E-02
   5.47202E-02  5.76932E-02  6.07922E-02  6.40221E-02  6.73883E-02  7.08961E-02
   7.45508E-02  7.83601E-02  8.23353E-02  8.64880E-02  9.08297E-02  9.53698E-02
   1.00112E-01  1.05059E-01  1.10213E-01  1.15583E-01  1.21215E-01  1.27166E-01
   1.33498E-01  1.40262E-01  1.47412E-01  1.54835E-01  1.62418E-01  1.70054E-01
   1.77934E-01  1.86639E-01  1.96773E-01  2.08939E-01  2.23205E-01  2.38326E-01
   2.52860E-01  2.65368E-01  2.74587E-01  2.80141E-01  2.81921E-01  2.79818E-01
   2.73801E-01  2.64630E-01  2.53532E-01  2.41743E-01  2.30470E-01  2.20289E-01
   2.11079E-01  2.02684E-01  1.94950E-01  1.87722E-01  1.80843E-01  1.74160E-01
   1.67516E-01  1.42031E-01  1.42330E-01  1.42643E-01  1.42969E-01  1.43307E-01
   1.43658E-01  1.44022E-01  1.44397E-01  1.44783E-01  1.45183E-01  1.45595E-01
   1.46021E-01  1.46458E-01  1.46900E-01  1.47341E-01  1.47776E-01  1.48203E-01
   1.48627E-01  1.49051E-01  1.49483E-01  1.49925E-01  1.50372E-01  1.50819E-01
   1.51262E-01  1.51695E-01  1.52115E-01  1.52521E-01  1.52911E-01  1.53282E-01
   1.53636E-01  1.53973E-01  1.54294E-01  1.54602E-01  1.54895E-01  1.55171E-01
   1.55426E-01  1.55657E-01  1.55860E-01  1.56034E-01  1.56177E-01  1.56287E-01
   1.56362E-01  1.56398E-01  1.56390E-01  1.56335E-01  1.56227E-01  1.56066E-01
   1.55852E-01  1.55585E-01  1.55266E-01  1.54893E-01  1.54465E-01  1.53981E-01
   1.53438E-01  1.52836E-01  1.52175E-01  1.51454E-01  1.50674E-01  1.49834E-01
   1.48935E-01  1.47976E-01  1.46958E-01  1.45881E-01  1.44745E-01  1.43554E-01
   1.42309E-01  1.41013E-01  1.39665E-01  1.38265E-01  1.36811E-01  1.35303E-01
   1.33740E-01  1.32129E-01  1.30474E-01  1.28782E-01  1.27057E-01  1.25302E-01
   1.23519E-01  1.21711E-01  1.19878E-01  1.18023E-01  1.16144E-01  1.14243E-01
   1.12321E-01  1.10379E-01  1.08422E-01  1.06453E-01  1.04478E-01  1.02501E-01
   1.00525E-01  9.85545E-02  9.65936E-02  9.46445E-02  9.27033E-02  9.07651E-02
   8.88251E-02  8.68796E-02  8.49315E-02  8.29864E-02  8.10496E-02  7.91266E-02
   7.72202E-02  7.53320E-02  7.34634E-02  7.16157E-02  6.97900E-02  6.79865E-02
   6.62057E-02  6.44477E-02  6.27132E-02  6.10025E-02  5.93165E-02  5.76556E-02
   5.60206E-02  5.44117E-02  5.28293E-02  5.12736E-02  4.97450E-02  4.82438E-02
   4.67702E-02  4.53246E-02  4.39072E-02  4.25183E-02  4.11578E-02  3.98256E-02
   3.85219E-02  3.72467E-02  3.60001E-02  3.47821E-02  3.35929E-02  3.24327E-02
   3.13014E-02  3.01990E-02  2.91255E-02  2.80808E-02  2.70650E-02  2.60780E-02
   2.51199E-02  2.41905E-02  2.32901E-02  2.24186E-02  2.15763E-02  2.07634E-02
   1.99798E-02  1.92258E-02  1.85013E-02  1.78064E-02  1.71411E-02  1.65059E-02
   1.59009E-02  1.53267E-02  1.47834E-02  1.42715E-02  1.37912E-02  1.33429E-02
   1.29268E-02  1.25435E-02  1.21934E-02  1.18770E-02  1.15947E-02  1.13473E-02
   1.11353E-02  1.09594E-02  1.08204E-02  1.07190E-02  1.06557E-02  1.06313E-02
   1.06464E-02  1.07018E-02  1.07983E-02  1.09370E-02  1.11189E-02  1.13450E-02
   1.16163E-02  1.19336E-02  1.22980E-02  1.27104E-02  1.31719E-02  1.36836E-02
   1.42467E-02  1.48624E-02  1.55318E-02  1.62564E-02  1.70373E-02  1.78760E-02
   1.87738E-02  1.97319E-02  2.07518E-02  2.18348E-02  2.29822E-02  2.41957E-02
   2.54770E-02  2.68279E-02  2.82502E-02  2.97457E-02  3.13162E-02  3.29634E-02
   3.46893E-02  3.64958E-02  3.83853E-02  4.03603E-02  4.24231E-02  4.45762E-02
   4.68226E-02  4.91649E-02  5.16061E-02  5.41492E-02  5.67977E-02  5.95555E-02
   6.24265E-02  6.54146E-02  6.85240E-02  7.17592E-02  7.51248E-02  7.86252E-02
   8.22666E-02  8.60579E-02  9.00080E-02  9.41257E-02  9.84183E-02  1.02888E-01
   1.07535E-01  1.12361E-01  1.17372E-01  1.22601E-01  1.28093E-01  1.33892E-01
   1.40035E-01  1.46481E-01  1.53130E-01  1.59882E-01  1.66642E-01  1.73551E-01
   1.81054E-01  1.89618E-01  1.99706E-01  2.11365E-01  2.23617E-01  2.35331E-01
   2.45375E-01  2.52765E-01  2.57228E-01  2.58709E-01  2.57153E-01  2.52561E-01
   2.45511E-01  2.36922E-01  2.27718E-01  2.18804E-01  2.10616E-01  2.03075E-01
   1.96077E-01  1.89518E-01  1.83293E-01  1.77300E-01  1.71433E-01  1.65588E-01
   1.41864E-01  1.42146E-01  1.42439E-01  1.42745E-01  1.43063E-01  1.43392E-01
   1.43731E-01  1.44082E-01  1.44443E-01  1.44815E-01  1.45198E-01  1.45594E-01
   1.45998E-01  1.46406E-01  1.46811E-01  1.47209E-01  1.47597E-01  1.47980E-01
   1.48364E-01  1.48753E-01  1.49152E-01  1.49555E-01  1.49956E-01  1.50350E-01
   1.50730E-01  1.51095E-01  1.51443E-01  1.51774E-01  1.52087E-01  1.52381E-01
   1.52660E-01  1.52923E-01  1.53175E-01  1.53413E-01  1.53634E-01  1.53837E-01
   1.54016E-01  1.54169E-01  1.54295E-01  1.54392E-01  1.54460E-01  1.54497E-01
   1.54496E-01  1.54453E-01  1.54361E-01  1.54214E-01  1.54013E-01  1.53759E-01
   1.53457E-01  1.53108E-01  1.52714E-01  1.52273E-01  1.51782E-01  1.51241E-01
   1.50647E-01  1.50001E-01  1.49303E-01  1.48553E-01  1.47751E-01  1.46897E-01
   1.45990E-01  1.45032E-01  1.44020E-01  1.42957E-01  1.41844E-01  1.40683E-01
   1.39475E-01  1.38221E-01  1.36919E-01  1.35569E-01  1.34170E-01  1.32722E-01
   1.31230E-01  1.29697E-01  1.28130E-01  1.26531E-01  1.24903E-01  1.23248E-01
   1.21568E-01  1.19865E-01  1.18139E-01  1.16392E-01  1.14624E-01  1.12835E-01
   1.11028E-01  1.09205E-01  1.07371E-01  1.05528E-01  1.03680E-01  1.01831E-01
   9.99826E-02  9.81395E-02  9.63032E-02  9.44714E-02  9.26409E-02  9.08086E-02
   8.89722E-02  8.71343E-02  8.52993E-02  8.34717E-02  8.16558E-02  7.98539E-02
   7.80673E-02  7.62971E-02  7.45445E-02  7.28105E-02  7.10955E-02  6.94002E-02
   6.77250E-02  6.60706E-02  6.44376E-02  6.28268E-02  6.12386E-02  5.96738E-02
   5.81327E-02  5.66157E-02  5.51230E-02  5.36549E-02  5.22119E-02  5.07943E-02
   4.94027E-02  4.80374E-02  4.66988E-02  4.53867E-02  4.41012E-02  4.28422E-02
   4.16099E-02  4.04043E-02  3.92259E-02  3.80748E-02  3.69514E-02  3.58556E-02
   3.47876E-02  3.37473E-02  3.27347E-02  3.17500E-02  3.07930E-02  2.98639E-02
   2.89626E-02  2.80893E-02  2.72443E-02  2.64278E-02  2.56401E-02  2.48815E-02
   2.41519E-02  2.34512E-02  2.27796E-02  2.21371E-02  2.15241E-02  2.09410E-02
   2.03883E-02  1.98664E-02  1.93756E-02  1.89162E-02  1.84885E-02  1.80927E-02
   1.77293E-02  1.73987E-02  1.71015E-02  1.68380E-02  1.66089E-02  1.64149E-02
   1.62567E-02  1.61349E-02  1.60503E-02  1.60034E-02  1.59947E-02  1.60248E-02
   1.60942E-02  1.62039E-02  1.63549E-02  1.65482E-02  1.67849E-02  1.70659E-02
   1.73919E-02  1.77638E-02  1.81824E-02  1.86485E-02  1.91634E-02  1.97280E-02
   2.03436E-02  2.10112E-02  2.17322E-02  2.25077E-02  2.33389E-02  2.42272E-02
   2.51737E-02  2.61795E-02  2.72457E-02  2.83736E-02  2.95646E-02  3.08205E-02
   3.21429E-02  3.35337E-02  3.49944E-02  3.65265E-02  3.81315E-02  3.98111E-02
   4.15668E-02  4.34009E-02  4.53155E-02  4.73128E-02  4.93951E-02  5.15646E-02
   5.38238E-02  5.61753E-02  5.86214E-02  6.11649E-02  6.38090E-02  6.65566E-02
   6.94108E-02  7.23749E-02  7.54525E-02  7.86471E-02  8.19622E-02  8.54024E-02
   8.89734E-02  9.26810E-02  9.65312E-02  1.00528E-01  1.04673E-01  1.08966E-01
   1.13406E-01  1.17996E-01  1.22757E-01  1.27712E-01  1.32889E-01  1.38308E-01
   1.43934E-01  1.49695E-01  1.55516E-01  1.61325E-01  1.67202E-01  1.73416E-01
   1.80249E-01  1.87982E-01  1.96630E-01  2.05546E-01  2.13986E-01  2.21206E-01
   2.26560E-01  2.29875E-01  2.31121E-01  2.30270E-01  2.27328E-01  2.22667E-01
   2.16873E-01  2.10535E-01  2.04232E-01  1.98250E-01  1.92560E-01  1.87117E-01
   1.81874E-01  1.76786E-01  1.71806E-01  1.66890E-01  1.61991E-01  1.41694E-01
   1.41958E-01  1.42234E-01  1.42521E-01  1.42818E-01  1.43126E-01  1.43444E-01
   1.43771E-01  1.44108E-01  1.44455E-01  1.44812E-01  1.45179E-01  1.45554E-01
   1.45931E-01  1.46304E-01  1.46669E-01  1.47025E-01  1.47374E-01  1.47722E-01
   1.48074E-01  1.48432E-01  1.48792E-01  1.49147E-01  1.49493E-01  1.49823E-01
   1.50136E-01  1.50432E-01  1.50710E-01  1.50971E-01  1.51214E-01  1.51442E-01
   1.51656E-01  1.51859E-01  1.52050E-01  1.52227E-01  1.52386E-01  1.52524E-01
   1.52640E-01  1.52731E-01  1.52796E-01  1.52833E-01  1.52840E-01  1.52810E-01
   1.52737E-01  1.52615E-01  1.52436E-01  1.52202E-01  1.51917E-01  1.51587E-01
   1.51216E-01  1.50807E-01  1.50357E-01  1.49864E-01  1.49326E-01  1.48743E-01
   1.48112E-01  1.47436E-01  1.46713E-01  1.45944E-01  1.45129E-01  1.44267E-01
   1.43359E-01  1.42403E-01  1.41402E-01  1.40356E-01  1.39266E-01  1.38134E-01
   1.36960E-01  1.35742E-01  1.34482E-01  1.33178E-01  1.31831E-01  1.30444E-01
   1.29020E-01  1.27564E-01  1.26077E-01  1.24563E-01  1.23023E-01  1.21458E-01
   1.19871E-01  1.18263E-01  1.16634E-01  1.14986E-01  1.13320E-01  1.11636E-01
   1.09939E-01  1.08229E-01  1.06509E-01  1.04781E-01  1.03049E-01  1.01314E-01
   9.95792E-02  9.78459E-02  9.61137E-02  9.43816E-02  9.26487E-02  9.09144E-02
   8.91808E-02  8.74511E-02  8.57281E-02  8.40150E-02  8.23135E-02  8.06246E-02
   7.89492E-02  7.72884E-02  7.56429E-02  7.40137E-02  7.24014E-02  7.08068E-02
   6.92307E-02  6.76737E-02  6.61365E-02  6.46197E-02  6.31240E-02  6.16497E-02
   6.01972E-02  5.87669E-02  5.73590E-02  5.59742E-02  5.46128E-02  5.32753E-02
   5.19623E-02  5.06740E-02  4.94106E-02  4.81719E-02  4.69581E-02  4.57693E-02
   4.46058E-02  4.34679E-02  4.23560E-02  4.12702E-02  4.02109E-02  3.91779E-02
   3.81716E-02  3.71918E-02  3.62387E-02  3.53124E-02  3.44130E-02  3.35405E-02
   3.26952E-02  3.18773E-02  3.10872E-02  3.03251E-02  2.95914E-02  2.88861E-02
   2.82091E-02  2.75606E-02  2.69407E-02  2.63498E-02  2.57883E-02  2.52567E-02
   2.47554E-02  2.42848E-02  2.38451E-02  2.34366E-02  2.30596E-02  2.27146E-02
   2.24019E-02  2.21220E-02  2.18755E-02  2.16628E-02  2.14846E-02  2.13415E-02
   2.12343E-02  2.11636E-02  2.11299E-02  2.11337E-02  2.11754E-02  2.12556E-02
   2.13752E-02  2.15351E-02  2.17363E-02  2.19798E-02  2.22663E-02  2.25967E-02
   2.29716E-02  2.33917E-02  2.38579E-02  2.43712E-02  2.49327E-02  2.55433E-02
   2.62041E-02  2.69162E-02  2.76808E-02  2.84989E-02  2.93718E-02  3.03004E-02
   3.12857E-02  3.23288E-02  3.34307E-02  3.45928E-02  3.58166E-02  3.71036E-02
   3.84554E-02  3.98734E-02  4.13589E-02  4.29132E-02  4.45375E-02  4.62335E-02
   4.80027E-02  4.98472E-02  5.17687E-02  5.37691E-02  5.58503E-02  5.80143E-02
   6.02629E-02  6.25982E-02  6.50223E-02  6.75373E-02  7.01455E-02  7.28490E-02
   7.56502E-02  7.85515E-02  8.15554E-02  8.46643E-02  8.78810E-02  9.12082E-02
   9.46488E-02  9.82055E-02  1.01880E-01  1.05673E-01  1.09583E-01  1.13608E-01
   1.17750E-01  1.22013E-01  1.26403E-01  1.30930E-01  1.35597E-01  1.40380E-01
   1.45235E-01  1.50118E-01  1.54985E-01  1.59853E-01  1.64816E-01  1.69972E-01
   1.75419E-01  1.81136E-01  1.86807E-01  1.92071E-01  1.96569E-01  1.99986E-01
   2.02236E-01  2.03297E-01  2.03151E-01  2.01795E-01  1.99403E-01  1.96256E-01
   1.92633E-01  1.88810E-01  1.84938E-01  1.81033E-01  1.77103E-01  1.73156E-01
   1.69201E-01  1.65246E-01  1.61299E-01  1.57369E-01  1.41523E-01  1.41771E-01
   1.42029E-01  1.42298E-01  1.42576E-01  1.42864E-01  1.43161E-01  1.43467E-01
   1.43782E-01  1.44106E-01  1.44439E-01  1.44781E-01  1.45128E-01  1.45478E-01
   1.45824E-01  1.46163E-01  1.46493E-01  1.46816E-01  1.47134E-01  1.47452E-01
   1.47769E-01  1.48084E-01  1.48391E-01  1.48687E-01  1.48967E-01  1.49231E-01
   1.49479E-01  1.49710E-01  1.49924E-01  1.50123E-01  1.50308E-01  1.50480E-01
   1.50641E-01  1.50792E-01  1.50930E-01  1.51054E-01  1.51163E-01  1.51253E-01
   1.51322E-01  1.51365E-01  1.51378E-01  1.51359E-01  1.51300E-01  1.51197E-01
   1.51044E-01  1.50837E-01  1.50576E-01  1.50267E-01  1.49918E-01  1.49532E-01
   1.49112E-01  1.48657E-01  1.48165E-01  1.47634E-01  1.47061E-01  1.46448E-01
   1.45793E-01  1.45096E-01  1.44358E-01  1.43578E-01  1.42756E-01  1.41893E-01
   1.40987E-01  1.40041E-01  1.39054E-01  1.38028E-01  1.36963E-01  1.35859E-01
   1.34716E-01  1.33535E-01  1.32315E-01  1.31058E-01  1.29764E-01  1.28438E-01
   1.27081E-01  1.25696E-01  1.24284E-01  1.22847E-01  1.21387E-01  1.19905E-01
   1.18403E-01  1.16881E-01  1.15342E-01  1.13787E-01  1.12217E-01  1.10633E-01
   1.09036E-01  1.07430E-01  1.05813E-01  1.04190E-01  1.02560E-01  1.00926E-01
   9.92891E-02  9.76506E-02  9.60114E-02  9.43725E-02  9.27350E-02  9.11004E-02
   8.94703E-02  8.78466E-02  8.62307E-02  8.46241E-02  8.30275E-02  8.14421E-02
   7.98687E-02  7.83083E-02  7.67616E-02  7.52297E-02  7.37132E-02  7.22130E-02
   7.07298E-02  6.92642E-02  6.78168E-02  6.63882E-02  6.49790E-02  6.35896E-02
   6.22206E-02  6.08723E-02  5.95453E-02  5.82399E-02  5.69565E-02  5.56954E-02
   5.44570E-02  5.32416E-02  5.20494E-02  5.08807E-02  4.97359E-02  4.86150E-02
   4.75184E-02  4.64462E-02  4.53988E-02  4.43761E-02  4.33786E-02  4.24063E-02
   4.14594E-02  4.05382E-02  3.96428E-02  3.87734E-02  3.79302E-02  3.71133E-02
   3.63231E-02  3.55597E-02  3.48233E-02  3.41142E-02  3.34326E-02  3.27787E-02
   3.21528E-02  3.15553E-02  3.09863E-02  3.04461E-02  2.99352E-02  2.94538E-02
   2.90022E-02  2.85809E-02  2.81902E-02  2.78305E-02  2.75022E-02  2.72058E-02
   2.69417E-02  2.67103E-02  2.65123E-02  2.63480E-02  2.62180E-02  2.61229E-02
   2.60632E-02  2.60396E-02  2.60526E-02  2.61029E-02  2.61910E-02  2.63178E-02
   2.64839E-02  2.66900E-02  2.69368E-02  2.72251E-02  2.75556E-02  2.79292E-02
   2.83467E-02  2.88089E-02  2.93166E-02  2.98707E-02  3.04722E-02  3.11218E-02
   3.18206E-02  3.25694E-02  3.33693E-02  3.42213E-02  3.51263E-02  3.60854E-02
   3.70996E-02  3.81700E-02  3.92978E-02  4.04840E-02  4.17297E-02  4.30362E-02
   4.44046E-02  4.58363E-02  4.73323E-02  4.88940E-02  5.05226E-02  5.22196E-02
   5.39862E-02  5.58239E-02  5.77341E-02  5.97181E-02  6.17774E-02  6.39136E-02
   6.61280E-02  6.84221E-02  7.07974E-02  7.32554E-02  7.57976E-02  7.84253E-02
   8.11398E-02  8.39424E-02  8.68342E-02  8.98162E-02  9.28889E-02  9.60529E-02
   9.93084E-02  1.02655E-01  1.06093E-01  1.09618E-01  1.13230E-01  1.16926E-01
   1.20700E-01  1.24546E-01  1.28455E-01  1.32420E-01  1.36426E-01  1.40454E-01
   1.44485E-01  1.48500E-01  1.52467E-01  1.56347E-01  1.60095E-01  1.63669E-01
   1.67021E-01  1.70095E-01  1.72830E-01  1.75168E-01  1.77055E-01  1.78465E-01
   1.79379E-01  1.79781E-01  1.79655E-01  1.79026E-01  1.77942E-01  1.76448E-01
   1.74594E-01  1.72425E-01  1.69988E-01  1.67331E-01  1.64499E-01  1.61540E-01
   1.58501E-01  1.55428E-01  1.52367E-01  1.41353E-01  1.41585E-01  1.41826E-01
   1.42077E-01  1.42337E-01  1.42606E-01  1.42884E-01  1.43170E-01  1.43465E-01
   1.43769E-01  1.44080E-01  1.44399E-01  1.44723E-01  1.45049E-01  1.45374E-01
   1.45693E-01  1.46005E-01  1.46309E-01  1.46604E-01  1.46889E-01  1.47165E-01
   1.47430E-01  1.47684E-01  1.47926E-01  1.48155E-01  1.48371E-01  1.48574E-01
   1.48763E-01  1.48938E-01  1.49099E-01  1.49247E-01  1.49384E-01  1.49509E-01
   1.49624E-01  1.49730E-01  1.49825E-01  1.49912E-01  1.49987E-01  1.50044E-01
   1.50075E-01  1.50070E-01  1.50023E-01  1.49930E-01  1.49790E-01  1.49603E-01
   1.49367E-01  1.49084E-01  1.48760E-01  1.48398E-01  1.48004E-01  1.47580E-01
   1.47123E-01  1.46634E-01  1.46110E-01  1.45551E-01  1.44955E-01  1.44322E-01
   1.43652E-01  1.42944E-01  1.42198E-01  1.41414E-01  1.40592E-01  1.39734E-01
   1.38838E-01  1.37907E-01  1.36939E-01  1.35936E-01  1.34897E-01  1.33824E-01
   1.32715E-01  1.31572E-01  1.30395E-01  1.29185E-01  1.27946E-01  1.26679E-01
   1.25385E-01  1.24066E-01  1.22724E-01  1.21359E-01  1.19973E-01  1.18567E-01
   1.17143E-01  1.15703E-01  1.14248E-01  1.12779E-01  1.11298E-01  1.09804E-01
   1.08300E-01  1.06785E-01  1.05262E-01  1.03730E-01  1.02192E-01  1.00648E-01
   9.91006E-02  9.75519E-02  9.60041E-02  9.44593E-02  9.29185E-02  9.13823E-02
   8.98513E-02  8.83261E-02  8.68078E-02  8.52974E-02  8.37961E-02  8.23053E-02
   8.08257E-02  7.93582E-02  7.79035E-02  7.64624E-02  7.50355E-02  7.36234E-02
   7.22269E-02  7.08464E-02  6.94826E-02  6.81362E-02  6.68080E-02  6.54986E-02
   6.42089E-02  6.29391E-02  6.16893E-02  6.04593E-02  5.92494E-02  5.80599E-02
   5.68915E-02  5.57449E-02  5.46209E-02  5.35199E-02  5.24420E-02  5.13870E-02
   5.03550E-02  4.93459E-02  4.83600E-02  4.73977E-02  4.64593E-02  4.55450E-02
   4.46554E-02  4.37906E-02  4.29512E-02  4.21374E-02  4.13494E-02  4.05871E-02
   3.98505E-02  3.91395E-02  3.84544E-02  3.77956E-02  3.71640E-02  3.65600E-02
   3.59844E-02  3.54370E-02  3.49180E-02  3.44273E-02  3.39649E-02  3.35312E-02
   3.31269E-02  3.27525E-02  3.24084E-02  3.20953E-02  3.18136E-02  3.15638E-02
   3.13461E-02  3.11611E-02  3.10091E-02  3.08903E-02  3.08049E-02  3.07536E-02
   3.07371E-02  3.07563E-02  3.08123E-02  3.09060E-02  3.10376E-02  3.12075E-02
   3.14158E-02  3.16629E-02  3.19495E-02  3.22765E-02  3.26451E-02  3.30562E-02
   3.35106E-02  3.40091E-02  3.45524E-02  3.51410E-02  3.57756E-02  3.64571E-02
   3.71860E-02  3.79632E-02  3.87894E-02  3.96658E-02  4.05936E-02  4.15740E-02
   4.26083E-02  4.36972E-02  4.48412E-02  4.60409E-02  4.72967E-02  4.86098E-02
   4.99814E-02  5.14129E-02  5.29058E-02  5.44613E-02  5.60802E-02  5.77632E-02
   5.95112E-02  6.13250E-02  6.32055E-02  6.51538E-02  6.71708E-02  6.92576E-02
   7.14151E-02  7.36443E-02  7.59464E-02  7.83223E-02  8.07724E-02  8.32967E-02
   8.58951E-02  8.85675E-02  9.13137E-02  9.41327E-02  9.70236E-02  9.99855E-02
   1.03017E-01  1.06116E-01  1.09278E-01  1.12502E-01  1.15783E-01  1.19109E-01
   1.22466E-01  1.25839E-01  1.29215E-01  1.32583E-01  1.35939E-01  1.39278E-01
   1.42592E-01  1.45833E-01  1.48894E-01  1.51665E-01  1.54037E-01  1.55955E-01
   1.57497E-01  1.58761E-01  1.59846E-01  1.60835E-01  1.61735E-01  1.62530E-01
   1.63204E-01  1.63737E-01  1.64077E-01  1.64149E-01  1.63880E-01  1.63197E-01
   1.62092E-01  1.60621E-01  1.58845E-01  1.56825E-01  1.54622E-01  1.52296E-01
   1.49909E-01  1.47520E-01  1.41185E-01  1.41401E-01  1.41626E-01  1.41860E-01
   1.42102E-01  1.42353E-01  1.42612E-01  1.42880E-01  1.43156E-01  1.43440E-01
   1.43731E-01  1.44030E-01  1.44333E-01  1.44640E-01  1.44946E-01  1.45251E-01
   1.45551E-01  1.45840E-01  1.46115E-01  1.46371E-01  1.46605E-01  1.46819E-01
   1.47018E-01  1.47205E-01  1.47384E-01  1.47555E-01  1.47717E-01  1.47869E-01
   1.48010E-01  1.48138E-01  1.48256E-01  1.48362E-01  1.48456E-01  1.48540E-01
   1.48616E-01  1.48688E-01  1.48758E-01  1.48826E-01  1.48878E-01  1.48901E-01
   1.48881E-01  1.48805E-01  1.48676E-01  1.48497E-01  1.48274E-01  1.48011E-01
   1.47711E-01  1.47376E-01  1.47010E-01  1.46614E-01  1.46189E-01  1.45736E-01
   1.45252E-01  1.44738E-01  1.44192E-01  1.43615E-01  1.43005E-01  1.42361E-01
   1.41682E-01  1.40969E-01  1.40221E-01  1.39440E-01  1.38626E-01  1.37778E-01
   1.36897E-01  1.35984E-01  1.35039E-01  1.34062E-01  1.33052E-01  1.32011E-01
   1.30938E-01  1.29834E-01  1.28700E-01  1.27539E-01  1.26352E-01  1.25141E-01
   1.23907E-01  1.22651E-01  1.21373E-01  1.20075E-01  1.18757E-01  1.17422E-01
   1.16071E-01  1.14707E-01  1.13330E-01  1.11940E-01  1.10539E-01  1.09128E-01
   1.07706E-01  1.06275E-01  1.04835E-01  1.03388E-01  1.01934E-01  1.00475E-01
   9.90145E-02  9.75551E-02  9.60987E-02  9.46462E-02  9.31976E-02  9.17528E-02
   9.03120E-02  8.88760E-02  8.74462E-02  8.60242E-02  8.46112E-02  8.32083E-02
   8.18161E-02  8.04352E-02  7.90661E-02  7.77095E-02  7.63658E-02  7.50357E-02
   7.37198E-02  7.24187E-02  7.11332E-02  6.98644E-02  6.86132E-02  6.73806E-02
   6.61665E-02  6.49709E-02  6.37934E-02  6.26338E-02  6.14925E-02  6.03706E-02
   5.92691E-02  5.81893E-02  5.71317E-02  5.60962E-02  5.50825E-02  5.40902E-02
   5.31193E-02  5.21699E-02  5.12427E-02  5.03380E-02  4.94562E-02  4.85980E-02
   4.77638E-02  4.69541E-02  4.61695E-02  4.54099E-02  4.46751E-02  4.39648E-02
   4.32788E-02  4.26172E-02  4.19809E-02  4.13709E-02  4.07883E-02  4.02338E-02
   3.97073E-02  3.92084E-02  3.87369E-02  3.82925E-02  3.78758E-02  3.74874E-02
   3.71281E-02  3.67985E-02  3.64993E-02  3.62309E-02  3.59937E-02  3.57881E-02
   3.56144E-02  3.54727E-02  3.53631E-02  3.52856E-02  3.52406E-02  3.52291E-02
   3.52525E-02  3.53120E-02  3.54086E-02  3.55424E-02  3.57133E-02  3.59211E-02
   3.61657E-02  3.64477E-02  3.67683E-02  3.71289E-02  3.75305E-02  3.79740E-02
   3.84600E-02  3.89889E-02  3.95612E-02  4.01773E-02  4.08378E-02  4.15432E-02
   4.22939E-02  4.30907E-02  4.39347E-02  4.48274E-02  4.57701E-02  4.67641E-02
   4.78099E-02  4.89073E-02  5.00565E-02  5.12573E-02  5.25106E-02  5.38179E-02
   5.51805E-02  5.66001E-02  5.80779E-02  5.96140E-02  6.12088E-02  6.28624E-02
   6.45753E-02  6.63480E-02  6.81809E-02  7.00747E-02  7.20300E-02  7.40475E-02
   7.61276E-02  7.82712E-02  8.04787E-02  8.27499E-02  8.50836E-02  8.74786E-02
   8.99338E-02  9.24478E-02  9.50192E-02  9.76462E-02  1.00327E-01  1.03061E-01
   1.05842E-01  1.08668E-01  1.11534E-01  1.14435E-01  1.17358E-01  1.20287E-01
   1.23207E-01  1.26103E-01  1.28967E-01  1.31799E-01  1.34596E-01  1.37357E-01
   1.40033E-01  1.42516E-01  1.44692E-01  1.46449E-01  1.47740E-01  1.48673E-01
   1.49380E-01  1.49994E-01  1.50628E-01  1.51300E-01  1.51995E-01  1.52703E-01
   1.53406E-01  1.54034E-01  1.54487E-01  1.54664E-01  1.54466E-01  1.53868E-01
   1.52920E-01  1.51676E-01  1.50191E-01  1.48520E-01  1.46717E-01  1.44837E-01
   1.42934E-01  1.41018E-01  1.41219E-01  1.41428E-01  1.41645E-01  1.41870E-01
   1.42104E-01  1.42345E-01  1.42595E-01  1.42853E-01  1.43118E-01  1.43390E-01
   1.43669E-01  1.43954E-01  1.44242E-01  1.44533E-01  1.44826E-01  1.45115E-01
   1.45393E-01  1.45651E-01  1.45879E-01  1.46072E-01  1.46238E-01  1.46383E-01
   1.46518E-01  1.46650E-01  1.46780E-01  1.46905E-01  1.47024E-01  1.47136E-01
   1.47238E-01  1.47329E-01  1.47409E-01  1.47476E-01  1.47533E-01  1.47584E-01
   1.47634E-01  1.47691E-01  1.47752E-01  1.47801E-01  1.47818E-01  1.47784E-01
   1.47682E-01  1.47518E-01  1.47302E-01  1.47045E-01  1.46759E-01  1.46447E-01
   1.46108E-01  1.45743E-01  1.45350E-01  1.44930E-01  1.44483E-01  1.44008E-01
   1.43505E-01  1.42975E-01  1.42417E-01  1.41829E-01  1.41210E-01  1.40560E-01
   1.39879E-01  1.39167E-01  1.38425E-01  1.37652E-01  1.36849E-01  1.36016E-01
   1.35154E-01  1.34262E-01  1.33341E-01  1.32391E-01  1.31411E-01  1.30402E-01
   1.29365E-01  1.28301E-01  1.27211E-01  1.26097E-01  1.24961E-01  1.23804E-01
   1.22625E-01  1.21426E-01  1.20208E-01  1.18971E-01  1.17718E-01  1.16450E-01
   1.15168E-01  1.13873E-01  1.12567E-01  1.11250E-01  1.09923E-01  1.08585E-01
   1.07239E-01  1.05885E-01  1.04524E-01  1.03156E-01  1.01783E-01  1.00409E-01
   9.90340E-02  9.76613E-02  9.62910E-02  9.49234E-02  9.35584E-02  9.21961E-02
   9.08376E-02  8.94841E-02  8.81371E-02  8.67979E-02  8.54676E-02  8.41466E-02
   8.28356E-02  8.15349E-02  8.02452E-02  7.89670E-02  7.77009E-02  7.64474E-02
   7.52073E-02  7.39814E-02  7.27707E-02  7.15761E-02  7.03984E-02  6.92380E-02
   6.80945E-02  6.69677E-02  6.58574E-02  6.47641E-02  6.36888E-02  6.26326E-02
   6.15966E-02  6.05815E-02  5.95872E-02  5.86133E-02  5.76596E-02  5.67261E-02
   5.58130E-02  5.49207E-02  5.40499E-02  5.32009E-02  5.23743E-02  5.15706E-02
   5.07903E-02  5.00339E-02  4.93015E-02  4.85930E-02  4.79080E-02  4.72463E-02
   4.66082E-02  4.59946E-02  4.54064E-02  4.48446E-02  4.43102E-02  4.38028E-02
   4.33224E-02  4.28685E-02  4.24410E-02  4.20404E-02  4.16673E-02  4.13225E-02
   4.10066E-02  4.07202E-02  4.04638E-02  4.02376E-02  4.00422E-02  3.98777E-02
   3.97442E-02  3.96418E-02  3.95706E-02  3.95308E-02  3.95234E-02  3.95498E-02
   3.96109E-02  3.97079E-02  3.98408E-02  4.00094E-02  4.02134E-02  4.04528E-02
   4.07281E-02  4.10405E-02  4.13910E-02  4.17808E-02  4.22107E-02  4.26811E-02
   4.31923E-02  4.37448E-02  4.43389E-02  4.49751E-02  4.56537E-02  4.63752E-02
   4.71401E-02  4.79494E-02  4.88045E-02  4.97065E-02  5.06565E-02  5.16549E-02
   5.27015E-02  5.37961E-02  5.49384E-02  5.61292E-02  5.73697E-02  5.86610E-02
   6.00045E-02  6.14011E-02  6.28508E-02  6.43535E-02  6.59093E-02  6.75181E-02
   6.91801E-02  7.08956E-02  7.26646E-02  7.44875E-02  7.63643E-02  7.82953E-02
   8.02805E-02  8.23201E-02  8.44132E-02  8.65579E-02  8.87527E-02  9.09957E-02
   9.32851E-02  9.56187E-02  9.79946E-02  1.00411E-01  1.02864E-01  1.05351E-01
   1.07866E-01  1.10404E-01  1.12960E-01  1.15523E-01  1.18080E-01  1.20619E-01
   1.23126E-01  1.25595E-01  1.28022E-01  1.30402E-01  1.32730E-01  1.34974E-01
   1.37063E-01  1.38924E-01  1.40484E-01  1.41711E-01  1.42673E-01  1.43454E-01
   1.44137E-01  1.44792E-01  1.45430E-01  1.46043E-01  1.46624E-01  1.47162E-01
   1.47612E-01  1.47912E-01  1.47996E-01  1.47804E-01  1.47318E-01  1.46571E-01
   1.45600E-01  1.44439E-01  1.43123E-01  1.41689E-01  1.40172E-01  1.38607E-01
   1.40852E-01  1.41038E-01  1.41232E-01  1.41433E-01  1.41641E-01  1.41857E-01
   1.42081E-01  1.42313E-01  1.42553E-01  1.42799E-01  1.43053E-01  1.43313E-01
   1.43579E-01  1.43850E-01  1.44126E-01  1.44405E-01  1.44684E-01  1.44949E-01
   1.45190E-01  1.45393E-01  1.45550E-01  1.45672E-01  1.45772E-01  1.45861E-01
   1.45951E-01  1.46044E-01  1.46137E-01  1.46228E-01  1.46314E-01  1.46393E-01
   1.46463E-01  1.46521E-01  1.46565E-01  1.46597E-01  1.46625E-01  1.46655E-01
   1.46697E-01  1.46749E-01  1.46792E-01  1.46802E-01  1.46753E-01  1.46628E-01
   1.46434E-01  1.46188E-01  1.45905E-01  1.45602E-01  1.45284E-01  1.44946E-01
   1.44586E-01  1.44202E-01  1.43791E-01  1.43354E-01  1.42892E-01  1.42403E-01
   1.41890E-01  1.41350E-01  1.40783E-01  1.40189E-01  1.39567E-01  1.38917E-01
   1.38240E-01  1.37534E-01  1.36801E-01  1.36040E-01  1.35252E-01  1.34437E-01
   1.33594E-01  1.32724E-01  1.31828E-01  1.30905E-01  1.29956E-01  1.28981E-01
   1.27981E-01  1.26957E-01  1.25910E-01  1.24842E-01  1.23753E-01  1.22644E-01
   1.21516E-01  1.20371E-01  1.19210E-01  1.18032E-01  1.16840E-01  1.15634E-01
   1.14415E-01  1.13185E-01  1.11943E-01  1.10692E-01  1.09432E-01  1.08164E-01
   1.06890E-01  1.05609E-01  1.04324E-01  1.03035E-01  1.01743E-01  1.00449E-01
   9.91549E-02  9.78603E-02  9.65668E-02  9.52751E-02  9.39863E-02  9.27013E-02
   9.14207E-02  9.01456E-02  8.88767E-02  8.76149E-02  8.63608E-02  8.51152E-02
   8.38789E-02  8.26525E-02  8.14367E-02  8.02321E-02  7.90394E-02  7.78591E-02
   7.66919E-02  7.55382E-02  7.43986E-02  7.32736E-02  7.21637E-02  7.10693E-02
   6.99909E-02  6.89289E-02  6.78838E-02  6.68560E-02  6.58457E-02  6.48534E-02
   6.38794E-02  6.29241E-02  6.19878E-02  6.10708E-02  6.01735E-02  5.92962E-02
   5.84391E-02  5.76025E-02  5.67868E-02  5.59922E-02  5.52190E-02  5.44676E-02
   5.37381E-02  5.30310E-02  5.23466E-02  5.16852E-02  5.10472E-02  5.04328E-02
   4.98426E-02  4.92768E-02  4.87357E-02  4.82197E-02  4.77293E-02  4.72647E-02
   4.68262E-02  4.64142E-02  4.60291E-02  4.56712E-02  4.53408E-02  4.50382E-02
   4.47639E-02  4.45182E-02  4.43015E-02  4.41140E-02  4.39562E-02  4.38286E-02
   4.37315E-02  4.36652E-02  4.36304E-02  4.36272E-02  4.36563E-02  4.37180E-02
   4.38128E-02  4.39410E-02  4.41033E-02  4.43001E-02  4.45318E-02  4.47990E-02
   4.51021E-02  4.54417E-02  4.58181E-02  4.62320E-02  4.66839E-02  4.71742E-02
   4.77034E-02  4.82722E-02  4.88809E-02  4.95301E-02  5.02204E-02  5.09522E-02
   5.17260E-02  5.25424E-02  5.34017E-02  5.43046E-02  5.52515E-02  5.62427E-02
   5.72788E-02  5.83603E-02  5.94874E-02  6.06606E-02  6.18801E-02  6.31464E-02
   6.44597E-02  6.58201E-02  6.72279E-02  6.86833E-02  7.01863E-02  7.17368E-02
   7.33346E-02  7.49798E-02  7.66720E-02  7.84107E-02  8.01953E-02  8.20251E-02
   8.38995E-02  8.58173E-02  8.77770E-02  8.97771E-02  9.18161E-02  9.38919E-02
   9.60017E-02  9.81427E-02  1.00312E-01  1.02506E-01  1.04721E-01  1.06951E-01
   1.09191E-01  1.11437E-01  1.13681E-01  1.15916E-01  1.18134E-01  1.20326E-01
   1.22485E-01  1.24598E-01  1.26657E-01  1.28648E-01  1.30563E-01  1.32388E-01
   1.34110E-01  1.35719E-01  1.37203E-01  1.38550E-01  1.39753E-01  1.40800E-01
   1.41683E-01  1.42397E-01  1.42941E-01  1.43311E-01  1.43505E-01  1.43526E-01
   1.43381E-01  1.43074E-01  1.42613E-01  1.42006E-01  1.41262E-01  1.40393E-01
   1.39409E-01  1.38321E-01  1.37139E-01  1.35874E-01  1.34536E-01  1.40688E-01
   1.40859E-01  1.41037E-01  1.41222E-01  1.41414E-01  1.41613E-01  1.41819E-01
   1.42033E-01  1.42254E-01  1.42481E-01  1.42716E-01  1.42956E-01  1.43203E-01
   1.43456E-01  1.43714E-01  1.43978E-01  1.44242E-01  1.44492E-01  1.44715E-01
   1.44894E-01  1.45022E-01  1.45110E-01  1.45173E-01  1.45226E-01  1.45283E-01
   1.45345E-01  1.45411E-01  1.45477E-01  1.45542E-01  1.45603E-01  1.45654E-01
   1.45694E-01  1.45718E-01  1.45728E-01  1.45733E-01  1.45742E-01  1.45765E-01
   1.45801E-01  1.45830E-01  1.45826E-01  1.45761E-01  1.45618E-01  1.45404E-01
   1.45139E-01  1.44843E-01  1.44533E-01  1.44213E-01  1.43880E-01  1.43529E-01
   1.43157E-01  1.42760E-01  1.42339E-01  1.41893E-01  1.41421E-01  1.40924E-01
   1.40402E-01  1.39855E-01  1.39284E-01  1.38689E-01  1.38070E-01  1.37426E-01
   1.36757E-01  1.36062E-01  1.35341E-01  1.34594E-01  1.33822E-01  1.33024E-01
   1.32201E-01  1.31353E-01  1.30482E-01  1.29588E-01  1.28672E-01  1.27733E-01
   1.26771E-01  1.25787E-01  1.24779E-01  1.23751E-01  1.22704E-01  1.21641E-01
   1.20563E-01  1.19471E-01  1.18365E-01  1.17244E-01  1.16109E-01  1.14960E-01
   1.13799E-01  1.12627E-01  1.11445E-01  1.10255E-01  1.09059E-01  1.07859E-01
   1.06655E-01  1.05449E-01  1.04240E-01  1.03027E-01  1.01810E-01  1.00588E-01
   9.93616E-02  9.81350E-02  9.69104E-02  9.56904E-02  9.44758E-02  9.32661E-02
   9.20608E-02  9.08592E-02  8.96618E-02  8.84699E-02  8.72849E-02  8.61083E-02
   8.49414E-02  8.37849E-02  8.26395E-02  8.15059E-02  8.03848E-02  7.92759E-02
   7.81786E-02  7.70925E-02  7.60173E-02  7.49541E-02  7.39049E-02  7.28720E-02
   7.18572E-02  7.08610E-02  6.98821E-02  6.89190E-02  6.79704E-02  6.70357E-02
   6.61165E-02  6.52146E-02  6.43315E-02  6.34689E-02  6.26267E-02  6.18049E-02
   6.10033E-02  6.02217E-02  5.94598E-02  5.87174E-02  5.79941E-02  5.72898E-02
   5.66052E-02  5.59419E-02  5.53018E-02  5.46865E-02  5.40966E-02  5.35311E-02
   5.29888E-02  5.24683E-02  5.19690E-02  5.14924E-02  5.10403E-02  5.06145E-02
   5.02165E-02  4.98465E-02  4.95040E-02  4.91884E-02  4.88992E-02  4.86364E-02
   4.84004E-02  4.81913E-02  4.80095E-02  4.78557E-02  4.77312E-02  4.76373E-02
   4.75753E-02  4.75459E-02  4.75481E-02  4.75806E-02  4.76422E-02  4.77321E-02
   4.78517E-02  4.80031E-02  4.81888E-02  4.84106E-02  4.86688E-02  4.89627E-02
   4.92912E-02  4.96535E-02  5.00496E-02  5.04802E-02  5.09464E-02  5.14490E-02
   5.19891E-02  5.25675E-02  5.31852E-02  5.38431E-02  5.45418E-02  5.52807E-02
   5.60587E-02  5.68746E-02  5.77275E-02  5.86187E-02  5.95502E-02  6.05244E-02
   6.15432E-02  6.26071E-02  6.37145E-02  6.48637E-02  6.60533E-02  6.72823E-02
   6.85518E-02  6.98627E-02  7.12162E-02  7.26129E-02  7.40526E-02  7.55350E-02
   7.70595E-02  7.86256E-02  8.02316E-02  8.18757E-02  8.35559E-02  8.52702E-02
   8.70176E-02  8.87981E-02  9.06115E-02  9.24576E-02  9.43347E-02  9.62385E-02
   9.81645E-02  1.00108E-01  1.02065E-01  1.04031E-01  1.06003E-01  1.07975E-01
   1.09945E-01  1.11909E-01  1.13865E-01  1.15812E-01  1.17745E-01  1.19653E-01
   1.21518E-01  1.23323E-01  1.25048E-01  1.26705E-01  1.28340E-01  1.30000E-01
   1.31735E-01  1.33550E-01  1.35356E-01  1.37044E-01  1.38510E-01  1.39660E-01
   1.40475E-01  1.40957E-01  1.41108E-01  1.40936E-01  1.40491E-01  1.39851E-01
   1.39094E-01  1.38297E-01  1.37496E-01  1.36679E-01  1.35833E-01  1.34945E-01
   1.34003E-01  1.32993E-01  1.31902E-01  1.30718E-01  1.40526E-01  1.40682E-01
   1.40845E-01  1.41014E-01  1.41189E-01  1.41371E-01  1.41559E-01  1.41753E-01
   1.41954E-01  1.42161E-01  1.42375E-01  1.42595E-01  1.42821E-01  1.43053E-01
   1.43291E-01  1.43533E-01  1.43776E-01  1.44005E-01  1.44205E-01  1.44363E-01
   1.44470E-01  1.44537E-01  1.44578E-01  1.44610E-01  1.44643E-01  1.44683E-01
   1.44726E-01  1.44772E-01  1.44818E-01  1.44862E-01  1.44899E-01  1.44923E-01
   1.44929E-01  1.44919E-01  1.44902E-01  1.44887E-01  1.44883E-01  1.44892E-01
   1.44894E-01  1.44865E-01  1.44782E-01  1.44627E-01  1.44407E-01  1.44142E-01
   1.43847E-01  1.43541E-01  1.43227E-01  1.42901E-01  1.42562E-01  1.42205E-01
   1.41827E-01  1.41426E-01  1.41001E-01  1.40549E-01  1.40069E-01  1.39564E-01
   1.39035E-01  1.38485E-01  1.37915E-01  1.37326E-01  1.36715E-01  1.36081E-01
   1.35423E-01  1.34740E-01  1.34032E-01  1.33299E-01  1.32541E-01  1.31759E-01
   1.30955E-01  1.30131E-01  1.29289E-01  1.28429E-01  1.27550E-01  1.26649E-01
   1.25722E-01  1.24770E-01  1.23795E-01  1.22803E-01  1.21796E-01  1.20780E-01
   1.19754E-01  1.18716E-01  1.17665E-01  1.16597E-01  1.15514E-01  1.14417E-01
   1.13308E-01  1.12190E-01  1.11065E-01  1.09934E-01  1.08802E-01  1.07670E-01
   1.06539E-01  1.05407E-01  1.04270E-01  1.03124E-01  1.01967E-01  1.00802E-01
   9.96350E-02  9.84712E-02  9.73161E-02  9.61700E-02  9.50301E-02  9.38933E-02
   9.27567E-02  9.16198E-02  9.04851E-02  8.93554E-02  8.82336E-02  8.71219E-02
   8.60213E-02  8.49328E-02  8.38572E-02  8.27951E-02  8.17446E-02  8.07035E-02
   7.96695E-02  7.86406E-02  7.76195E-02  7.66108E-02  7.56197E-02  7.46509E-02
   7.37048E-02  7.27771E-02  7.18631E-02  7.09582E-02  7.00606E-02  6.91737E-02
   6.83019E-02  6.74494E-02  6.66193E-02  6.58117E-02  6.50255E-02  6.42597E-02
   6.35133E-02  6.27851E-02  6.20738E-02  6.13779E-02  6.06964E-02  6.00306E-02
   5.93848E-02  5.87630E-02  5.81694E-02  5.76050E-02  5.70663E-02  5.65491E-02
   5.60492E-02  5.55644E-02  5.50979E-02  5.46541E-02  5.42375E-02  5.38518E-02
   5.34968E-02  5.31704E-02  5.28705E-02  5.25952E-02  5.23437E-02  5.21162E-02
   5.19130E-02  5.17343E-02  5.15814E-02  5.14571E-02  5.13644E-02  5.13062E-02
   5.12837E-02  5.12934E-02  5.13311E-02  5.13926E-02  5.14748E-02  5.15810E-02
   5.17166E-02  5.18868E-02  5.20966E-02  5.23459E-02  5.26314E-02  5.29499E-02
   5.32980E-02  5.36747E-02  5.40817E-02  5.45206E-02  5.49933E-02  5.55015E-02
   5.60469E-02  5.66315E-02  5.72567E-02  5.79238E-02  5.86298E-02  5.93710E-02
   6.01435E-02  6.09443E-02  6.17756E-02  6.26431E-02  6.35520E-02  6.45076E-02
   6.55103E-02  6.65553E-02  6.76376E-02  6.87526E-02  6.98977E-02  7.10754E-02
   7.22883E-02  7.35395E-02  7.48309E-02  7.61624E-02  7.75334E-02  7.89430E-02
   8.03903E-02  8.18722E-02  8.33846E-02  8.49235E-02  8.64852E-02  8.80693E-02
   8.96785E-02  9.13155E-02  9.29830E-02  9.46799E-02  9.63994E-02  9.81338E-02
   9.98758E-02  1.01619E-01  1.03361E-01  1.05100E-01  1.06834E-01  1.08561E-01
   1.10283E-01  1.11999E-01  1.13713E-01  1.15423E-01  1.17117E-01  1.18771E-01
   1.20362E-01  1.21866E-01  1.23309E-01  1.24772E-01  1.26343E-01  1.28108E-01
   1.30089E-01  1.32141E-01  1.34098E-01  1.35792E-01  1.37080E-01  1.37933E-01
   1.38358E-01  1.38361E-01  1.37954E-01  1.37219E-01  1.36278E-01  1.35252E-01
   1.34260E-01  1.33353E-01  1.32507E-01  1.31695E-01  1.30887E-01  1.30057E-01
   1.29176E-01  1.28217E-01  1.27151E-01  1.40366E-01  1.40508E-01  1.40655E-01
   1.40808E-01  1.40966E-01  1.41129E-01  1.41298E-01  1.41471E-01  1.41651E-01
   1.41836E-01  1.42027E-01  1.42224E-01  1.42427E-01  1.42635E-01  1.42846E-01
   1.43060E-01  1.43271E-01  1.43469E-01  1.43643E-01  1.43781E-01  1.43877E-01
   1.43939E-01  1.43978E-01  1.44005E-01  1.44029E-01  1.44054E-01  1.44080E-01
   1.44109E-01  1.44140E-01  1.44170E-01  1.44193E-01  1.44203E-01  1.44194E-01
   1.44165E-01  1.44125E-01  1.44080E-01  1.44039E-01  1.44005E-01  1.43962E-01
   1.43895E-01  1.43789E-01  1.43630E-01  1.43423E-01  1.43178E-01  1.42906E-01
   1.42618E-01  1.42316E-01  1.42001E-01  1.41674E-01  1.41334E-01  1.40979E-01
   1.40605E-01  1.40206E-01  1.39776E-01  1.39314E-01  1.38823E-01  1.38309E-01
   1.37778E-01  1.37233E-01  1.36673E-01  1.36094E-01  1.35495E-01  1.34873E-01
   1.34226E-01  1.33554E-01  1.32857E-01  1.32134E-01  1.31388E-01  1.30621E-01
   1.29840E-01  1.29047E-01  1.28244E-01  1.27425E-01  1.26584E-01  1.25713E-01
   1.24811E-01  1.23883E-01  1.22937E-01  1.21980E-01  1.21022E-01  1.20059E-01
   1.19088E-01  1.18103E-01  1.17101E-01  1.16080E-01  1.15044E-01  1.13995E-01
   1.12936E-01  1.11869E-01  1.10799E-01  1.09730E-01  1.08665E-01  1.07606E-01
   1.06547E-01  1.05481E-01  1.04401E-01  1.03302E-01  1.02190E-01  1.01074E-01
   9.99649E-02  9.88711E-02  9.77926E-02  9.67225E-02  9.56541E-02  9.45806E-02
   9.35002E-02  9.24175E-02  9.13374E-02  9.02648E-02  8.92038E-02  8.81559E-02
   8.71221E-02  8.61035E-02  8.51005E-02  8.41091E-02  8.31243E-02  8.21409E-02
   8.11547E-02  8.01701E-02  7.91963E-02  7.82429E-02  7.73188E-02  7.64244E-02
   7.55508E-02  7.46882E-02  7.38274E-02  7.29641E-02  7.21051E-02  7.12583E-02
   7.04319E-02  6.96320E-02  6.88581E-02  6.81079E-02  6.73791E-02  6.66694E-02
   6.59762E-02  6.52963E-02  6.46269E-02  6.39652E-02  6.33141E-02  6.26811E-02
   6.20741E-02  6.15008E-02  6.09633E-02  6.04540E-02  5.99641E-02  5.94852E-02
   5.90122E-02  5.85513E-02  5.81109E-02  5.76995E-02  5.73243E-02  5.69843E-02
   5.66750E-02  5.63923E-02  5.61317E-02  5.58915E-02  5.56719E-02  5.54727E-02
   5.52943E-02  5.51388E-02  5.50115E-02  5.49179E-02  5.48634E-02  5.48500E-02
   5.48705E-02  5.49161E-02  5.49780E-02  5.50498E-02  5.51375E-02  5.52514E-02
   5.54016E-02  5.55974E-02  5.58384E-02  5.61176E-02  5.64279E-02  5.67625E-02
   5.71189E-02  5.74999E-02  5.79086E-02  5.83480E-02  5.88212E-02  5.93314E-02
   5.98816E-02  6.04749E-02  6.11128E-02  6.17894E-02  6.24969E-02  6.32272E-02
   6.39739E-02  6.47415E-02  6.55403E-02  6.63810E-02  6.72737E-02  6.82188E-02
   6.92067E-02  7.02276E-02  7.12718E-02  7.23346E-02  7.34205E-02  7.45353E-02
   7.56848E-02  7.68733E-02  7.81009E-02  7.93666E-02  8.06695E-02  8.20082E-02
   8.33773E-02  8.47698E-02  8.61788E-02  8.75978E-02  8.90275E-02  9.04754E-02
   9.19488E-02  9.34550E-02  9.49941E-02  9.65547E-02  9.81246E-02  9.96914E-02
   1.01246E-01  1.02789E-01  1.04322E-01  1.05846E-01  1.07365E-01  1.08879E-01
   1.10389E-01  1.11897E-01  1.13404E-01  1.14895E-01  1.16346E-01  1.17735E-01
   1.19039E-01  1.20279E-01  1.21534E-01  1.22887E-01  1.24420E-01  1.26153E-01
   1.27957E-01  1.29681E-01  1.31173E-01  1.32302E-01  1.33045E-01  1.33412E-01
   1.33412E-01  1.33060E-01  1.32427E-01  1.31620E-01  1.30745E-01  1.29905E-01
   1.29143E-01  1.28436E-01  1.27756E-01  1.27078E-01  1.26373E-01  1.25615E-01
   1.24778E-01  1.23833E-01  1.40208E-01  1.40335E-01  1.40467E-01  1.40603E-01
   1.40743E-01  1.40887E-01  1.41036E-01  1.41187E-01  1.41342E-01  1.41502E-01
   1.41668E-01  1.41839E-01  1.42015E-01  1.42194E-01  1.42371E-01  1.42545E-01
   1.42712E-01  1.42868E-01  1.43008E-01  1.43129E-01  1.43227E-01  1.43304E-01
   1.43363E-01  1.43406E-01  1.43436E-01  1.43457E-01  1.43472E-01  1.43487E-01
   1.43504E-01  1.43521E-01  1.43532E-01  1.43529E-01  1.43506E-01  1.43460E-01
   1.43394E-01  1.43314E-01  1.43222E-01  1.43123E-01  1.43013E-01  1.42891E-01
   1.42755E-01  1.42602E-01  1.42430E-01  1.42233E-01  1.42009E-01  1.41754E-01
   1.41472E-01  1.41169E-01  1.40854E-01  1.40533E-01  1.40207E-01  1.39865E-01
   1.39497E-01  1.39092E-01  1.38648E-01  1.38170E-01  1.37668E-01  1.37152E-01
   1.36630E-01  1.36098E-01  1.35552E-01  1.34988E-01  1.34401E-01  1.33788E-01
   1.33150E-01  1.32485E-01  1.31793E-01  1.31076E-01  1.30342E-01  1.29599E-01
   1.28854E-01  1.28108E-01  1.27351E-01  1.26570E-01  1.25755E-01  1.24899E-01
   1.24010E-01  1.23103E-01  1.22191E-01  1.21285E-01  1.20384E-01  1.19479E-01
   1.18562E-01  1.17624E-01  1.16665E-01  1.15688E-01  1.14695E-01  1.13690E-01
   1.12678E-01  1.11663E-01  1.10652E-01  1.09649E-01  1.08658E-01  1.07668E-01
   1.06668E-01  1.05648E-01  1.04600E-01  1.03532E-01  1.02459E-01  1.01399E-01
   1.00363E-01  9.93523E-02  9.83533E-02  9.73541E-02  9.63424E-02  9.53146E-02
   9.42783E-02  9.32415E-02  9.22124E-02  9.11974E-02  9.01985E-02  8.92172E-02
   8.82549E-02  8.73118E-02  8.63807E-02  8.54527E-02  8.45186E-02  8.35708E-02
   8.26165E-02  8.16711E-02  8.07504E-02  7.98697E-02  7.90292E-02  7.82131E-02
   7.74051E-02  7.65886E-02  7.57565E-02  7.49200E-02  7.40923E-02  7.32869E-02
   7.25142E-02  7.17731E-02  7.10594E-02  7.03690E-02  6.96979E-02  6.90411E-02
   6.83933E-02  6.77492E-02  6.71041E-02  6.64623E-02  6.58367E-02  6.52403E-02
   6.46861E-02  6.41773E-02  6.37004E-02  6.32407E-02  6.27832E-02  6.23190E-02
   6.18584E-02  6.14156E-02  6.10048E-02  6.06380E-02  6.03133E-02  6.00229E-02
   5.97591E-02  5.95146E-02  5.92861E-02  5.90734E-02  5.88764E-02  5.86952E-02
   5.85334E-02  5.83997E-02  5.83031E-02  5.82526E-02  5.82515E-02  5.82870E-02
   5.83441E-02  5.84075E-02  5.84660E-02  5.85296E-02  5.86155E-02  5.87407E-02
   5.89209E-02  5.91549E-02  5.94305E-02  5.97356E-02  6.00581E-02  6.03937E-02
   6.07467E-02  6.11222E-02  6.15251E-02  6.19604E-02  6.24331E-02  6.29483E-02
   6.35111E-02  6.41237E-02  6.47758E-02  6.54539E-02  6.61444E-02  6.68357E-02
   6.75353E-02  6.82612E-02  6.90310E-02  6.98619E-02  7.07545E-02  7.16927E-02
   7.26596E-02  7.36385E-02  7.46216E-02  7.56170E-02  7.66344E-02  7.76838E-02
   7.87731E-02  7.99027E-02  8.10715E-02  8.22784E-02  8.35213E-02  8.47921E-02
   8.60795E-02  8.73726E-02  8.86610E-02  8.99476E-02  9.12462E-02  9.25712E-02
   9.39365E-02  9.53437E-02  9.67750E-02  9.82109E-02  9.96319E-02  1.01025E-01
   1.02394E-01  1.03747E-01  1.05092E-01  1.06434E-01  1.07774E-01  1.09105E-01
   1.10425E-01  1.11728E-01  1.13002E-01  1.14234E-01  1.15406E-01  1.16504E-01
   1.17524E-01  1.18479E-01  1.19382E-01  1.20247E-01  1.21078E-01  1.21857E-01
   1.22564E-01  1.23178E-01  1.23683E-01  1.24082E-01  1.24387E-01  1.24607E-01
   1.24753E-01  1.24828E-01  1.24833E-01  1.24768E-01  1.24634E-01  1.24429E-01
   1.24149E-01  1.23794E-01  1.23358E-01  1.22840E-01  1.22236E-01  1.21544E-01
   1.20760E-01
