
101    201
$r 
nr=101
-2.e-01  -1.66e-01  -1.32e-01  -9.80000000e-02  -6.4e-02  -3.e-02  
4.e-03  3.80000000e-02  7.20000000e-02  1.06e-01  1.4e-01  1.74e-01  
2.08e-01  2.42e-01  2.76e-01  3.1e-01  3.44000000e-01  3.78000000e-01  
4.12e-01  4.46e-01  4.80000000e-01  5.14e-01  5.48e-01  5.82000000e-01  
6.16e-01  6.5e-01  6.84e-01  7.18e-01  7.52e-01  7.86e-01  
8.20000000e-01  8.54000000e-01  8.88000000e-01  9.22000000e-01  9.56000000e-01  9.9e-01  
1.024e+00  1.058e+00  1.092e+00  1.12600000e+00  1.16000000e+00  1.194e+00  
1.228e+00  1.262e+00  1.296e+00  1.33e+00  1.364e+00  1.398e+00  
1.432e+00  1.466e+00  1.5e+00  1.534e+00  1.568e+00  1.602e+00  
1.63600000e+00  1.67000000e+00  1.70400000e+00  1.738e+00  1.772e+00  1.806e+00  
1.84e+00  1.874e+00  1.90800000e+00  1.942e+00  1.97600000e+00  2.01e+00  
2.044e+00  2.078e+00  2.112e+00  2.146e+00  2.18e+00  2.214e+00  
2.248e+00  2.282e+00  2.316e+00  2.35e+00  2.384e+00  2.418e+00  
2.452e+00  2.486e+00  2.52e+00  2.554e+00  2.588e+00  2.622e+00  
2.656e+00  2.69e+00  2.724e+00  2.758e+00  2.792e+00  2.826e+00  
2.86e+00  2.894e+00  2.928e+00  2.962e+00  2.996e+00  3.03e+00  
3.064e+00  3.098e+00  3.132e+00  3.166e+00  3.2e+00  
$z 
nz=201
-2.e-01  -1.78000000e-01  -1.56e-01  -1.34e-01  -1.12e-01  -9.e-02  
-6.8e-02  -4.6e-02  -2.4e-02  -2.00000000e-03  2.00000000e-02  4.20000000e-02  
6.4e-02  8.60000000e-02  1.08000000e-01  1.3e-01  1.52000000e-01  1.74000000e-01  
1.96e-01  2.18000000e-01  2.40000000e-01  2.62e-01  2.84000000e-01  3.06000000e-01  
3.28e-01  3.50000000e-01  3.72000000e-01  3.94000000e-01  4.16000000e-01  4.38e-01  
4.6e-01  4.82000000e-01  5.04e-01  5.26e-01  5.48e-01  5.70000000e-01  
5.92000000e-01  6.14000000e-01  6.36000000e-01  6.58000000e-01  6.80000000e-01  7.02e-01  
7.24e-01  7.46e-01  7.68e-01  7.9e-01  8.12000000e-01  8.34000000e-01  
8.56000000e-01  8.78000000e-01  9.00000000e-01  9.22000000e-01  9.44000000e-01  9.66000000e-01  
9.88000000e-01  1.01000000e+00  1.03200000e+00  1.054e+00  1.076e+00  1.098e+00  
1.12e+00  1.14200000e+00  1.16400000e+00  1.18600000e+00  1.20800000e+00  1.23000000e+00  
1.25200000e+00  1.27400000e+00  1.29600000e+00  1.318e+00  1.34e+00  1.362e+00  
1.38400000e+00  1.40600000e+00  1.42800000e+00  1.45000000e+00  1.47200000e+00  1.49400000e+00  
1.51600000e+00  1.53800000e+00  1.56000000e+00  1.58200000e+00  1.604e+00  1.62600000e+00  
1.64800000e+00  1.67000000e+00  1.69200000e+00  1.71400000e+00  1.73600000e+00  1.75800000e+00  
1.78000000e+00  1.80200000e+00  1.82400000e+00  1.84600000e+00  1.868e+00  1.89e+00  
1.91200000e+00  1.934e+00  1.95600000e+00  1.978e+00  2.e+00  2.02200000e+00  
2.044e+00  2.06600000e+00  2.088e+00  2.11000000e+00  2.132e+00  2.15400000e+00  
2.176e+00  2.19800000e+00  2.22e+00  2.24200000e+00  2.26400000e+00  2.286e+00  
2.308e+00  2.33e+00  2.352e+00  2.374e+00  2.396e+00  2.418e+00  
2.44e+00  2.462e+00  2.484e+00  2.506e+00  2.528e+00  2.55e+00  
2.572e+00  2.59400000e+00  2.616e+00  2.63800000e+00  2.66e+00  2.68200000e+00  
2.704e+00  2.72600000e+00  2.748e+00  2.77000000e+00  2.79200000e+00  2.81400000e+00  
2.836e+00  2.858e+00  2.88e+00  2.902e+00  2.924e+00  2.946e+00  
2.968e+00  2.99e+00  3.012e+00  3.034e+00  3.056e+00  3.078e+00  
3.1e+00  3.12200000e+00  3.144e+00  3.16600000e+00  3.188e+00  3.21000000e+00  
3.232e+00  3.25400000e+00  3.27600000e+00  3.29800000e+00  3.32000000e+00  3.34200000e+00  
3.36400000e+00  3.386e+00  3.408e+00  3.43e+00  3.452e+00  3.474e+00  
3.496e+00  3.518e+00  3.54e+00  3.562e+00  3.584e+00  3.606e+00  
3.628e+00  3.65000000e+00  3.672e+00  3.69400000e+00  3.716e+00  3.73800000e+00  
3.76000000e+00  3.78200000e+00  3.80400000e+00  3.82600000e+00  3.84800000e+00  3.87e+00  
3.89200000e+00  3.91400000e+00  3.936e+00  3.958e+00  3.98e+00  4.002e+00  
4.024e+00  4.046e+00  4.068e+00  4.09e+00  4.112e+00  4.134e+00  
4.156e+00  4.178e+00  4.2e+00  

$psi 
-1.90211303e+00  -1.81497993e+00  -1.68856963e+00  -1.52862922e+00  -1.34243018e+00  -1.13843783e+00  
-9.25926421e-01  -7.14557519e-01  -5.1394075e-01  -3.33196903e-01  -1.80543274e-01  -6.29200675e-02  
1.43251225e-02  4.76804403e-02  3.56294279e-02  -2.12800304e-02  -1.20460617e-01  -2.57403210e-01  
-4.25881886e-01  -6.18236972e-01  -8.25723283e-01  -1.03890771e+00  -1.2480981e+00  -1.44378386e+00  
-1.61706838e+00  -1.76007351e+00  -1.86629769e+00  -1.93091157e+00  -1.95097756e+00  -1.92558339e+00  
-1.85588357e+00  -1.74504691e+00  -1.59811248e+00  -1.42176045e+00  -1.22400845e+00  -1.01384704e+00  
-8.00830927e-01  -5.94644638e-01  -4.0466217e-01  -2.39520839e-01  -1.06728591e-01  -1.23226586e-02  
3.94049094e-02  4.6102384e-02  7.46527272e-03  -7.47498363e-02  -1.96805136e-01  -3.53151533e-01  
-5.36680935e-01  -7.39049406e-01  -9.51056516e-01  -1.16306363e+00  -1.3654321e+00  -1.5489615e+00  
-1.7053079e+00  -1.8273632e+00  -1.90957831e+00  -1.94821542e+00  -1.94151794e+00  -1.88979037e+00  
-1.79538444e+00  -1.66259219e+00  -1.49745086e+00  -1.3074684e+00  -1.10128211e+00  -8.88265997e-01  
-6.78104581e-01  -4.80352584e-01  -3.04000555e-01  -1.57066118e-01  -4.62294638e-02  2.34703565e-02  
4.88645279e-02  2.87985361e-02  -3.58153437e-02  -1.42039522e-01  -2.85044649e-01  -4.58329175e-01  
-6.54014935e-01  -8.6320532e-01  -1.07638975e+00  -1.28387606e+00  -1.47623115e+00  -1.64470982e+00  
-1.78165242e+00  -1.88083300e+00  -1.93774246e+00  -1.94979347e+00  -1.91643816e+00  -1.83919297e+00  
-1.72156976e+00  -1.56891613e+00  -1.38817228e+00  -1.18755551e+00  -9.76186612e-01  -7.63675202e-01  
-5.59682849e-01  -3.73483813e-01  -2.13543399e-01  -8.71330991e-02  -2.22044605e-16  -1.85046177e+00  
-1.76332867e+00  -1.63691837e+00  -1.47697795e+00  -1.29077892e+00  -1.08678657e+00  -8.74275156e-01  
-6.62906255e-01  -4.62289485e-01  -2.81545638e-01  -1.28892009e-01  -1.12688028e-02  6.59763873e-02  
9.93317050e-02  8.72806926e-02  3.03712343e-02  -6.88093524e-02  -2.05751946e-01  -3.74230622e-01  
-5.66585707e-01  -7.74072018e-01  -9.87256448e-01  -1.19644683e+00  -1.39213259e+00  -1.56541712e+00  
-1.70842225e+00  -1.81464642e+00  -1.87926030e+00  -1.8993263e+00  -1.87393212e+00  -1.80423230e+00  
-1.69339565e+00  -1.54646121e+00  -1.37010918e+00  -1.17235719e+00  -9.62195771e-01  -7.49179662e-01  
-5.42993373e-01  -3.53010905e-01  -1.87869574e-01  -5.50773261e-02  3.93286061e-02  9.10561741e-02  
9.77536487e-02  5.91165375e-02  -2.30985715e-02  -1.45153871e-01  -3.01500269e-01  -4.85029671e-01  
-6.87398142e-01  -8.99405252e-01  -1.11141236e+00  -1.31378083e+00  -1.49731023e+00  -1.65365663e+00  
-1.77571193e+00  -1.85792704e+00  -1.89656415e+00  -1.88986668e+00  -1.83813911e+00  -1.74373318e+00  
-1.61094093e+00  -1.4457996e+00  -1.25581713e+00  -1.04963084e+00  -8.36614732e-01  -6.26453316e-01  
-4.28701319e-01  -2.5234929e-01  -1.05414853e-01  5.4218009e-03  7.51216212e-02  1.00515793e-01  
8.04498008e-02  1.58359211e-02  -9.03882572e-02  -2.33393384e-01  -4.06677910e-01  -6.0236367e-01  
-8.11554055e-01  -1.02473849e+00  -1.2322248e+00  -1.42457988e+00  -1.59305856e+00  -1.73000115e+00  
-1.82918174e+00  -1.8860912e+00  -1.89814221e+00  -1.86478689e+00  -1.78754170e+00  -1.66991849e+00  
-1.51726486e+00  -1.33652102e+00  -1.13590425e+00  -9.24535347e-01  -7.12023937e-01  -5.08031585e-01  
-3.21832548e-01  -1.61892134e-01  -3.54818344e-02  5.16512647e-02  -1.78165242e+00  -1.69451932e+00  
-1.56810902e+00  -1.40816860e+00  -1.22196957e+00  -1.01797721e+00  -8.05465804e-01  -5.94096902e-01  
-3.93480133e-01  -2.12736286e-01  -6.00826564e-02  5.75405496e-02  1.3478574e-01  1.68141057e-01  
1.56090045e-01  9.91805867e-02  1.11022302e-16  -1.36942593e-01  -3.05421269e-01  -4.97776355e-01  
-7.05262666e-01  -9.18447096e-01  -1.12763748e+00  -1.32332324e+00  -1.49660777e+00  -1.63961289e+00  
-1.74583707e+00  -1.81045095e+00  -1.83051694e+00  -1.80512277e+00  -1.73542295e+00  -1.6245863e+00  
-1.47765186e+00  -1.30129983e+00  -1.10354783e+00  -8.93386419e-01  -6.80370310e-01  -4.74184020e-01  
-2.84201552e-01  -1.19060222e-01  1.37320263e-02  1.08137958e-01  1.59865527e-01  1.66563001e-01  
1.2792589e-01  4.57107808e-02  -7.63445185e-02  -2.32690916e-01  -4.16220318e-01  -6.18588789e-01  
-8.30595899e-01  -1.04260301e+00  -1.24497148e+00  -1.42850088e+00  -1.58484728e+00  -1.70690258e+00  
-1.78911769e+00  -1.8277548e+00  -1.82105732e+00  -1.76932976e+00  -1.67492382e+00  -1.54213158e+00  
-1.37699025e+00  -1.18700778e+00  -9.80821488e-01  -7.6780538e-01  -5.57643964e-01  -3.59891967e-01  
-1.83539938e-01  -3.66055005e-02  7.42311533e-02  1.43930974e-01  1.69325145e-01  1.49259153e-01  
8.46452734e-02  -2.15789048e-02  -1.64584032e-01  -3.37868558e-01  -5.33554318e-01  -7.42744703e-01  
-9.55929133e-01  -1.16341544e+00  -1.35577053e+00  -1.52424921e+00  -1.6611918e+00  -1.76037239e+00  
-1.81728184e+00  -1.82933286e+00  -1.79597754e+00  -1.71873235e+00  -1.60110914e+00  -1.44845551e+00  
-1.26771167e+00  -1.0670949e+00  -8.55725995e-01  -6.43214585e-01  -4.39222232e-01  -2.53023196e-01  
-9.30827818e-02  3.3327518e-02  1.20460617e-01  -1.69699766e+00  -1.60986456e+00  -1.48345426e+00  
-1.32351385e+00  -1.13731481e+00  -9.33322460e-01  -7.2081105e-01  -5.09442148e-01  -3.08825379e-01  
-1.28081532e-01  2.45720974e-02  1.42195303e-01  2.19440493e-01  2.52795811e-01  2.40744799e-01  
1.83835340e-01  8.46547538e-02  -5.22878396e-02  -2.20766515e-01  -4.13121601e-01  -6.20607912e-01  
-8.33792342e-01  -1.04298273e+00  -1.23866849e+00  -1.41195301e+00  -1.55495814e+00  -1.66118232e+00  
-1.7257962e+00  -1.74586219e+00  -1.72046802e+00  -1.6507682e+00  -1.53993154e+00  -1.39299711e+00  
-1.21664508e+00  -1.01889308e+00  -8.08731665e-01  -5.95715556e-01  -3.89529267e-01  -1.99546799e-01  
-3.44054682e-02  9.83867801e-02  1.92792712e-01  2.44520280e-01  2.51217755e-01  2.12580644e-01  
1.30365535e-01  8.31023531e-03  -1.48036162e-01  -3.31565564e-01  -5.33934036e-01  -7.45941145e-01  
-9.57948255e-01  -1.16031673e+00  -1.34384613e+00  -1.50019253e+00  -1.62224783e+00  -1.70446293e+00  
-1.74310005e+00  -1.73640257e+00  -1.68467500e+00  -1.59026907e+00  -1.45747682e+00  -1.29233549e+00  
-1.10235302e+00  -8.96166735e-01  -6.83150626e-01  -4.7298921e-01  -2.75237213e-01  -9.88851839e-02  
4.80492532e-02  1.58885907e-01  2.28585727e-01  2.53979899e-01  2.33913907e-01  1.69300027e-01  
6.3075849e-02  -7.9929278e-02  -2.53213804e-01  -4.48899564e-01  -6.58089949e-01  -8.71274379e-01  
-1.07876069e+00  -1.27111578e+00  -1.43959445e+00  -1.57653704e+00  -1.67571763e+00  -1.73262709e+00  
-1.74467810e+00  -1.71132278e+00  -1.63407759e+00  -1.51645439e+00  -1.36380076e+00  -1.18305691e+00  
-9.82440142e-01  -7.71071241e-01  -5.58559831e-01  -3.54567479e-01  -1.68368442e-01  -8.42802807e-03  
1.17982272e-01  2.05115371e-01  -1.59811248e+00  -1.51097938e+00  -1.38456908e+00  -1.22462866e+00  
-1.03842963e+00  -8.34437276e-01  -6.21925866e-01  -4.10556965e-01  -2.09940195e-01  -2.91963485e-02  
1.23457281e-01  2.41080487e-01  3.18325677e-01  3.51680995e-01  3.39629983e-01  2.82720524e-01  
1.83539938e-01  4.65973442e-02  -1.21881332e-01  -3.14236417e-01  -5.21722728e-01  -7.34907158e-01  
-9.44097543e-01  -1.13978330e+00  -1.31306783e+00  -1.45607296e+00  -1.56229713e+00  -1.62691101e+00  
-1.64697701e+00  -1.62158283e+00  -1.55188301e+00  -1.44104636e+00  -1.29411192e+00  -1.11775989e+00  
-9.20007897e-01  -7.09846481e-01  -4.96830372e-01  -2.90644083e-01  -1.00661615e-01  6.44797156e-02  
1.97271964e-01  2.91677896e-01  3.43405464e-01  3.50102939e-01  3.11465827e-01  2.29250718e-01  
1.07195419e-01  -4.91509785e-02  -2.32680381e-01  -4.35048852e-01  -6.47055962e-01  -8.59063071e-01  
-1.06143154e+00  -1.24496094e+00  -1.40130734e+00  -1.52336264e+00  -1.60557775e+00  -1.64421486e+00  
-1.63751739e+00  -1.58578982e+00  -1.49138389e+00  -1.35859164e+00  -1.19345031e+00  -1.00346784e+00  
-7.97281551e-01  -5.84265442e-01  -3.74104026e-01  -1.76352029e-01  2.22044605e-16  1.46934437e-01  
2.57771091e-01  3.27470911e-01  3.52865083e-01  3.32799091e-01  2.68185211e-01  1.61961033e-01  
1.89559059e-02  -1.54328620e-01  -3.5001438e-01  -5.59204765e-01  -7.72389195e-01  -9.79875506e-01  
-1.17223059e+00  -1.34070927e+00  -1.47765186e+00  -1.57683245e+00  -1.63374191e+00  -1.64579292e+00  
-1.61243760e+00  -1.53519241e+00  -1.41756920e+00  -1.26491557e+00  -1.08417173e+00  -8.83554959e-01  
-6.72186057e-01  -4.59674647e-01  -2.55682295e-01  -6.94832581e-02  9.04571558e-02  2.16867456e-01  
3.04000555e-01  -1.48688331e+00  -1.39975021e+00  -1.27333991e+00  -1.1133995e+00  -9.27200462e-01  
-7.2320811e-01  -5.106967e-01  -2.99327798e-01  -9.87110283e-02  8.20328181e-02  2.34686448e-01  
3.52309654e-01  4.29554844e-01  4.62910162e-01  4.50859149e-01  3.93949691e-01  2.94769104e-01  
1.57826511e-01  -1.06521650e-02  -2.03007250e-01  -4.10493561e-01  -6.23677992e-01  -8.32868377e-01  
-1.02855414e+00  -1.20183866e+00  -1.34484379e+00  -1.45106797e+00  -1.51568185e+00  -1.53574784e+00  
-1.51035367e+00  -1.44065385e+00  -1.32981719e+00  -1.18288276e+00  -1.00653073e+00  -8.08778730e-01  
-5.98617315e-01  -3.85601206e-01  -1.79414916e-01  1.05675518e-02  1.75708882e-01  3.08501131e-01  
4.02907063e-01  4.54634631e-01  4.61332105e-01  4.22694994e-01  3.40479885e-01  2.18424586e-01  
6.20781881e-02  -1.21451214e-01  -3.23819685e-01  -5.35826795e-01  -7.47833905e-01  -9.50202376e-01  
-1.13373178e+00  -1.29007818e+00  -1.41213348e+00  -1.49434858e+00  -1.5329857e+00  -1.52628822e+00  
-1.47456065e+00  -1.38015472e+00  -1.24736247e+00  -1.08222114e+00  -8.92238674e-01  -6.86052384e-01  
-4.73036275e-01  -2.62874859e-01  -6.51228628e-02  1.11229167e-01  2.58163604e-01  3.69000257e-01  
4.38700078e-01  4.64094249e-01  4.44028257e-01  3.79414378e-01  2.73190199e-01  1.30185072e-01  
-4.30994534e-02  -2.38785213e-01  -4.47975598e-01  -6.61160029e-01  -8.6864634e-01  -1.06100142e+00  
-1.22948010e+00  -1.36642269e+00  -1.46560328e+00  -1.52251274e+00  -1.53456375e+00  -1.50120843e+00  
-1.42396324e+00  -1.30634004e+00  -1.15368641e+00  -9.72942562e-01  -7.72325792e-01  -5.60956890e-01  
-3.48445480e-01  -1.44453128e-01  4.17459084e-02  2.01686322e-01  3.28096622e-01  4.15229721e-01  
-1.3654321e+00  -1.278299e+00  -1.1518887e+00  -9.91948284e-01  -8.05749248e-01  -6.01756896e-01  
-3.89245486e-01  -1.77876584e-01  2.27401857e-02  2.03484032e-01  3.56137662e-01  4.73760868e-01  
5.51006058e-01  5.84361376e-01  5.72310363e-01  5.15400905e-01  4.16220318e-01  2.79277725e-01  
1.10799049e-01  -8.15560365e-02  -2.89042347e-01  -5.02226778e-01  -7.11417163e-01  -9.07102923e-01  
-1.08038745e+00  -1.22339258e+00  -1.32961675e+00  -1.39423063e+00  -1.41429663e+00  -1.38890245e+00  
-1.31920263e+00  -1.20836598e+00  -1.06143154e+00  -8.85079513e-01  -6.87327517e-01  -4.77166101e-01  
-2.64149992e-01  -5.79637023e-02  1.32018766e-01  2.97160096e-01  4.29952345e-01  5.24358277e-01  
5.76085845e-01  5.82783319e-01  5.44146208e-01  4.61931099e-01  3.398758e-01  1.83529402e-01  
3.88578059e-16  -2.02368471e-01  -4.14375581e-01  -6.26382691e-01  -8.28751162e-01  -1.01228056e+00  
-1.16862696e+00  -1.29068226e+00  -1.37289737e+00  -1.41153448e+00  -1.40483701e+00  -1.35310944e+00  
-1.25870351e+00  -1.12591126e+00  -9.60769928e-01  -7.7078746e-01  -5.64601170e-01  -3.51585061e-01  
-1.41423645e-01  5.63283512e-02  2.32680381e-01  3.79614818e-01  4.90451471e-01  5.60151292e-01  
5.85545463e-01  5.65479471e-01  5.00865592e-01  3.94641413e-01  2.51636286e-01  7.83517606e-02  
-1.17333999e-01  -3.26524384e-01  -5.39708815e-01  -7.47195126e-01  -9.39550211e-01  -1.10802889e+00  
-1.24497148e+00  -1.34415207e+00  -1.40106153e+00  -1.41311254e+00  -1.37975722e+00  -1.30251203e+00  
-1.18488882e+00  -1.03223519e+00  -8.51491348e-01  -6.50874578e-01  -4.39505676e-01  -2.26994266e-01  
-2.30019142e-02  1.63197122e-01  3.23137536e-01  4.49547836e-01  5.36680935e-01  -1.23607578e+00  
-1.14894268e+00  -1.02253238e+00  -8.62591966e-01  -6.76392929e-01  -4.72400577e-01  -2.59889167e-01  
-4.85202654e-02  1.52096504e-01  3.32840351e-01  4.85493980e-01  6.03117186e-01  6.80362376e-01  
7.13717694e-01  7.01666682e-01  6.44757223e-01  5.45576637e-01  4.08634043e-01  2.40155367e-01  
4.78002821e-02  -1.59686029e-01  -3.72870459e-01  -5.82060844e-01  -7.77746604e-01  -9.5103113e-01  
-1.09403626e+00  -1.20026044e+00  -1.26487431e+00  -1.28494031e+00  -1.25954614e+00  -1.18984631e+00  
-1.07900966e+00  -9.32075224e-01  -7.55723195e-01  -5.57971198e-01  -3.47809782e-01  -1.34793673e-01  
7.13926162e-02  2.61375084e-01  4.26516415e-01  5.59308663e-01  6.53714595e-01  7.05442163e-01  
7.12139638e-01  6.73502527e-01  5.91287418e-01  4.69232118e-01  3.12885721e-01  1.29356319e-01  
-7.30121525e-02  -2.85019262e-01  -4.97026372e-01  -6.99394843e-01  -8.82924246e-01  -1.03927064e+00  
-1.16132594e+00  -1.24354105e+00  -1.28217816e+00  -1.27548069e+00  -1.22375312e+00  -1.12934719e+00  
-9.9655494e-01  -8.31413609e-01  -6.41431141e-01  -4.35244852e-01  -2.22228743e-01  -1.2067327e-02  
1.8568467e-01  3.62036699e-01  5.08971136e-01  6.1980779e-01  6.89507610e-01  7.14901782e-01  
6.9483579e-01  6.30221910e-01  5.23997732e-01  3.80992605e-01  2.07708079e-01  1.20223191e-02  
-1.97168066e-01  -4.10352496e-01  -6.17838807e-01  -8.10193892e-01  -9.78672568e-01  -1.11561516e+00  
-1.21479575e+00  -1.27170521e+00  -1.28375622e+00  -1.25040090e+00  -1.17315571e+00  -1.05553251e+00  
-9.02878876e-01  -7.22135029e-01  -5.21518259e-01  -3.10149358e-01  -9.76379479e-02  1.06354404e-01  
2.92553441e-01  4.52493855e-01  5.78904155e-01  6.66037254e-01  -1.10128211e+00  -1.01414901e+00  
-8.87738706e-01  -7.27798293e-01  -5.41599256e-01  -3.37606904e-01  -1.25095494e-01  8.62734079e-02  
2.86890178e-01  4.67634024e-01  6.20287654e-01  7.3791086e-01  8.1515605e-01  8.48511367e-01  
8.36460355e-01  7.79550897e-01  6.80370310e-01  5.43427717e-01  3.74949041e-01  1.82593955e-01  
-2.48923556e-02  -2.38076786e-01  -4.47267171e-01  -6.42952931e-01  -8.16237457e-01  -9.59242583e-01  
-1.06546676e+00  -1.13008064e+00  -1.15014663e+00  -1.12475246e+00  -1.05505264e+00  -9.44215988e-01  
-7.97281551e-01  -6.20929521e-01  -4.23177525e-01  -2.13016109e-01  1.94289029e-16  2.0618629e-01  
3.96168758e-01  5.61310088e-01  6.94102336e-01  7.88508269e-01  8.40235837e-01  8.46933311e-01  
8.082962e-01  7.26081091e-01  6.04025792e-01  4.47679394e-01  2.64149992e-01  6.17815208e-02  
-1.50225589e-01  -3.62232699e-01  -5.64601170e-01  -7.48130572e-01  -9.0447697e-01  -1.02653227e+00  
-1.10874738e+00  -1.14738449e+00  -1.14068701e+00  -1.08895945e+00  -9.94553515e-01  -8.61761266e-01  
-6.96619936e-01  -5.06637468e-01  -3.00451178e-01  -8.74350696e-02  1.22726346e-01  3.20478343e-01  
4.96830372e-01  6.4376481e-01  7.54601463e-01  8.24301284e-01  8.49695455e-01  8.29629463e-01  
7.65015584e-01  6.58791405e-01  5.15786278e-01  3.42501752e-01  1.46815992e-01  -6.23743926e-02  
-2.75558823e-01  -4.83045134e-01  -6.75400219e-01  -8.43878895e-01  -9.80821488e-01  -1.08000208e+00  
-1.13691153e+00  -1.14896255e+00  -1.11560723e+00  -1.03836204e+00  -9.20738832e-01  -7.68085202e-01  
-5.87341356e-01  -3.86724586e-01  -1.75355685e-01  3.71557255e-02  2.41148078e-01  4.27347114e-01  
5.87287528e-01  7.13697828e-01  8.00830927e-01  -9.63622556e-01  -8.76489457e-01  -7.50079157e-01  
-5.90138743e-01  -4.03939707e-01  -1.99947354e-01  1.25640556e-02  2.23932957e-01  4.24549727e-01  
6.05293573e-01  7.57947203e-01  8.75570409e-01  9.52815599e-01  9.86170917e-01  9.74119904e-01  
9.17210446e-01  8.18029859e-01  6.81087266e-01  5.12608590e-01  3.20253505e-01  1.12767194e-01  
-1.00417236e-01  -3.09607621e-01  -5.05293381e-01  -6.78577907e-01  -8.21583034e-01  -9.27807213e-01  
-9.92421092e-01  -1.01248708e+00  -9.87092913e-01  -9.17393092e-01  -8.06556439e-01  -6.59622001e-01  
-4.83269972e-01  -2.85517975e-01  -7.53565594e-02  1.37659549e-01  3.43845839e-01  5.33828307e-01  
6.98969637e-01  8.31761886e-01  9.26167818e-01  9.77895386e-01  9.84592860e-01  9.45955749e-01  
8.63740640e-01  7.41685341e-01  5.85338943e-01  4.01809541e-01  1.99441070e-01  -1.25660399e-02  
-2.2457315e-01  -4.26941621e-01  -6.10471023e-01  -7.66817421e-01  -8.8887272e-01  -9.71087829e-01  
-1.00972494e+00  -1.00302747e+00  -9.51299898e-01  -8.56893965e-01  -7.24101717e-01  -5.58960387e-01  
-3.68977919e-01  -1.62791629e-01  5.02244796e-02  2.60385896e-01  4.58137892e-01  6.34489922e-01  
7.81424359e-01  8.92261013e-01  9.61960833e-01  9.87355004e-01  9.67289013e-01  9.02675133e-01  
7.96450954e-01  6.53445828e-01  4.80161302e-01  2.84475542e-01  7.52851567e-02  -1.37899273e-01  
-3.45385584e-01  -5.3774067e-01  -7.06219346e-01  -8.43161939e-01  -9.42342526e-01  -9.99251984e-01  
-1.011303e+00  -9.77947679e-01  -9.00702489e-01  -7.83079283e-01  -6.30425653e-01  -4.49681807e-01  
-2.49065037e-01  -3.76961353e-02  1.74815275e-01  3.78807627e-01  5.65006664e-01  7.24947077e-01  
8.51357377e-01  9.38490476e-01  -8.25723283e-01  -7.38590184e-01  -6.12179884e-01  -4.5223947e-01  
-2.66040433e-01  -6.20480810e-02  1.50463329e-01  3.61832231e-01  5.62449000e-01  7.43192847e-01  
8.95846476e-01  1.01346968e+00  1.09071487e+00  1.12407019e+00  1.11201918e+00  1.05510972e+00  
9.55929133e-01  8.18986539e-01  6.50507864e-01  4.58152778e-01  2.50666467e-01  3.74820370e-02  
-1.71708348e-01  -3.67394108e-01  -5.40678634e-01  -6.83683761e-01  -7.89907939e-01  -8.54521819e-01  
-8.74587811e-01  -8.49193639e-01  -7.79493819e-01  -6.68657165e-01  -5.21722728e-01  -3.45370699e-01  
-1.47618702e-01  6.25427140e-02  2.75558823e-01  4.81745112e-01  6.71727580e-01  8.36868911e-01  
9.69661159e-01  1.06406709e+00  1.11579466e+00  1.12249213e+00  1.08385502e+00  1.00163991e+00  
8.79584614e-01  7.23238217e-01  5.39708815e-01  3.37340343e-01  1.25333234e-01  -8.66738764e-02  
-2.89042347e-01  -4.72571749e-01  -6.28918147e-01  -7.50973446e-01  -8.33188555e-01  -8.71825667e-01  
-8.65128192e-01  -8.13400624e-01  -7.18994692e-01  -5.86202444e-01  -4.21061113e-01  -2.31078645e-01  
-2.48923556e-02  1.88123753e-01  3.98285169e-01  5.96037166e-01  7.72389195e-01  9.19323632e-01  
1.03016029e+00  1.09986011e+00  1.12525428e+00  1.10518829e+00  1.04057441e+00  9.34350228e-01  
7.91345101e-01  6.18060575e-01  4.22374815e-01  2.13184430e-01  1.44328993e-15  -2.07486311e-01  
-3.99841396e-01  -5.68320072e-01  -7.05262666e-01  -8.04443252e-01  -8.61352711e-01  -8.73403723e-01  
-8.40048405e-01  -7.62803215e-01  -6.45180009e-01  -4.9252638e-01  -3.11782533e-01  -1.11165763e-01  
1.00203138e-01  3.12714548e-01  5.16706900e-01  7.02905937e-01  8.62846351e-01  9.89256651e-01  
1.07638975e+00  -6.90215010e-01  -6.03081911e-01  -4.76671611e-01  -3.16731197e-01  -1.30532161e-01  
7.34601917e-02  2.85971602e-01  4.97340503e-01  6.97957273e-01  8.78701119e-01  1.03135475e+00  
1.14897796e+00  1.22622315e+00  1.25957846e+00  1.24752745e+00  1.19061799e+00  1.09143741e+00  
9.54494812e-01  7.86016136e-01  5.93661051e-01  3.8617474e-01  1.7299031e-01  -3.62000753e-02  
-2.31885835e-01  -4.05170361e-01  -5.48175488e-01  -6.54399666e-01  -7.19013546e-01  -7.39079538e-01  
-7.13685366e-01  -6.43985546e-01  -5.33148892e-01  -3.86214455e-01  -2.09862426e-01  -1.21104292e-02  
1.98050987e-01  4.11067095e-01  6.17253385e-01  8.07235853e-01  9.72377183e-01  1.10516943e+00  
1.19957536e+00  1.25130293e+00  1.25800041e+00  1.2193633e+00  1.13714819e+00  1.01509289e+00  
8.58746489e-01  6.75217087e-01  4.72848616e-01  2.60841506e-01  4.88343964e-02  -1.53534075e-01  
-3.37063477e-01  -4.93409874e-01  -6.15465174e-01  -6.97680283e-01  -7.36317394e-01  -7.29619919e-01  
-6.77892351e-01  -5.83486419e-01  -4.50694171e-01  -2.85552840e-01  -9.55703724e-02  1.10615917e-01  
3.23632026e-01  5.33793442e-01  7.31545438e-01  9.07897468e-01  1.05483190e+00  1.16566856e+00  
1.23536838e+00  1.26076255e+00  1.24069656e+00  1.17608268e+00  1.06985850e+00  9.26853374e-01  
7.53568848e-01  5.57883088e-01  3.48692703e-01  1.35508273e-01  -7.19780382e-02  -2.64333124e-01  
-4.328118e-01  -5.69754393e-01  -6.6893498e-01  -7.25844438e-01  -7.37895450e-01  -7.04540133e-01  
-6.27294943e-01  -5.09671736e-01  -3.57018107e-01  -1.76274260e-01  2.43425093e-02  2.35711411e-01  
4.48222821e-01  6.52215173e-01  8.3841421e-01  9.98354624e-01  1.12476492e+00  1.21189802e+00  
-5.59682849e-01  -4.72549750e-01  -3.46139451e-01  -1.86199037e-01  0.e+00  2.03992352e-01  
4.16503762e-01  6.27872664e-01  8.28489433e-01  1.00923328e+00  1.16188691e+00  1.27951012e+00  
1.35675531e+00  1.39011062e+00  1.37805961e+00  1.32115015e+00  1.22196957e+00  1.08502697e+00  
9.16548297e-01  7.24193211e-01  5.16706900e-01  3.03522470e-01  9.43320853e-02  -1.01353675e-01  
-2.74638201e-01  -4.17643328e-01  -5.23867506e-01  -5.88481386e-01  -6.08547377e-01  -5.83153206e-01  
-5.13453386e-01  -4.02616732e-01  -2.55682295e-01  -7.93302653e-02  1.18421731e-01  3.28583147e-01  
5.41599256e-01  7.47785546e-01  9.37768014e-01  1.10290934e+00  1.23570159e+00  1.33010752e+00  
1.38183509e+00  1.38853257e+00  1.34989546e+00  1.26768035e+00  1.14562505e+00  9.8927865e-01  
8.05749248e-01  6.03380777e-01  3.91373667e-01  1.79366557e-01  -2.30019142e-02  -2.06531316e-01  
-3.62877714e-01  -4.84933013e-01  -5.67148122e-01  -6.05785233e-01  -5.99087759e-01  -5.47360191e-01  
-4.52954259e-01  -3.20162010e-01  -1.5502068e-01  3.49617881e-02  2.41148078e-01  4.54164186e-01  
6.64325602e-01  8.62077599e-01  1.03842963e+00  1.18536407e+00  1.29620072e+00  1.36590054e+00  
1.39129471e+00  1.37122872e+00  1.30661484e+00  1.20039066e+00  1.05738553e+00  8.84101008e-01  
6.88415248e-01  4.79224863e-01  2.66040433e-01  5.85541223e-02  -1.33800963e-01  -3.02279639e-01  
-4.39222232e-01  -5.38402819e-01  -5.95312277e-01  -6.0736329e-01  -5.74007972e-01  -4.96762782e-01  
-3.79139576e-01  -2.26485946e-01  -4.57420998e-02  1.5487467e-01  3.66243571e-01  5.78754981e-01  
7.82747334e-01  9.68946370e-01  1.12888678e+00  1.25529708e+00  1.34243018e+00  -4.36616983e-01  
-3.49483883e-01  -2.23073584e-01  -6.31331696e-02  1.23065867e-01  3.27058219e-01  5.39569629e-01  
7.50938531e-01  9.51555300e-01  1.13229915e+00  1.28495278e+00  1.40257598e+00  1.47982117e+00  
1.51317649e+00  1.50112548e+00  1.44421602e+00  1.34503543e+00  1.20809284e+00  1.03961416e+00  
8.47259078e-01  6.39772767e-01  4.26588337e-01  2.17397952e-01  2.17121922e-02  -1.51572334e-01  
-2.94577461e-01  -4.00801639e-01  -4.65415519e-01  -4.85481510e-01  -4.60087339e-01  -3.90387519e-01  
-2.79550865e-01  -1.32616428e-01  4.37356016e-02  2.41487598e-01  4.51649014e-01  6.64665123e-01  
8.70851412e-01  1.06083388e+00  1.22597521e+00  1.35876746e+00  1.45317339e+00  1.50490096e+00  
1.51159843e+00  1.47296132e+00  1.39074621e+00  1.26869091e+00  1.11234452e+00  9.28815115e-01  
7.26446644e-01  5.14439534e-01  3.02432424e-01  1.00063953e-01  -8.34654493e-02  -2.39811847e-01  
-3.61867146e-01  -4.44082255e-01  -4.82719366e-01  -4.76021892e-01  -4.24294324e-01  -3.29888392e-01  
-1.97096143e-01  -3.1954813e-02  1.58027655e-01  3.64213945e-01  5.77230053e-01  7.87391469e-01  
9.85143466e-01  1.1614955e+00  1.30842993e+00  1.41926659e+00  1.48896641e+00  1.51436058e+00  
1.49429459e+00  1.42968071e+00  1.32345653e+00  1.18045140e+00  1.00716688e+00  8.11481115e-01  
6.02290730e-01  3.89106300e-01  1.81619989e-01  -1.07350962e-02  -1.79213772e-01  -3.16156365e-01  
-4.15336952e-01  -4.72246410e-01  -4.84297423e-01  -4.50942105e-01  -3.73696915e-01  -2.56073709e-01  
-1.03420079e-01  7.73237671e-02  2.77940537e-01  4.89309438e-01  7.01820848e-01  9.05813201e-01  
1.09201224e+00  1.25195265e+00  1.37836295e+00  1.46549605e+00  -3.23365155e-01  -2.36232056e-01  
-1.09821756e-01  5.01186579e-02  2.36317694e-01  4.40310047e-01  6.52821457e-01  8.64190358e-01  
1.06480713e+00  1.24555097e+00  1.39820460e+00  1.51582781e+00  1.59307300e+00  1.62642832e+00  
1.61437731e+00  1.55746785e+00  1.45828726e+00  1.32134467e+00  1.15286599e+00  9.60510906e-01  
7.53024595e-01  5.39840165e-01  3.3064978e-01  1.3496402e-01  -3.83205061e-02  -1.81325633e-01  
-2.87549811e-01  -3.52163691e-01  -3.72229683e-01  -3.46835511e-01  -2.77135691e-01  -1.66299037e-01  
-1.93646003e-02  1.56987429e-01  3.54739426e-01  5.64900842e-01  7.77916950e-01  9.84103240e-01  
1.17408571e+00  1.33922704e+00  1.47201929e+00  1.56642522e+00  1.61815279e+00  1.62485026e+00  
1.58621315e+00  1.50399804e+00  1.38194274e+00  1.22559634e+00  1.04206694e+00  8.39698471e-01  
6.27691361e-01  4.15684251e-01  2.13315780e-01  2.97863782e-02  -1.26560019e-01  -2.48615319e-01  
-3.30830428e-01  -3.69467539e-01  -3.62770064e-01  -3.11042496e-01  -2.16636564e-01  -8.38443159e-02  
8.12970146e-02  2.71279483e-01  4.77465772e-01  6.90481881e-01  9.00643297e-01  1.09839529e+00  
1.27474732e+00  1.42168176e+00  1.53251841e+00  1.60221823e+00  1.62761241e+00  1.60754641e+00  
1.54293253e+00  1.43670836e+00  1.29370323e+00  1.12041870e+00  9.24732943e-01  7.15542558e-01  
5.02358128e-01  2.94871817e-01  1.02516731e-01  -6.59619445e-02  -2.02904538e-01  -3.02085125e-01  
-3.58994583e-01  -3.71045595e-01  -3.37690278e-01  -2.60445088e-01  -1.42821881e-01  9.83174820e-03  
1.90575595e-01  3.91192364e-01  6.02561266e-01  8.15072676e-01  1.01906503e+00  1.20526406e+00  
1.36520448e+00  1.49161478e+00  1.57874788e+00  -2.22087889e-01  -1.3495479e-01  -8.54448994e-03  
1.51395924e-01  3.37594961e-01  5.41587313e-01  7.54098723e-01  9.65467624e-01  1.16608439e+00  
1.34682824e+00  1.49948187e+00  1.61710508e+00  1.69435027e+00  1.72770558e+00  1.71565457e+00  
1.65874511e+00  1.55956453e+00  1.42262193e+00  1.25414326e+00  1.06178817e+00  8.54301861e-01  
6.41117431e-01  4.31927046e-01  2.36241286e-01  6.295676e-02  -8.0048367e-02  -1.86272545e-01  
-2.50886425e-01  -2.70952417e-01  -2.45558245e-01  -1.75858425e-01  -6.50217712e-02  8.19126659e-02  
2.58264695e-01  4.56016692e-01  6.66178108e-01  8.79194217e-01  1.08538051e+00  1.27536297e+00  
1.44050430e+00  1.57329655e+00  1.66770249e+00  1.71943005e+00  1.72612753e+00  1.68749042e+00  
1.60527531e+00  1.48322001e+00  1.32687361e+00  1.14334421e+00  9.40975737e-01  7.28968627e-01  
5.16961517e-01  3.14593046e-01  1.31063644e-01  -2.52827533e-02  -1.47338053e-01  -2.29553162e-01  
-2.68190273e-01  -2.61492798e-01  -2.09765230e-01  -1.15359298e-01  1.74329502e-02  1.82574281e-01  
3.72556749e-01  5.78743038e-01  7.91759147e-01  1.00192056e+00  1.19967256e+00  1.37602459e+00  
1.52295903e+00  1.63379568e+00  1.70349550e+00  1.72888967e+00  1.70882368e+00  1.64420980e+00  
1.53798562e+00  1.39498049e+00  1.22169597e+00  1.02601021e+00  8.16819824e-01  6.03635394e-01  
3.96149083e-01  2.03793997e-01  3.53153216e-02  -1.01627272e-01  -2.00807858e-01  -2.57717317e-01  
-2.69768329e-01  -2.36413011e-01  -1.59167821e-01  -4.15446154e-02  1.11109014e-01  2.91852861e-01  
4.92469630e-01  7.03838532e-01  9.16349942e-01  1.12034229e+00  1.30654133e+00  1.46648174e+00  
1.59289204e+00  1.68002514e+00  -1.34717266e-01  -4.75841665e-02  7.88261334e-02  2.38766547e-01  
4.24965584e-01  6.28957936e-01  8.41469346e-01  1.05283825e+00  1.25345502e+00  1.43419886e+00  
1.58685249e+00  1.7044757e+00  1.78172089e+00  1.81507621e+00  1.80302519e+00  1.74611574e+00  
1.64693515e+00  1.50999256e+00  1.34151388e+00  1.1491588e+00  9.41672484e-01  7.28488054e-01  
5.19297669e-01  3.23611909e-01  1.50327383e-01  7.32225634e-03  -9.89019219e-02  -1.63515802e-01  
-1.83581793e-01  -1.58187622e-01  -8.84878017e-02  2.23488521e-02  1.69283289e-01  3.45635319e-01  
5.43387315e-01  7.53548731e-01  9.6656484e-01  1.17275113e+00  1.3627336e+00  1.52787493e+00  
1.66066718e+00  1.75507311e+00  1.80680068e+00  1.81349815e+00  1.77486104e+00  1.69264593e+00  
1.57059063e+00  1.41424423e+00  1.23071483e+00  1.02834636e+00  8.16339251e-01  6.04332141e-01  
4.0196367e-01  2.18434268e-01  6.208787e-02  -5.99674293e-02  -1.42182538e-01  -1.8081965e-01  
-1.74122175e-01  -1.22394607e-01  -2.79886748e-02  1.04803574e-01  2.69944904e-01  4.59927372e-01  
6.66113662e-01  8.79129770e-01  1.08929119e+00  1.28704318e+00  1.46339521e+00  1.61032965e+00  
1.72116630e+00  1.79086612e+00  1.81626029e+00  1.79619430e+00  1.73158042e+00  1.62535625e+00  
1.48235112e+00  1.30906659e+00  1.11338083e+00  9.04190447e-01  6.91006017e-01  4.83519706e-01  
2.91164621e-01  1.22685945e-01  -1.42566485e-02  -1.13437235e-01  -1.70346693e-01  -1.82397706e-01  
-1.49042388e-01  -7.17971981e-02  4.58260079e-02  1.98479638e-01  3.79223484e-01  5.79840254e-01  
7.91209155e-01  1.00372057e+00  1.20771292e+00  1.39391195e+00  1.55385237e+00  1.68026267e+00  
1.76739577e+00  -6.29200675e-02  2.42130316e-02  1.50623331e-01  3.10563745e-01  4.96762782e-01  
7.00755134e-01  9.13266544e-01  1.12463545e+00  1.32525222e+00  1.50599606e+00  1.65864969e+00  
1.7762729e+00  1.85351809e+00  1.88687341e+00  1.87482239e+00  1.81791293e+00  1.71873235e+00  
1.58178975e+00  1.41331108e+00  1.22095599e+00  1.01346968e+00  8.00285252e-01  5.91094867e-01  
3.95409107e-01  2.22124581e-01  7.91194544e-02  -2.71047238e-02  -9.17186036e-02  -1.11784595e-01  
-8.6390424e-02  -1.66906037e-02  9.41460502e-02  2.41080487e-01  4.17432517e-01  6.15184513e-01  
8.25345929e-01  1.03836204e+00  1.24454833e+00  1.4345308e+00  1.59967213e+00  1.73246437e+00  
1.82687031e+00  1.87859787e+00  1.88529535e+00  1.84665824e+00  1.76444313e+00  1.64238783e+00  
1.48604143e+00  1.30251203e+00  1.10014356e+00  8.88136449e-01  6.76129339e-01  4.73760868e-01  
2.90231466e-01  1.33885068e-01  1.18297688e-02  -7.03853402e-02  -1.09022451e-01  -1.02324977e-01  
-5.05974088e-02  4.38085233e-02  1.76600772e-01  3.41742102e-01  5.31724570e-01  7.3791086e-01  
9.50926968e-01  1.16108838e+00  1.35884038e+00  1.53519241e+00  1.68212685e+00  1.79296350e+00  
1.86266332e+00  1.88805749e+00  1.86799150e+00  1.80337762e+00  1.69715344e+00  1.55414832e+00  
1.38086379e+00  1.18517803e+00  9.75987645e-01  7.62803215e-01  5.55316904e-01  3.62961819e-01  
1.94483143e-01  5.75405496e-02  -4.16400371e-02  -9.85494954e-02  -1.10600508e-01  -7.72451900e-02  
-1.66533454e-15  1.17623206e-01  2.70276836e-01  4.51020682e-01  6.51637452e-01  8.63006353e-01  
1.07551776e+00  1.27951012e+00  1.46570915e+00  1.62564957e+00  1.75205987e+00  1.83919297e+00  
-8.06598040e-03  7.90671187e-02  2.05477419e-01  3.65417832e-01  5.51616869e-01  7.55609221e-01  
9.68120631e-01  1.17948953e+00  1.38010630e+00  1.56085015e+00  1.71350378e+00  1.83112698e+00  
1.90837217e+00  1.94172749e+00  1.92967648e+00  1.87276702e+00  1.77358644e+00  1.63664384e+00  
1.46816517e+00  1.27581008e+00  1.06832377e+00  8.55139339e-01  6.45948954e-01  4.50263194e-01  
2.76978668e-01  1.33973542e-01  2.77493633e-02  -3.68645165e-02  -5.69305083e-02  -3.15363369e-02  
3.81634834e-02  1.49000137e-01  2.95934574e-01  4.72286604e-01  6.70038600e-01  8.80200016e-01  
1.09321613e+00  1.29940241e+00  1.48938488e+00  1.65452621e+00  1.78731846e+00  1.88172439e+00  
1.93345196e+00  1.94014944e+00  1.90151232e+00  1.81929722e+00  1.69724192e+00  1.54089552e+00  
1.35736612e+00  1.15499765e+00  9.42990536e-01  7.30983426e-01  5.28614955e-01  3.45085553e-01  
1.88739155e-01  6.66838558e-02  -1.55312531e-02  -5.41683644e-02  -4.74708898e-02  4.25667824e-03  
9.86626104e-02  2.31454859e-01  3.96596189e-01  5.86578657e-01  7.92764947e-01  1.00578106e+00  
1.21594247e+00  1.41369447e+00  1.5900465e+00  1.73698093e+00  1.84781759e+00  1.91751741e+00  
1.94291158e+00  1.92284559e+00  1.85823171e+00  1.75200753e+00  1.60900240e+00  1.43571788e+00  
1.24003212e+00  1.03084173e+00  8.17657302e-01  6.10170991e-01  4.17815906e-01  2.49337230e-01  
1.12394637e-01  1.32140500e-02  -4.36954083e-02  -5.57464207e-02  -2.23911029e-02  5.48540871e-02  
1.72477293e-01  3.25130923e-01  5.05874769e-01  7.06491539e-01  9.17860440e-01  1.13037185e+00  
1.33436420e+00  1.52056324e+00  1.68050365e+00  1.80691395e+00  1.89404705e+00  2.87985361e-02  
1.15931635e-01  2.42341935e-01  4.02282349e-01  5.88481386e-01  7.92473738e-01  1.00498515e+00  
1.21635405e+00  1.41697082e+00  1.59771467e+00  1.7503683e+00  1.86799150e+00  1.94523669e+00  
1.97859201e+00  1.966541e+00  1.90963154e+00  1.81045095e+00  1.67350836e+00  1.50502968e+00  
1.3126746e+00  1.10518829e+00  8.92003856e-01  6.82813471e-01  4.87127711e-01  3.13843185e-01  
1.70838058e-01  6.46138798e-02  0.e+00  -2.00659918e-02  5.3281796e-03  7.50279999e-02  
1.85864654e-01  3.32799091e-01  5.09151120e-01  7.06903117e-01  9.17064533e-01  1.13008064e+00  
1.33626693e+00  1.5262494e+00  1.69139073e+00  1.82418298e+00  1.91858891e+00  1.97031648e+00  
1.97701395e+00  1.93837684e+00  1.85616173e+00  1.73410643e+00  1.57776004e+00  1.39423063e+00  
1.19186216e+00  9.79855052e-01  7.67847942e-01  5.65479471e-01  3.81950069e-01  2.25603672e-01  
1.03548372e-01  2.13332634e-02  -1.73038479e-02  -1.06063733e-02  4.11211947e-02  1.35527127e-01  
2.68319375e-01  4.33460706e-01  6.23443174e-01  8.29629463e-01  1.04264557e+00  1.25280699e+00  
1.45055898e+00  1.62691101e+00  1.77384545e+00  1.88468210e+00  1.95438193e+00  1.9797761e+00  
1.95971010e+00  1.89509623e+00  1.78887205e+00  1.64586692e+00  1.47258239e+00  1.27689663e+00  
1.06770625e+00  8.54521819e-01  6.47035508e-01  4.54680422e-01  2.86201747e-01  1.49259153e-01  
5.00785665e-02  -6.83089182e-03  -1.88819042e-02  1.44734136e-02  9.17186036e-02  2.0934181e-01  
3.61995439e-01  5.42739286e-01  7.43356055e-01  9.54724957e-01  1.16723637e+00  1.37122872e+00  
1.55742776e+00  1.71736817e+00  1.84377847e+00  1.93091157e+00  4.69702121e-02  1.34103311e-01  
2.60513611e-01  4.20454025e-01  6.06653062e-01  8.10645414e-01  1.02315682e+00  1.23452573e+00  
1.4351425e+00  1.61588634e+00  1.76853997e+00  1.88616318e+00  1.96340837e+00  1.99676369e+00  
1.98471267e+00  1.92780321e+00  1.82862263e+00  1.69168003e+00  1.52320136e+00  1.33084627e+00  
1.12335996e+00  9.10175532e-01  7.00985147e-01  5.05299387e-01  3.32014861e-01  1.89009734e-01  
8.27855558e-02  1.81716760e-02  -1.89431578e-03  2.34998556e-02  9.3199676e-02  2.0403633e-01  
3.50970767e-01  5.27322796e-01  7.25074793e-01  9.35236209e-01  1.14825232e+00  1.35443861e+00  
1.54442108e+00  1.70956241e+00  1.84235465e+00  1.93676059e+00  1.98848815e+00  1.99518563e+00  
1.95654852e+00  1.87433341e+00  1.75227811e+00  1.59593171e+00  1.41240231e+00  1.21003384e+00  
9.98026728e-01  7.86019619e-01  5.83651147e-01  4.00121745e-01  2.43775348e-01  1.21720048e-01  
3.95049394e-02  8.67828168e-04  7.56530273e-03  5.92928708e-02  1.53698803e-01  2.86491051e-01  
4.51632382e-01  6.4161485e-01  8.47801139e-01  1.06081725e+00  1.27097866e+00  1.46873066e+00  
1.64508269e+00  1.79201713e+00  1.90285378e+00  1.97255360e+00  1.99794777e+00  1.97788178e+00  
1.91326790e+00  1.80704372e+00  1.6640386e+00  1.49075407e+00  1.29506831e+00  1.08587792e+00  
8.72693495e-01  6.65207184e-01  4.72852098e-01  3.04373423e-01  1.67430829e-01  6.82502425e-02  
1.13407842e-02  -7.10228178e-04  3.26450896e-02  1.0989028e-01  2.27513486e-01  3.80167115e-01  
5.60910962e-01  7.61527731e-01  9.72896633e-01  1.18540804e+00  1.3894004e+00  1.57559943e+00  
1.73553985e+00  1.86195015e+00  1.94908324e+00  4.6102384e-02  1.33235483e-01  2.59645783e-01  
4.19586197e-01  6.05785233e-01  8.09777586e-01  1.022289e+00  1.2336579e+00  1.43427467e+00  
1.61501851e+00  1.76767214e+00  1.88529535e+00  1.96254054e+00  1.99589586e+00  1.98384484e+00  
1.92693539e+00  1.8277548e+00  1.69081221e+00  1.52233353e+00  1.32997844e+00  1.12249213e+00  
9.09307704e-01  7.00117319e-01  5.04431559e-01  3.31147033e-01  1.88141906e-01  8.19177276e-02  
1.73038479e-02  -2.76214394e-03  2.26320275e-02  9.23318478e-02  2.03168502e-01  3.50102939e-01  
5.26454968e-01  7.24206965e-01  9.34368381e-01  1.14738449e+00  1.35357078e+00  1.54355325e+00  
1.70869458e+00  1.84148683e+00  1.93589276e+00  1.98762033e+00  1.99431780e+00  1.95568069e+00  
1.87346558e+00  1.75141028e+00  1.59506388e+00  1.41153448e+00  1.20916601e+00  9.97158900e-01  
7.85151790e-01  5.82783319e-01  3.99253917e-01  2.4290752e-01  1.20852220e-01  3.86371112e-02  
1.11022302e-16  6.69747456e-03  5.84250426e-02  1.52830975e-01  2.85623223e-01  4.50764554e-01  
6.40747022e-01  8.46933311e-01  1.05994942e+00  1.27011084e+00  1.46786283e+00  1.64421486e+00  
1.7911493e+00  1.90198595e+00  1.97168577e+00  1.99707994e+00  1.97701395e+00  1.91240007e+00  
1.80617589e+00  1.66317077e+00  1.48988624e+00  1.29420048e+00  1.0850101e+00  8.71825667e-01  
6.64339356e-01  4.71984270e-01  3.03505594e-01  1.66563001e-01  6.73824144e-02  1.04729561e-02  
-1.57805635e-03  3.17772614e-02  1.09022451e-01  2.26645657e-01  3.79299287e-01  5.60043134e-01  
7.60659903e-01  9.72028805e-01  1.18454021e+00  1.38853257e+00  1.57473160e+00  1.73467202e+00  
1.86108232e+00  1.94821542e+00  2.62116073e-02  1.13344706e-01  2.39755006e-01  3.99695420e-01  
5.85894457e-01  7.89886809e-01  1.00239822e+00  1.21376712e+00  1.41438389e+00  1.59512774e+00  
1.74778137e+00  1.86540457e+00  1.94264976e+00  1.97600508e+00  1.96395407e+00  1.90704461e+00  
1.80786402e+00  1.67092143e+00  1.50244275e+00  1.31008767e+00  1.10260136e+00  8.89416927e-01  
6.80226542e-01  4.84540782e-01  3.11256256e-01  1.68251129e-01  6.20269509e-02  -2.58692882e-03  
-2.26529206e-02  2.74125078e-03  7.24410711e-02  1.83277725e-01  3.30212162e-01  5.06564191e-01  
7.04316188e-01  9.14477604e-01  1.12749371e+00  1.33368000e+00  1.52366247e+00  1.68880380e+00  
1.82159605e+00  1.91600198e+00  1.96772955e+00  1.97442702e+00  1.93578991e+00  1.85357480e+00  
1.73151950e+00  1.57517311e+00  1.39164370e+00  1.18927523e+00  9.77268124e-01  7.65261014e-01  
5.62892543e-01  3.79363141e-01  2.23016743e-01  1.00961444e-01  1.87463346e-02  -1.98907767e-02  
-1.31933021e-02  3.85342659e-02  1.32940198e-01  2.65732446e-01  4.30873777e-01  6.20856245e-01  
8.27042534e-01  1.04005864e+00  1.25022006e+00  1.44797206e+00  1.62432409e+00  1.77125852e+00  
1.88209518e+00  1.951795e+00  1.97718917e+00  1.95712318e+00  1.8925093e+00  1.78628512e+00  
1.64327999e+00  1.46999547e+00  1.27430971e+00  1.06511932e+00  8.51934890e-01  6.44448579e-01  
4.52093494e-01  2.83614818e-01  1.46672224e-01  4.74916377e-02  -9.41782064e-03  -2.14688330e-02  
1.18864847e-02  8.91316748e-02  2.06754881e-01  3.59408510e-01  5.40152357e-01  7.40769127e-01  
9.52138028e-01  1.16464944e+00  1.36864179e+00  1.55484083e+00  1.71478124e+00  1.84119154e+00  
1.92832464e+00  -1.23226586e-02  7.48104405e-02  2.01220740e-01  3.61161154e-01  5.47360191e-01  
7.51352543e-01  9.63863953e-01  1.17523285e+00  1.37584962e+00  1.55659347e+00  1.70924710e+00  
1.82687031e+00  1.9041155e+00  1.93747081e+00  1.92541980e+00  1.86851034e+00  1.76932976e+00  
1.63238716e+00  1.46390849e+00  1.27155340e+00  1.06406709e+00  8.50882661e-01  6.41692276e-01  
4.46006516e-01  2.72721990e-01  1.29716863e-01  2.34926850e-02  -4.11211947e-02  -6.11871865e-02  
-3.57930151e-02  3.39068052e-02  1.44743459e-01  2.91677896e-01  4.68029925e-01  6.65781922e-01  
8.75943338e-01  1.08895945e+00  1.29514574e+00  1.48512820e+00  1.65026953e+00  1.78306178e+00  
1.87746772e+00  1.92919528e+00  1.93589276e+00  1.89725565e+00  1.81504054e+00  1.69298524e+00  
1.53663884e+00  1.35310944e+00  1.15074097e+00  9.38733858e-01  7.26726748e-01  5.24358277e-01  
3.40828875e-01  1.84482477e-01  6.24271776e-02  -1.97879314e-02  -5.84250426e-02  -5.17275680e-02  
-5.55111512e-16  9.44059322e-02  2.27198180e-01  3.92339511e-01  5.82321979e-01  7.88508269e-01  
1.00152438e+00  1.21168579e+00  1.40943779e+00  1.58578982e+00  1.73272426e+00  1.84356091e+00  
1.91326073e+00  1.93865490e+00  1.91858891e+00  1.85397503e+00  1.74775085e+00  1.60474573e+00  
1.4314612e+00  1.23577544e+00  1.02658505e+00  8.13400624e-01  6.05914313e-01  4.13559228e-01  
2.45080552e-01  1.08137958e-01  8.95737177e-03  -4.79520866e-02  -6.0003099e-02  -2.66477812e-02  
5.05974088e-02  1.68220615e-01  3.20874245e-01  5.01618091e-01  7.02234861e-01  9.13603762e-01  
1.12611517e+00  1.33010752e+00  1.51630656e+00  1.67624698e+00  1.80265727e+00  1.88979037e+00  
-6.87652899e-02  1.83678092e-02  1.44778109e-01  3.04718523e-01  4.9091756e-01  6.94909912e-01  
9.07421322e-01  1.11879022e+00  1.31940699e+00  1.50015084e+00  1.65280447e+00  1.77042768e+00  
1.84767287e+00  1.88102818e+00  1.86897717e+00  1.81206771e+00  1.71288713e+00  1.57594453e+00  
1.40746586e+00  1.21511077e+00  1.00762446e+00  7.9444003e-01  5.85249645e-01  3.89563885e-01  
2.16279359e-01  7.32742321e-02  -3.29499462e-02  -9.75638259e-02  -1.17629818e-01  -9.22356464e-02  
-2.25358260e-02  8.83008278e-02  2.35235265e-01  4.11587294e-01  6.09339291e-01  8.19500707e-01  
1.03251682e+00  1.23870311e+00  1.42868557e+00  1.59382690e+00  1.72661915e+00  1.82102508e+00  
1.87275265e+00  1.87945013e+00  1.84081302e+00  1.75859791e+00  1.63654261e+00  1.48019621e+00  
1.29666681e+00  1.09429834e+00  8.82291226e-01  6.70284117e-01  4.67915645e-01  2.84386243e-01  
1.28039846e-01  5.98454639e-03  -7.62305626e-02  -1.14867674e-01  -1.08170199e-01  -5.64426312e-02  
3.79633009e-02  1.70755549e-01  3.3589688e-01  5.25879348e-01  7.32065637e-01  9.45081746e-01  
1.15524316e+00  1.35299516e+00  1.52934719e+00  1.67628163e+00  1.78711828e+00  1.8568181e+00  
1.88221227e+00  1.86214628e+00  1.7975324e+00  1.69130822e+00  1.54830309e+00  1.37501857e+00  
1.17933281e+00  9.70142423e-01  7.56957993e-01  5.49471682e-01  3.57116596e-01  1.88637921e-01  
5.16953272e-02  -4.74852595e-02  -1.04394718e-01  -1.16445730e-01  -8.30904124e-02  -5.84522238e-03  
1.11777984e-01  2.64431613e-01  4.4517546e-01  6.45792229e-01  8.57161131e-01  1.06967254e+00  
1.27366489e+00  1.45986393e+00  1.61980434e+00  1.74621464e+00  1.83334774e+00  -1.42039522e-01  
-5.49064228e-02  7.15038770e-02  2.31444291e-01  4.17643328e-01  6.2163568e-01  8.3414709e-01  
1.04551599e+00  1.24613276e+00  1.42687661e+00  1.57953024e+00  1.69715344e+00  1.77439863e+00  
1.80775395e+00  1.79570294e+00  1.73879348e+00  1.63961289e+00  1.50267030e+00  1.33419162e+00  
1.14183654e+00  9.34350228e-01  7.21165798e-01  5.11975413e-01  3.16289653e-01  1.43005127e-01  
6.66133815e-16  -1.06224178e-01  -1.70838058e-01  -1.9090405e-01  -1.65509878e-01  -9.58100581e-02  
1.50265957e-02  1.61961033e-01  3.38313062e-01  5.36065059e-01  7.46226475e-01  9.59242583e-01  
1.16542887e+00  1.35541134e+00  1.52055267e+00  1.65334492e+00  1.74775085e+00  1.79947842e+00  
1.80617589e+00  1.76753878e+00  1.68532367e+00  1.56326838e+00  1.40692198e+00  1.22339258e+00  
1.02102410e+00  8.09016994e-01  5.97009884e-01  3.94641413e-01  2.11112011e-01  5.47656136e-02  
-6.72896857e-02  -1.49504795e-01  -1.88141906e-01  -1.81444431e-01  -1.29716863e-01  -3.53109311e-02  
9.74813172e-02  2.62622648e-01  4.52605116e-01  6.58791405e-01  8.71807514e-01  1.08196893e+00  
1.27972093e+00  1.45607296e+00  1.60300739e+00  1.71384405e+00  1.78354387e+00  1.80893804e+00  
1.78887205e+00  1.72425817e+00  1.61803399e+00  1.47502886e+00  1.30174434e+00  1.10605858e+00  
8.96868191e-01  6.83683761e-01  4.7619745e-01  2.83842364e-01  1.15363689e-01  -2.15789048e-02  
-1.20759492e-01  -1.7766895e-01  -1.89719962e-01  -1.56364644e-01  -7.91194544e-02  3.85037516e-02  
1.91157381e-01  3.71901228e-01  5.72517997e-01  7.83886899e-01  9.96398309e-01  1.20039066e+00  
1.3865897e+00  1.54653011e+00  1.67294041e+00  1.76007351e+00  -2.30747491e-01  -1.43614392e-01  
-1.72040925e-02  1.42736321e-01  3.28935358e-01  5.32927710e-01  7.45439120e-01  9.56808022e-01  
1.15742479e+00  1.33816864e+00  1.49082227e+00  1.60844547e+00  1.68569066e+00  1.71904598e+00  
1.70699497e+00  1.65008551e+00  1.55090492e+00  1.41396233e+00  1.24548365e+00  1.05312857e+00  
8.45642258e-01  6.32457828e-01  4.23267443e-01  2.27581683e-01  5.42971575e-02  -8.87079695e-02  
-1.94932148e-01  -2.59546027e-01  -2.79612019e-01  -2.54217848e-01  -1.84518028e-01  -7.36813738e-02  
7.32530633e-02  2.49605093e-01  4.47357089e-01  6.57518505e-01  8.70534614e-01  1.07672090e+00  
1.26670337e+00  1.43184470e+00  1.56463695e+00  1.65904288e+00  1.71077045e+00  1.71746793e+00  
1.67883081e+00  1.59661570e+00  1.47456041e+00  1.31821401e+00  1.13468461e+00  9.32316135e-01  
7.20309025e-01  5.08301915e-01  3.05933444e-01  1.22404042e-01  -3.39423558e-02  -1.55997655e-01  
-2.38212764e-01  -2.76849875e-01  -2.70152401e-01  -2.18424833e-01  -1.24018901e-01  8.77334768e-03  
1.73914678e-01  3.63897146e-01  5.70083436e-01  7.83099544e-01  9.93260960e-01  1.19101296e+00  
1.36736499e+00  1.51429942e+00  1.62513608e+00  1.6948359e+00  1.72023007e+00  1.70016408e+00  
1.6355502e+00  1.52932602e+00  1.38632089e+00  1.21303637e+00  1.01735061e+00  8.08160221e-01  
5.94975791e-01  3.87489480e-01  1.95134395e-01  2.66557191e-02  -1.10286874e-01  -2.09467461e-01  
-2.66376919e-01  -2.78427932e-01  -2.45072614e-01  -1.67827424e-01  -5.02042179e-02  1.02449412e-01  
2.83193258e-01  4.83810028e-01  6.95178929e-01  9.07690339e-01  1.11168269e+00  1.29788173e+00  
1.45782214e+00  1.58423244e+00  1.67136554e+00  -3.33196903e-01  -2.46063804e-01  -1.19653504e-01  
4.02869097e-02  2.26485946e-01  4.30478299e-01  6.42989709e-01  8.54358610e-01  1.05497538e+00  
1.23571923e+00  1.38837286e+00  1.50599606e+00  1.58324125e+00  1.61659657e+00  1.60454556e+00  
1.5476361e+00  1.44845551e+00  1.31151292e+00  1.14303424e+00  9.50679158e-01  7.43192847e-01  
5.30008417e-01  3.20818032e-01  1.25132272e-01  -4.81522543e-02  -1.91157381e-01  -2.9738156e-01  
-3.61995439e-01  -3.82061431e-01  -3.5666726e-01  -2.86967439e-01  -1.76130786e-01  -2.91963485e-02  
1.47155681e-01  3.44907678e-01  5.55069094e-01  7.68085202e-01  9.74271492e-01  1.16425396e+00  
1.32939529e+00  1.46218754e+00  1.55659347e+00  1.60832104e+00  1.61501851e+00  1.57638140e+00  
1.49416629e+00  1.37211099e+00  1.2157646e+00  1.03223519e+00  8.29866723e-01  6.17859613e-01  
4.05852503e-01  2.03484032e-01  1.99546300e-02  -1.36391768e-01  -2.58447067e-01  -3.40662176e-01  
-3.79299287e-01  -3.72601813e-01  -3.20874245e-01  -2.26468312e-01  -9.36760641e-02  7.14652664e-02  
2.61447734e-01  4.67634024e-01  6.80650133e-01  8.90811549e-01  1.08856355e+00  1.26491557e+00  
1.41185001e+00  1.52268667e+00  1.59238649e+00  1.61778066e+00  1.59771467e+00  1.53310079e+00  
1.42687661e+00  1.28387148e+00  1.11058695e+00  9.14901195e-01  7.0571081e-01  4.9252638e-01  
2.85040069e-01  9.26849831e-02  -7.57936927e-02  -2.12736286e-01  -3.11916873e-01  -3.68826331e-01  
-3.80877344e-01  -3.47522026e-01  -2.70276836e-01  -1.5265363e-01  -1.88737914e-15  1.80743846e-01  
3.81360616e-01  5.92729518e-01  8.05240928e-01  1.00923328e+00  1.19543232e+00  1.35537273e+00  
1.48178303e+00  1.56891613e+00  -4.47433315e-01  -3.60300216e-01  -2.33889916e-01  -7.39495018e-02  
1.12249535e-01  3.16241887e-01  5.28753297e-01  7.40122199e-01  9.40738968e-01  1.12148281e+00  
1.27413644e+00  1.39175965e+00  1.46900484e+00  1.50236016e+00  1.49030915e+00  1.43339969e+00  
1.33421910e+00  1.19727651e+00  1.02879783e+00  8.36442746e-01  6.28956435e-01  4.15772005e-01  
2.06581620e-01  1.08958601e-02  -1.62388666e-01  -3.05393793e-01  -4.11617971e-01  -4.76231851e-01  
-4.96297843e-01  -4.70903671e-01  -4.01203851e-01  -2.90367197e-01  -1.4343276e-01  3.29192695e-02  
2.30671266e-01  4.40832682e-01  6.53848791e-01  8.60035080e-01  1.05001755e+00  1.21515888e+00  
1.34795113e+00  1.44235706e+00  1.49408463e+00  1.50078210e+00  1.46214499e+00  1.37992988e+00  
1.25787458e+00  1.10152818e+00  9.17998783e-01  7.15630312e-01  5.03623202e-01  2.91616092e-01  
8.92476206e-02  -9.42817814e-02  -2.50628179e-01  -3.72683478e-01  -4.54898587e-01  -4.93535699e-01  
-4.86838224e-01  -4.35110656e-01  -3.40704724e-01  -2.07912476e-01  -4.27711451e-02  1.47211323e-01  
3.53397613e-01  5.66413721e-01  7.76575137e-01  9.74327134e-01  1.15067916e+00  1.29761360e+00  
1.40845025e+00  1.47815007e+00  1.50354425e+00  1.48347825e+00  1.41886437e+00  1.3126402e+00  
1.16963507e+00  9.96350543e-01  8.00664783e-01  5.91474398e-01  3.78289968e-01  1.70803657e-01  
-2.15514283e-02  -1.90030104e-01  -3.26972698e-01  -4.26153284e-01  -4.83062743e-01  -4.95113755e-01  
-4.61758437e-01  -3.84513247e-01  -2.66890041e-01  -1.14236411e-01  6.6507435e-02  2.67124205e-01  
4.78493106e-01  6.91004516e-01  8.94996868e-01  1.08119591e+00  1.24113632e+00  1.36754662e+00  
1.45467972e+00  -5.71277421e-01  -4.84144322e-01  -3.57734022e-01  -1.97793608e-01  -1.15945713e-02  
1.92397781e-01  4.04909191e-01  6.16278093e-01  8.16894862e-01  9.97638709e-01  1.15029234e+00  
1.26791554e+00  1.34516073e+00  1.37851605e+00  1.36646504e+00  1.30955558e+00  1.21037499e+00  
1.07343240e+00  9.04953725e-01  7.12598640e-01  5.05112329e-01  2.91927899e-01  8.27375139e-02  
-1.12948246e-01  -2.86232772e-01  -4.29237899e-01  -5.35462077e-01  -6.00075957e-01  -6.20141949e-01  
-5.94747777e-01  -5.25047957e-01  -4.14211303e-01  -2.67276866e-01  -9.09248366e-02  1.06827160e-01  
3.16988576e-01  5.30004685e-01  7.36190974e-01  9.26173442e-01  1.09131477e+00  1.22410702e+00  
1.31851295e+00  1.37024052e+00  1.376938e+00  1.33830088e+00  1.25608578e+00  1.13403048e+00  
9.77684079e-01  7.94154677e-01  5.91786205e-01  3.79779096e-01  1.67771986e-01  -3.45964855e-02  
-2.18125888e-01  -3.74472285e-01  -4.96527585e-01  -5.78742693e-01  -6.17379805e-01  -6.10682330e-01  
-5.58954762e-01  -4.6454883e-01  -3.31756582e-01  -1.66615251e-01  2.33672168e-02  2.29553506e-01  
4.42569615e-01  6.52731031e-01  8.50483028e-01  1.02683506e+00  1.17376949e+00  1.28460615e+00  
1.35430597e+00  1.37970014e+00  1.35963415e+00  1.29502027e+00  1.18879609e+00  1.04579096e+00  
8.72506437e-01  6.76820677e-01  4.67630292e-01  2.54445862e-01  4.6959551e-02  -1.45395534e-01  
-3.13874210e-01  -4.50816804e-01  -5.49997390e-01  -6.06906849e-01  -6.18957861e-01  -5.85602543e-01  
-5.08357353e-01  -3.90734147e-01  -2.38080518e-01  -5.73366711e-02  1.43280098e-01  3.54649000e-01  
5.67160410e-01  7.71152762e-01  9.57351799e-01  1.11729221e+00  1.24370251e+00  1.33083561e+00  
-7.02366629e-01  -6.15233530e-01  -4.88823230e-01  -3.28882816e-01  -1.4268378e-01  6.13085726e-02  
2.73819983e-01  4.85188884e-01  6.85805654e-01  8.66549500e-01  1.01920313e+00  1.13682634e+00  
1.21407153e+00  1.24742684e+00  1.23537583e+00  1.17846637e+00  1.07928579e+00  9.42343193e-01  
7.73864517e-01  5.81509432e-01  3.74023121e-01  1.60838691e-01  -4.83516944e-02  -2.44037454e-01  
-4.17321980e-01  -5.60327107e-01  -6.66551285e-01  -7.31165165e-01  -7.51231157e-01  -7.25836986e-01  
-6.56137165e-01  -5.45300511e-01  -3.98366074e-01  -2.22014045e-01  -2.42620484e-02  1.85899368e-01  
3.98915476e-01  6.05101766e-01  7.95084234e-01  9.60225564e-01  1.09301781e+00  1.18742374e+00  
1.23915131e+00  1.24584879e+00  1.20721168e+00  1.12499657e+00  1.00294127e+00  8.46594870e-01  
6.63065468e-01  4.60696997e-01  2.48689887e-01  3.66827772e-02  -1.65685694e-01  -3.49215096e-01  
-5.05561494e-01  -6.27616793e-01  -7.09831902e-01  -7.48469013e-01  -7.41771539e-01  -6.90043970e-01  
-5.95638038e-01  -4.62845790e-01  -2.9770446e-01  -1.07721992e-01  9.84642980e-02  3.11480407e-01  
5.21641823e-01  7.19393819e-01  8.95745849e-01  1.04268029e+00  1.15351694e+00  1.22321676e+00  
1.24861093e+00  1.22854494e+00  1.16393106e+00  1.05770688e+00  9.14701755e-01  7.41417229e-01  
5.45731469e-01  3.36541084e-01  1.23356654e-01  -8.41296574e-02  -2.76484743e-01  -4.44963419e-01  
-5.81906012e-01  -6.81086599e-01  -7.37996057e-01  -7.50047069e-01  -7.16691752e-01  -6.39446562e-01  
-5.21823356e-01  -3.69169726e-01  -1.88425879e-01  1.21908901e-02  2.23559792e-01  4.36071202e-01  
6.40063554e-01  8.26262591e-01  9.86203005e-01  1.11261330e+00  1.19974640e+00  -8.38200131e-01  
-7.51067032e-01  -6.24656732e-01  -4.64716319e-01  -2.78517282e-01  -7.45249297e-02  1.37986480e-01  
3.49355382e-01  5.49972152e-01  7.30715998e-01  8.83369628e-01  1.00099283e+00  1.07823802e+00  
1.11159334e+00  1.09954233e+00  1.04263287e+00  9.43452284e-01  8.06509691e-01  6.38031015e-01  
4.45675929e-01  2.38189618e-01  2.50051883e-02  -1.84185197e-01  -3.79870957e-01  -5.53155483e-01  
-6.9616061e-01  -8.02384788e-01  -8.66998668e-01  -8.87064659e-01  -8.61670488e-01  -7.91970668e-01  
-6.81134014e-01  -5.34199577e-01  -3.57847547e-01  -1.60095551e-01  5.00658653e-02  2.63081974e-01  
4.69268264e-01  6.59250732e-01  8.24392062e-01  9.57184310e-01  1.05159024e+00  1.10331781e+00  
1.11001529e+00  1.07137817e+00  9.89163065e-01  8.67107766e-01  7.10761368e-01  5.27231966e-01  
3.24863495e-01  1.12856385e-01  -9.91507250e-02  -3.01519196e-01  -4.85048598e-01  -6.41394996e-01  
-7.63450295e-01  -8.45665404e-01  -8.84302515e-01  -8.77605041e-01  -8.25877473e-01  -7.31471541e-01  
-5.98679292e-01  -4.33537962e-01  -2.43555494e-01  -3.73692042e-02  1.75646904e-01  3.85808320e-01  
5.83560317e-01  7.59912346e-01  9.06846784e-01  1.01768344e+00  1.08738326e+00  1.11277743e+00  
1.09271144e+00  1.02809756e+00  9.21873379e-01  7.78868252e-01  6.05583726e-01  4.09897966e-01  
2.00707581e-01  -1.24768487e-02  -2.1996316e-01  -4.12318245e-01  -5.80796921e-01  -7.17739514e-01  
-8.16920101e-01  -8.73829559e-01  -8.85880572e-01  -8.52525254e-01  -7.75280064e-01  -6.57656858e-01  
-5.05003228e-01  -3.24259382e-01  -1.23642612e-01  8.77262894e-02  3.00237699e-01  5.04230052e-01  
6.90429088e-01  8.50369502e-01  9.76779802e-01  1.06391290e+00  -9.76186612e-01  -8.89053513e-01  
-7.62643213e-01  -6.02702799e-01  -4.16503762e-01  -2.12511410e-01  -2.42861287e-16  2.11368902e-01  
4.11985671e-01  5.92729518e-01  7.45383147e-01  8.63006353e-01  9.40251543e-01  9.73606861e-01  
9.61555849e-01  9.04646390e-01  8.05465804e-01  6.68523210e-01  5.00044535e-01  3.07689449e-01  
1.00203138e-01  -1.12981292e-01  -3.22171677e-01  -5.17857437e-01  -6.91141963e-01  -8.3414709e-01  
-9.40371268e-01  -1.00498515e+00  -1.02505114e+00  -9.99656968e-01  -9.29957148e-01  -8.19120494e-01  
-6.72186057e-01  -4.95834028e-01  -2.98082031e-01  -8.7920615e-02  1.25095494e-01  3.31281783e-01  
5.21264251e-01  6.86405582e-01  8.19197830e-01  9.13603762e-01  9.65331330e-01  9.72028805e-01  
9.33391694e-01  8.51176585e-01  7.29121285e-01  5.72774888e-01  3.89245486e-01  1.86877014e-01  
-2.51300954e-02  -2.37137205e-01  -4.39505676e-01  -6.23035079e-01  -7.79381476e-01  -9.01436775e-01  
-9.83651884e-01  -1.022289e+00  -1.01559152e+00  -9.63863953e-01  -8.69458021e-01  -7.36665773e-01  
-5.71524442e-01  -3.81541974e-01  -1.75355685e-01  3.76604241e-02  2.47821840e-01  4.45573837e-01  
6.21925866e-01  7.68860303e-01  8.79696957e-01  9.49396777e-01  9.74790949e-01  9.54724957e-01  
8.90111077e-01  7.83886899e-01  6.40881772e-01  4.67597246e-01  2.71911486e-01  6.27211011e-02  
-1.50463329e-01  -3.5794964e-01  -5.50304725e-01  -7.18783401e-01  -8.55725995e-01  -9.54906581e-01  
-1.01181604e+00  -1.02386705e+00  -9.90511734e-01  -9.13266544e-01  -7.95643338e-01  -6.42989709e-01  
-4.62245862e-01  -2.61629092e-01  -5.02601909e-02  1.62251219e-01  3.66243571e-01  5.52442608e-01  
7.12383022e-01  8.38793322e-01  9.25926421e-01  -1.11369368e+00  -1.02656058e+00  -9.00150283e-01  
-7.40209869e-01  -5.54010832e-01  -3.5001848e-01  -1.3750707e-01  7.38618318e-02  2.74478601e-01  
4.55222448e-01  6.07876078e-01  7.25499284e-01  8.02744474e-01  8.36099791e-01  8.24048779e-01  
7.67139321e-01  6.67958734e-01  5.31016141e-01  3.62537465e-01  1.70182379e-01  -3.73039316e-02  
-2.50488362e-01  -4.59678747e-01  -6.55364507e-01  -8.28649033e-01  -9.7165416e-01  -1.07787834e+00  
-1.14249222e+00  -1.16255821e+00  -1.13716404e+00  -1.06746422e+00  -9.56627564e-01  -8.09693127e-01  
-6.33341097e-01  -4.35589101e-01  -2.25427685e-01  -1.24115761e-02  1.93774714e-01  3.83757182e-01  
5.48898512e-01  6.81690760e-01  7.76096692e-01  8.27824261e-01  8.34521735e-01  7.95884624e-01  
7.13669515e-01  5.91614216e-01  4.35267818e-01  2.51738416e-01  4.93699447e-02  -1.62637165e-01  
-3.74644275e-01  -5.77012746e-01  -7.60542148e-01  -9.16888546e-01  -1.03894385e+00  -1.12115895e+00  
-1.15979607e+00  -1.15309859e+00  -1.10137102e+00  -1.00696509e+00  -8.74172842e-01  -7.09031512e-01  
-5.19049044e-01  -3.12862754e-01  -9.98466457e-02  1.10314770e-01  3.08066767e-01  4.84418796e-01  
6.31353233e-01  7.42189887e-01  8.11889708e-01  8.37283879e-01  8.17217887e-01  7.52604007e-01  
6.46379829e-01  5.03374702e-01  3.30090176e-01  1.34404416e-01  -7.47859686e-02  -2.87970399e-01  
-4.9545671e-01  -6.87811795e-01  -8.56290471e-01  -9.93233064e-01  -1.09241365e+00  -1.14932311e+00  
-1.16137412e+00  -1.12801880e+00  -1.05077361e+00  -9.33150408e-01  -7.80496778e-01  -5.99752932e-01  
-3.99136162e-01  -1.87767261e-01  2.47441494e-02  2.28736502e-01  4.14935538e-01  5.74875952e-01  
7.01286252e-01  7.88419351e-01  -1.2480981e+00  -1.160965e+00  -1.0345547e+00  -8.74614285e-01  
-6.88415248e-01  -4.84422896e-01  -2.71911486e-01  -6.05425846e-02  1.40074185e-01  3.20818032e-01  
4.73471661e-01  5.91094867e-01  6.68340057e-01  7.01695375e-01  6.89644363e-01  6.32734904e-01  
5.33554318e-01  3.96611724e-01  2.28133048e-01  3.57779629e-02  -1.71708348e-01  -3.84892778e-01  
-5.94083163e-01  -7.89768923e-01  -9.63053449e-01  -1.10605858e+00  -1.21228275e+00  -1.27689663e+00  
-1.29696263e+00  -1.27156845e+00  -1.20186863e+00  -1.09103198e+00  -9.44097543e-01  -7.67745514e-01  
-5.69993517e-01  -3.59832101e-01  -1.46815992e-01  5.93702971e-02  2.49352765e-01  4.14494096e-01  
5.47286344e-01  6.41692276e-01  6.93419844e-01  7.00117319e-01  6.61480207e-01  5.79265098e-01  
4.57209799e-01  3.00863401e-01  1.17333999e-01  -8.50344717e-02  -2.97041582e-01  -5.09048691e-01  
-7.11417163e-01  -8.94946565e-01  -1.05129296e+00  -1.17334826e+00  -1.25556337e+00  -1.29420048e+00  
-1.28750301e+00  -1.23577544e+00  -1.14136951e+00  -1.00857726e+00  -8.43435928e-01  -6.53453460e-01  
-4.47267171e-01  -2.34251062e-01  -2.40896461e-02  1.73662351e-01  3.5001438e-01  4.96948817e-01  
6.07785471e-01  6.77485291e-01  7.02879463e-01  6.82813471e-01  6.18199591e-01  5.11975413e-01  
3.68970286e-01  1.9568576e-01  1.16573418e-15  -2.09190385e-01  -4.22374815e-01  -6.29861126e-01  
-8.22216212e-01  -9.90694887e-01  -1.12763748e+00  -1.22681807e+00  -1.28372753e+00  -1.29577854e+00  
-1.26242322e+00  -1.18517803e+00  -1.06755482e+00  -9.14901195e-01  -7.34157348e-01  -5.33540579e-01  
-3.22171677e-01  -1.09660267e-01  9.43320853e-02  2.80531122e-01  4.40471536e-01  5.66881836e-01  
6.54014935e-01  -1.37683581e+00  -1.28970271e+00  -1.16329241e+00  -1.00335199e+00  -8.17152958e-01  
-6.13160606e-01  -4.00649196e-01  -1.89280295e-01  1.13364751e-02  1.92080322e-01  3.44733951e-01  
4.62357157e-01  5.39602347e-01  5.72957665e-01  5.60906653e-01  5.03997194e-01  4.04816608e-01  
2.67874014e-01  9.93953384e-02  -9.29597470e-02  -3.00446058e-01  -5.13630488e-01  -7.22820873e-01  
-9.18506633e-01  -1.09179116e+00  -1.23479629e+00  -1.34102046e+00  -1.40563434e+00  -1.42570034e+00  
-1.40030616e+00  -1.33060634e+00  -1.21976969e+00  -1.07283525e+00  -8.96483224e-01  -6.98731227e-01  
-4.88569811e-01  -2.75553702e-01  -6.93674129e-02  1.20615055e-01  2.85756386e-01  4.18548634e-01  
5.12954566e-01  5.64682134e-01  5.71379609e-01  5.32742497e-01  4.50527388e-01  3.28472089e-01  
1.72125691e-01  -1.14037106e-02  -2.13772182e-01  -4.25779292e-01  -6.37786401e-01  -8.40154873e-01  
-1.02368427e+00  -1.18003067e+00  -1.30208597e+00  -1.38430108e+00  -1.42293819e+00  -1.41624072e+00  
-1.36451315e+00  -1.27010722e+00  -1.13731497e+00  -9.72173638e-01  -7.82191170e-01  -5.76004881e-01  
-3.62988772e-01  -1.52827356e-01  4.49246406e-02  2.21276670e-01  3.68211107e-01  4.79047761e-01  
5.48747581e-01  5.74141753e-01  5.54075761e-01  4.89461881e-01  3.83237703e-01  2.40232576e-01  
6.694805e-02  -1.2873771e-01  -3.37928095e-01  -5.51112525e-01  -7.58598836e-01  -9.50953922e-01  
-1.1194326e+00  -1.25637519e+00  -1.35555578e+00  -1.41246524e+00  -1.42451625e+00  -1.39116093e+00  
-1.31391574e+00  -1.19629253e+00  -1.04363890e+00  -8.62895058e-01  -6.62278289e-01  -4.50909387e-01  
-2.38397977e-01  -3.44056247e-02  1.51793412e-01  3.11733826e-01  4.38144126e-01  5.25277225e-01  
-1.49745086e+00  -1.41031776e+00  -1.28390746e+00  -1.12396705e+00  -9.37768014e-01  -7.33775661e-01  
-5.21264251e-01  -3.0989535e-01  -1.09278580e-01  7.14652664e-02  2.24118896e-01  3.41742102e-01  
4.18987292e-01  4.5234261e-01  4.40291597e-01  3.83382139e-01  2.84201552e-01  1.47258959e-01  
-2.12197168e-02  -2.13574802e-01  -4.21061113e-01  -6.34245543e-01  -8.43435928e-01  -1.03912169e+00  
-1.21240621e+00  -1.35541134e+00  -1.46163552e+00  -1.5262494e+00  -1.54631539e+00  -1.52092122e+00  
-1.4512214e+00  -1.34038475e+00  -1.19345031e+00  -1.01709828e+00  -8.19346282e-01  -6.09184866e-01  
-3.96168758e-01  -1.89982468e-01  -1.11022302e-16  1.65141330e-01  2.97933579e-01  3.92339511e-01  
4.44067079e-01  4.50764554e-01  4.12127442e-01  3.29912333e-01  2.07857034e-01  5.15106363e-02  
-1.32018766e-01  -3.34387237e-01  -5.46394347e-01  -7.58401457e-01  -9.60769928e-01  -1.14429933e+00  
-1.30064573e+00  -1.42270103e+00  -1.50491614e+00  -1.54355325e+00  -1.53685577e+00  -1.48512820e+00  
-1.39072227e+00  -1.25793002e+00  -1.09278869e+00  -9.02806225e-01  -6.96619936e-01  -4.83603827e-01  
-2.73442411e-01  -7.56904146e-02  1.00661615e-01  2.47596052e-01  3.58432706e-01  4.28132526e-01  
4.53526697e-01  4.33460706e-01  3.68846826e-01  2.62622648e-01  1.19617521e-01  -5.36670052e-02  
-2.49352765e-01  -4.58543150e-01  -6.71727580e-01  -8.79213891e-01  -1.07156898e+00  -1.24004765e+00  
-1.37699025e+00  -1.47617083e+00  -1.53308029e+00  -1.54513130e+00  -1.51177599e+00  -1.4345308e+00  
-1.31690759e+00  -1.16425396e+00  -9.83510113e-01  -7.82893344e-01  -5.71524442e-01  -3.59013032e-01  
-1.5502068e-01  3.11783567e-02  1.91118771e-01  3.17529070e-01  4.0466217e-01  -1.60764227e+00  
-1.52050917e+00  -1.39409887e+00  -1.23415846e+00  -1.04795942e+00  -8.43967070e-01  -6.31455660e-01  
-4.20086759e-01  -2.19469989e-01  -3.87261427e-02  1.13927487e-01  2.31550693e-01  3.08795883e-01  
3.42151201e-01  3.30100188e-01  2.73190730e-01  1.74010143e-01  3.70675501e-02  -1.31411126e-01  
-3.23766211e-01  -5.31252522e-01  -7.44436952e-01  -9.53627337e-01  -1.1493131e+00  -1.32259762e+00  
-1.46560275e+00  -1.57182693e+00  -1.63644081e+00  -1.6565068e+00  -1.63111263e+00  -1.56141281e+00  
-1.45057615e+00  -1.30364172e+00  -1.12728969e+00  -9.29537691e-01  -7.19376275e-01  -5.06360167e-01  
-3.00173877e-01  -1.10191409e-01  5.49499215e-02  1.8774217e-01  2.82148102e-01  3.3387567e-01  
3.40573145e-01  3.01936033e-01  2.19720924e-01  9.7665625e-02  -5.86807727e-02  -2.42210175e-01  
-4.44578646e-01  -6.56585756e-01  -8.68592866e-01  -1.07096134e+00  -1.25449074e+00  -1.41083714e+00  
-1.53289244e+00  -1.61510754e+00  -1.65374466e+00  -1.64704718e+00  -1.59531961e+00  -1.50091368e+00  
-1.36812143e+00  -1.20298010e+00  -1.01299763e+00  -8.06811345e-01  -5.93795236e-01  -3.83633820e-01  
-1.85881824e-01  -9.52979418e-03  1.37404643e-01  2.48241297e-01  3.17941117e-01  3.43335288e-01  
3.23269297e-01  2.58655417e-01  1.52431239e-01  9.42611168e-03  -1.63858414e-01  -3.59544174e-01  
-5.68734559e-01  -7.81918989e-01  -9.89405300e-01  -1.18176039e+00  -1.35023906e+00  -1.48718165e+00  
-1.58636224e+00  -1.6432717e+00  -1.65532271e+00  -1.62196739e+00  -1.54472220e+00  -1.427099e+00  
-1.27444537e+00  -1.09370152e+00  -8.93084753e-01  -6.81715851e-01  -4.69204441e-01  -2.65212089e-01  
-7.90130523e-02  8.09273616e-02  2.07337661e-01  2.94470761e-01  -1.7053079e+00  -1.6181748e+00  
-1.4917645e+00  -1.33182408e+00  -1.14562505e+00  -9.41632695e-01  -7.29121285e-01  -5.17752384e-01  
-3.17135614e-01  -1.36391768e-01  1.62618620e-02  1.33885068e-01  2.11130258e-01  2.44485576e-01  
2.32434563e-01  1.75525105e-01  7.63445185e-02  -6.05980749e-02  -2.29076751e-01  -4.21431836e-01  
-6.28918147e-01  -8.42102577e-01  -1.05129296e+00  -1.24697872e+00  -1.42026325e+00  -1.56326838e+00  
-1.66949255e+00  -1.73410643e+00  -1.75417242e+00  -1.72877825e+00  -1.65907843e+00  -1.54824178e+00  
-1.40130734e+00  -1.22495531e+00  -1.02720332e+00  -8.17041900e-01  -6.04025792e-01  -3.97839502e-01  
-2.07857034e-01  -4.27157035e-02  9.00765448e-02  1.84482477e-01  2.36210045e-01  2.4290752e-01  
2.04270408e-01  1.22055299e-01  0.e+00  -1.56346398e-01  -3.398758e-01  -5.42244271e-01  
-7.54251381e-01  -9.66258491e-01  -1.16862696e+00  -1.35215636e+00  -1.50850276e+00  -1.63055806e+00  
-1.71277317e+00  -1.75141028e+00  -1.74471281e+00  -1.69298524e+00  -1.59857931e+00  -1.46578706e+00  
-1.30064573e+00  -1.11066326e+00  -9.0447697e-01  -6.91460861e-01  -4.81299445e-01  -2.83547449e-01  
-1.07195419e-01  3.97390179e-02  1.50575672e-01  2.20275492e-01  2.45669663e-01  2.25603672e-01  
1.60989792e-01  5.47656136e-02  -8.82395133e-02  -2.61524039e-01  -4.57209799e-01  -6.66400184e-01  
-8.79584614e-01  -1.08707093e+00  -1.27942601e+00  -1.44790469e+00  -1.58484728e+00  -1.68402787e+00  
-1.74093732e+00  -1.75298834e+00  -1.71963302e+00  -1.64238783e+00  -1.52476462e+00  -1.37211099e+00  
-1.19136715e+00  -9.90750378e-01  -7.79381476e-01  -5.66870066e-01  -3.62877714e-01  -1.76678677e-01  
-1.67382634e-02  1.09672036e-01  1.96805136e-01  -1.78858456e+00  -1.70145146e+00  -1.57504116e+00  
-1.41510074e+00  -1.22890171e+00  -1.02490935e+00  -8.12397945e-01  -6.01029043e-01  -4.00412273e-01  
-2.19668427e-01  -6.70147973e-02  5.06084088e-02  1.27853599e-01  1.61208917e-01  1.49157904e-01  
9.22484458e-02  -6.93214085e-03  -1.43874734e-01  -3.12353410e-01  -5.04708496e-01  -7.12194806e-01  
-9.25379237e-01  -1.13456962e+00  -1.33025538e+00  -1.50353991e+00  -1.64654503e+00  -1.75276921e+00  
-1.81738309e+00  -1.83744908e+00  -1.81205491e+00  -1.74235509e+00  -1.63151844e+00  -1.48458400e+00  
-1.30823197e+00  -1.11047998e+00  -9.0031856e-01  -6.87302451e-01  -4.81116161e-01  -2.91133693e-01  
-1.25992363e-01  6.79988546e-03  1.01205818e-01  1.52933386e-01  1.59630860e-01  1.20993749e-01  
3.87786400e-02  -8.32766593e-02  -2.39623057e-01  -4.23152459e-01  -6.25520930e-01  -8.37528040e-01  
-1.04953515e+00  -1.25190362e+00  -1.43543302e+00  -1.59177942e+00  -1.71383472e+00  -1.79604983e+00  
-1.83468694e+00  -1.82798947e+00  -1.7762619e+00  -1.68185597e+00  -1.54906372e+00  -1.38392239e+00  
-1.19393992e+00  -9.87753629e-01  -7.74737521e-01  -5.64576105e-01  -3.66824108e-01  -1.90472078e-01  
-4.35376414e-02  6.72990124e-02  1.36998833e-01  1.62393004e-01  1.42327012e-01  7.77131326e-02  
-2.85110457e-02  -1.71516173e-01  -3.44800698e-01  -5.40486458e-01  -7.49676843e-01  -9.62861274e-01  
-1.17034758e+00  -1.36270267e+00  -1.53118135e+00  -1.66812394e+00  -1.76730453e+00  -1.82421398e+00  
-1.836265e+00  -1.80290968e+00  -1.72566449e+00  -1.60804128e+00  -1.45538765e+00  -1.27464381e+00  
-1.07402704e+00  -8.62658135e-01  -6.50146725e-01  -4.46154373e-01  -2.59955337e-01  -1.00014923e-01  
2.63953772e-02  1.13528476e-01  -1.85588357e+00  -1.76875047e+00  -1.64234017e+00  -1.48239976e+00  
-1.29620072e+00  -1.09220837e+00  -8.79696957e-01  -6.68328055e-01  -4.67711286e-01  -2.86967439e-01  
-1.3431381e-01  -1.66906037e-02  6.05545864e-02  9.39099041e-02  8.18588917e-02  2.49494334e-02  
-7.42311533e-02  -2.11173747e-01  -3.79652423e-01  -5.72007508e-01  -7.79493819e-01  -9.92678249e-01  
-1.20186863e+00  -1.39755439e+00  -1.57083892e+00  -1.71384405e+00  -1.82006823e+00  -1.88468210e+00  
-1.9047481e+00  -1.87935393e+00  -1.80965410e+00  -1.69881745e+00  -1.55188301e+00  -1.37553098e+00  
-1.17777899e+00  -9.67617572e-01  -7.54601463e-01  -5.48415174e-01  -3.58432706e-01  -1.93291375e-01  
-6.0499127e-02  3.39068052e-02  8.56343732e-02  9.23318478e-02  5.36947366e-02  -2.85203724e-02  
-1.50575672e-01  -3.06922069e-01  -4.90451471e-01  -6.92819943e-01  -9.04827052e-01  -1.11683416e+00  
-1.31920263e+00  -1.50273204e+00  -1.65907843e+00  -1.78113373e+00  -1.86334884e+00  -1.90198595e+00  
-1.89528848e+00  -1.84356091e+00  -1.74915498e+00  -1.61636273e+00  -1.4512214e+00  -1.26123893e+00  
-1.05505264e+00  -8.42036533e-01  -6.31875117e-01  -4.34123120e-01  -2.57771091e-01  -1.10836654e-01  
-9.99200722e-16  6.96998203e-02  9.50939917e-02  7.50279999e-02  1.04141202e-02  -9.58100581e-02  
-2.38815185e-01  -4.12099711e-01  -6.07785471e-01  -8.16975856e-01  -1.03016029e+00  -1.2376466e+00  
-1.43000168e+00  -1.59848036e+00  -1.73542295e+00  -1.83460354e+00  -1.891513e+00  -1.90356401e+00  
-1.87020869e+00  -1.79296350e+00  -1.6753403e+00  -1.52268667e+00  -1.34194282e+00  -1.14132605e+00  
-9.29957148e-01  -7.17445738e-01  -5.13453386e-01  -3.27254349e-01  -1.67313935e-01  -4.09036353e-02  
4.62294638e-02  -1.90592106e+00  -1.81878796e+00  -1.69237766e+00  -1.53243725e+00  -1.34623821e+00  
-1.14224586e+00  -9.29734449e-01  -7.18365548e-01  -5.17748778e-01  -3.37004932e-01  -1.84351302e-01  
-6.67280959e-02  1.05170941e-02  4.38724119e-02  3.18213995e-02  -2.50880589e-02  -1.24268646e-01  
-2.61211239e-01  -4.29689915e-01  -6.22045000e-01  -8.29531311e-01  -1.04271574e+00  -1.25190613e+00  
-1.44759189e+00  -1.62087641e+00  -1.76388154e+00  -1.87010572e+00  -1.9347196e+00  -1.95478559e+00  
-1.92939142e+00  -1.8596916e+00  -1.74885494e+00  -1.60192051e+00  -1.42556848e+00  -1.22781648e+00  
-1.01765506e+00  -8.04638956e-01  -5.98452666e-01  -4.08470198e-01  -2.43328868e-01  -1.10536619e-01  
-1.61306871e-02  3.5596881e-02  4.22943555e-02  3.65724427e-03  -7.85578647e-02  -2.00613164e-01  
-3.56959562e-01  -5.40488964e-01  -7.42857435e-01  -9.54864545e-01  -1.16687165e+00  -1.36924013e+00  
-1.55276953e+00  -1.70911593e+00  -1.83117122e+00  -1.91338633e+00  -1.95202345e+00  -1.94532597e+00  
-1.89359840e+00  -1.79919247e+00  -1.66640022e+00  -1.50125889e+00  -1.31127642e+00  -1.10509013e+00  
-8.92074025e-01  -6.81912609e-01  -4.84160613e-01  -3.07808583e-01  -1.60874146e-01  -5.00374923e-02  
1.96623280e-02  4.50564995e-02  2.49905076e-02  -3.96233721e-02  -1.45847550e-01  -2.88852677e-01  
-4.62137203e-01  -6.57822963e-01  -8.67013348e-01  -1.08019778e+00  -1.28768409e+00  -1.48003917e+00  
-1.64851785e+00  -1.78546044e+00  -1.88464103e+00  -1.94155049e+00  -1.95360150e+00  -1.92024618e+00  
-1.84300099e+00  -1.72537779e+00  -1.57272416e+00  -1.39198031e+00  -1.19136354e+00  -9.79994640e-01  
-7.67483230e-01  -5.63490878e-01  -3.77291841e-01  -2.17351427e-01  -9.09411276e-02  -3.80802845e-03  
-1.93774246e+00  -1.85060936e+00  -1.72419906e+00  -1.56425865e+00  -1.37805961e+00  -1.17406726e+00  
-9.61555849e-01  -7.50186947e-01  -5.49570178e-01  -3.68826331e-01  -2.16172701e-01  -9.85494954e-02  
-2.13043054e-02  1.20510124e-02  1.11022302e-16  -5.69094583e-02  -1.56090045e-01  -2.93032638e-01  
-4.61511314e-01  -6.538664e-01  -8.61352711e-01  -1.07453714e+00  -1.28372753e+00  -1.47941329e+00  
-1.65269781e+00  -1.79570294e+00  -1.90192712e+00  -1.966541e+00  -1.98660699e+00  -1.96121282e+00  
-1.891513e+00  -1.78067634e+00  -1.63374191e+00  -1.45738988e+00  -1.25963788e+00  -1.04947646e+00  
-8.36460355e-01  -6.30274065e-01  -4.40291597e-01  -2.75150267e-01  -1.42358019e-01  -4.79520866e-02  
3.77548149e-03  1.04729561e-02  -2.81641552e-02  -1.10379264e-01  -2.32434563e-01  -3.88780961e-01  
-5.72310363e-01  -7.74678834e-01  -9.86685944e-01  -1.19869305e+00  -1.40106153e+00  -1.58459093e+00  
-1.74093732e+00  -1.86299262e+00  -1.94520773e+00  -1.98384484e+00  -1.97714737e+00  -1.92541980e+00  
-1.83101387e+00  -1.69822162e+00  -1.53308029e+00  -1.34309782e+00  -1.13691153e+00  -9.23895425e-01  
-7.13734009e-01  -5.15982012e-01  -3.39629983e-01  -1.92695546e-01  -8.18588917e-02  -1.21590714e-02  
1.32351e-02  -6.83089182e-03  -7.14447716e-02  -1.7766895e-01  -3.20674077e-01  -4.93958603e-01  
-6.89644363e-01  -8.98834748e-01  -1.11201918e+00  -1.31950549e+00  -1.51186057e+00  -1.68033925e+00  
-1.81728184e+00  -1.91646243e+00  -1.97337189e+00  -1.98542290e+00  -1.95206758e+00  -1.87482239e+00  
-1.75719919e+00  -1.60454556e+00  -1.42380171e+00  -1.22318494e+00  -1.01181604e+00  -7.9930463e-01  
-5.95312277e-01  -4.09113241e-01  -2.49172827e-01  -1.22762527e-01  -3.56294279e-02  -1.95074071e+00  
-1.86360761e+00  -1.73719731e+00  -1.57725689e+00  -1.39105786e+00  -1.18706550e+00  -9.74554094e-01  
-7.63185192e-01  -5.62568423e-01  -3.81824576e-01  -2.29170947e-01  -1.11547740e-01  -3.43025505e-02  
-9.47232677e-04  -1.29982451e-02  -6.99077034e-02  -1.69088290e-01  -3.06030883e-01  -4.74509559e-01  
-6.66864645e-01  -8.74350956e-01  -1.08753539e+00  -1.29672577e+00  -1.49241153e+00  -1.66569606e+00  
-1.80870118e+00  -1.91492536e+00  -1.97953924e+00  -1.99960523e+00  -1.97421106e+00  -1.90451124e+00  
-1.79367459e+00  -1.64674015e+00  -1.47038812e+00  -1.27263612e+00  -1.06247471e+00  -8.49458600e-01  
-6.43272311e-01  -4.53289843e-01  -2.88148512e-01  -1.55356264e-01  -6.09503316e-02  -9.22276359e-03  
-2.52528902e-03  -4.11624003e-02  -1.23377509e-01  -2.45432809e-01  -4.01779206e-01  -5.85308608e-01  
-7.87677079e-01  -9.99684189e-01  -1.2116913e+00  -1.41405977e+00  -1.59758917e+00  -1.75393557e+00  
-1.87599087e+00  -1.95820598e+00  -1.99684309e+00  -1.99014561e+00  -1.93841805e+00  -1.84401211e+00  
-1.71121987e+00  -1.54607854e+00  -1.35609607e+00  -1.14990978e+00  -9.3689367e-01  -7.26732254e-01  
-5.28980257e-01  -3.52628228e-01  -2.05693791e-01  -9.48571368e-02  -2.51573165e-02  2.36854921e-04  
-1.98291369e-02  -8.44430167e-02  -1.90667195e-01  -3.33672322e-01  -5.06956848e-01  -7.02642608e-01  
-9.11832993e-01  -1.12501742e+00  -1.33250373e+00  -1.52485882e+00  -1.6933375e+00  -1.83028009e+00  
-1.92946068e+00  -1.98637013e+00  -1.99842115e+00  -1.96506583e+00  -1.88782064e+00  -1.77019743e+00  
-1.61754380e+00  -1.43679996e+00  -1.23618319e+00  -1.02481428e+00  -8.12302875e-01  -6.08310522e-01  
-4.22111486e-01  -2.62171072e-01  -1.35760772e-01  -4.8627673e-02  -1.94466783e+00  -1.85753473e+00  
-1.73112443e+00  -1.57118401e+00  -1.38498498e+00  -1.18099263e+00  -9.68481215e-01  -7.57112313e-01  
-5.56495544e-01  -3.75751697e-01  -2.23098068e-01  -1.05474862e-01  -2.82296717e-02  5.12564609e-03  
-6.92536631e-03  -6.38348246e-02  -1.63015411e-01  -2.99958005e-01  -4.68436681e-01  -6.60791766e-01  
-8.68278077e-01  -1.08146251e+00  -1.29065289e+00  -1.48633865e+00  -1.65962318e+00  -1.80262830e+00  
-1.90885248e+00  -1.97346636e+00  -1.99353235e+00  -1.96813818e+00  -1.89843836e+00  -1.78760171e+00  
-1.64066727e+00  -1.46431524e+00  -1.26656325e+00  -1.05640183e+00  -8.43385721e-01  -6.37199432e-01  
-4.47216964e-01  -2.82075633e-01  -1.49283385e-01  -5.48774529e-02  -3.14988482e-03  3.54758974e-03  
-3.50895215e-02  -1.17304630e-01  -2.3935993e-01  -3.95706327e-01  -5.7923573e-01  -7.81604201e-01  
-9.93611311e-01  -1.20561842e+00  -1.40798689e+00  -1.59151629e+00  -1.74786269e+00  -1.86991799e+00  
-1.9521331e+00  -1.99077021e+00  -1.98407274e+00  -1.93234517e+00  -1.83793924e+00  -1.70514699e+00  
-1.54000566e+00  -1.35002319e+00  -1.1438369e+00  -9.30820791e-01  -7.20659375e-01  -5.22907378e-01  
-3.46555349e-01  -1.99620912e-01  -8.87842581e-02  -1.90844377e-02  6.30973368e-03  -1.37562581e-02  
-7.83701379e-02  -1.84594316e-01  -3.27599443e-01  -5.00883969e-01  -6.96569729e-01  -9.05760114e-01  
-1.11894454e+00  -1.32643086e+00  -1.51878594e+00  -1.68726462e+00  -1.82420721e+00  -1.9233878e+00  
-1.98029725e+00  -1.99234827e+00  -1.95899295e+00  -1.88174776e+00  -1.76412455e+00  -1.61147092e+00  
-1.43072708e+00  -1.23011031e+00  -1.01874141e+00  -8.06229996e-01  -6.02237644e-01  -4.16038607e-01  
-2.56098193e-01  -1.29687893e-01  -4.25547942e-02  -1.91963968e+00  -1.83250658e+00  -1.70609628e+00  
-1.54615586e+00  -1.35995683e+00  -1.15596448e+00  -9.43453066e-01  -7.32084164e-01  -5.31467394e-01  
-3.50723548e-01  -1.98069918e-01  -8.04467123e-02  -3.2015223e-03  3.01537955e-02  1.81027831e-02  
-3.88066752e-02  -1.37987262e-01  -2.74929855e-01  -4.43408531e-01  -6.35763617e-01  -8.43249928e-01  
-1.05643436e+00  -1.26562474e+00  -1.46131050e+00  -1.63459503e+00  -1.77760016e+00  -1.88382433e+00  
-1.94843821e+00  -1.96850421e+00  -1.94311003e+00  -1.87341021e+00  -1.76257356e+00  -1.61563912e+00  
-1.43928709e+00  -1.2415351e+00  -1.03137368e+00  -8.18357572e-01  -6.12171282e-01  -4.22188814e-01  
-2.57047484e-01  -1.24255236e-01  -2.98493035e-02  2.18782646e-02  2.85757391e-02  -1.00613721e-02  
-9.22764811e-02  -2.14331780e-01  -3.70678178e-01  -5.54207580e-01  -7.56576051e-01  -9.68583161e-01  
-1.18059027e+00  -1.38295874e+00  -1.56648814e+00  -1.72283454e+00  -1.84488984e+00  -1.92710495e+00  
-1.96574206e+00  -1.95904459e+00  -1.90731702e+00  -1.81291109e+00  -1.68011884e+00  -1.51497751e+00  
-1.32499504e+00  -1.11880875e+00  -9.05792642e-01  -6.95631226e-01  -4.97879229e-01  -3.215272e-01  
-1.74592762e-01  -6.37561087e-02  5.94371166e-03  3.13378831e-02  1.12718913e-02  -5.33419885e-02  
-1.59566167e-01  -3.02571294e-01  -4.7585582e-01  -6.7154158e-01  -8.80731965e-01  -1.09391639e+00  
-1.30140271e+00  -1.49375779e+00  -1.66223647e+00  -1.79917906e+00  -1.89835965e+00  -1.95526911e+00  
-1.96732012e+00  -1.9339648e+00  -1.85671961e+00  -1.73909640e+00  -1.58644277e+00  -1.40569893e+00  
-1.20508216e+00  -9.93713257e-01  -7.81201847e-01  -5.77209494e-01  -3.91010458e-01  -2.31070044e-01  
-1.04659744e-01  -1.75266448e-02  -1.87613372e+00  -1.78900062e+00  -1.66259032e+00  -1.50264991e+00  
-1.31645087e+00  -1.11245852e+00  -8.99947111e-01  -6.8857821e-01  -4.87961440e-01  -3.07217594e-01  
-1.54563964e-01  -3.69407580e-02  4.0304432e-02  7.36597498e-02  6.16087374e-02  4.69927905e-03  
-9.44813076e-02  -2.31423901e-01  -3.99902577e-01  -5.92257662e-01  -7.99743973e-01  -1.01292840e+00  
-1.22211879e+00  -1.41780455e+00  -1.59108907e+00  -1.73409420e+00  -1.84031838e+00  -1.90493226e+00  
-1.92499825e+00  -1.89960408e+00  -1.82990426e+00  -1.71906761e+00  -1.57213317e+00  -1.39578114e+00  
-1.19802914e+00  -9.87867726e-01  -7.74851618e-01  -5.68665328e-01  -3.78682860e-01  -2.1354153e-01  
-8.07492813e-02  1.36566508e-02  6.53842189e-02  7.20816934e-02  3.34445822e-02  -4.87705268e-02  
-1.70825826e-01  -3.27172224e-01  -5.10701626e-01  -7.13070097e-01  -9.25077207e-01  -1.13708432e+00  
-1.33945279e+00  -1.52298219e+00  -1.67932859e+00  -1.80138389e+00  -1.883599e+00  -1.92223611e+00  
-1.91553863e+00  -1.86381106e+00  -1.76940513e+00  -1.63661288e+00  -1.47147155e+00  -1.28148909e+00  
-1.0753028e+00  -8.62286687e-01  -6.52125271e-01  -4.54373275e-01  -2.78021245e-01  -1.31086808e-01  
-2.02501544e-02  4.9449666e-02  7.48438374e-02  5.47778455e-02  -9.83603421e-03  -1.16060212e-01  
-2.59065339e-01  -4.32349865e-01  -6.28035625e-01  -8.37226010e-01  -1.05041044e+00  -1.25789675e+00  
-1.45025184e+00  -1.61873051e+00  -1.75567311e+00  -1.85485369e+00  -1.91176315e+00  -1.92381416e+00  
-1.89045885e+00  -1.81321366e+00  -1.69559045e+00  -1.54293682e+00  -1.36219297e+00  -1.16157620e+00  
-9.50207302e-01  -7.37695892e-01  -5.3370354e-01  -3.47504503e-01  -1.87564089e-01  -6.11537896e-02  
2.59793095e-02  -1.81497993e+00  -1.72784683e+00  -1.60143653e+00  -1.44149612e+00  -1.25529708e+00  
-1.05130473e+00  -8.38793322e-01  -6.27424420e-01  -4.26807651e-01  -2.46063804e-01  -9.34101744e-02  
2.42130316e-02  1.01458222e-01  1.34813539e-01  1.22762527e-01  6.58530687e-02  -3.3327518e-02  
-1.70270111e-01  -3.38748787e-01  -5.31103873e-01  -7.38590184e-01  -9.51774614e-01  -1.160965e+00  
-1.35665076e+00  -1.52993528e+00  -1.67294041e+00  -1.77916459e+00  -1.84377847e+00  -1.86384446e+00  
-1.83845029e+00  -1.76875047e+00  -1.65791382e+00  -1.51097938e+00  -1.33462735e+00  -1.13687535e+00  
-9.26713937e-01  -7.13697828e-01  -5.07511538e-01  -3.17529070e-01  -1.5238774e-01  -1.95954917e-02  
7.48104405e-02  1.26538009e-01  1.33235483e-01  9.45983718e-02  1.23832629e-02  -1.09672036e-01  
-2.66018434e-01  -4.49547836e-01  -6.51916307e-01  -8.63923417e-01  -1.07593053e+00  -1.278299e+00  
-1.46182840e+00  -1.6181748e+00  -1.7402301e+00  -1.82244521e+00  -1.86108232e+00  -1.85438484e+00  
-1.80265727e+00  -1.70825134e+00  -1.57545909e+00  -1.41031776e+00  -1.2203353e+00  -1.01414901e+00  
-8.01132898e-01  -5.90971482e-01  -3.93219485e-01  -2.16867456e-01  -6.99330185e-02  4.09036353e-02  
1.10603456e-01  1.35997627e-01  1.15931635e-01  5.13177554e-02  -5.49064228e-02  -1.9791155e-01  
-3.71196076e-01  -5.66881836e-01  -7.76072221e-01  -9.89256651e-01  -1.19674296e+00  -1.38909805e+00  
-1.55757672e+00  -1.69451932e+00  -1.79369990e+00  -1.85060936e+00  -1.86266037e+00  -1.82930506e+00  
-1.75205987e+00  -1.63443666e+00  -1.48178303e+00  -1.30103918e+00  -1.10042241e+00  -8.89053513e-01  
-6.76542103e-01  -4.72549750e-01  -2.86350714e-01  -1.264103e-01  -8.8817842e-16  8.71330991e-02  
-1.73734495e+00  -1.65021185e+00  -1.52380155e+00  -1.36386114e+00  -1.1776621e+00  -9.73669747e-01  
-7.61158337e-01  -5.49789435e-01  -3.49172665e-01  -1.68428819e-01  -1.57751894e-02  1.01848017e-01  
1.79093207e-01  2.12448524e-01  2.00397512e-01  1.43488054e-01  4.43074671e-02  -9.26351263e-02  
-2.61113802e-01  -4.53468888e-01  -6.60955199e-01  -8.74139629e-01  -1.08333001e+00  -1.27901577e+00  
-1.4523003e+00  -1.59530543e+00  -1.70152960e+00  -1.76614348e+00  -1.78620948e+00  -1.76081530e+00  
-1.69111548e+00  -1.58027883e+00  -1.43334439e+00  -1.25699236e+00  -1.05924037e+00  -8.49078952e-01  
-6.36062843e-01  -4.29876553e-01  -2.39894085e-01  -7.47527549e-02  5.80394934e-02  1.52445426e-01  
2.04172994e-01  2.10870468e-01  1.72233357e-01  9.00182479e-02  -3.20370514e-02  -1.88383449e-01  
-3.71912851e-01  -5.74281322e-01  -7.86288432e-01  -9.98295542e-01  -1.20066401e+00  -1.38419342e+00  
-1.54053981e+00  -1.66259511e+00  -1.74481022e+00  -1.78344733e+00  -1.77674986e+00  -1.72502229e+00  
-1.63061636e+00  -1.49782411e+00  -1.33268278e+00  -1.14270031e+00  -9.36514021e-01  -7.23497913e-01  
-5.13336497e-01  -3.155845e-01  -1.39232471e-01  7.70196651e-03  1.18538620e-01  1.88238441e-01  
2.13632612e-01  1.93566620e-01  1.28952740e-01  2.27285622e-02  -1.20276565e-01  -2.93561091e-01  
-4.89246851e-01  -6.98437236e-01  -9.11621666e-01  -1.11910798e+00  -1.31146306e+00  -1.47994174e+00  
-1.61688433e+00  -1.71606492e+00  -1.77297438e+00  -1.78502539e+00  -1.75167007e+00  -1.67442488e+00  
-1.55680167e+00  -1.40414805e+00  -1.2234042e+00  -1.02278743e+00  -8.11418528e-01  -5.98907118e-01  
-3.94914765e-01  -2.08715729e-01  -4.87753148e-02  7.76349851e-02  1.64768084e-01  -1.64470982e+00  
-1.55757672e+00  -1.43116642e+00  -1.27122601e+00  -1.08502697e+00  -8.81034620e-01  -6.68523210e-01  
-4.57154309e-01  -2.56537539e-01  -7.57936927e-02  7.6859937e-02  1.94483143e-01  2.71728333e-01  
3.05083651e-01  2.93032638e-01  2.36123180e-01  1.36942593e-01  2.22044605e-16  -1.68478676e-01  
-3.60833761e-01  -5.68320072e-01  -7.81504502e-01  -9.90694887e-01  -1.18638065e+00  -1.35966517e+00  
-1.50267030e+00  -1.60889448e+00  -1.67350836e+00  -1.69357435e+00  -1.66818018e+00  -1.59848036e+00  
-1.48764370e+00  -1.34070927e+00  -1.16435724e+00  -9.66605241e-01  -7.56443825e-01  -5.43427717e-01  
-3.37241427e-01  -1.47258959e-01  1.78823714e-02  1.5067462e-01  2.45080552e-01  2.9680812e-01  
3.03505594e-01  2.64868483e-01  1.82653374e-01  6.05980749e-02  -9.57483228e-02  -2.79277725e-01  
-4.81646196e-01  -6.93653306e-01  -9.05660416e-01  -1.10802889e+00  -1.29155829e+00  -1.44790469e+00  
-1.56995999e+00  -1.65217509e+00  -1.69081221e+00  -1.68411473e+00  -1.63238716e+00  -1.53798123e+00  
-1.40518898e+00  -1.24004765e+00  -1.05006518e+00  -8.43878895e-01  -6.30862786e-01  -4.20701370e-01  
-2.22949374e-01  -4.65973442e-02  1.00337093e-01  2.11173747e-01  2.80873567e-01  3.06267738e-01  
2.86201747e-01  2.21587867e-01  1.15363689e-01  -2.76414384e-02  -2.00925964e-01  -3.96611724e-01  
-6.05802109e-01  -8.18986539e-01  -1.02647285e+00  -1.21882794e+00  -1.38730661e+00  -1.52424921e+00  
-1.62342979e+00  -1.68033925e+00  -1.69239026e+00  -1.65903494e+00  -1.58178975e+00  -1.46416655e+00  
-1.31151292e+00  -1.13076907e+00  -9.30152303e-01  -7.18783401e-01  -5.06271991e-01  -3.02279639e-01  
-1.16080602e-01  4.38598115e-02  1.70270111e-01  2.57403210e-01  -1.53884177e+00  -1.45170867e+00  
-1.32529837e+00  -1.16535796e+00  -9.79158919e-01  -7.75166567e-01  -5.62655157e-01  -3.51286255e-01  
-1.50669486e-01  3.00743608e-02  1.82727990e-01  3.00351197e-01  3.77596387e-01  4.10951704e-01  
3.98900692e-01  3.41991234e-01  2.42810647e-01  1.05868054e-01  -6.26106223e-02  -2.54965708e-01  
-4.62452019e-01  -6.75636449e-01  -8.84826834e-01  -1.08051259e+00  -1.25379712e+00  -1.39680225e+00  
-1.50302642e+00  -1.56764030e+00  -1.5877063e+00  -1.56231213e+00  -1.49261230e+00  -1.38177565e+00  
-1.23484121e+00  -1.05848918e+00  -8.60737188e-01  -6.50575772e-01  -4.37559663e-01  -2.31373374e-01  
-4.13909056e-02  1.23750425e-01  2.56542673e-01  3.50948605e-01  4.02676173e-01  4.09373648e-01  
3.70736537e-01  2.88521428e-01  1.66466128e-01  1.01197308e-02  -1.73409671e-01  -3.75778142e-01  
-5.87785252e-01  -7.99792362e-01  -1.00216083e+00  -1.18569024e+00  -1.34203663e+00  -1.46409193e+00  
-1.54630704e+00  -1.58494415e+00  -1.57824668e+00  -1.52651911e+00  -1.43211318e+00  -1.29932093e+00  
-1.1341796e+00  -9.44197131e-01  -7.38010841e-01  -5.24994733e-01  -3.14833317e-01  -1.17081320e-01  
5.92707093e-02  2.06205146e-01  3.17041800e-01  3.86741620e-01  4.12135792e-01  3.92069800e-01  
3.27455920e-01  2.21231742e-01  7.82266151e-02  -9.50579107e-02  -2.90743671e-01  -4.99934056e-01  
-7.13118486e-01  -9.20604797e-01  -1.11295988e+00  -1.28143856e+00  -1.41838115e+00  -1.51756174e+00  
-1.5744712e+00  -1.58652221e+00  -1.55316689e+00  -1.47592170e+00  -1.3582985e+00  -1.20564487e+00  
-1.02490102e+00  -8.24284249e-01  -6.12915348e-01  -4.00403938e-01  -1.96411585e-01  -1.02125489e-02  
1.49727865e-01  2.76138165e-01  3.63271264e-01  -1.42176045e+00  -1.33462735e+00  -1.20821705e+00  
-1.04827664e+00  -8.62077599e-01  -6.58085247e-01  -4.45573837e-01  -2.34204935e-01  -3.35881655e-02  
1.47155681e-01  2.99809311e-01  4.17432517e-01  4.94677707e-01  5.28033024e-01  5.15982012e-01  
4.59072554e-01  3.59891967e-01  2.22949374e-01  5.44706978e-02  -1.37884388e-01  -3.45370699e-01  
-5.58555129e-01  -7.67745514e-01  -9.63431274e-01  -1.1367158e+00  -1.27972093e+00  -1.38594510e+00  
-1.45055898e+00  -1.47062498e+00  -1.44523080e+00  -1.37553098e+00  -1.26469433e+00  -1.11775989e+00  
-9.41407864e-01  -7.43655868e-01  -5.33494452e-01  -3.20478343e-01  -1.14292053e-01  7.56904146e-02  
2.40831745e-01  3.73623993e-01  4.68029925e-01  5.19757494e-01  5.26454968e-01  4.87817857e-01  
4.05602748e-01  2.83547449e-01  1.27201051e-01  -5.63283512e-02  -2.58696822e-01  -4.70703932e-01  
-6.82711042e-01  -8.85079513e-01  -1.06860892e+00  -1.22495531e+00  -1.34701061e+00  -1.42922572e+00  
-1.46786283e+00  -1.46116536e+00  -1.40943779e+00  -1.31503186e+00  -1.18223961e+00  -1.01709828e+00  
-8.27115811e-01  -6.20929521e-01  -4.07913413e-01  -1.97751997e-01  1.11022302e-16  1.76352029e-01  
3.23286466e-01  4.34123120e-01  5.03822941e-01  5.29217112e-01  5.09151120e-01  4.44537240e-01  
3.38313062e-01  1.95307935e-01  2.20234094e-02  -1.73662351e-01  -3.82852736e-01  -5.96037166e-01  
-8.03523477e-01  -9.95878562e-01  -1.16435724e+00  -1.30129983e+00  -1.40048042e+00  -1.45738988e+00  
-1.46944089e+00  -1.43608557e+00  -1.35884038e+00  -1.24121717e+00  -1.08856355e+00  -9.07819699e-01  
-7.07202929e-01  -4.95834028e-01  -2.83322618e-01  -7.93302653e-02  1.06868771e-01  2.66809185e-01  
3.93219485e-01  4.80352584e-01  -1.29569944e+00  -1.20856634e+00  -1.08215604e+00  -9.22215627e-01  
-7.36016590e-01  -5.32024238e-01  -3.19512828e-01  -1.08143926e-01  9.24728435e-02  2.7321669e-01  
4.2587032e-01  5.43493526e-01  6.20738716e-01  6.54094033e-01  6.42043021e-01  5.85133563e-01  
4.85952976e-01  3.49010383e-01  1.80531707e-01  -1.18233787e-02  -2.1930969e-01  -4.3249412e-01  
-6.41684505e-01  -8.37370265e-01  -1.01065479e+00  -1.15365992e+00  -1.2598841e+00  -1.32449798e+00  
-1.34456397e+00  -1.3191698e+00  -1.24946998e+00  -1.13863332e+00  -9.91698885e-01  -8.15346855e-01  
-6.17594859e-01  -4.07433443e-01  -1.94417334e-01  1.17689555e-02  2.01751424e-01  3.66892754e-01  
4.99685002e-01  5.94090934e-01  6.45818503e-01  6.52515977e-01  6.13878866e-01  5.31663757e-01  
4.09608458e-01  2.5326206e-01  6.97326578e-02  -1.32635813e-01  -3.44642923e-01  -5.56650033e-01  
-7.59018504e-01  -9.42547906e-01  -1.09889430e+00  -1.22094960e+00  -1.30316471e+00  -1.34180182e+00  
-1.33510435e+00  -1.28337678e+00  -1.18897085e+00  -1.05617860e+00  -8.9103727e-01  -7.01054802e-01  
-4.94868512e-01  -2.81852404e-01  -7.16909877e-02  1.26061009e-01  3.02413038e-01  4.49347475e-01  
5.60184129e-01  6.2988395e-01  6.55278121e-01  6.35212129e-01  5.70598249e-01  4.64374071e-01  
3.21368944e-01  1.48084418e-01  -4.76013416e-02  -2.56791727e-01  -4.69976157e-01  -6.77462468e-01  
-8.69817553e-01  -1.03829623e+00  -1.17523882e+00  -1.27441941e+00  -1.33132887e+00  -1.34337988e+00  
-1.31002456e+00  -1.23277937e+00  -1.11515617e+00  -9.62502536e-01  -7.8175869e-01  -5.81141920e-01  
-3.69773019e-01  -1.57261609e-01  4.67307437e-02  2.32929780e-01  3.92870194e-01  5.19280494e-01  
6.06413593e-01  -1.16306363e+00  -1.07593053e+00  -9.49520227e-01  -7.89579813e-01  -6.03380777e-01  
-3.99388425e-01  -1.86877014e-01  2.44918871e-02  2.25108657e-01  4.05852503e-01  5.58506133e-01  
6.76129339e-01  7.53374529e-01  7.86729847e-01  7.74678834e-01  7.17769376e-01  6.18588789e-01  
4.81646196e-01  3.13167520e-01  1.20812435e-01  -8.66738764e-02  -2.99858306e-01  -5.09048691e-01  
-7.04734451e-01  -8.78018977e-01  -1.02102410e+00  -1.12724828e+00  -1.19186216e+00  -1.21192815e+00  
-1.18653398e+00  -1.11683416e+00  -1.00599751e+00  -8.59063071e-01  -6.82711042e-01  -4.84959045e-01  
-2.74797629e-01  -6.17815208e-02  1.44404769e-01  3.34387237e-01  4.99528567e-01  6.32320816e-01  
7.26726748e-01  7.78454316e-01  7.85151790e-01  7.46514679e-01  6.64299570e-01  5.42244271e-01  
3.85897873e-01  2.02368471e-01  1.85962357e-15  -2.1200711e-01  -4.2401422e-01  -6.26382691e-01  
-8.09912093e-01  -9.66258491e-01  -1.08831379e+00  -1.1705289e+00  -1.20916601e+00  -1.20246854e+00  
-1.15074097e+00  -1.05633504e+00  -9.23542787e-01  -7.58401457e-01  -5.68418989e-01  -3.62232699e-01  
-1.49216590e-01  6.09448256e-02  2.58696822e-01  4.35048852e-01  5.81983289e-01  6.92819943e-01  
7.62519763e-01  7.87913934e-01  7.67847942e-01  7.03234063e-01  5.97009884e-01  4.54004758e-01  
2.80720232e-01  8.50344717e-02  -1.24155913e-01  -3.37340343e-01  -5.44826654e-01  -7.3718174e-01  
-9.05660416e-01  -1.04260301e+00  -1.1417836e+00  -1.19869305e+00  -1.21074407e+00  -1.17738875e+00  
-1.10014356e+00  -9.82520353e-01  -8.29866723e-01  -6.49122877e-01  -4.48506107e-01  -2.37137205e-01  
-2.46257953e-02  1.79366557e-01  3.65565594e-01  5.25506007e-01  6.51916307e-01  7.39049406e-01  
-1.02638332e+00  -9.39250223e-01  -8.12839923e-01  -6.52899509e-01  -4.66700472e-01  -2.62708120e-01  
-5.01967101e-02  1.61172191e-01  3.61788961e-01  5.42532808e-01  6.95186437e-01  8.12809643e-01  
8.90054833e-01  9.23410151e-01  9.11359139e-01  8.54449680e-01  7.55269094e-01  6.18326500e-01  
4.49847824e-01  2.57492739e-01  5.00064280e-02  -1.63178002e-01  -3.72368387e-01  -5.68054147e-01  
-7.41338673e-01  -8.843438e-01  -9.90567978e-01  -1.05518186e+00  -1.07524785e+00  -1.04985368e+00  
-9.80153858e-01  -8.69317204e-01  -7.22382767e-01  -5.46030738e-01  -3.48278741e-01  -1.38117325e-01  
7.48987836e-02  2.81085073e-01  4.71067541e-01  6.36208872e-01  7.6900112e-01  8.63407052e-01  
9.15134620e-01  9.21832095e-01  8.83194983e-01  8.00979875e-01  6.78924575e-01  5.22578178e-01  
3.39048775e-01  1.36680304e-01  -7.53268055e-02  -2.87333915e-01  -4.89702387e-01  -6.73231789e-01  
-8.29578186e-01  -9.51633486e-01  -1.03384859e+00  -1.07248571e+00  -1.06578823e+00  -1.01406066e+00  
-9.19654731e-01  -7.86862483e-01  -6.21721152e-01  -4.31738684e-01  -2.25552395e-01  -1.2536286e-02  
1.9762513e-01  3.95377127e-01  5.71729156e-01  7.18663593e-01  8.29500247e-01  8.99200067e-01  
9.24594239e-01  9.04528247e-01  8.39914367e-01  7.33690189e-01  5.90685062e-01  4.17400536e-01  
2.21714776e-01  1.25243910e-02  -2.00660039e-01  -4.08146350e-01  -6.00501435e-01  -7.68980111e-01  
-9.05922705e-01  -1.00510329e+00  -1.06201275e+00  -1.07406376e+00  -1.04070844e+00  -9.63463254e-01  
-8.45840048e-01  -6.93186419e-01  -5.12442572e-01  -3.11825803e-01  -1.00456901e-01  1.12054509e-01  
3.16046861e-01  5.02245898e-01  6.62186312e-01  7.88596612e-01  8.75729711e-01  -8.88265997e-01  
-8.01132898e-01  -6.74722598e-01  -5.14782184e-01  -3.28583147e-01  -1.24590795e-01  8.7920615e-02  
2.99289517e-01  4.99906286e-01  6.80650133e-01  8.33303762e-01  9.50926968e-01  1.02817216e+00  
1.06152748e+00  1.04947646e+00  9.92567005e-01  8.93386419e-01  7.56443825e-01  5.87965149e-01  
3.95610064e-01  1.88123753e-01  -2.50606770e-02  -2.34251062e-01  -4.29936822e-01  -6.03221348e-01  
-7.46226475e-01  -8.52450653e-01  -9.17064533e-01  -9.37130525e-01  -9.11736353e-01  -8.42036533e-01  
-7.31199879e-01  -5.84265442e-01  -4.07913413e-01  -2.10161416e-01  1.29063427e-15  2.13016109e-01  
4.19202398e-01  6.09184866e-01  7.74326197e-01  9.07118445e-01  1.00152438e+00  1.05325195e+00  
1.05994942e+00  1.02131231e+00  9.390972e-01  8.17041900e-01  6.60695503e-01  4.77166101e-01  
2.74797629e-01  6.27905195e-02  -1.49216590e-01  -3.51585061e-01  -5.35114464e-01  -6.91460861e-01  
-8.13516161e-01  -8.95731269e-01  -9.34368381e-01  -9.27670906e-01  -8.75943338e-01  -7.81537406e-01  
-6.48745158e-01  -4.83603827e-01  -2.93621359e-01  -8.74350696e-02  1.25581039e-01  3.35742455e-01  
5.33494452e-01  7.09846481e-01  8.56780918e-01  9.67617572e-01  1.03731739e+00  1.06271156e+00  
1.04264557e+00  9.78031692e-01  8.71807514e-01  7.28802387e-01  5.55517861e-01  3.59832101e-01  
1.50641716e-01  -6.25427140e-02  -2.70029025e-01  -4.62384110e-01  -6.30862786e-01  -7.6780538e-01  
-8.66985966e-01  -9.23895425e-01  -9.35946437e-01  -9.02591119e-01  -8.25345929e-01  -7.07722723e-01  
-5.55069094e-01  -3.74325247e-01  -1.73708477e-01  3.76604241e-02  2.50171834e-01  4.54164186e-01  
6.40363223e-01  8.00303637e-01  9.26713937e-01  1.01384704e+00  -7.51346536e-01  -6.64213437e-01  
-5.37803137e-01  -3.77862723e-01  -1.91663686e-01  1.23286659e-02  2.24840076e-01  4.36208978e-01  
6.36825747e-01  8.17569594e-01  9.70223223e-01  1.08784643e+00  1.16509162e+00  1.19844694e+00  
1.18639592e+00  1.12948647e+00  1.03030588e+00  8.93363286e-01  7.24884610e-01  5.32529525e-01  
3.25043214e-01  1.11858784e-01  -9.73316011e-02  -2.93017361e-01  -4.66301887e-01  -6.09307014e-01  
-7.15531192e-01  -7.80145072e-01  -8.00211064e-01  -7.74816892e-01  -7.05117072e-01  -5.94280418e-01  
-4.47345981e-01  -2.70993952e-01  -7.32419550e-02  1.36919461e-01  3.4993557e-01  5.56121859e-01  
7.46104327e-01  9.11245658e-01  1.04403791e+00  1.13844384e+00  1.19017141e+00  1.19686888e+00  
1.15823177e+00  1.07601666e+00  9.53961361e-01  7.97614964e-01  6.14085562e-01  4.11717090e-01  
1.99709981e-01  -1.22971294e-02  -2.14665600e-01  -3.98195003e-01  -5.54541400e-01  -6.765967e-01  
-7.58811809e-01  -7.9744892e-01  -7.90751445e-01  -7.39023877e-01  -6.44617945e-01  -5.11825697e-01  
-3.46684366e-01  -1.56701898e-01  4.94843914e-02  2.62500500e-01  4.72661916e-01  6.70413913e-01  
8.46765942e-01  9.93700379e-01  1.10453703e+00  1.17423685e+00  1.19963102e+00  1.17956503e+00  
1.11495115e+00  1.00872697e+00  8.65721848e-01  6.92437322e-01  4.96751562e-01  2.87561177e-01  
7.4376747e-02  -1.33109564e-01  -3.25464649e-01  -4.93943325e-01  -6.30885919e-01  -7.30066505e-01  
-7.86975964e-01  -7.99026976e-01  -7.65671658e-01  -6.88426468e-01  -5.70803262e-01  -4.18149633e-01  
-2.37405786e-01  -3.67890165e-02  1.74579885e-01  3.87091295e-01  5.91083647e-01  7.77282684e-01  
9.37223098e-01  1.0636334e+00  1.1507665e+00  -6.18236972e-01  -5.31103873e-01  -4.04693573e-01  
-2.44753159e-01  -5.85541223e-02  1.4543823e-01  3.5794964e-01  5.69318542e-01  7.69935311e-01  
9.50679158e-01  1.10333279e+00  1.22095599e+00  1.29820118e+00  1.33155650e+00  1.31950549e+00  
1.26259603e+00  1.16341544e+00  1.02647285e+00  8.57994174e-01  6.65639089e-01  4.58152778e-01  
2.44968348e-01  3.57779629e-02  -1.59907797e-01  -3.33192323e-01  -4.7619745e-01  -5.82421628e-01  
-6.47035508e-01  -6.671015e-01  -6.41707328e-01  -5.72007508e-01  -4.61170854e-01  -3.14236417e-01  
-1.37884388e-01  5.98676090e-02  2.70029025e-01  4.83045134e-01  6.89231423e-01  8.79213891e-01  
1.04435522e+00  1.17714747e+00  1.27155340e+00  1.32328097e+00  1.32997844e+00  1.29134133e+00  
1.20912622e+00  1.08707093e+00  9.30724528e-01  7.47195126e-01  5.44826654e-01  3.32819545e-01  
1.20812435e-01  -8.15560365e-02  -2.65085439e-01  -4.21431836e-01  -5.43487136e-01  -6.25702244e-01  
-6.64339356e-01  -6.57641881e-01  -6.05914313e-01  -5.11508381e-01  -3.78716133e-01  -2.13574802e-01  
-2.35923342e-02  1.82593955e-01  3.95610064e-01  6.05771480e-01  8.03523477e-01  9.79875506e-01  
1.12680994e+00  1.2376466e+00  1.30734642e+00  1.33274059e+00  1.3126746e+00  1.24806072e+00  
1.14183654e+00  9.98831412e-01  8.25546886e-01  6.29861126e-01  4.20670741e-01  2.07486311e-01  
3.88578059e-16  -1.92355085e-01  -3.60833761e-01  -4.97776355e-01  -5.96956941e-01  -6.538664e-01  
-6.65917412e-01  -6.32562094e-01  -5.55316904e-01  -4.37693698e-01  -2.85040069e-01  -1.04296222e-01  
9.63205475e-02  3.07689449e-01  5.20200859e-01  7.24193211e-01  9.10392248e-01  1.07033266e+00  
1.19674296e+00  1.28387606e+00  -4.91476656e-01  -4.04343557e-01  -2.77933257e-01  -1.17992843e-01  
6.82061938e-02  2.72198546e-01  4.84709956e-01  6.96078858e-01  8.96695627e-01  1.07743947e+00  
1.23009310e+00  1.34771631e+00  1.4249615e+00  1.45831682e+00  1.44626580e+00  1.38935635e+00  
1.29017576e+00  1.15323317e+00  9.84754491e-01  7.92399405e-01  5.84913094e-01  3.71728664e-01  
1.62538279e-01  -3.31474809e-02  -2.06432007e-01  -3.49437134e-01  -4.55661312e-01  -5.20275192e-01  
-5.40341184e-01  -5.14947012e-01  -4.45247192e-01  -3.34410538e-01  -1.87476101e-01  -1.11240715e-02  
1.86627925e-01  3.96789341e-01  6.0980545e-01  8.15991739e-01  1.00597421e+00  1.17111554e+00  
1.30390779e+00  1.39831372e+00  1.45004129e+00  1.45673876e+00  1.41810165e+00  1.33588654e+00  
1.21383124e+00  1.05748484e+00  8.73955442e-01  6.71586971e-01  4.59579861e-01  2.47572751e-01  
4.52042796e-02  -1.38325122e-01  -2.94671520e-01  -4.16726819e-01  -4.98941928e-01  -5.3757904e-01  
-5.30881565e-01  -4.79153997e-01  -3.84748065e-01  -2.51955817e-01  -8.68144861e-02  1.03167982e-01  
3.09354272e-01  5.22370380e-01  7.32531796e-01  9.30283793e-01  1.10663582e+00  1.25357026e+00  
1.36440691e+00  1.43410673e+00  1.45950090e+00  1.43943491e+00  1.37482103e+00  1.26859685e+00  
1.12559173e+00  9.52307202e-01  7.56621442e-01  5.47431057e-01  3.34246627e-01  1.26760316e-01  
-6.55947693e-02  -2.34073445e-01  -3.71016039e-01  -4.70196625e-01  -5.27106084e-01  -5.39157096e-01  
-5.05801778e-01  -4.28556588e-01  -3.10933382e-01  -1.58279752e-01  2.2464094e-02  2.23080864e-01  
4.34449765e-01  6.46961175e-01  8.50953527e-01  1.03715256e+00  1.19709298e+00  1.32350328e+00  
1.41063638e+00  -3.73483813e-01  -2.86350714e-01  -1.59940414e-01  3.33066907e-16  1.86199037e-01  
3.90191389e-01  6.02702799e-01  8.14071700e-01  1.01468847e+00  1.19543232e+00  1.34808595e+00  
1.46570915e+00  1.54295434e+00  1.57630966e+00  1.56425865e+00  1.50734919e+00  1.40816860e+00  
1.27122601e+00  1.10274733e+00  9.10392248e-01  7.02905937e-01  4.89721507e-01  2.80531122e-01  
8.48453619e-02  -8.84391640e-02  -2.31444291e-01  -3.37668469e-01  -4.02282349e-01  -4.22348341e-01  
-3.96954169e-01  -3.27254349e-01  -2.16417695e-01  -6.94832581e-02  1.06868771e-01  3.04620768e-01  
5.14782184e-01  7.27798293e-01  9.33984582e-01  1.12396705e+00  1.28910838e+00  1.42190063e+00  
1.51630656e+00  1.56803413e+00  1.57473160e+00  1.53609449e+00  1.45387938e+00  1.33182408e+00  
1.17547769e+00  9.91948284e-01  7.89579813e-01  5.77572703e-01  3.65565594e-01  1.63197122e-01  
-2.03322796e-02  -1.76678677e-01  -2.98733977e-01  -3.80949086e-01  -4.19586197e-01  -4.12888722e-01  
-3.61161154e-01  -2.66755222e-01  -1.33962974e-01  3.11783567e-02  2.21160825e-01  4.27347114e-01  
6.40363223e-01  8.50524639e-01  1.04827664e+00  1.22462866e+00  1.37156310e+00  1.48239976e+00  
1.55209958e+00  1.57749375e+00  1.55742776e+00  1.49281388e+00  1.3865897e+00  1.24358457e+00  
1.07030004e+00  8.74614285e-01  6.654239e-01  4.5223947e-01  2.44753159e-01  5.23980735e-02  
-1.16080602e-01  -2.53023196e-01  -3.52203782e-01  -4.09113241e-01  -4.21164253e-01  -3.87808935e-01  
-3.10563745e-01  -1.92940539e-01  -4.02869097e-02  1.40456937e-01  3.41073706e-01  5.52442608e-01  
7.64954018e-01  9.68946370e-01  1.15514541e+00  1.31508582e+00  1.44149612e+00  1.52862922e+00  
-2.66509410e-01  -1.79376311e-01  -5.29660114e-02  1.06974403e-01  2.93173439e-01  4.97165791e-01  
7.09677201e-01  9.21046103e-01  1.12166287e+00  1.30240672e+00  1.45506035e+00  1.57268355e+00  
1.64992874e+00  1.68328406e+00  1.67123305e+00  1.61432359e+00  1.51514301e+00  1.37820041e+00  
1.20972174e+00  1.01736665e+00  8.09880339e-01  5.96695909e-01  3.87505524e-01  1.91819764e-01  
1.85352385e-02  -1.24469888e-01  -2.30694067e-01  -2.95307946e-01  -3.15373938e-01  -2.89979767e-01  
-2.20279947e-01  -1.09443293e-01  3.74911444e-02  2.13843174e-01  4.11595170e-01  6.21756586e-01  
8.34772695e-01  1.04095898e+00  1.23094145e+00  1.39608278e+00  1.52887503e+00  1.62328096e+00  
1.67500853e+00  1.68170601e+00  1.64306889e+00  1.56085379e+00  1.43879849e+00  1.28245209e+00  
1.09892269e+00  8.96554216e-01  6.84547106e-01  4.72539996e-01  2.70171525e-01  8.66421229e-02  
-6.97042748e-02  -1.91759574e-01  -2.73974683e-01  -3.12611794e-01  -3.0591432e-01  -2.54186752e-01  
-1.5978082e-01  -2.69885713e-02  1.38152759e-01  3.28135227e-01  5.34321517e-01  7.47337625e-01  
9.57499041e-01  1.15525104e+00  1.33160307e+00  1.47853750e+00  1.58937416e+00  1.65907398e+00  
1.68446815e+00  1.66440216e+00  1.59978828e+00  1.49356410e+00  1.35055897e+00  1.17727445e+00  
9.81588688e-01  7.72398302e-01  5.59213872e-01  3.51727561e-01  1.59372476e-01  -9.10619988e-03  
-1.46048793e-01  -2.4522938e-01  -3.02138838e-01  -3.14189851e-01  -2.80834533e-01  -2.03589343e-01  
-8.59661368e-02  6.66874928e-02  2.47431339e-01  4.48048109e-01  6.59417010e-01  8.71928421e-01  
1.07592077e+00  1.26211981e+00  1.42206022e+00  1.54847052e+00  1.63560362e+00  -1.72594215e-01  
-8.54611156e-02  4.09491842e-02  2.00889598e-01  3.87088635e-01  5.91080987e-01  8.03592397e-01  
1.0149613e+00  1.21557807e+00  1.39632191e+00  1.54897554e+00  1.66659875e+00  1.74384394e+00  
1.77719926e+00  1.76514825e+00  1.70823879e+00  1.60905820e+00  1.47211561e+00  1.30363693e+00  
1.11128185e+00  9.03795535e-01  6.90611105e-01  4.8142072e-01  2.85734960e-01  1.12450434e-01  
-3.05546928e-02  -1.36778871e-01  -2.01392751e-01  -2.21458743e-01  -1.96064571e-01  -1.26364751e-01  
-1.55280971e-02  1.3140634e-01  3.07758369e-01  5.05510366e-01  7.15671782e-01  9.28687891e-01  
1.13487418e+00  1.32485665e+00  1.48999798e+00  1.62279023e+00  1.71719616e+00  1.76892373e+00  
1.77562120e+00  1.73698409e+00  1.65476898e+00  1.53271368e+00  1.37636728e+00  1.19283788e+00  
9.90469411e-01  7.78462302e-01  5.66455192e-01  3.64086721e-01  1.80557319e-01  2.42109208e-02  
-9.78443785e-02  -1.80059487e-01  -2.18696599e-01  -2.11999124e-01  -1.60271556e-01  -6.58656239e-02  
6.69266244e-02  2.32067955e-01  4.22050423e-01  6.28236712e-01  8.41252821e-01  1.05141424e+00  
1.24916623e+00  1.42551826e+00  1.57245270e+00  1.68328935e+00  1.75298917e+00  1.77838335e+00  
1.75831735e+00  1.69370347e+00  1.5874793e+00  1.44447417e+00  1.27118964e+00  1.07550388e+00  
8.66313498e-01  6.53129068e-01  4.45642757e-01  2.53287672e-01  8.48089958e-02  -5.21335976e-02  
-1.51314184e-01  -2.08223643e-01  -2.20274655e-01  -1.86919337e-01  -1.09674147e-01  7.94905879e-03  
1.60602688e-01  3.41346535e-01  5.41963305e-01  7.53332206e-01  9.65843616e-01  1.16983597e+00  
1.35603500e+00  1.51597542e+00  1.64238572e+00  1.72951882e+00  -9.35298601e-02  -6.396761e-03  
1.20013539e-01  2.79953953e-01  4.66152989e-01  6.70145342e-01  8.82656752e-01  1.09402565e+00  
1.29464242e+00  1.47538627e+00  1.6280399e+00  1.74566311e+00  1.8229083e+00  1.85626361e+00  
1.84421260e+00  1.78730314e+00  1.68812256e+00  1.55117996e+00  1.38270129e+00  1.19034620e+00  
9.8285989e-01  7.6967546e-01  5.60485075e-01  3.64799315e-01  1.91514789e-01  4.85096618e-02  
-5.77145164e-02  -1.22328396e-01  -1.42394388e-01  -1.17000217e-01  -4.73003963e-02  6.35362575e-02  
2.10470695e-01  3.86822724e-01  5.84574721e-01  7.94736137e-01  1.00775225e+00  1.21393853e+00  
1.40392100e+00  1.56906233e+00  1.70185458e+00  1.79626051e+00  1.84798808e+00  1.85468556e+00  
1.81604845e+00  1.73383334e+00  1.61177804e+00  1.45543164e+00  1.27190224e+00  1.06953377e+00  
8.57526656e-01  6.45519546e-01  4.43151075e-01  2.59621673e-01  1.03275275e-01  -1.87800239e-02  
-1.00995133e-01  -1.39632244e-01  -1.3293477e-01  -8.12072015e-02  1.31987307e-02  1.45990979e-01  
3.11132309e-01  5.01114777e-01  7.07301067e-01  9.20317176e-01  1.13047859e+00  1.32823059e+00  
1.50458262e+00  1.65151705e+00  1.76235371e+00  1.83205353e+00  1.85744770e+00  1.83738171e+00  
1.77276783e+00  1.66654365e+00  1.52353852e+00  1.350254e+00  1.15456824e+00  9.45377853e-01  
7.32193423e-01  5.24707112e-01  3.32352026e-01  1.63873350e-01  2.6930757e-02  -7.22498297e-02  
-1.29159288e-01  -1.41210300e-01  -1.07854983e-01  -3.06097926e-02  8.70134134e-02  2.39667043e-01  
4.2041089e-01  6.21027659e-01  8.32396561e-01  1.04490797e+00  1.24890032e+00  1.43509936e+00  
1.59503977e+00  1.72145007e+00  1.80858317e+00  -3.08246689e-02  5.63084302e-02  1.82718730e-01  
3.42659144e-01  5.28858181e-01  7.32850533e-01  9.45361943e-01  1.15673084e+00  1.35734761e+00  
1.53809146e+00  1.69074509e+00  1.8083683e+00  1.88561349e+00  1.91896880e+00  1.90691779e+00  
1.85000833e+00  1.75082775e+00  1.61388515e+00  1.44540648e+00  1.25305139e+00  1.04556508e+00  
8.32380651e-01  6.23190266e-01  4.27504506e-01  2.5421998e-01  1.11214853e-01  4.99067474e-03  
-5.96232050e-02  -7.96891968e-02  -5.42950254e-02  1.54047949e-02  1.26241449e-01  2.73175886e-01  
4.49527915e-01  6.47279912e-01  8.57441328e-01  1.07045744e+00  1.27664373e+00  1.46662619e+00  
1.63176752e+00  1.76455977e+00  1.85896571e+00  1.91069327e+00  1.91739075e+00  1.87875364e+00  
1.79653853e+00  1.67448323e+00  1.51813683e+00  1.33460743e+00  1.13223896e+00  9.20231847e-01  
7.08224737e-01  5.05856266e-01  3.22326864e-01  1.65980467e-01  4.39251673e-02  -3.82899417e-02  
-7.69270529e-02  -7.02295783e-02  -1.85020103e-02  7.59039219e-02  2.08696170e-01  3.73837501e-01  
5.63819969e-01  7.70006258e-01  9.83022367e-01  1.19318378e+00  1.39093578e+00  1.56728781e+00  
1.71422225e+00  1.8250589e+00  1.89475872e+00  1.92015289e+00  1.9000869e+00  1.83547302e+00  
1.72924884e+00  1.58624371e+00  1.41295919e+00  1.21727343e+00  1.00808304e+00  7.94898614e-01  
5.87412303e-01  3.95057217e-01  2.26578542e-01  8.96359482e-02  -9.54463852e-03  -6.64540968e-02  
-7.85051092e-02  -4.51497915e-02  3.20953986e-02  1.49718605e-01  3.02372234e-01  4.83116081e-01  
6.83732850e-01  8.95101752e-01  1.10761316e+00  1.31160551e+00  1.49780455e+00  1.65774496e+00  
1.78415526e+00  1.87128836e+00  1.43251225e-02  1.01458222e-01  2.27868521e-01  3.87808935e-01  
5.74007972e-01  7.78000324e-01  9.90511734e-01  1.20188064e+00  1.40249741e+00  1.58324125e+00  
1.73589488e+00  1.85351809e+00  1.93076328e+00  1.9641186e+00  1.95206758e+00  1.89515812e+00  
1.79597754e+00  1.65903494e+00  1.49055627e+00  1.29820118e+00  1.09071487e+00  8.77530442e-01  
6.68340057e-01  4.72654297e-01  2.99369771e-01  1.56364644e-01  5.01404662e-02  -1.44734136e-02  
-3.45394054e-02  -9.14523395e-03  6.05545864e-02  1.71391240e-01  3.18325677e-01  4.94677707e-01  
6.92429703e-01  9.02591119e-01  1.11560723e+00  1.32179352e+00  1.51177599e+00  1.67691732e+00  
1.80970956e+00  1.9041155e+00  1.95584306e+00  1.96254054e+00  1.92390343e+00  1.84168832e+00  
1.71963302e+00  1.56328662e+00  1.37975722e+00  1.17738875e+00  9.65381639e-01  7.53374529e-01  
5.51006058e-01  3.67476656e-01  2.11130258e-01  8.90749588e-02  6.85984982e-03  -3.17772614e-02  
-2.50797869e-02  2.66477812e-02  1.21053713e-01  2.53845962e-01  4.18987292e-01  6.08969760e-01  
8.1515605e-01  1.02817216e+00  1.23833357e+00  1.43608557e+00  1.61243760e+00  1.75937204e+00  
1.87020869e+00  1.93990851e+00  1.96530268e+00  1.94523669e+00  1.88062281e+00  1.77439863e+00  
1.63139351e+00  1.45810898e+00  1.26242322e+00  1.05323284e+00  8.40048405e-01  6.32562094e-01  
4.40207009e-01  2.71728333e-01  1.3478574e-01  3.56051529e-02  -2.13043054e-02  -3.33553178e-02  
-1.11022302e-16  7.72451900e-02  1.94868396e-01  3.47522026e-01  5.28265872e-01  7.28882642e-01  
9.40251543e-01  1.15276295e+00  1.35675531e+00  1.54295434e+00  1.70289476e+00  1.82930506e+00  
1.91643816e+00  4.10581850e-02  1.28191284e-01  2.54601584e-01  4.14541998e-01  6.00741034e-01  
8.04733387e-01  1.0172448e+00  1.2286137e+00  1.42923047e+00  1.60997431e+00  1.76262794e+00  
1.88025115e+00  1.95749634e+00  1.99085166e+00  1.97880065e+00  1.92189119e+00  1.82271060e+00  
1.68576801e+00  1.51728933e+00  1.32493425e+00  1.11744793e+00  9.04263505e-01  6.9507312e-01  
4.9938736e-01  3.26102834e-01  1.83097707e-01  7.68735287e-02  1.22596489e-02  -7.80634289e-03  
1.75878285e-02  8.72876488e-02  1.98124303e-01  3.4505874e-01  5.21410769e-01  7.19162766e-01  
9.29324182e-01  1.14234029e+00  1.34852658e+00  1.53850905e+00  1.70365038e+00  1.83644263e+00  
1.93084856e+00  1.98257613e+00  1.98927360e+00  1.95063649e+00  1.86842138e+00  1.74636608e+00  
1.59001968e+00  1.40649028e+00  1.20412181e+00  9.92114701e-01  7.80107591e-01  5.77739120e-01  
3.94209718e-01  2.37863321e-01  1.15808021e-01  3.35929123e-02  -5.04419895e-03  1.65327562e-03  
5.33808437e-02  1.47786776e-01  2.80579024e-01  4.45720355e-01  6.35702823e-01  8.41889112e-01  
1.05490522e+00  1.26506664e+00  1.46281863e+00  1.63917066e+00  1.7861051e+00  1.89694175e+00  
1.96664157e+00  1.99203575e+00  1.97196975e+00  1.90735587e+00  1.8011317e+00  1.65812657e+00  
1.48484204e+00  1.28915628e+00  1.0799659e+00  8.66781468e-01  6.59295157e-01  4.66940071e-01  
2.98461396e-01  1.61518802e-01  6.23382154e-02  5.42875711e-03  -6.62225529e-03  2.67330625e-02  
1.03978253e-01  2.21601459e-01  3.74255088e-01  5.54998935e-01  7.55615704e-01  9.66984606e-01  
1.17949602e+00  1.38348837e+00  1.56968740e+00  1.72962782e+00  1.85603812e+00  1.94317122e+00  
4.88645279e-02  1.35997627e-01  2.62407927e-01  4.22348341e-01  6.08547377e-01  8.1253973e-01  
1.02505114e+00  1.23642004e+00  1.43703681e+00  1.61778066e+00  1.77043429e+00  1.88805749e+00  
1.96530268e+00  1.99865800e+00  1.98660699e+00  1.92969753e+00  1.83051694e+00  1.69357435e+00  
1.52509567e+00  1.33274059e+00  1.12525428e+00  9.12069848e-01  7.02879463e-01  5.07193703e-01  
3.33909177e-01  1.9090405e-01  8.46798716e-02  2.00659918e-02  0.e+00  2.53941714e-02  
9.50939917e-02  2.05930646e-01  3.52865083e-01  5.29217112e-01  7.26969109e-01  9.37130525e-01  
1.15014663e+00  1.35633292e+00  1.54631539e+00  1.71145672e+00  1.84424897e+00  1.93865490e+00  
1.99038247e+00  1.99707994e+00  1.95844283e+00  1.87622772e+00  1.75417242e+00  1.59782603e+00  
1.41429663e+00  1.21192815e+00  9.99921044e-01  7.87913934e-01  5.85545463e-01  4.02016061e-01  
2.45669663e-01  1.23614364e-01  4.13992552e-02  2.76214394e-03  9.45961851e-03  6.11871865e-02  
1.55593119e-01  2.88385367e-01  4.53526697e-01  6.43509165e-01  8.49695455e-01  1.06271156e+00  
1.27287298e+00  1.47062498e+00  1.64697701e+00  1.79391144e+00  1.9047481e+00  1.97444792e+00  
1.99984209e+00  1.9797761e+00  1.91516222e+00  1.80893804e+00  1.66593291e+00  1.49264839e+00  
1.29696263e+00  1.08777224e+00  8.74587811e-01  6.671015e-01  4.74746414e-01  3.06267738e-01  
1.69325145e-01  7.01445583e-02  1.32351e-02  1.1840876e-03  3.45394054e-02  1.11784595e-01  
2.29407801e-01  3.82061431e-01  5.62805278e-01  7.63422047e-01  9.74790949e-01  1.18730236e+00  
1.39129471e+00  1.57749375e+00  1.73743416e+00  1.86384446e+00  1.95097756e+00  3.75952284e-02  
1.24728328e-01  2.51138627e-01  4.11079041e-01  5.97278078e-01  8.01270430e-01  1.01378184e+00  
1.22515074e+00  1.42576751e+00  1.60651136e+00  1.75916499e+00  1.87678819e+00  1.95403338e+00  
1.98738870e+00  1.97533769e+00  1.91842823e+00  1.81924764e+00  1.68230505e+00  1.51382637e+00  
1.32147129e+00  1.11398498e+00  9.00800548e-01  6.91610163e-01  4.95924403e-01  3.22639877e-01  
1.79634750e-01  7.34105721e-02  8.79669235e-03  -1.12692995e-02  1.4124872e-02  8.38246923e-02  
1.94661346e-01  3.41595783e-01  5.17947813e-01  7.15699809e-01  9.25861225e-01  1.13887733e+00  
1.34506362e+00  1.53504609e+00  1.70018742e+00  1.83297967e+00  1.92738560e+00  1.97911317e+00  
1.98581064e+00  1.94717353e+00  1.86495842e+00  1.74290313e+00  1.58655673e+00  1.40302733e+00  
1.20065885e+00  9.88651745e-01  7.76644635e-01  5.74276164e-01  3.90746762e-01  2.34400364e-01  
1.12345065e-01  3.01299557e-02  -8.50715552e-03  -1.80968096e-03  4.99178871e-02  1.44323819e-01  
2.77116068e-01  4.42257398e-01  6.32239866e-01  8.38426156e-01  1.05144226e+00  1.26160368e+00  
1.45935568e+00  1.63570771e+00  1.78264214e+00  1.8934788e+00  1.96317862e+00  1.98857279e+00  
1.9685068e+00  1.90389292e+00  1.79766874e+00  1.65466361e+00  1.48137909e+00  1.28569333e+00  
1.07650294e+00  8.63318511e-01  6.55832200e-01  4.63477115e-01  2.94998439e-01  1.58055846e-01  
5.88752588e-02  1.96580053e-03  -1.00852119e-02  2.32701059e-02  1.00515296e-01  2.18138502e-01  
3.70792132e-01  5.51535978e-01  7.52152748e-01  9.63521649e-01  1.17603306e+00  1.38002541e+00  
1.56622445e+00  1.72616486e+00  1.85257516e+00  1.93970826e+00  7.46527272e-03  9.45983718e-02  
2.21008672e-01  3.80949086e-01  5.67148122e-01  7.71140474e-01  9.83651884e-01  1.19502079e+00  
1.39563756e+00  1.57638140e+00  1.72903503e+00  1.84665824e+00  1.92390343e+00  1.95725875e+00  
1.94520773e+00  1.88829827e+00  1.78911769e+00  1.65217509e+00  1.48369642e+00  1.29134133e+00  
1.08385502e+00  8.70670592e-01  6.61480207e-01  4.65794447e-01  2.92509922e-01  1.49504795e-01  
4.32806164e-02  -2.13332634e-02  -4.13992552e-02  -1.60050838e-02  5.36947366e-02  1.64531390e-01  
3.11465827e-01  4.87817857e-01  6.85569854e-01  8.95731269e-01  1.10874738e+00  1.31493367e+00  
1.50491614e+00  1.67005747e+00  1.80284971e+00  1.89725565e+00  1.94898321e+00  1.95568069e+00  
1.91704358e+00  1.83482847e+00  1.71277317e+00  1.55642677e+00  1.37289737e+00  1.1705289e+00  
9.58521789e-01  7.46514679e-01  5.44146208e-01  3.60616806e-01  2.04270408e-01  8.2215109e-02  
-8.8817842e-16  -3.86371112e-02  -3.19396367e-02  1.97879314e-02  1.14193864e-01  2.46986112e-01  
4.12127442e-01  6.02109910e-01  8.082962e-01  1.02131231e+00  1.23147372e+00  1.42922572e+00  
1.60557775e+00  1.75251219e+00  1.86334884e+00  1.93304866e+00  1.95844283e+00  1.93837684e+00  
1.87376296e+00  1.76753878e+00  1.62453366e+00  1.45124913e+00  1.25556337e+00  1.04637299e+00  
8.33188555e-01  6.25702244e-01  4.33347159e-01  2.64868483e-01  1.2792589e-01  2.87453031e-02  
-2.81641552e-02  -4.02151676e-02  -6.85984982e-03  7.03853402e-02  1.88008546e-01  3.40662176e-01  
5.21406022e-01  7.22022792e-01  9.33391694e-01  1.14590310e+00  1.34989546e+00  1.53609449e+00  
1.69603491e+00  1.82244521e+00  1.90957831e+00  -4.09505456e-02  4.61825535e-02  1.72592853e-01  
3.32533267e-01  5.18732304e-01  7.22724656e-01  9.35236066e-01  1.14660497e+00  1.34722174e+00  
1.52796558e+00  1.68061921e+00  1.79824242e+00  1.87548761e+00  1.90884293e+00  1.89679191e+00  
1.83988246e+00  1.74070187e+00  1.60375928e+00  1.43528060e+00  1.24292552e+00  1.03543920e+00  
8.22254774e-01  6.13064389e-01  4.17378629e-01  2.44094103e-01  1.01088976e-01  -5.13520194e-03  
-6.97490817e-02  -8.98150735e-02  -6.44209021e-02  5.27891822e-03  1.16115572e-01  2.63050009e-01  
4.39402039e-01  6.37154035e-01  8.47315451e-01  1.06033156e+00  1.26651785e+00  1.45650032e+00  
1.62164165e+00  1.7544339e+00  1.84883983e+00  1.9005674e+00  1.90726487e+00  1.86862776e+00  
1.78641265e+00  1.66435735e+00  1.50801095e+00  1.32448155e+00  1.12211308e+00  9.10105971e-01  
6.98098861e-01  4.9573039e-01  3.12200988e-01  1.5585459e-01  3.37992906e-02  -4.84158183e-02  
-8.70529296e-02  -8.03554550e-02  -2.8627887e-02  6.57780452e-02  1.98570293e-01  3.63711624e-01  
5.53694092e-01  7.59880382e-01  9.72896490e-01  1.18305791e+00  1.38080990e+00  1.55716193e+00  
1.70409637e+00  1.81493302e+00  1.88463284e+00  1.91002701e+00  1.88996102e+00  1.82534714e+00  
1.71912297e+00  1.57611784e+00  1.40283331e+00  1.20714755e+00  9.97957167e-01  7.84772737e-01  
5.77286426e-01  3.84931341e-01  2.16452665e-01  7.95100715e-02  -1.96705152e-02  -7.65799735e-02  
-8.86309859e-02  -5.52756681e-02  2.19695219e-02  1.39592728e-01  2.92246358e-01  4.72990204e-01  
6.73606974e-01  8.84975875e-01  1.09748729e+00  1.30147964e+00  1.48767867e+00  1.64761909e+00  
1.77402939e+00  1.86116249e+00  -1.06728591e-01  -1.95954917e-02  1.06814808e-01  2.66755222e-01  
4.52954259e-01  6.56946611e-01  8.69458021e-01  1.08082692e+00  1.28144369e+00  1.46218754e+00  
1.61484117e+00  1.73246437e+00  1.80970956e+00  1.84306488e+00  1.83101387e+00  1.77410441e+00  
1.67492382e+00  1.53798123e+00  1.36950256e+00  1.17714747e+00  9.69661159e-01  7.56476729e-01  
5.47286344e-01  3.51600584e-01  1.78316058e-01  3.53109311e-02  -7.09132471e-02  -1.35527127e-01  
-1.55593119e-01  -1.30198947e-01  -6.0499127e-02  5.03375269e-02  1.97271964e-01  3.73623993e-01  
5.7137599e-01  7.81537406e-01  9.94553515e-01  1.20073980e+00  1.39072227e+00  1.55586360e+00  
1.68865585e+00  1.78306178e+00  1.83478935e+00  1.84148683e+00  1.80284971e+00  1.72063461e+00  
1.59857931e+00  1.44223291e+00  1.25870351e+00  1.05633504e+00  8.44327926e-01  6.32320816e-01  
4.29952345e-01  2.46422942e-01  9.00765448e-02  -3.19787545e-02  -1.14193864e-01  -1.52830975e-01  
-1.46133500e-01  -9.44059322e-02  0.e+00  1.32792248e-01  2.97933579e-01  4.87916047e-01  
6.94102336e-01  9.07118445e-01  1.11727986e+00  1.31503186e+00  1.49138389e+00  1.63831832e+00  
1.74915498e+00  1.8188548e+00  1.84424897e+00  1.82418298e+00  1.7595691e+00  1.65334492e+00  
1.51033979e+00  1.33705527e+00  1.14136951e+00  9.32179122e-01  7.18994692e-01  5.11508381e-01  
3.19153296e-01  1.5067462e-01  1.37320263e-02  -8.54485604e-02  -1.42358019e-01  -1.54409031e-01  
-1.21053713e-01  -4.38085233e-02  7.38146827e-02  2.26468312e-01  4.07212159e-01  6.07828928e-01  
8.19197830e-01  1.03170924e+00  1.23570159e+00  1.42190063e+00  1.58184104e+00  1.70825134e+00  
1.79538444e+00  -1.88614005e-01  -1.01480906e-01  2.49293937e-02  1.84869808e-01  3.71068844e-01  
5.75061196e-01  7.87572606e-01  9.98941508e-01  1.19955828e+00  1.38030212e+00  1.53295575e+00  
1.65057896e+00  1.72782415e+00  1.76117947e+00  1.74912846e+00  1.692219e+00  1.59303841e+00  
1.45609582e+00  1.28761714e+00  1.09526206e+00  8.87775745e-01  6.74591314e-01  4.65400929e-01  
2.69715169e-01  9.64306436e-02  -4.65744834e-02  -1.52798662e-01  -2.17412541e-01  -2.37478533e-01  
-2.12084362e-01  -1.42384541e-01  -3.15478876e-02  1.15386549e-01  2.91738579e-01  4.89490575e-01  
6.99651991e-01  9.12668100e-01  1.11885439e+00  1.30883686e+00  1.47397819e+00  1.60677044e+00  
1.70117637e+00  1.75290394e+00  1.75960141e+00  1.72096430e+00  1.63874919e+00  1.51669389e+00  
1.36034749e+00  1.17681809e+00  9.74449621e-01  7.62442511e-01  5.50435401e-01  3.48066930e-01  
1.64537528e-01  8.19113028e-03  -1.13864169e-01  -1.96079278e-01  -2.34716389e-01  -2.28018915e-01  
-1.76291347e-01  -8.18854145e-02  5.09068338e-02  2.16048164e-01  4.06030632e-01  6.12216922e-01  
8.25233031e-01  1.03539445e+00  1.23314644e+00  1.40949847e+00  1.55643291e+00  1.66726956e+00  
1.73696938e+00  1.76236356e+00  1.74229756e+00  1.67768368e+00  1.57145951e+00  1.42845438e+00  
1.25516985e+00  1.05948409e+00  8.50293708e-01  6.37109277e-01  4.29622966e-01  2.37267881e-01  
6.87892052e-02  -6.81533882e-02  -1.67333975e-01  -2.24243433e-01  -2.36294446e-01  -2.02939128e-01  
-1.25693938e-01  -8.07073176e-03  1.44582898e-01  3.25326744e-01  5.25943514e-01  7.37312416e-01  
9.49823826e-01  1.15381618e+00  1.34001521e+00  1.49995563e+00  1.62636593e+00  1.71349903e+00  
-2.85044649e-01  -1.9791155e-01  -7.15012499e-02  8.84391640e-02  2.74638201e-01  4.78630553e-01  
6.91141963e-01  9.02510864e-01  1.10312763e+00  1.28387148e+00  1.43652511e+00  1.55414832e+00  
1.63139351e+00  1.66474882e+00  1.65269781e+00  1.59578835e+00  1.49660777e+00  1.35966517e+00  
1.1911865e+00  9.98831412e-01  7.91345101e-01  5.78160671e-01  3.68970286e-01  1.73284526e-01  
4.4408921e-16  -1.43005127e-01  -2.49229305e-01  -3.13843185e-01  -3.33909177e-01  -3.08515005e-01  
-2.38815185e-01  -1.27978531e-01  1.89559059e-02  1.95307935e-01  3.93059932e-01  6.03221348e-01  
8.16237457e-01  1.02242375e+00  1.21240621e+00  1.37754754e+00  1.51033979e+00  1.60474573e+00  
1.65647329e+00  1.66317077e+00  1.62453366e+00  1.54231855e+00  1.42026325e+00  1.26391685e+00  
1.08038745e+00  8.78018977e-01  6.66011867e-01  4.54004758e-01  2.51636286e-01  6.81068844e-02  
-8.82395133e-02  -2.10294813e-01  -2.92509922e-01  -3.31147033e-01  -3.24449558e-01  -2.72721990e-01  
-1.78316058e-01  -4.55238098e-02  1.19617521e-01  3.09599989e-01  5.15786278e-01  7.28802387e-01  
9.38963803e-01  1.1367158e+00  1.31306783e+00  1.46000227e+00  1.57083892e+00  1.64053874e+00  
1.66593291e+00  1.64586692e+00  1.58125304e+00  1.47502886e+00  1.33202373e+00  1.15873921e+00  
9.63053449e-01  7.53863064e-01  5.40678634e-01  3.33192323e-01  1.40837237e-01  -2.76414384e-02  
-1.64584032e-01  -2.63764618e-01  -3.20674077e-01  -3.32725089e-01  -2.99369771e-01  -2.22124581e-01  
-1.04501375e-01  4.81522543e-02  2.28896101e-01  4.29512870e-01  6.40881772e-01  8.53393182e-01  
1.05738553e+00  1.24358457e+00  1.40352498e+00  1.52993528e+00  1.61706838e+00  -3.941809e-01  
-3.07047801e-01  -1.80637501e-01  -2.06970869e-02  1.6550195e-01  3.69494302e-01  5.82005712e-01  
7.93374614e-01  9.93991383e-01  1.17473523e+00  1.32738886e+00  1.44501207e+00  1.52225726e+00  
1.55561257e+00  1.54356156e+00  1.48665210e+00  1.38747152e+00  1.25052892e+00  1.08205025e+00  
8.89695161e-01  6.82208850e-01  4.6902442e-01  2.59834035e-01  6.41482749e-02  -1.09136251e-01  
-2.52141378e-01  -3.58365556e-01  -4.22979436e-01  -4.43045428e-01  -4.17651256e-01  -3.47951436e-01  
-2.37114782e-01  -9.01803451e-02  8.61716843e-02  2.83923681e-01  4.94085097e-01  7.07101206e-01  
9.13287495e-01  1.10326996e+00  1.26841129e+00  1.40120354e+00  1.49560947e+00  1.54733704e+00  
1.55403452e+00  1.51539741e+00  1.4331823e+00  1.311127e+00  1.1547806e+00  9.71251197e-01  
7.68882726e-01  5.56875616e-01  3.44868507e-01  1.42500035e-01  -4.10293666e-02  -1.97375764e-01  
-3.19431064e-01  -4.01646173e-01  -4.40283284e-01  -4.33585809e-01  -3.81858241e-01  -2.87452309e-01  
-1.54660061e-01  1.04812698e-02  2.00463738e-01  4.06650027e-01  6.19666136e-01  8.29827552e-01  
1.02757955e+00  1.20393158e+00  1.35086602e+00  1.46170267e+00  1.53140249e+00  1.55679666e+00  
1.53673067e+00  1.47211679e+00  1.36589261e+00  1.22288748e+00  1.04960296e+00  8.53917198e-01  
6.44726813e-01  4.31542383e-01  2.24056072e-01  3.17009865e-02  -1.36777689e-01  -2.73720283e-01  
-3.72900869e-01  -4.29810328e-01  -4.41861340e-01  -4.08506022e-01  -3.31260832e-01  -2.13637626e-01  
-6.09839966e-02  1.1975985e-01  3.20376619e-01  5.31745521e-01  7.44256931e-01  9.48249283e-01  
1.13444832e+00  1.29438873e+00  1.42079903e+00  1.50793213e+00  -5.1394075e-01  -4.26807651e-01  
-3.00397351e-01  -1.40456937e-01  4.57420998e-02  2.49734452e-01  4.62245862e-01  6.73614764e-01  
8.74231533e-01  1.05497538e+00  1.20762901e+00  1.32525222e+00  1.40249741e+00  1.43585272e+00  
1.42380171e+00  1.36689225e+00  1.26771167e+00  1.13076907e+00  9.62290397e-01  7.69935311e-01  
5.62449000e-01  3.49264570e-01  1.40074185e-01  -5.56115749e-02  -2.28896101e-01  -3.71901228e-01  
-4.78125406e-01  -5.42739286e-01  -5.62805278e-01  -5.37411106e-01  -4.67711286e-01  -3.56874632e-01  
-2.09940195e-01  -3.35881655e-02  1.64163831e-01  3.74325247e-01  5.87341356e-01  7.93527645e-01  
9.83510113e-01  1.14865144e+00  1.28144369e+00  1.37584962e+00  1.42757719e+00  1.43427467e+00  
1.39563756e+00  1.31342245e+00  1.19136715e+00  1.03502075e+00  8.51491348e-01  6.49122877e-01  
4.37115767e-01  2.25108657e-01  2.27401857e-02  -1.60789216e-01  -3.17135614e-01  -4.39190913e-01  
-5.21406022e-01  -5.60043134e-01  -5.53345659e-01  -5.01618091e-01  -4.07212159e-01  -2.74419911e-01  
-1.09278580e-01  8.07038879e-02  2.86890178e-01  4.99906286e-01  7.10067702e-01  9.07819699e-01  
1.08417173e+00  1.23110617e+00  1.34194282e+00  1.41164264e+00  1.43703681e+00  1.41697082e+00  
1.35235694e+00  1.24613276e+00  1.10312763e+00  9.29843108e-01  7.34157348e-01  5.24966963e-01  
3.11782533e-01  1.04296222e-01  -8.80588633e-02  -2.56537539e-01  -3.93480133e-01  -4.92660719e-01  
-5.49570178e-01  -5.6162119e-01  -5.28265872e-01  -4.51020682e-01  -3.33397476e-01  -1.80743846e-01  
-1.94289029e-15  2.0061677e-01  4.11985671e-01  6.24497081e-01  8.28489433e-01  1.01468847e+00  
1.17462888e+00  1.30103918e+00  1.38817228e+00  -6.42039522e-01  -5.54906423e-01  -4.28496123e-01  
-2.68555709e-01  -8.23566725e-02  1.2163568e-01  3.3414709e-01  5.45515991e-01  7.46132761e-01  
9.26876607e-01  1.07953024e+00  1.19715344e+00  1.27439863e+00  1.30775395e+00  1.29570294e+00  
1.23879348e+00  1.13961289e+00  1.00267030e+00  8.34191624e-01  6.41836539e-01  4.34350228e-01  
2.21165798e-01  1.19754128e-02  -1.83710347e-01  -3.56994873e-01  -5.00000000e-01  -6.06224178e-01  
-6.70838058e-01  -6.9090405e-01  -6.65509878e-01  -5.95810058e-01  -4.84973404e-01  -3.38038967e-01  
-1.61686938e-01  3.60650589e-02  2.46226475e-01  4.59242583e-01  6.65428873e-01  8.55411341e-01  
1.02055267e+00  1.15334492e+00  1.24775085e+00  1.29947842e+00  1.30617589e+00  1.26753878e+00  
1.18532367e+00  1.06326838e+00  9.06921977e-01  7.23392575e-01  5.21024104e-01  3.09016994e-01  
9.70098845e-02  -1.05358587e-01  -2.88887989e-01  -4.45234386e-01  -5.67289686e-01  -6.49504795e-01  
-6.88141906e-01  -6.81444431e-01  -6.29716863e-01  -5.35310931e-01  -4.02518683e-01  -2.37377352e-01  
-4.73948843e-02  1.58791405e-01  3.71807514e-01  5.8196893e-01  7.79720927e-01  9.56072956e-01  
1.10300739e+00  1.21384405e+00  1.28354387e+00  1.30893804e+00  1.28887205e+00  1.22425817e+00  
1.11803399e+00  9.75028862e-01  8.01744336e-01  6.06058576e-01  3.96868191e-01  1.83683761e-01  
-2.38025501e-02  -2.16157636e-01  -3.84636311e-01  -5.21578905e-01  -6.20759492e-01  -6.7766895e-01  
-6.89719962e-01  -6.56364644e-01  -5.79119454e-01  -4.61496248e-01  -3.08842619e-01  -1.28098772e-01  
7.25179974e-02  2.83886899e-01  4.96398309e-01  7.00390661e-01  8.86589698e-01  1.04653011e+00  
1.17294041e+00  1.26007351e+00  -7.76033457e-01  -6.88900358e-01  -5.62490058e-01  -4.02549644e-01  
-2.16350608e-01  -1.23582556e-02  2.00153154e-01  4.11522056e-01  6.12138826e-01  7.92882672e-01  
9.45536302e-01  1.06315951e+00  1.1404047e+00  1.17376002e+00  1.16170900e+00  1.10479954e+00  
1.00561896e+00  8.68676365e-01  7.00197689e-01  5.07842603e-01  3.00356293e-01  8.71718624e-02  
-1.22018523e-01  -3.17704283e-01  -4.90988808e-01  -6.33993935e-01  -7.40218114e-01  -8.04831993e-01  
-8.24897985e-01  -7.99503814e-01  -7.29803993e-01  -6.1896734e-01  -4.72032903e-01  -2.95680873e-01  
-9.79288765e-02  1.12232539e-01  3.25248648e-01  5.31434938e-01  7.21417406e-01  8.86558736e-01  
1.01935098e+00  1.11375692e+00  1.16548448e+00  1.17218196e+00  1.13354485e+00  1.05132974e+00  
9.2927444e-01  7.72928042e-01  5.8939864e-01  3.87030169e-01  1.75023059e-01  -3.69840509e-02  
-2.39352522e-01  -4.22881924e-01  -5.79228322e-01  -7.01283621e-01  -7.83498730e-01  -8.22135841e-01  
-8.15438367e-01  -7.63710799e-01  -6.69304867e-01  -5.36512618e-01  -3.71371288e-01  -1.8138882e-01  
2.47974699e-02  2.37813579e-01  4.47974994e-01  6.45726991e-01  8.22079021e-01  9.69013458e-01  
1.07985011e+00  1.14954993e+00  1.17494410e+00  1.15487811e+00  1.09026423e+00  9.84040053e-01  
8.41034926e-01  6.67750401e-01  4.72064641e-01  2.62874256e-01  4.96898254e-02  -1.57796486e-01  
-3.50151571e-01  -5.18630247e-01  -6.55572840e-01  -7.54753427e-01  -8.11662885e-01  -8.23713898e-01  
-7.9035858e-01  -7.1311339e-01  -5.95490184e-01  -4.42836554e-01  -2.62092708e-01  -6.14759380e-02  
1.49892964e-01  3.62404374e-01  5.66396726e-01  7.52595762e-01  9.12536176e-01  1.03894648e+00  
1.12607958e+00  -9.13366334e-01  -8.26233235e-01  -6.99822935e-01  -5.39882521e-01  -3.53683484e-01  
-1.49691132e-01  6.28202781e-02  2.7418918e-01  4.74805949e-01  6.55549796e-01  8.08203425e-01  
9.25826631e-01  1.00307182e+00  1.03642714e+00  1.02437613e+00  9.67466669e-01  8.68286082e-01  
7.31343488e-01  5.62864813e-01  3.70509727e-01  1.63023416e-01  -5.01610139e-02  -2.59351399e-01  
-4.55037159e-01  -6.28321685e-01  -7.71326812e-01  -8.7755099e-01  -9.4216487e-01  -9.62230862e-01  
-9.36836690e-01  -8.6713687e-01  -7.56300216e-01  -6.09365779e-01  -4.33013749e-01  -2.35261753e-01  
-2.51003369e-02  1.87915772e-01  3.94102061e-01  5.84084529e-01  7.4922586e-01  8.82018108e-01  
9.76424040e-01  1.02815161e+00  1.03484908e+00  9.96211972e-01  9.13996863e-01  7.91941563e-01  
6.35595166e-01  4.52065764e-01  2.49697293e-01  3.76901827e-02  -1.74316927e-01  -3.76685398e-01  
-5.60214800e-01  -7.16561198e-01  -8.38616497e-01  -9.20831606e-01  -9.59468718e-01  -9.52771243e-01  
-9.01043675e-01  -8.06637743e-01  -6.73845495e-01  -5.08704164e-01  -3.18721696e-01  -1.12535406e-01  
1.00480702e-01  3.10642118e-01  5.08394115e-01  6.84746144e-01  8.31680581e-01  9.42517235e-01  
1.01221706e+00  1.03761123e+00  1.01754524e+00  9.52931355e-01  8.46707177e-01  7.03702050e-01  
5.30417524e-01  3.34731764e-01  1.25541379e-01  -8.76430509e-02  -2.95129362e-01  -4.87484447e-01  
-6.55963123e-01  -7.92905717e-01  -8.92086303e-01  -9.48995762e-01  -9.61046774e-01  -9.27691456e-01  
-8.50446266e-01  -7.32823060e-01  -5.80169430e-01  -3.99425584e-01  -1.98808814e-01  1.25600872e-02  
2.25071497e-01  4.2906385e-01  6.15262886e-01  7.75203300e-01  9.016136e-01  9.88746699e-01  
-1.05141823e+00  -9.64285132e-01  -8.37874832e-01  -6.77934418e-01  -4.91735382e-01  -2.87743029e-01  
-7.52316194e-02  1.36137282e-01  3.36754052e-01  5.17497898e-01  6.70151528e-01  7.87774734e-01  
8.65019924e-01  8.98375242e-01  8.86324229e-01  8.29414771e-01  7.30234184e-01  5.93291591e-01  
4.24812915e-01  2.3245783e-01  2.49715187e-02  -1.88212911e-01  -3.97403296e-01  -5.93089056e-01  
-7.66373582e-01  -9.09378709e-01  -1.01560289e+00  -1.08021677e+00  -1.10028276e+00  -1.07488859e+00  
-1.00518877e+00  -8.94352113e-01  -7.47417676e-01  -5.71065647e-01  -3.73313650e-01  -1.63152234e-01  
4.98638743e-02  2.56050164e-01  4.46032632e-01  6.11173962e-01  7.43966211e-01  8.38372143e-01  
8.90099711e-01  8.96797185e-01  8.58160074e-01  7.75944965e-01  6.53889666e-01  4.97543268e-01  
3.14013866e-01  1.11645395e-01  -1.00361715e-01  -3.12368825e-01  -5.14737296e-01  -6.98266698e-01  
-8.54613096e-01  -9.76668395e-01  -1.05888350e+00  -1.09752062e+00  -1.09082314e+00  -1.03909557e+00  
-9.44689640e-01  -8.11897392e-01  -6.46756062e-01  -4.56773594e-01  -2.50587304e-01  -3.75711953e-02  
1.72590221e-01  3.70342217e-01  5.46694247e-01  6.93628684e-01  8.04465338e-01  8.74165158e-01  
8.99559329e-01  8.79493338e-01  8.14879458e-01  7.0865528e-01  5.65650153e-01  3.92365627e-01  
1.96679867e-01  -1.25105183e-02  -2.25694948e-01  -4.33181259e-01  -6.25536345e-01  -7.94015021e-01  
-9.30957614e-01  -1.03013820e+00  -1.08704766e+00  -1.09909867e+00  -1.06574335e+00  -9.88498164e-01  
-8.70874958e-01  -7.18221328e-01  -5.37477482e-01  -3.36860712e-01  -1.25491810e-01  8.70195997e-02  
2.91011952e-01  4.77210989e-01  6.37151403e-01  7.63561702e-01  8.50694801e-01  -1.18755551e+00  
-1.10042241e+00  -9.74012114e-01  -8.14071700e-01  -6.27872664e-01  -4.23880312e-01  -2.11368902e-01  
-7.21644966e-16  2.0061677e-01  3.81360616e-01  5.34014246e-01  6.51637452e-01  7.28882642e-01  
7.6223796e-01  7.50186947e-01  6.93277489e-01  5.94096902e-01  4.57154309e-01  2.88675633e-01  
9.63205475e-02  -1.11165763e-01  -3.24350194e-01  -5.33540579e-01  -7.29226339e-01  -9.02510864e-01  
-1.04551599e+00  -1.15174017e+00  -1.21635405e+00  -1.23642004e+00  -1.21102587e+00  -1.14132605e+00  
-1.0304894e+00  -8.83554959e-01  -7.07202929e-01  -5.09450933e-01  -2.99289517e-01  -8.62734079e-02  
1.19912882e-01  3.0989535e-01  4.75036680e-01  6.07828928e-01  7.02234861e-01  7.53962429e-01  
7.60659903e-01  7.22022792e-01  6.39807683e-01  5.17752384e-01  3.61405986e-01  1.77876584e-01  
-2.44918871e-02  -2.36498997e-01  -4.48506107e-01  -6.50874578e-01  -8.34403980e-01  -9.90750378e-01  
-1.11280568e+00  -1.19502079e+00  -1.2336579e+00  -1.22696042e+00  -1.17523285e+00  -1.08082692e+00  
-9.48034674e-01  -7.82893344e-01  -5.92910876e-01  -3.86724586e-01  -1.73708477e-01  3.64529385e-02  
2.34204935e-01  4.10556965e-01  5.57491402e-01  6.68328055e-01  7.38027876e-01  7.63422047e-01  
7.43356055e-01  6.78742176e-01  5.72517997e-01  4.29512870e-01  2.56228345e-01  6.05425846e-02  
-1.48647800e-01  -3.61832231e-01  -5.69318542e-01  -7.61673627e-01  -9.30152303e-01  -1.0670949e+00  
-1.16627548e+00  -1.22318494e+00  -1.23523595e+00  -1.20188064e+00  -1.12463545e+00  -1.00701224e+00  
-8.54358610e-01  -6.73614764e-01  -4.72997994e-01  -2.61629092e-01  -4.91176824e-02  1.5487467e-01  
3.41073706e-01  5.01014120e-01  6.27424420e-01  7.14557519e-01  -1.31918107e+00  -1.23204797e+00  
-1.10563767e+00  -9.45697256e-01  -7.5949822e-01  -5.55505867e-01  -3.42994457e-01  -1.31625556e-01  
6.8991214e-02  2.49735060e-01  4.02388690e-01  5.20011896e-01  5.97257086e-01  6.30612404e-01  
6.18561392e-01  5.61651933e-01  4.62471347e-01  3.25528753e-01  1.57050077e-01  -3.53050082e-02  
-2.42791319e-01  -4.55975749e-01  -6.65166134e-01  -8.60851894e-01  -1.03413642e+00  -1.17714155e+00  
-1.28336573e+00  -1.34797961e+00  -1.3680456e+00  -1.34265143e+00  -1.27295161e+00  -1.16211495e+00  
-1.01518051e+00  -8.38828485e-01  -6.41076488e-01  -4.30915072e-01  -2.17898964e-01  -1.1712674e-02  
1.78269794e-01  3.43411125e-01  4.76203373e-01  5.70609305e-01  6.22336873e-01  6.29034348e-01  
5.90397236e-01  5.08182127e-01  3.86126828e-01  2.29780430e-01  4.62510283e-02  -1.56117443e-01  
-3.68124553e-01  -5.80131663e-01  -7.82500134e-01  -9.66029536e-01  -1.12237593e+00  -1.24443123e+00  
-1.32664634e+00  -1.36528345e+00  -1.35858598e+00  -1.30685841e+00  -1.21245248e+00  -1.07966023e+00  
-9.14518899e-01  -7.24536431e-01  -5.18350142e-01  -3.05334033e-01  -9.51726172e-02  1.02579379e-01  
2.78931409e-01  4.25865846e-01  5.367025e-01  6.06402320e-01  6.31796492e-01  6.117305e-01  
5.4711662e-01  4.40892442e-01  2.97887315e-01  1.24602789e-01  -7.10829711e-02  -2.80273356e-01  
-4.93457786e-01  -7.00944097e-01  -8.93299183e-01  -1.06177786e+00  -1.19872045e+00  -1.29790104e+00  
-1.3548105e+00  -1.36686151e+00  -1.33350619e+00  -1.25626100e+00  -1.1386378e+00  -9.85984166e-01  
-8.05240319e-01  -6.0462355e-01  -3.93254648e-01  -1.80743238e-01  2.32491142e-02  2.09448151e-01  
3.69388565e-01  4.95798865e-01  5.82931964e-01  -1.44378386e+00  -1.35665076e+00  -1.23024046e+00  
-1.07030004e+00  -8.84101008e-01  -6.80108656e-01  -4.67597246e-01  -2.56228345e-01  -5.56115749e-02  
1.25132272e-01  2.77785901e-01  3.95409107e-01  4.72654297e-01  5.06009615e-01  4.93958603e-01  
4.37049144e-01  3.37868558e-01  2.00925964e-01  3.24472884e-02  -1.59907797e-01  -3.67394108e-01  
-5.80578538e-01  -7.89768923e-01  -9.85454683e-01  -1.15873921e+00  -1.30174434e+00  -1.40796851e+00  
-1.47258239e+00  -1.49264839e+00  -1.46725421e+00  -1.39755439e+00  -1.28671774e+00  -1.13978330e+00  
-9.63431274e-01  -7.65679277e-01  -5.55517861e-01  -3.42501752e-01  -1.36315463e-01  5.36670052e-02  
2.18808336e-01  3.51600584e-01  4.46006516e-01  4.97734084e-01  5.04431559e-01  4.65794447e-01  
3.83579338e-01  2.61524039e-01  1.05177642e-01  -7.83517606e-02  -2.80720232e-01  -4.92727342e-01  
-7.04734451e-01  -9.07102923e-01  -1.09063232e+00  -1.24697872e+00  -1.36903402e+00  -1.45124913e+00  
-1.48988624e+00  -1.48318877e+00  -1.4314612e+00  -1.33705527e+00  -1.20426302e+00  -1.03912169e+00  
-8.49139220e-01  -6.42952931e-01  -4.29936822e-01  -2.19775406e-01  -2.20234094e-02  1.54328620e-01  
3.01263057e-01  4.12099711e-01  4.81799531e-01  5.07193703e-01  4.87127711e-01  4.22513831e-01  
3.16289653e-01  1.73284526e-01  8.32667268e-16  -1.9568576e-01  -4.04876145e-01  -6.18060575e-01  
-8.25546886e-01  -1.01790197e+00  -1.18638065e+00  -1.32332324e+00  -1.42250383e+00  -1.47941329e+00  
-1.4914643e+00  -1.45810898e+00  -1.38086379e+00  -1.26324058e+00  -1.11058695e+00  -9.29843108e-01  
-7.29226339e-01  -5.17857437e-01  -3.05346027e-01  -1.01353675e-01  8.48453619e-02  2.44785776e-01  
3.71196076e-01  4.58329175e-01  -1.55898681e+00  -1.47185371e+00  -1.34544342e+00  -1.18550300e+00  
-9.99303965e-01  -7.95311612e-01  -5.82800202e-01  -3.71431301e-01  -1.70814531e-01  9.9293154e-03  
1.62582945e-01  2.80206151e-01  3.57451341e-01  3.90806659e-01  3.78755647e-01  3.21846188e-01  
2.22665602e-01  8.57230081e-02  -8.27556677e-02  -2.75110753e-01  -4.82597064e-01  -6.95781494e-01  
-9.04971879e-01  -1.10065764e+00  -1.27394217e+00  -1.41694729e+00  -1.52317147e+00  -1.58778535e+00  
-1.60785134e+00  -1.58245717e+00  -1.51275735e+00  -1.4019207e+00  -1.25498626e+00  -1.07863423e+00  
-8.80882233e-01  -6.70720817e-01  -4.57704709e-01  -2.51518419e-01  -6.1535951e-02  1.0360538e-01  
2.36397628e-01  3.3080356e-01  3.82531128e-01  3.89228603e-01  3.50591491e-01  2.68376382e-01  
1.46321083e-01  -1.00253146e-02  -1.93554717e-01  -3.95923188e-01  -6.07930298e-01  -8.19937408e-01  
-1.02230588e+00  -1.20583528e+00  -1.36218168e+00  -1.48423698e+00  -1.56645209e+00  -1.6050892e+00  
-1.59839172e+00  -1.54666416e+00  -1.45225822e+00  -1.31946597e+00  -1.15432464e+00  -9.64342176e-01  
-7.58155887e-01  -5.45139778e-01  -3.34978362e-01  -1.37226366e-01  3.91256639e-02  1.86060101e-01  
2.96896755e-01  3.66596575e-01  3.91990747e-01  3.71924755e-01  3.07310875e-01  2.01086697e-01  
5.80815697e-02  -1.15202956e-01  -3.10888716e-01  -5.20079101e-01  -7.33263531e-01  -9.40749842e-01  
-1.13310493e+00  -1.30158360e+00  -1.4385262e+00  -1.53770678e+00  -1.59461624e+00  -1.60666725e+00  
-1.57331194e+00  -1.49606675e+00  -1.37844354e+00  -1.22578991e+00  -1.04504606e+00  -8.44429295e-01  
-6.33060393e-01  -4.20548983e-01  -2.16556631e-01  -3.03575943e-02  1.2958282e-01  2.55993119e-01  
3.43126219e-01  -1.66259219e+00  -1.57545909e+00  -1.44904879e+00  -1.28910838e+00  -1.10290934e+00  
-8.98916992e-01  -6.86405582e-01  -4.75036680e-01  -2.74419911e-01  -9.36760641e-02  5.89775656e-02  
1.76600772e-01  2.53845962e-01  2.87201279e-01  2.75150267e-01  2.18240809e-01  1.19060222e-01  
-1.78823714e-02  -1.86361047e-01  -3.78716133e-01  -5.86202444e-01  -7.99386874e-01  -1.00857726e+00  
-1.20426302e+00  -1.37754754e+00  -1.52055267e+00  -1.62677685e+00  -1.69139073e+00  -1.71145672e+00  
-1.68606255e+00  -1.61636273e+00  -1.50552608e+00  -1.35859164e+00  -1.18223961e+00  -9.84487613e-01  
-7.74326197e-01  -5.61310088e-01  -3.55123798e-01  -1.65141330e-01  0.e+00  1.32792248e-01  
2.27198180e-01  2.78925748e-01  2.85623223e-01  2.46986112e-01  1.64771003e-01  4.27157035e-02  
-1.13630694e-01  -2.97160096e-01  -4.99528567e-01  -7.11535677e-01  -9.23542787e-01  -1.12591126e+00  
-1.30944066e+00  -1.46578706e+00  -1.58784236e+00  -1.67005747e+00  -1.70869458e+00  -1.70199710e+00  
-1.65026953e+00  -1.55586360e+00  -1.42307135e+00  -1.25793002e+00  -1.06794756e+00  -8.61761266e-01  
-6.48745158e-01  -4.38583742e-01  -2.40831745e-01  -6.44797156e-02  8.24547214e-02  1.93291375e-01  
2.62991196e-01  2.88385367e-01  2.68319375e-01  2.03705495e-01  9.74813172e-02  -4.55238098e-02  
-2.18808336e-01  -4.14494096e-01  -6.23684481e-01  -8.36868911e-01  -1.04435522e+00  -1.23671031e+00  
-1.40518898e+00  -1.54213158e+00  -1.64131216e+00  -1.69822162e+00  -1.71027263e+00  -1.67691732e+00  
-1.59967213e+00  -1.48204892e+00  -1.32939529e+00  -1.14865144e+00  -9.48034674e-01  -7.36665773e-01  
-5.24154363e-01  -3.20162010e-01  -1.33962974e-01  2.59774401e-02  1.5238774e-01  2.39520839e-01  
-1.75262350e+00  -1.66549040e+00  -1.53908010e+00  -1.37913969e+00  -1.19294065e+00  -9.88948299e-01  
-7.76436889e-01  -5.65067988e-01  -3.64451218e-01  -1.83707372e-01  -3.10537421e-02  8.65694639e-02  
1.63814654e-01  1.97169972e-01  1.85118959e-01  1.28209501e-01  2.90289143e-02  -1.07913679e-01  
-2.76392355e-01  -4.68747440e-01  -6.76233751e-01  -8.89418181e-01  -1.09860857e+00  -1.29429433e+00  
-1.46757885e+00  -1.61058398e+00  -1.71680816e+00  -1.78142204e+00  -1.80148803e+00  -1.77609386e+00  
-1.70639404e+00  -1.59555738e+00  -1.44862295e+00  -1.27227092e+00  -1.07451892e+00  -8.64357504e-01  
-6.51341396e-01  -4.45155106e-01  -2.55172638e-01  -9.00313077e-02  4.27609406e-02  1.37166873e-01  
1.88894441e-01  1.95591915e-01  1.56954804e-01  7.47396952e-02  -4.73156041e-02  -2.03662002e-01  
-3.87191404e-01  -5.89559875e-01  -8.01566985e-01  -1.01357409e+00  -1.21594257e+00  -1.39947197e+00  
-1.55581837e+00  -1.67787366e+00  -1.76008877e+00  -1.79872589e+00  -1.79202841e+00  -1.74030084e+00  
-1.64589491e+00  -1.51310266e+00  -1.34796133e+00  -1.15797886e+00  -9.51792574e-01  -7.38776465e-01  
-5.28615049e-01  -3.30863053e-01  -1.54511023e-01  -7.57658622e-03  1.03260068e-01  1.72959888e-01  
1.98354059e-01  1.78288068e-01  1.13674188e-01  7.45000950e-03  -1.35555117e-01  -3.08839643e-01  
-5.04525403e-01  -7.13715788e-01  -9.26900218e-01  -1.13438653e+00  -1.32674161e+00  -1.49522029e+00  
-1.63216288e+00  -1.73134347e+00  -1.78825293e+00  -1.80030394e+00  -1.76694862e+00  -1.68970343e+00  
-1.57208023e+00  -1.4194266e+00  -1.23868275e+00  -1.03806598e+00  -8.26697080e-01  -6.14185670e-01  
-4.10193318e-01  -2.23994281e-01  -6.40538675e-02  6.23564323e-02  1.49489531e-01  -1.8273632e+00  
-1.7402301e+00  -1.6138198e+00  -1.45387938e+00  -1.26768035e+00  -1.06368799e+00  -8.51176585e-01  
-6.39807683e-01  -4.39190913e-01  -2.58447067e-01  -1.05793437e-01  1.18297688e-02  8.90749588e-02  
1.22430277e-01  1.10379264e-01  5.34698058e-02  -4.57107808e-02  -1.82653374e-01  -3.51132050e-01  
-5.43487136e-01  -7.50973446e-01  -9.64157877e-01  -1.17334826e+00  -1.36903402e+00  -1.54231855e+00  
-1.68532367e+00  -1.79154785e+00  -1.85616173e+00  -1.87622772e+00  -1.85083355e+00  -1.78113373e+00  
-1.67029708e+00  -1.52336264e+00  -1.34701061e+00  -1.14925862e+00  -9.390972e-01  -7.26081091e-01  
-5.19894801e-01  -3.29912333e-01  -1.64771003e-01  -3.19787545e-02  6.24271776e-02  1.14154746e-01  
1.20852220e-01  8.2215109e-02  -5.55111512e-16  -1.22055299e-01  -2.78401697e-01  -4.61931099e-01  
-6.64299570e-01  -8.76306680e-01  -1.08831379e+00  -1.29068226e+00  -1.47421166e+00  -1.63055806e+00  
-1.75261336e+00  -1.83482847e+00  -1.87346558e+00  -1.86676811e+00  -1.81504054e+00  -1.72063461e+00  
-1.58784236e+00  -1.42270103e+00  -1.23271856e+00  -1.02653227e+00  -8.13516161e-01  -6.03354745e-01  
-4.05602748e-01  -2.29250718e-01  -8.23162814e-02  2.85203724e-02  9.82201927e-02  1.23614364e-01  
1.03548372e-01  3.89344926e-02  -6.72896857e-02  -2.10294813e-01  -3.83579338e-01  -5.79265098e-01  
-7.88455483e-01  -1.00163991e+00  -1.20912622e+00  -1.40148131e+00  -1.56995999e+00  -1.70690258e+00  
-1.80608317e+00  -1.86299262e+00  -1.87504364e+00  -1.84168832e+00  -1.76444313e+00  -1.64681992e+00  
-1.49416629e+00  -1.31342245e+00  -1.11280568e+00  -9.01436775e-01  -6.88925365e-01  -4.84933013e-01  
-2.98733977e-01  -1.38793563e-01  -1.23832629e-02  7.47498363e-02  -1.88538546e+00  -1.79825236e+00  
-1.67184206e+00  -1.51190165e+00  -1.32570261e+00  -1.12171026e+00  -9.09198847e-01  -6.97829945e-01  
-4.97213176e-01  -3.16469329e-01  -1.638157e-01  -4.61924936e-02  3.10526964e-02  6.44080141e-02  
5.23570018e-02  -4.55245657e-03  -1.03733043e-01  -2.40675637e-01  -4.09154312e-01  -6.01509398e-01  
-8.08995709e-01  -1.02218014e+00  -1.23137052e+00  -1.42705628e+00  -1.60034081e+00  -1.74334594e+00  
-1.84957012e+00  -1.91418399e+00  -1.93424999e+00  -1.90885582e+00  -1.83915599e+00  -1.72831934e+00  
-1.58138490e+00  -1.40503287e+00  -1.20728088e+00  -9.97119462e-01  -7.84103353e-01  -5.77917064e-01  
-3.87934596e-01  -2.22793265e-01  -9.0001017e-02  4.4049152e-03  5.61324832e-02  6.28299578e-02  
2.41928466e-02  -5.80222624e-02  -1.80077562e-01  -3.36423959e-01  -5.19953361e-01  -7.22321833e-01  
-9.34328942e-01  -1.14633605e+00  -1.34870452e+00  -1.53223393e+00  -1.68858032e+00  -1.81063562e+00  
-1.89285073e+00  -1.93148784e+00  -1.92479037e+00  -1.87306280e+00  -1.77865687e+00  -1.64586462e+00  
-1.48072329e+00  -1.29074082e+00  -1.08455453e+00  -8.71538423e-01  -6.61377007e-01  -4.63625010e-01  
-2.87272981e-01  -1.40338544e-01  -2.950189e-02  4.01979303e-02  6.55921017e-02  4.55261099e-02  
-1.90877698e-02  -1.25311948e-01  -2.68317075e-01  -4.41601601e-01  -6.37287361e-01  -8.46477746e-01  
-1.05966218e+00  -1.26714849e+00  -1.45950357e+00  -1.62798225e+00  -1.76492484e+00  -1.86410543e+00  
-1.92101489e+00  -1.9330659e+00  -1.89971058e+00  -1.82246539e+00  -1.70484219e+00  -1.55218856e+00  
-1.37144471e+00  -1.17082794e+00  -9.59459038e-01  -7.46947628e-01  -5.42955276e-01  -3.56756239e-01  
-1.96815825e-01  -7.04055253e-02  1.67275738e-02  -1.92558339e+00  -1.83845029e+00  -1.71203999e+00  
-1.55209958e+00  -1.36590054e+00  -1.16190819e+00  -9.49396777e-01  -7.38027876e-01  -5.37411106e-01  
-3.5666726e-01  -2.04013630e-01  -8.6390424e-02  -9.14523395e-03  2.42100838e-02  1.21590714e-02  
-4.47503869e-02  -1.43930974e-01  -2.80873567e-01  -4.49352243e-01  -6.41707328e-01  -8.49193639e-01  
-1.06237807e+00  -1.27156845e+00  -1.46725421e+00  -1.64053874e+00  -1.78354387e+00  -1.88976805e+00  
-1.95438193e+00  -1.97444792e+00  -1.94905375e+00  -1.87935393e+00  -1.76851727e+00  -1.62158283e+00  
-1.44523080e+00  -1.24747881e+00  -1.03731739e+00  -8.24301284e-01  -6.18114994e-01  -4.28132526e-01  
-2.62991196e-01  -1.30198947e-01  -3.57930151e-02  1.59345529e-02  2.26320275e-02  -1.60050838e-02  
-9.82201927e-02  -2.20275492e-01  -3.7662189e-01  -5.60151292e-01  -7.62519763e-01  -9.74526873e-01  
-1.18653398e+00  -1.38890245e+00  -1.57243186e+00  -1.72877825e+00  -1.85083355e+00  -1.93304866e+00  
-1.97168577e+00  -1.9649883e+00  -1.91326073e+00  -1.8188548e+00  -1.68606255e+00  -1.52092122e+00  
-1.33093875e+00  -1.12475246e+00  -9.11736353e-01  -7.01574937e-01  -5.03822941e-01  -3.27470911e-01  
-1.80536474e-01  -6.96998203e-02  -1.22124533e-15  2.53941714e-02  5.3281796e-03  -5.92857002e-02  
-1.65509878e-01  -3.08515005e-01  -4.81799531e-01  -6.77485291e-01  -8.86675676e-01  -1.09986011e+00  
-1.30734642e+00  -1.49970150e+00  -1.66818018e+00  -1.80512277e+00  -1.90430336e+00  -1.96121282e+00  
-1.97326383e+00  -1.93990851e+00  -1.86266332e+00  -1.74504012e+00  -1.59238649e+00  -1.41164264e+00  
-1.21102587e+00  -9.99656968e-01  -7.87145558e-01  -5.83153206e-01  -3.96954169e-01  -2.37013755e-01  
-1.10603456e-01  -2.34703565e-02  -1.94719013e+00  -1.86005703e+00  -1.73364673e+00  -1.57370631e+00  
-1.38750728e+00  -1.18351492e+00  -9.71003514e-01  -7.59634612e-01  -5.59017842e-01  -3.78273996e-01  
-2.25620366e-01  -1.07997160e-01  -3.07519703e-02  2.60334746e-03  -9.44766494e-03  -6.63571233e-02  
-1.6553771e-01  -3.02480303e-01  -4.70958979e-01  -6.63314065e-01  -8.70800376e-01  -1.08398481e+00  
-1.29317519e+00  -1.48886095e+00  -1.66214548e+00  -1.80515060e+00  -1.91137478e+00  -1.97598866e+00  
-1.99605465e+00  -1.97066048e+00  -1.90096066e+00  -1.79012401e+00  -1.64318957e+00  -1.46683754e+00  
-1.26908554e+00  -1.05892413e+00  -8.45908020e-01  -6.39721730e-01  -4.49739262e-01  -2.84597932e-01  
-1.51805684e-01  -5.73997515e-02  -5.67218345e-03  1.02529112e-03  -3.76118201e-02  -1.19826929e-01  
-2.41882228e-01  -3.98228626e-01  -5.81758028e-01  -7.84126499e-01  -9.96133609e-01  -1.20814072e+00  
-1.41050919e+00  -1.59403859e+00  -1.75038499e+00  -1.87244029e+00  -1.9546554e+00  -1.99329251e+00  
-1.98659503e+00  -1.93486747e+00  -1.84046153e+00  -1.70766929e+00  -1.54252796e+00  -1.35254549e+00  
-1.1463592e+00  -9.3334309e-01  -7.23181674e-01  -5.25429677e-01  -3.49077648e-01  -2.02143210e-01  
-9.13065567e-02  -2.16067364e-02  3.78743506e-03  -1.62785568e-02  -8.08924365e-02  -1.87116615e-01  
-3.30121742e-01  -5.03406268e-01  -6.99092028e-01  -9.08282413e-01  -1.12146684e+00  -1.32895315e+00  
-1.52130824e+00  -1.68978691e+00  -1.82672951e+00  -1.9259101e+00  -1.98281955e+00  -1.99487057e+00  
-1.96151525e+00  -1.88427006e+00  -1.76664685e+00  -1.61399322e+00  -1.43324938e+00  -1.23263261e+00  
-1.02126370e+00  -8.08752295e-01  -6.04759942e-01  -4.18560906e-01  -2.58620492e-01  -1.32210192e-01  
-4.50770928e-02  -1.94979347e+00  -1.86266037e+00  -1.73625007e+00  -1.57630966e+00  -1.39011062e+00  
-1.18611827e+00  -9.73606861e-01  -7.6223796e-01  -5.6162119e-01  -3.80877344e-01  -2.28223714e-01  
-1.10600508e-01  -3.33553178e-02  1.11022302e-16  -1.20510124e-02  -6.89604707e-02  -1.68141057e-01  
-3.05083651e-01  -4.73562327e-01  -6.65917412e-01  -8.73403723e-01  -1.08658815e+00  -1.29577854e+00  
-1.4914643e+00  -1.66474882e+00  -1.80775395e+00  -1.91397813e+00  -1.97859201e+00  -1.99865800e+00  
-1.97326383e+00  -1.90356401e+00  -1.79272736e+00  -1.64579292e+00  -1.46944089e+00  -1.27168889e+00  
-1.06152748e+00  -8.48511367e-01  -6.42325078e-01  -4.5234261e-01  -2.87201279e-01  -1.54409031e-01  
-6.0003099e-02  -8.27553091e-03  -1.57805635e-03  -4.02151676e-02  -1.22430277e-01  -2.44485576e-01  
-4.00831974e-01  -5.84361376e-01  -7.86729847e-01  -9.98736957e-01  -1.21074407e+00  -1.41311254e+00  
-1.59664194e+00  -1.75298834e+00  -1.87504364e+00  -1.95725875e+00  -1.99589586e+00  -1.98919838e+00  
-1.93747081e+00  -1.84306488e+00  -1.71027263e+00  -1.54513130e+00  -1.35514884e+00  -1.14896255e+00  
-9.35946437e-01  -7.25785021e-01  -5.28033024e-01  -3.51680995e-01  -2.04746558e-01  -9.39099041e-02  
-2.42100838e-02  1.1840876e-03  -1.88819042e-02  -8.3495784e-02  -1.89719962e-01  -3.32725089e-01  
-5.06009615e-01  -7.01695375e-01  -9.10885760e-01  -1.12407019e+00  -1.33155650e+00  -1.52391159e+00  
-1.69239026e+00  -1.82933286e+00  -1.92851344e+00  -1.98542290e+00  -1.99747391e+00  -1.9641186e+00  
-1.88687341e+00  -1.7692502e+00  -1.61659657e+00  -1.43585272e+00  -1.23523595e+00  -1.02386705e+00  
-8.11355642e-01  -6.0736329e-01  -4.21164253e-01  -2.61223839e-01  -1.34813539e-01  -4.76804403e-02  
-1.93334377e+00  -1.84621067e+00  -1.71980037e+00  -1.55985995e+00  -1.37366092e+00  -1.16966857e+00  
-9.57157155e-01  -7.45788254e-01  -5.45171484e-01  -3.64427638e-01  -2.11774008e-01  -9.41508019e-02  
-1.69056119e-02  1.64497059e-02  4.39869348e-03  -5.25107648e-02  -1.51691352e-01  -2.88633945e-01  
-4.57112621e-01  -6.49467706e-01  -8.56954017e-01  -1.07013845e+00  -1.27932883e+00  -1.47501459e+00  
-1.64829912e+00  -1.79130425e+00  -1.89752842e+00  -1.96214230e+00  -1.98220829e+00  -1.95681412e+00  
-1.88711430e+00  -1.77627765e+00  -1.62934321e+00  -1.45299118e+00  -1.25523919e+00  -1.04507777e+00  
-8.32061662e-01  -6.25875372e-01  -4.35892904e-01  -2.70751574e-01  -1.37959325e-01  -4.35533931e-02  
8.17417497e-03  1.48716495e-02  -2.37654617e-02  -1.05980571e-01  -2.2803587e-01  -3.84382268e-01  
-5.6791167e-01  -7.70280141e-01  -9.82287251e-01  -1.19429436e+00  -1.39666283e+00  -1.58019223e+00  
-1.73653863e+00  -1.85859393e+00  -1.94080904e+00  -1.97944615e+00  -1.97274868e+00  -1.92102111e+00  
-1.82661518e+00  -1.69382293e+00  -1.5286816e+00  -1.33869913e+00  -1.13251284e+00  -9.19496731e-01  
-7.09335315e-01  -5.11583319e-01  -3.35231289e-01  -1.88296852e-01  -7.74601983e-02  -7.76037794e-03  
1.76337935e-02  -2.43219834e-03  -6.70460781e-02  -1.73270256e-01  -3.16275383e-01  -4.89559909e-01  
-6.85245669e-01  -8.94436054e-01  -1.10762048e+00  -1.3151068e+00  -1.50746188e+00  -1.67594056e+00  
-1.81288315e+00  -1.91206374e+00  -1.96897319e+00  -1.98102421e+00  -1.94766889e+00  -1.8704237e+00  
-1.75280049e+00  -1.60014686e+00  -1.41940302e+00  -1.21878625e+00  -1.00741735e+00  -7.94905936e-01  
-5.90913584e-01  -4.04714547e-01  -2.44774133e-01  -1.18363834e-01  -3.12307344e-02  -1.89815482e+00  
-1.81102172e+00  -1.68461142e+00  -1.52467101e+00  -1.33847197e+00  -1.13447962e+00  -9.2196821e-01  
-7.10599308e-01  -5.09982538e-01  -3.29238692e-01  -1.76585062e-01  -5.89618562e-02  1.82833338e-02  
5.16386516e-02  3.95876392e-02  -1.73218191e-02  -1.16502406e-01  -2.53444999e-01  -4.21923675e-01  
-6.14278760e-01  -8.21765071e-01  -1.03494950e+00  -1.24413989e+00  -1.43982565e+00  -1.61311017e+00  
-1.7561153e+00  -1.86233948e+00  -1.92695336e+00  -1.94701935e+00  -1.92162518e+00  -1.85192536e+00  
-1.74108870e+00  -1.59415427e+00  -1.41780224e+00  -1.22005024e+00  -1.00988882e+00  -7.96872716e-01  
-5.90686426e-01  -4.00703958e-01  -2.35562628e-01  -1.02770379e-01  -8.36444734e-03  4.33631207e-02  
5.00605953e-02  1.14234840e-02  -7.0791625e-02  -1.92846924e-01  -3.49193322e-01  -5.32722724e-01  
-7.35091195e-01  -9.47098305e-01  -1.15910541e+00  -1.36147389e+00  -1.54500329e+00  -1.70134969e+00  
-1.82340499e+00  -1.90562009e+00  -1.94425721e+00  -1.93755973e+00  -1.88583216e+00  -1.79142623e+00  
-1.65863398e+00  -1.49349265e+00  -1.30351018e+00  -1.09732389e+00  -8.84307785e-01  -6.74146369e-01  
-4.76394373e-01  -3.00042343e-01  -1.53107906e-01  -4.22712525e-02  2.74285678e-02  5.28227392e-02  
3.27567474e-02  -3.18571324e-02  -1.38081311e-01  -2.81086438e-01  -4.54370963e-01  -6.50056723e-01  
-8.59247108e-01  -1.07243154e+00  -1.27991785e+00  -1.47227293e+00  -1.64075161e+00  -1.77769420e+00  
-1.87687479e+00  -1.93378425e+00  -1.94583526e+00  -1.91247994e+00  -1.83523475e+00  -1.71761155e+00  
-1.56495792e+00  -1.38421407e+00  -1.18359730e+00  -9.72228400e-01  -7.59716990e-01  -5.55724638e-01  
-3.69525602e-01  -2.09585188e-01  -8.31748878e-02  3.95821130e-03  -1.84489794e+00  -1.75776484e+00  
-1.63135454e+00  -1.47141413e+00  -1.28521509e+00  -1.08122274e+00  -8.68711329e-01  -6.57342427e-01  
-4.56725658e-01  -2.75981811e-01  -1.23328181e-01  -5.70497534e-03  7.15402147e-02  1.04895532e-01  
9.28445201e-02  3.59350617e-02  -6.3245525e-02  -2.00188118e-01  -3.68666794e-01  -5.6102188e-01  
-7.68508191e-01  -9.81692621e-01  -1.19088301e+00  -1.38656877e+00  -1.55985329e+00  -1.70285842e+00  
-1.8090826e+00  -1.87369648e+00  -1.89376247e+00  -1.8683683e+00  -1.79866848e+00  -1.68783182e+00  
-1.54089739e+00  -1.36454536e+00  -1.16679336e+00  -9.56631944e-01  -7.43615835e-01  -5.37429545e-01  
-3.47447077e-01  -1.82305747e-01  -4.95134986e-02  4.48924335e-02  9.66200015e-02  1.03317476e-01  
6.46803649e-02  -1.75347441e-02  -1.39590043e-01  -2.95936441e-01  -4.79465843e-01  -6.81834314e-01  
-8.93841424e-01  -1.10584853e+00  -1.30821701e+00  -1.49174641e+00  -1.64809280e+00  -1.77014810e+00  
-1.85236321e+00  -1.89100032e+00  -1.88430285e+00  -1.83257528e+00  -1.73816935e+00  -1.60537710e+00  
-1.44023577e+00  -1.25025330e+00  -1.04406701e+00  -8.31050905e-01  -6.20889489e-01  -4.23137492e-01  
-2.46785463e-01  -9.98510255e-02  1.09856283e-02  8.06854486e-02  1.06079620e-01  8.60136282e-02  
2.13997485e-02  -8.48244298e-02  -2.27829557e-01  -4.01114083e-01  -5.96799843e-01  -8.05990228e-01  
-1.01917466e+00  -1.22666097e+00  -1.41901605e+00  -1.58749473e+00  -1.72443732e+00  -1.82361791e+00  
-1.88052737e+00  -1.89257838e+00  -1.85922306e+00  -1.78197787e+00  -1.66435467e+00  -1.51170104e+00  
-1.33095719e+00  -1.13034042e+00  -9.1897152e-01  -7.0646011e-01  -5.02467757e-01  -3.16268721e-01  
-1.56328307e-01  -2.9918007e-02  5.72150921e-02  -1.77458911e+00  -1.68745601e+00  -1.56104571e+00  
-1.40110530e+00  -1.21490626e+00  -1.01091391e+00  -7.98402502e-01  -5.87033601e-01  -3.86416831e-01  
-2.05672985e-01  -5.30193549e-02  6.46038512e-02  1.41849041e-01  1.75204359e-01  1.63153347e-01  
1.06243888e-01  7.06330157e-03  -1.29879292e-01  -2.98357968e-01  -4.90713053e-01  -6.98199364e-01  
-9.11383794e-01  -1.12057418e+00  -1.31625994e+00  -1.48954447e+00  -1.63254959e+00  -1.73877377e+00  
-1.80338765e+00  -1.82345364e+00  -1.79805947e+00  -1.72835965e+00  -1.617523e+00  -1.47058856e+00  
-1.29423653e+00  -1.09648453e+00  -8.86323117e-01  -6.73307009e-01  -4.67120719e-01  -2.77138251e-01  
-1.11996920e-01  2.07953279e-02  1.15201260e-01  1.66928828e-01  1.73626303e-01  1.34989191e-01  
5.27740824e-02  -6.92812169e-02  -2.25627615e-01  -4.09157017e-01  -6.11525488e-01  -8.23532598e-01  
-1.03553971e+00  -1.23790818e+00  -1.42143758e+00  -1.57778398e+00  -1.69983928e+00  -1.78205439e+00  
-1.8206915e+00  -1.81399402e+00  -1.76226646e+00  -1.66786052e+00  -1.53506827e+00  -1.36992694e+00  
-1.17994448e+00  -9.73758187e-01  -7.60742078e-01  -5.50580662e-01  -3.52828665e-01  -1.76476636e-01  
-2.9542199e-02  8.12944548e-02  1.50994275e-01  1.76388447e-01  1.56322455e-01  9.1708575e-02  
-1.45156033e-02  -1.57520730e-01  -3.30805256e-01  -5.26491016e-01  -7.35681401e-01  -9.48865831e-01  
-1.15635214e+00  -1.34870723e+00  -1.51718590e+00  -1.6541285e+00  -1.75330908e+00  -1.81021854e+00  
-1.82226955e+00  -1.78891424e+00  -1.71166905e+00  -1.59404584e+00  -1.44139221e+00  -1.26064836e+00  
-1.06003159e+00  -8.48662693e-01  -6.36151283e-01  -4.32158931e-01  -2.45959894e-01  -8.60194803e-02  
4.03908196e-02  1.27523919e-01  -1.68856963e+00  -1.60143653e+00  -1.47502623e+00  -1.31508582e+00  
-1.12888678e+00  -9.24894432e-01  -7.12383022e-01  -5.01014120e-01  -3.00397351e-01  -1.19653504e-01  
3.30001254e-02  1.50623331e-01  2.27868521e-01  2.61223839e-01  2.49172827e-01  1.92263369e-01  
9.30827818e-02  -4.38598115e-02  -2.12338487e-01  -4.04693573e-01  -6.12179884e-01  -8.25364314e-01  
-1.0345547e+00  -1.23024046e+00  -1.40352498e+00  -1.54653011e+00  -1.65275429e+00  -1.71736817e+00  
-1.73743416e+00  -1.71203999e+00  -1.64234017e+00  -1.53150352e+00  -1.38456908e+00  -1.20821705e+00  
-1.01046505e+00  -8.00303637e-01  -5.87287528e-01  -3.81101239e-01  -1.91118771e-01  -2.59774401e-02  
1.06814808e-01  2.01220740e-01  2.52948308e-01  2.59645783e-01  2.21008672e-01  1.38793563e-01  
1.67382634e-02  -1.39608134e-01  -3.23137536e-01  -5.25506007e-01  -7.37513117e-01  -9.49520227e-01  
-1.1518887e+00  -1.33541810e+00  -1.4917645e+00  -1.6138198e+00  -1.69603491e+00  -1.73467202e+00  
-1.72797454e+00  -1.67624698e+00  -1.58184104e+00  -1.44904879e+00  -1.28390746e+00  -1.093925e+00  
-8.87738706e-01  -6.74722598e-01  -4.64561182e-01  -2.66809185e-01  -9.04571558e-02  5.64772813e-02  
1.67313935e-01  2.37013755e-01  2.62407927e-01  2.42341935e-01  1.77728055e-01  7.15038770e-02  
-7.15012499e-02  -2.44785776e-01  -4.40471536e-01  -6.49661921e-01  -8.62846351e-01  -1.07033266e+00  
-1.26268775e+00  -1.43116642e+00  -1.56810902e+00  -1.66728960e+00  -1.72419906e+00  -1.73625007e+00  
-1.70289476e+00  -1.62564957e+00  -1.50802636e+00  -1.35537273e+00  -1.17462888e+00  -9.74012114e-01  
-7.62643213e-01  -5.50131803e-01  -3.46139451e-01  -1.59940414e-01  -1.99840144e-15  1.264103e-01  
2.13543399e-01  -1.58848051e+00  -1.50134741e+00  -1.37493711e+00  -1.21499669e+00  -1.02879766e+00  
-8.24805304e-01  -6.12293894e-01  -4.00924993e-01  -2.00308223e-01  -1.95643767e-02  1.33089253e-01  
2.50712459e-01  3.27957649e-01  3.61312967e-01  3.49261954e-01  2.92352496e-01  1.93171909e-01  
5.62293161e-02  -1.1224936e-01  -3.04604445e-01  -5.12090756e-01  -7.25275186e-01  -9.34465571e-01  
-1.13015133e+00  -1.30343586e+00  -1.44644098e+00  -1.55266516e+00  -1.61727904e+00  -1.63734503e+00  
-1.61195086e+00  -1.54225104e+00  -1.43141439e+00  -1.28447995e+00  -1.10812792e+00  -9.10375925e-01  
-7.00214509e-01  -4.87198401e-01  -2.81012111e-01  -9.10296430e-02  7.41116875e-02  2.06903936e-01  
3.01309868e-01  3.53037436e-01  3.59734911e-01  3.21097799e-01  2.38882690e-01  1.16827391e-01  
-3.95190067e-02  -2.23048409e-01  -4.2541688e-01  -6.3742399e-01  -8.494311e-01  -1.05179957e+00  
-1.23532897e+00  -1.39167537e+00  -1.51373067e+00  -1.59594578e+00  -1.63458289e+00  -1.62788542e+00  
-1.57615785e+00  -1.48175192e+00  -1.34895967e+00  -1.18381834e+00  -9.93835868e-01  -7.87649579e-01  
-5.74633470e-01  -3.64472054e-01  -1.66720058e-01  9.63197182e-03  1.56566409e-01  2.67403063e-01  
3.37102883e-01  3.62497054e-01  3.42431063e-01  2.77817183e-01  1.71593005e-01  2.85878777e-02  
-1.44696648e-01  -3.40382408e-01  -5.49572793e-01  -7.62757223e-01  -9.70243534e-01  -1.16259862e+00  
-1.3310773e+00  -1.46801989e+00  -1.56720048e+00  -1.62410993e+00  -1.63616095e+00  -1.60280563e+00  
-1.52556044e+00  -1.40793723e+00  -1.25528360e+00  -1.07453976e+00  -8.73922987e-01  -6.62554085e-01  
-4.50042675e-01  -2.46050323e-01  -5.98512863e-02  1.00089128e-01  2.26499427e-01  3.13632527e-01  
-1.47623115e+00  -1.38909805e+00  -1.26268775e+00  -1.10274733e+00  -9.16548297e-01  -7.12555945e-01  
-5.00044535e-01  -2.88675633e-01  -8.80588633e-02  9.26849831e-02  2.45338613e-01  3.62961819e-01  
4.40207009e-01  4.73562327e-01  4.61511314e-01  4.04601856e-01  3.05421269e-01  1.68478676e-01  
4.4408921e-16  -1.92355085e-01  -3.99841396e-01  -6.13025827e-01  -8.22216212e-01  -1.01790197e+00  
-1.1911865e+00  -1.33419162e+00  -1.44041580e+00  -1.50502968e+00  -1.52509567e+00  -1.49970150e+00  
-1.43000168e+00  -1.31916503e+00  -1.17223059e+00  -9.95878562e-01  -7.98126565e-01  -5.87965149e-01  
-3.74949041e-01  -1.68762751e-01  2.12197168e-02  1.86361047e-01  3.19153296e-01  4.13559228e-01  
4.65286796e-01  4.71984270e-01  4.33347159e-01  3.51132050e-01  2.29076751e-01  7.27303531e-02  
-1.10799049e-01  -3.13167520e-01  -5.2517463e-01  -7.3718174e-01  -9.39550211e-01  -1.12307961e+00  
-1.27942601e+00  -1.40148131e+00  -1.48369642e+00  -1.52233353e+00  -1.51563606e+00  -1.46390849e+00  
-1.36950256e+00  -1.23671031e+00  -1.07156898e+00  -8.81586509e-01  -6.75400219e-01  -4.62384110e-01  
-2.52222694e-01  -5.44706978e-02  1.21881332e-01  2.68815769e-01  3.79652423e-01  4.49352243e-01  
4.74746414e-01  4.54680422e-01  3.90066543e-01  2.83842364e-01  1.40837237e-01  -3.24472884e-02  
-2.28133048e-01  -4.37323433e-01  -6.50507864e-01  -8.57994174e-01  -1.05034926e+00  -1.21882794e+00  
-1.35577053e+00  -1.45495112e+00  -1.51186057e+00  -1.52391159e+00  -1.49055627e+00  -1.41331108e+00  
-1.29568787e+00  -1.14303424e+00  -9.62290397e-01  -7.61673627e-01  -5.50304725e-01  -3.37793315e-01  
-1.33800963e-01  5.23980735e-02  2.12338487e-01  3.38748787e-01  4.25881886e-01  -1.35396295e+00  
-1.26682985e+00  -1.14041955e+00  -9.80479139e-01  -7.94280103e-01  -5.90287750e-01  -3.77776340e-01  
-1.66407439e-01  3.42093309e-02  2.14953177e-01  3.67606807e-01  4.85230013e-01  5.62475203e-01  
5.95830521e-01  5.83779508e-01  5.26870050e-01  4.27689463e-01  2.90746870e-01  1.22268194e-01  
-7.00868912e-02  -2.77573202e-01  -4.90757632e-01  -6.99948017e-01  -8.95633777e-01  -1.06891830e+00  
-1.21192343e+00  -1.31814761e+00  -1.38276149e+00  -1.40282748e+00  -1.37743331e+00  -1.30773349e+00  
-1.19689683e+00  -1.0499624e+00  -8.73610368e-01  -6.75858371e-01  -4.65696955e-01  -2.52680847e-01  
-4.64945570e-02  1.43487911e-01  3.08629241e-01  4.4142149e-01  5.35827422e-01  5.8755499e-01  
5.94252465e-01  5.55615353e-01  4.73400244e-01  3.51344945e-01  1.94998547e-01  1.14691453e-02  
-1.90899326e-01  -4.02906436e-01  -6.14913546e-01  -8.17282017e-01  -1.00081142e+00  -1.15715782e+00  
-1.27921312e+00  -1.36142822e+00  -1.40006534e+00  -1.39336786e+00  -1.34164029e+00  -1.24723436e+00  
-1.11444211e+00  -9.49300782e-01  -7.59318314e-01  -5.53132025e-01  -3.40115916e-01  -1.29954500e-01  
6.77974965e-02  2.44149526e-01  3.91083963e-01  5.01920617e-01  5.71620437e-01  5.97014608e-01  
5.76948617e-01  5.12334737e-01  4.06110559e-01  2.63105432e-01  8.98209058e-02  -1.05864854e-01  
-3.15055239e-01  -5.28239669e-01  -7.35725980e-01  -9.28081066e-01  -1.09655974e+00  -1.23350233e+00  
-1.33268292e+00  -1.38959238e+00  -1.40164339e+00  -1.36828807e+00  -1.29104288e+00  -1.17341968e+00  
-1.02076605e+00  -8.40022202e-01  -6.39405433e-01  -4.28036531e-01  -2.15525121e-01  -1.15327689e-02  
1.74666268e-01  3.34606682e-01  4.61016981e-01  5.48150081e-01  -1.22400845e+00  -1.13687535e+00  
-1.01046505e+00  -8.50524639e-01  -6.64325602e-01  -4.60333250e-01  -2.47821840e-01  -3.64529385e-02  
1.64163831e-01  3.44907678e-01  4.97561307e-01  6.15184513e-01  6.92429703e-01  7.25785021e-01  
7.13734009e-01  6.56824550e-01  5.57643964e-01  4.20701370e-01  2.52222694e-01  5.98676090e-02  
-1.47618702e-01  -3.60803132e-01  -5.69993517e-01  -7.65679277e-01  -9.38963803e-01  -1.08196893e+00  
-1.18819311e+00  -1.25280699e+00  -1.27287298e+00  -1.24747881e+00  -1.17777899e+00  -1.06694233e+00  
-9.20007897e-01  -7.43655868e-01  -5.45903871e-01  -3.35742455e-01  -1.22726346e-01  8.34599432e-02  
2.73442411e-01  4.38583742e-01  5.7137599e-01  6.65781922e-01  7.17509490e-01  7.24206965e-01  
6.85569854e-01  6.03354745e-01  4.81299445e-01  3.24953048e-01  1.41423645e-01  -6.09448256e-02  
-2.72951936e-01  -4.84959045e-01  -6.87327517e-01  -8.70856919e-01  -1.02720332e+00  -1.14925862e+00  
-1.23147372e+00  -1.27011084e+00  -1.26341336e+00  -1.21168579e+00  -1.11727986e+00  -9.84487613e-01  
-8.19346282e-01  -6.29363814e-01  -4.23177525e-01  -2.10161416e-01  7.21644966e-16  1.97751997e-01  
3.74104026e-01  5.21038463e-01  6.31875117e-01  7.01574937e-01  7.26969109e-01  7.06903117e-01  
6.42289237e-01  5.36065059e-01  3.93059932e-01  2.19775406e-01  2.40896461e-02  -1.85100739e-01  
-3.98285169e-01  -6.05771480e-01  -7.98126565e-01  -9.66605241e-01  -1.10354783e+00  -1.20272842e+00  
-1.25963788e+00  -1.27168889e+00  -1.23833357e+00  -1.16108838e+00  -1.04346518e+00  -8.90811549e-01  
-7.10067702e-01  -5.09450933e-01  -2.98082031e-01  -8.55706209e-02  1.18421731e-01  3.04620768e-01  
4.64561182e-01  5.90971482e-01  6.78104581e-01  -1.08884681e+00  -1.00171371e+00  -8.75303408e-01  
-7.15362994e-01  -5.29163958e-01  -3.25171605e-01  -1.12660195e-01  9.87087063e-02  2.99325476e-01  
4.80069322e-01  6.32722952e-01  7.50346158e-01  8.27591348e-01  8.60946666e-01  8.48895654e-01  
7.91986195e-01  6.92805609e-01  5.55863015e-01  3.87384339e-01  1.95029254e-01  -1.24570571e-02  
-2.25641487e-01  -4.34831872e-01  -6.30517632e-01  -8.03802158e-01  -9.46807285e-01  -1.05303146e+00  
-1.11764534e+00  -1.13771133e+00  -1.11231716e+00  -1.04261734e+00  -9.31780689e-01  -7.84846252e-01  
-6.08494223e-01  -4.10742226e-01  -2.00580810e-01  1.24352984e-02  2.18621588e-01  4.08604056e-01  
5.73745387e-01  7.06537635e-01  8.00943567e-01  8.52671135e-01  8.5936861e-01  8.20731498e-01  
7.38516389e-01  6.16461090e-01  4.60114692e-01  2.76585290e-01  7.42168192e-02  -1.37790291e-01  
-3.49797401e-01  -5.52165872e-01  -7.35695274e-01  -8.92041671e-01  -1.01409697e+00  -1.09631208e+00  
-1.13494919e+00  -1.12825172e+00  -1.07652415e+00  -9.82118216e-01  -8.49325968e-01  -6.84184637e-01  
-4.94202169e-01  -2.8801588e-01  -7.49997712e-02  1.35161645e-01  3.32913641e-01  5.09265671e-01  
6.56200108e-01  7.67036762e-01  8.36736582e-01  8.62130754e-01  8.42064762e-01  7.77450882e-01  
6.71226704e-01  5.28221577e-01  3.54937051e-01  1.59251291e-01  -4.99390941e-02  -2.63123524e-01  
-4.70609835e-01  -6.62964921e-01  -8.31443596e-01  -9.6838619e-01  -1.06756678e+00  -1.12447623e+00  
-1.13652725e+00  -1.10317193e+00  -1.02592674e+00  -9.08303533e-01  -7.55649904e-01  -5.74906057e-01  
-3.74289288e-01  -1.62920386e-01  4.95910239e-02  2.53583376e-01  4.39782413e-01  5.99722827e-01  
7.26133127e-01  8.13266226e-01  -9.51056516e-01  -8.63923417e-01  -7.37513117e-01  -5.77572703e-01  
-3.91373667e-01  -1.87381315e-01  2.51300954e-02  2.36498997e-01  4.37115767e-01  6.17859613e-01  
7.70513243e-01  8.88136449e-01  9.65381639e-01  9.98736957e-01  9.86685944e-01  9.29776486e-01  
8.30595899e-01  6.93653306e-01  5.2517463e-01  3.32819545e-01  1.25333234e-01  -8.78511966e-02  
-2.97041582e-01  -4.92727342e-01  -6.66011867e-01  -8.09016994e-01  -9.15241173e-01  -9.79855052e-01  
-9.99921044e-01  -9.74526873e-01  -9.04827052e-01  -7.93990399e-01  -6.47055962e-01  -4.70703932e-01  
-2.72951936e-01  -6.27905195e-02  1.50225589e-01  3.56411879e-01  5.46394347e-01  7.11535677e-01  
8.44327926e-01  9.38733858e-01  9.90461426e-01  9.97158900e-01  9.58521789e-01  8.76306680e-01  
7.54251381e-01  5.97904983e-01  4.14375581e-01  2.1200711e-01  -1.2246468e-16  -2.1200711e-01  
-4.14375581e-01  -5.97904983e-01  -7.54251381e-01  -8.76306680e-01  -9.58521789e-01  -9.97158900e-01  
-9.90461426e-01  -9.38733858e-01  -8.44327926e-01  -7.11535677e-01  -5.46394347e-01  -3.56411879e-01  
-1.50225589e-01  6.27905195e-02  2.72951936e-01  4.70703932e-01  6.47055962e-01  7.93990399e-01  
9.04827052e-01  9.74526873e-01  9.99921044e-01  9.79855052e-01  9.15241173e-01  8.09016994e-01  
6.66011867e-01  4.92727342e-01  2.97041582e-01  8.78511966e-02  -1.25333234e-01  -3.32819545e-01  
-5.2517463e-01  -6.93653306e-01  -8.30595899e-01  -9.29776486e-01  -9.86685944e-01  -9.98736957e-01  
-9.65381639e-01  -8.88136449e-01  -7.70513243e-01  -6.17859613e-01  -4.37115767e-01  -2.36498997e-01  
-2.51300954e-02  1.87381315e-01  3.91373667e-01  5.77572703e-01  7.37513117e-01  8.63923417e-01  
9.51056516e-01  -8.13266226e-01  -7.26133127e-01  -5.99722827e-01  -4.39782413e-01  -2.53583376e-01  
-4.95910239e-02  1.62920386e-01  3.74289288e-01  5.74906057e-01  7.55649904e-01  9.08303533e-01  
1.02592674e+00  1.10317193e+00  1.13652725e+00  1.12447623e+00  1.06756678e+00  9.6838619e-01  
8.31443596e-01  6.62964921e-01  4.70609835e-01  2.63123524e-01  4.99390941e-02  -1.59251291e-01  
-3.54937051e-01  -5.28221577e-01  -6.71226704e-01  -7.77450882e-01  -8.42064762e-01  -8.62130754e-01  
-8.36736582e-01  -7.67036762e-01  -6.56200108e-01  -5.09265671e-01  -3.32913641e-01  -1.35161645e-01  
7.49997712e-02  2.8801588e-01  4.94202169e-01  6.84184637e-01  8.49325968e-01  9.82118216e-01  
1.07652415e+00  1.12825172e+00  1.13494919e+00  1.09631208e+00  1.01409697e+00  8.92041671e-01  
7.35695274e-01  5.52165872e-01  3.49797401e-01  1.37790291e-01  -7.42168192e-02  -2.76585290e-01  
-4.60114692e-01  -6.16461090e-01  -7.38516389e-01  -8.20731498e-01  -8.5936861e-01  -8.52671135e-01  
-8.00943567e-01  -7.06537635e-01  -5.73745387e-01  -4.08604056e-01  -2.18621588e-01  -1.24352984e-02  
2.00580810e-01  4.10742226e-01  6.08494223e-01  7.84846252e-01  9.31780689e-01  1.04261734e+00  
1.11231716e+00  1.13771133e+00  1.11764534e+00  1.05303146e+00  9.46807285e-01  8.03802158e-01  
6.30517632e-01  4.34831872e-01  2.25641487e-01  1.24570571e-02  -1.95029254e-01  -3.87384339e-01  
-5.55863015e-01  -6.92805609e-01  -7.91986195e-01  -8.48895654e-01  -8.60946666e-01  -8.27591348e-01  
-7.50346158e-01  -6.32722952e-01  -4.80069322e-01  -2.99325476e-01  -9.87087063e-02  1.12660195e-01  
3.25171605e-01  5.29163958e-01  7.15362994e-01  8.75303408e-01  1.00171371e+00  1.08884681e+00  
-6.78104581e-01  -5.90971482e-01  -4.64561182e-01  -3.04620768e-01  -1.18421731e-01  8.55706209e-02  
2.98082031e-01  5.09450933e-01  7.10067702e-01  8.90811549e-01  1.04346518e+00  1.16108838e+00  
1.23833357e+00  1.27168889e+00  1.25963788e+00  1.20272842e+00  1.10354783e+00  9.66605241e-01  
7.98126565e-01  6.05771480e-01  3.98285169e-01  1.85100739e-01  -2.40896461e-02  -2.19775406e-01  
-3.93059932e-01  -5.36065059e-01  -6.42289237e-01  -7.06903117e-01  -7.26969109e-01  -7.01574937e-01  
-6.31875117e-01  -5.21038463e-01  -3.74104026e-01  -1.97751997e-01  9.99200722e-16  2.10161416e-01  
4.23177525e-01  6.29363814e-01  8.19346282e-01  9.84487613e-01  1.11727986e+00  1.21168579e+00  
1.26341336e+00  1.27011084e+00  1.23147372e+00  1.14925862e+00  1.02720332e+00  8.70856919e-01  
6.87327517e-01  4.84959045e-01  2.72951936e-01  6.09448256e-02  -1.41423645e-01  -3.24953048e-01  
-4.81299445e-01  -6.03354745e-01  -6.85569854e-01  -7.24206965e-01  -7.17509490e-01  -6.65781922e-01  
-5.7137599e-01  -4.38583742e-01  -2.73442411e-01  -8.34599432e-02  1.22726346e-01  3.35742455e-01  
5.45903871e-01  7.43655868e-01  9.20007897e-01  1.06694233e+00  1.17777899e+00  1.24747881e+00  
1.27287298e+00  1.25280699e+00  1.18819311e+00  1.08196893e+00  9.38963803e-01  7.65679277e-01  
5.69993517e-01  3.60803132e-01  1.47618702e-01  -5.98676090e-02  -2.52222694e-01  -4.20701370e-01  
-5.57643964e-01  -6.56824550e-01  -7.13734009e-01  -7.25785021e-01  -6.92429703e-01  -6.15184513e-01  
-4.97561307e-01  -3.44907678e-01  -1.64163831e-01  3.64529385e-02  2.47821840e-01  4.60333250e-01  
6.64325602e-01  8.50524639e-01  1.01046505e+00  1.13687535e+00  1.22400845e+00  -5.48150081e-01  
-4.61016981e-01  -3.34606682e-01  -1.74666268e-01  1.15327689e-02  2.15525121e-01  4.28036531e-01  
6.39405433e-01  8.40022202e-01  1.02076605e+00  1.17341968e+00  1.29104288e+00  1.36828807e+00  
1.40164339e+00  1.38959238e+00  1.33268292e+00  1.23350233e+00  1.09655974e+00  9.28081066e-01  
7.35725980e-01  5.28239669e-01  3.15055239e-01  1.05864854e-01  -8.98209058e-02  -2.63105432e-01  
-4.06110559e-01  -5.12334737e-01  -5.76948617e-01  -5.97014608e-01  -5.71620437e-01  -5.01920617e-01  
-3.91083963e-01  -2.44149526e-01  -6.77974965e-02  1.29954500e-01  3.40115916e-01  5.53132025e-01  
7.59318314e-01  9.49300782e-01  1.11444211e+00  1.24723436e+00  1.34164029e+00  1.39336786e+00  
1.40006534e+00  1.36142822e+00  1.27921312e+00  1.15715782e+00  1.00081142e+00  8.17282017e-01  
6.14913546e-01  4.02906436e-01  1.90899326e-01  -1.14691453e-02  -1.94998547e-01  -3.51344945e-01  
-4.73400244e-01  -5.55615353e-01  -5.94252465e-01  -5.8755499e-01  -5.35827422e-01  -4.4142149e-01  
-3.08629241e-01  -1.43487911e-01  4.64945570e-02  2.52680847e-01  4.65696955e-01  6.75858371e-01  
8.73610368e-01  1.0499624e+00  1.19689683e+00  1.30773349e+00  1.37743331e+00  1.40282748e+00  
1.38276149e+00  1.31814761e+00  1.21192343e+00  1.06891830e+00  8.95633777e-01  6.99948017e-01  
4.90757632e-01  2.77573202e-01  7.00868912e-02  -1.22268194e-01  -2.90746870e-01  -4.27689463e-01  
-5.26870050e-01  -5.83779508e-01  -5.95830521e-01  -5.62475203e-01  -4.85230013e-01  -3.67606807e-01  
-2.14953177e-01  -3.42093309e-02  1.66407439e-01  3.77776340e-01  5.90287750e-01  7.94280103e-01  
9.80479139e-01  1.14041955e+00  1.26682985e+00  1.35396295e+00  -4.25881886e-01  -3.38748787e-01  
-2.12338487e-01  -5.23980735e-02  1.33800963e-01  3.37793315e-01  5.50304725e-01  7.61673627e-01  
9.62290397e-01  1.14303424e+00  1.29568787e+00  1.41331108e+00  1.49055627e+00  1.52391159e+00  
1.51186057e+00  1.45495112e+00  1.35577053e+00  1.21882794e+00  1.05034926e+00  8.57994174e-01  
6.50507864e-01  4.37323433e-01  2.28133048e-01  3.24472884e-02  -1.40837237e-01  -2.83842364e-01  
-3.90066543e-01  -4.54680422e-01  -4.74746414e-01  -4.49352243e-01  -3.79652423e-01  -2.68815769e-01  
-1.21881332e-01  5.44706978e-02  2.52222694e-01  4.62384110e-01  6.75400219e-01  8.81586509e-01  
1.07156898e+00  1.23671031e+00  1.36950256e+00  1.46390849e+00  1.51563606e+00  1.52233353e+00  
1.48369642e+00  1.40148131e+00  1.27942601e+00  1.12307961e+00  9.39550211e-01  7.3718174e-01  
5.2517463e-01  3.13167520e-01  1.10799049e-01  -7.27303531e-02  -2.29076751e-01  -3.51132050e-01  
-4.33347159e-01  -4.71984270e-01  -4.65286796e-01  -4.13559228e-01  -3.19153296e-01  -1.86361047e-01  
-2.12197168e-02  1.68762751e-01  3.74949041e-01  5.87965149e-01  7.98126565e-01  9.95878562e-01  
1.17223059e+00  1.31916503e+00  1.43000168e+00  1.49970150e+00  1.52509567e+00  1.50502968e+00  
1.44041580e+00  1.33419162e+00  1.1911865e+00  1.01790197e+00  8.22216212e-01  6.13025827e-01  
3.99841396e-01  1.92355085e-01  3.10862447e-15  -1.68478676e-01  -3.05421269e-01  -4.04601856e-01  
-4.61511314e-01  -4.73562327e-01  -4.40207009e-01  -3.62961819e-01  -2.45338613e-01  -9.26849831e-02  
8.80588633e-02  2.88675633e-01  5.00044535e-01  7.12555945e-01  9.16548297e-01  1.10274733e+00  
1.26268775e+00  1.38909805e+00  1.47623115e+00  -3.13632527e-01  -2.26499427e-01  -1.00089128e-01  
5.98512863e-02  2.46050323e-01  4.50042675e-01  6.62554085e-01  8.73922987e-01  1.07453976e+00  
1.25528360e+00  1.40793723e+00  1.52556044e+00  1.60280563e+00  1.63616095e+00  1.62410993e+00  
1.56720048e+00  1.46801989e+00  1.3310773e+00  1.16259862e+00  9.70243534e-01  7.62757223e-01  
5.49572793e-01  3.40382408e-01  1.44696648e-01  -2.85878777e-02  -1.71593005e-01  -2.77817183e-01  
-3.42431063e-01  -3.62497054e-01  -3.37102883e-01  -2.67403063e-01  -1.56566409e-01  -9.63197182e-03  
1.66720058e-01  3.64472054e-01  5.74633470e-01  7.87649579e-01  9.93835868e-01  1.18381834e+00  
1.34895967e+00  1.48175192e+00  1.57615785e+00  1.62788542e+00  1.63458289e+00  1.59594578e+00  
1.51373067e+00  1.39167537e+00  1.23532897e+00  1.05179957e+00  8.494311e-01  6.3742399e-01  
4.2541688e-01  2.23048409e-01  3.95190067e-02  -1.16827391e-01  -2.38882690e-01  -3.21097799e-01  
-3.59734911e-01  -3.53037436e-01  -3.01309868e-01  -2.06903936e-01  -7.41116875e-02  9.10296430e-02  
2.81012111e-01  4.87198401e-01  7.00214509e-01  9.10375925e-01  1.10812792e+00  1.28447995e+00  
1.43141439e+00  1.54225104e+00  1.61195086e+00  1.63734503e+00  1.61727904e+00  1.55266516e+00  
1.44644098e+00  1.30343586e+00  1.13015133e+00  9.34465571e-01  7.25275186e-01  5.12090756e-01  
3.04604445e-01  1.1224936e-01  -5.62293161e-02  -1.93171909e-01  -2.92352496e-01  -3.49261954e-01  
-3.61312967e-01  -3.27957649e-01  -2.50712459e-01  -1.33089253e-01  1.95643767e-02  2.00308223e-01  
4.00924993e-01  6.12293894e-01  8.24805304e-01  1.02879766e+00  1.21499669e+00  1.37493711e+00  
1.50134741e+00  1.58848051e+00  -2.13543399e-01  -1.264103e-01  -4.4408921e-16  1.59940414e-01  
3.46139451e-01  5.50131803e-01  7.62643213e-01  9.74012114e-01  1.17462888e+00  1.35537273e+00  
1.50802636e+00  1.62564957e+00  1.70289476e+00  1.73625007e+00  1.72419906e+00  1.66728960e+00  
1.56810902e+00  1.43116642e+00  1.26268775e+00  1.07033266e+00  8.62846351e-01  6.49661921e-01  
4.40471536e-01  2.44785776e-01  7.15012499e-02  -7.15038770e-02  -1.77728055e-01  -2.42341935e-01  
-2.62407927e-01  -2.37013755e-01  -1.67313935e-01  -5.64772813e-02  9.04571558e-02  2.66809185e-01  
4.64561182e-01  6.74722598e-01  8.87738706e-01  1.093925e+00  1.28390746e+00  1.44904879e+00  
1.58184104e+00  1.67624698e+00  1.72797454e+00  1.73467202e+00  1.69603491e+00  1.6138198e+00  
1.4917645e+00  1.33541810e+00  1.1518887e+00  9.49520227e-01  7.37513117e-01  5.25506007e-01  
3.23137536e-01  1.39608134e-01  -1.67382634e-02  -1.38793563e-01  -2.21008672e-01  -2.59645783e-01  
-2.52948308e-01  -2.01220740e-01  -1.06814808e-01  2.59774401e-02  1.91118771e-01  3.81101239e-01  
5.87287528e-01  8.00303637e-01  1.01046505e+00  1.20821705e+00  1.38456908e+00  1.53150352e+00  
1.64234017e+00  1.71203999e+00  1.73743416e+00  1.71736817e+00  1.65275429e+00  1.54653011e+00  
1.40352498e+00  1.23024046e+00  1.0345547e+00  8.25364314e-01  6.12179884e-01  4.04693573e-01  
2.12338487e-01  4.38598115e-02  -9.30827818e-02  -1.92263369e-01  -2.49172827e-01  -2.61223839e-01  
-2.27868521e-01  -1.50623331e-01  -3.30001254e-02  1.19653504e-01  3.00397351e-01  5.01014120e-01  
7.12383022e-01  9.24894432e-01  1.12888678e+00  1.31508582e+00  1.47502623e+00  1.60143653e+00  
1.68856963e+00  -1.27523919e-01  -4.03908196e-02  8.60194803e-02  2.45959894e-01  4.32158931e-01  
6.36151283e-01  8.48662693e-01  1.06003159e+00  1.26064836e+00  1.44139221e+00  1.59404584e+00  
1.71166905e+00  1.78891424e+00  1.82226955e+00  1.81021854e+00  1.75330908e+00  1.6541285e+00  
1.51718590e+00  1.34870723e+00  1.15635214e+00  9.48865831e-01  7.35681401e-01  5.26491016e-01  
3.30805256e-01  1.57520730e-01  1.45156033e-02  -9.1708575e-02  -1.56322455e-01  -1.76388447e-01  
-1.50994275e-01  -8.12944548e-02  2.9542199e-02  1.76476636e-01  3.52828665e-01  5.50580662e-01  
7.60742078e-01  9.73758187e-01  1.17994448e+00  1.36992694e+00  1.53506827e+00  1.66786052e+00  
1.76226646e+00  1.81399402e+00  1.8206915e+00  1.78205439e+00  1.69983928e+00  1.57778398e+00  
1.42143758e+00  1.23790818e+00  1.03553971e+00  8.23532598e-01  6.11525488e-01  4.09157017e-01  
2.25627615e-01  6.92812169e-02  -5.27740824e-02  -1.34989191e-01  -1.73626303e-01  -1.66928828e-01  
-1.15201260e-01  -2.07953279e-02  1.11996920e-01  2.77138251e-01  4.67120719e-01  6.73307009e-01  
8.86323117e-01  1.09648453e+00  1.29423653e+00  1.47058856e+00  1.617523e+00  1.72835965e+00  
1.79805947e+00  1.82345364e+00  1.80338765e+00  1.73877377e+00  1.63254959e+00  1.48954447e+00  
1.31625994e+00  1.12057418e+00  9.11383794e-01  6.98199364e-01  4.90713053e-01  2.98357968e-01  
1.29879292e-01  -7.06330157e-03  -1.06243888e-01  -1.63153347e-01  -1.75204359e-01  -1.41849041e-01  
-6.46038512e-02  5.30193549e-02  2.05672985e-01  3.86416831e-01  5.87033601e-01  7.98402502e-01  
1.01091391e+00  1.21490626e+00  1.40110530e+00  1.56104571e+00  1.68745601e+00  1.77458911e+00  
-5.72150921e-02  2.9918007e-02  1.56328307e-01  3.16268721e-01  5.02467757e-01  7.0646011e-01  
9.1897152e-01  1.13034042e+00  1.33095719e+00  1.51170104e+00  1.66435467e+00  1.78197787e+00  
1.85922306e+00  1.89257838e+00  1.88052737e+00  1.82361791e+00  1.72443732e+00  1.58749473e+00  
1.41901605e+00  1.22666097e+00  1.01917466e+00  8.05990228e-01  5.96799843e-01  4.01114083e-01  
2.27829557e-01  8.48244298e-02  -2.13997485e-02  -8.60136282e-02  -1.06079620e-01  -8.06854486e-02  
-1.09856283e-02  9.98510255e-02  2.46785463e-01  4.23137492e-01  6.20889489e-01  8.31050905e-01  
1.04406701e+00  1.25025330e+00  1.44023577e+00  1.60537710e+00  1.73816935e+00  1.83257528e+00  
1.88430285e+00  1.89100032e+00  1.85236321e+00  1.77014810e+00  1.64809280e+00  1.49174641e+00  
1.30821701e+00  1.10584853e+00  8.93841424e-01  6.81834314e-01  4.79465843e-01  2.95936441e-01  
1.39590043e-01  1.75347441e-02  -6.46803649e-02  -1.03317476e-01  -9.66200015e-02  -4.48924335e-02  
4.95134986e-02  1.82305747e-01  3.47447077e-01  5.37429545e-01  7.43615835e-01  9.56631944e-01  
1.16679336e+00  1.36454536e+00  1.54089739e+00  1.68783182e+00  1.79866848e+00  1.8683683e+00  
1.89376247e+00  1.87369648e+00  1.8090826e+00  1.70285842e+00  1.55985329e+00  1.38656877e+00  
1.19088301e+00  9.81692621e-01  7.68508191e-01  5.6102188e-01  3.68666794e-01  2.00188118e-01  
6.3245525e-02  -3.59350617e-02  -9.28445201e-02  -1.04895532e-01  -7.15402147e-02  5.70497534e-03  
1.23328181e-01  2.75981811e-01  4.56725658e-01  6.57342427e-01  8.68711329e-01  1.08122274e+00  
1.28521509e+00  1.47141413e+00  1.63135454e+00  1.75776484e+00  1.84489794e+00  -3.95821130e-03  
8.31748878e-02  2.09585188e-01  3.69525602e-01  5.55724638e-01  7.59716990e-01  9.72228400e-01  
1.18359730e+00  1.38421407e+00  1.56495792e+00  1.71761155e+00  1.83523475e+00  1.91247994e+00  
1.94583526e+00  1.93378425e+00  1.87687479e+00  1.77769420e+00  1.64075161e+00  1.47227293e+00  
1.27991785e+00  1.07243154e+00  8.59247108e-01  6.50056723e-01  4.54370963e-01  2.81086438e-01  
1.38081311e-01  3.18571324e-02  -3.27567474e-02  -5.28227392e-02  -2.74285678e-02  4.22712525e-02  
1.53107906e-01  3.00042343e-01  4.76394373e-01  6.74146369e-01  8.84307785e-01  1.09732389e+00  
1.30351018e+00  1.49349265e+00  1.65863398e+00  1.79142623e+00  1.88583216e+00  1.93755973e+00  
1.94425721e+00  1.90562009e+00  1.82340499e+00  1.70134969e+00  1.54500329e+00  1.36147389e+00  
1.15910541e+00  9.47098305e-01  7.35091195e-01  5.32722724e-01  3.49193322e-01  1.92846924e-01  
7.0791625e-02  -1.14234840e-02  -5.00605953e-02  -4.33631207e-02  8.36444734e-03  1.02770379e-01  
2.35562628e-01  4.00703958e-01  5.90686426e-01  7.96872716e-01  1.00988882e+00  1.22005024e+00  
1.41780224e+00  1.59415427e+00  1.74108870e+00  1.85192536e+00  1.92162518e+00  1.94701935e+00  
1.92695336e+00  1.86233948e+00  1.7561153e+00  1.61311017e+00  1.43982565e+00  1.24413989e+00  
1.03494950e+00  8.21765071e-01  6.14278760e-01  4.21923675e-01  2.53444999e-01  1.16502406e-01  
1.73218191e-02  -3.95876392e-02  -5.16386516e-02  -1.82833338e-02  5.89618562e-02  1.76585062e-01  
3.29238692e-01  5.09982538e-01  7.10599308e-01  9.2196821e-01  1.13447962e+00  1.33847197e+00  
1.52467101e+00  1.68461142e+00  1.81102172e+00  1.89815482e+00  3.12307344e-02  1.18363834e-01  
2.44774133e-01  4.04714547e-01  5.90913584e-01  7.94905936e-01  1.00741735e+00  1.21878625e+00  
1.41940302e+00  1.60014686e+00  1.75280049e+00  1.8704237e+00  1.94766889e+00  1.98102421e+00  
1.96897319e+00  1.91206374e+00  1.81288315e+00  1.67594056e+00  1.50746188e+00  1.3151068e+00  
1.10762048e+00  8.94436054e-01  6.85245669e-01  4.89559909e-01  3.16275383e-01  1.73270256e-01  
6.70460781e-02  2.43219834e-03  -1.76337935e-02  7.76037794e-03  7.74601983e-02  1.88296852e-01  
3.35231289e-01  5.11583319e-01  7.09335315e-01  9.19496731e-01  1.13251284e+00  1.33869913e+00  
1.5286816e+00  1.69382293e+00  1.82661518e+00  1.92102111e+00  1.97274868e+00  1.97944615e+00  
1.94080904e+00  1.85859393e+00  1.73653863e+00  1.58019223e+00  1.39666283e+00  1.19429436e+00  
9.82287251e-01  7.70280141e-01  5.6791167e-01  3.84382268e-01  2.2803587e-01  1.05980571e-01  
2.37654617e-02  -1.48716495e-02  -8.17417497e-03  4.35533931e-02  1.37959325e-01  2.70751574e-01  
4.35892904e-01  6.25875372e-01  8.32061662e-01  1.04507777e+00  1.25523919e+00  1.45299118e+00  
1.62934321e+00  1.77627765e+00  1.88711430e+00  1.95681412e+00  1.98220829e+00  1.96214230e+00  
1.89752842e+00  1.79130425e+00  1.64829912e+00  1.47501459e+00  1.27932883e+00  1.07013845e+00  
8.56954017e-01  6.49467706e-01  4.57112621e-01  2.88633945e-01  1.51691352e-01  5.25107648e-02  
-4.39869348e-03  -1.64497059e-02  1.69056119e-02  9.41508019e-02  2.11774008e-01  3.64427638e-01  
5.45171484e-01  7.45788254e-01  9.57157155e-01  1.16966857e+00  1.37366092e+00  1.55985995e+00  
1.71980037e+00  1.84621067e+00  1.93334377e+00  4.76804403e-02  1.34813539e-01  2.61223839e-01  
4.21164253e-01  6.0736329e-01  8.11355642e-01  1.02386705e+00  1.23523595e+00  1.43585272e+00  
1.61659657e+00  1.7692502e+00  1.88687341e+00  1.9641186e+00  1.99747391e+00  1.98542290e+00  
1.92851344e+00  1.82933286e+00  1.69239026e+00  1.52391159e+00  1.33155650e+00  1.12407019e+00  
9.10885760e-01  7.01695375e-01  5.06009615e-01  3.32725089e-01  1.89719962e-01  8.3495784e-02  
1.88819042e-02  -1.1840876e-03  2.42100838e-02  9.39099041e-02  2.04746558e-01  3.51680995e-01  
5.28033024e-01  7.25785021e-01  9.35946437e-01  1.14896255e+00  1.35514884e+00  1.54513130e+00  
1.71027263e+00  1.84306488e+00  1.93747081e+00  1.98919838e+00  1.99589586e+00  1.95725875e+00  
1.87504364e+00  1.75298834e+00  1.59664194e+00  1.41311254e+00  1.21074407e+00  9.98736957e-01  
7.86729847e-01  5.84361376e-01  4.00831974e-01  2.44485576e-01  1.22430277e-01  4.02151676e-02  
1.57805635e-03  8.27553091e-03  6.0003099e-02  1.54409031e-01  2.87201279e-01  4.5234261e-01  
6.42325078e-01  8.48511367e-01  1.06152748e+00  1.27168889e+00  1.46944089e+00  1.64579292e+00  
1.79272736e+00  1.90356401e+00  1.97326383e+00  1.99865800e+00  1.97859201e+00  1.91397813e+00  
1.80775395e+00  1.66474882e+00  1.4914643e+00  1.29577854e+00  1.08658815e+00  8.73403723e-01  
6.65917412e-01  4.73562327e-01  3.05083651e-01  1.68141057e-01  6.89604707e-02  1.20510124e-02  
0.e+00  3.33553178e-02  1.10600508e-01  2.28223714e-01  3.80877344e-01  5.6162119e-01  
7.6223796e-01  9.73606861e-01  1.18611827e+00  1.39011062e+00  1.57630966e+00  1.73625007e+00  
1.86266037e+00  1.94979347e+00  4.50770928e-02  1.32210192e-01  2.58620492e-01  4.18560906e-01  
6.04759942e-01  8.08752295e-01  1.02126370e+00  1.23263261e+00  1.43324938e+00  1.61399322e+00  
1.76664685e+00  1.88427006e+00  1.96151525e+00  1.99487057e+00  1.98281955e+00  1.9259101e+00  
1.82672951e+00  1.68978691e+00  1.52130824e+00  1.32895315e+00  1.12146684e+00  9.08282413e-01  
6.99092028e-01  5.03406268e-01  3.30121742e-01  1.87116615e-01  8.08924365e-02  1.62785568e-02  
-3.78743506e-03  2.16067364e-02  9.13065567e-02  2.02143210e-01  3.49077648e-01  5.25429677e-01  
7.23181674e-01  9.3334309e-01  1.1463592e+00  1.35254549e+00  1.54252796e+00  1.70766929e+00  
1.84046153e+00  1.93486747e+00  1.98659503e+00  1.99329251e+00  1.9546554e+00  1.87244029e+00  
1.75038499e+00  1.59403859e+00  1.41050919e+00  1.20814072e+00  9.96133609e-01  7.84126499e-01  
5.81758028e-01  3.98228626e-01  2.41882228e-01  1.19826929e-01  3.76118201e-02  -1.02529112e-03  
5.67218345e-03  5.73997515e-02  1.51805684e-01  2.84597932e-01  4.49739262e-01  6.39721730e-01  
8.45908020e-01  1.05892413e+00  1.26908554e+00  1.46683754e+00  1.64318957e+00  1.79012401e+00  
1.90096066e+00  1.97066048e+00  1.99605465e+00  1.97598866e+00  1.91137478e+00  1.80515060e+00  
1.66214548e+00  1.48886095e+00  1.29317519e+00  1.08398481e+00  8.70800376e-01  6.63314065e-01  
4.70958979e-01  3.02480303e-01  1.6553771e-01  6.63571233e-02  9.44766494e-03  -2.60334746e-03  
3.07519703e-02  1.07997160e-01  2.25620366e-01  3.78273996e-01  5.59017842e-01  7.59634612e-01  
9.71003514e-01  1.18351492e+00  1.38750728e+00  1.57370631e+00  1.73364673e+00  1.86005703e+00  
1.94719013e+00  2.34703565e-02  1.10603456e-01  2.37013755e-01  3.96954169e-01  5.83153206e-01  
7.87145558e-01  9.99656968e-01  1.21102587e+00  1.41164264e+00  1.59238649e+00  1.74504012e+00  
1.86266332e+00  1.93990851e+00  1.97326383e+00  1.96121282e+00  1.90430336e+00  1.80512277e+00  
1.66818018e+00  1.49970150e+00  1.30734642e+00  1.09986011e+00  8.86675676e-01  6.77485291e-01  
4.81799531e-01  3.08515005e-01  1.65509878e-01  5.92857002e-02  -5.3281796e-03  -2.53941714e-02  
4.4408921e-16  6.96998203e-02  1.80536474e-01  3.27470911e-01  5.03822941e-01  7.01574937e-01  
9.11736353e-01  1.12475246e+00  1.33093875e+00  1.52092122e+00  1.68606255e+00  1.8188548e+00  
1.91326073e+00  1.9649883e+00  1.97168577e+00  1.93304866e+00  1.85083355e+00  1.72877825e+00  
1.57243186e+00  1.38890245e+00  1.18653398e+00  9.74526873e-01  7.62519763e-01  5.60151292e-01  
3.7662189e-01  2.20275492e-01  9.82201927e-02  1.60050838e-02  -2.26320275e-02  -1.59345529e-02  
3.57930151e-02  1.30198947e-01  2.62991196e-01  4.28132526e-01  6.18114994e-01  8.24301284e-01  
1.03731739e+00  1.24747881e+00  1.44523080e+00  1.62158283e+00  1.76851727e+00  1.87935393e+00  
1.94905375e+00  1.97444792e+00  1.95438193e+00  1.88976805e+00  1.78354387e+00  1.64053874e+00  
1.46725421e+00  1.27156845e+00  1.06237807e+00  8.49193639e-01  6.41707328e-01  4.49352243e-01  
2.80873567e-01  1.43930974e-01  4.47503869e-02  -1.21590714e-02  -2.42100838e-02  9.14523395e-03  
8.6390424e-02  2.04013630e-01  3.5666726e-01  5.37411106e-01  7.38027876e-01  9.49396777e-01  
1.16190819e+00  1.36590054e+00  1.55209958e+00  1.71203999e+00  1.83845029e+00  1.92558339e+00  
-1.67275738e-02  7.04055253e-02  1.96815825e-01  3.56756239e-01  5.42955276e-01  7.46947628e-01  
9.59459038e-01  1.17082794e+00  1.37144471e+00  1.55218856e+00  1.70484219e+00  1.82246539e+00  
1.89971058e+00  1.9330659e+00  1.92101489e+00  1.86410543e+00  1.76492484e+00  1.62798225e+00  
1.45950357e+00  1.26714849e+00  1.05966218e+00  8.46477746e-01  6.37287361e-01  4.41601601e-01  
2.68317075e-01  1.25311948e-01  1.90877698e-02  -4.55261099e-02  -6.55921017e-02  -4.01979303e-02  
2.950189e-02  1.40338544e-01  2.87272981e-01  4.63625010e-01  6.61377007e-01  8.71538423e-01  
1.08455453e+00  1.29074082e+00  1.48072329e+00  1.64586462e+00  1.77865687e+00  1.87306280e+00  
1.92479037e+00  1.93148784e+00  1.89285073e+00  1.81063562e+00  1.68858032e+00  1.53223393e+00  
1.34870452e+00  1.14633605e+00  9.34328942e-01  7.22321833e-01  5.19953361e-01  3.36423959e-01  
1.80077562e-01  5.80222624e-02  -2.41928466e-02  -6.28299578e-02  -5.61324832e-02  -4.4049152e-03  
9.0001017e-02  2.22793265e-01  3.87934596e-01  5.77917064e-01  7.84103353e-01  9.97119462e-01  
1.20728088e+00  1.40503287e+00  1.58138490e+00  1.72831934e+00  1.83915599e+00  1.90885582e+00  
1.93424999e+00  1.91418399e+00  1.84957012e+00  1.74334594e+00  1.60034081e+00  1.42705628e+00  
1.23137052e+00  1.02218014e+00  8.08995709e-01  6.01509398e-01  4.09154312e-01  2.40675637e-01  
1.03733043e-01  4.55245657e-03  -5.23570018e-02  -6.44080141e-02  -3.10526964e-02  4.61924936e-02  
1.638157e-01  3.16469329e-01  4.97213176e-01  6.97829945e-01  9.09198847e-01  1.12171026e+00  
1.32570261e+00  1.51190165e+00  1.67184206e+00  1.79825236e+00  1.88538546e+00  -7.47498363e-02  
1.23832629e-02  1.38793563e-01  2.98733977e-01  4.84933013e-01  6.88925365e-01  9.01436775e-01  
1.11280568e+00  1.31342245e+00  1.49416629e+00  1.64681992e+00  1.76444313e+00  1.84168832e+00  
1.87504364e+00  1.86299262e+00  1.80608317e+00  1.70690258e+00  1.56995999e+00  1.40148131e+00  
1.20912622e+00  1.00163991e+00  7.88455483e-01  5.79265098e-01  3.83579338e-01  2.10294813e-01  
6.72896857e-02  -3.89344926e-02  -1.03548372e-01  -1.23614364e-01  -9.82201927e-02  -2.85203724e-02  
8.23162814e-02  2.29250718e-01  4.05602748e-01  6.03354745e-01  8.13516161e-01  1.02653227e+00  
1.23271856e+00  1.42270103e+00  1.58784236e+00  1.72063461e+00  1.81504054e+00  1.86676811e+00  
1.87346558e+00  1.83482847e+00  1.75261336e+00  1.63055806e+00  1.47421166e+00  1.29068226e+00  
1.08831379e+00  8.76306680e-01  6.64299570e-01  4.61931099e-01  2.78401697e-01  1.22055299e-01  
1.33226763e-15  -8.2215109e-02  -1.20852220e-01  -1.14154746e-01  -6.24271776e-02  3.19787545e-02  
1.64771003e-01  3.29912333e-01  5.19894801e-01  7.26081091e-01  9.390972e-01  1.14925862e+00  
1.34701061e+00  1.52336264e+00  1.67029708e+00  1.78113373e+00  1.85083355e+00  1.87622772e+00  
1.85616173e+00  1.79154785e+00  1.68532367e+00  1.54231855e+00  1.36903402e+00  1.17334826e+00  
9.64157877e-01  7.50973446e-01  5.43487136e-01  3.51132050e-01  1.82653374e-01  4.57107808e-02  
-5.34698058e-02  -1.10379264e-01  -1.22430277e-01  -8.90749588e-02  -1.18297688e-02  1.05793437e-01  
2.58447067e-01  4.39190913e-01  6.39807683e-01  8.51176585e-01  1.06368799e+00  1.26768035e+00  
1.45387938e+00  1.6138198e+00  1.7402301e+00  1.8273632e+00  -1.49489531e-01  -6.23564323e-02  
6.40538675e-02  2.23994281e-01  4.10193318e-01  6.14185670e-01  8.26697080e-01  1.03806598e+00  
1.23868275e+00  1.4194266e+00  1.57208023e+00  1.68970343e+00  1.76694862e+00  1.80030394e+00  
1.78825293e+00  1.73134347e+00  1.63216288e+00  1.49522029e+00  1.32674161e+00  1.13438653e+00  
9.26900218e-01  7.13715788e-01  5.04525403e-01  3.08839643e-01  1.35555117e-01  -7.45000950e-03  
-1.13674188e-01  -1.78288068e-01  -1.98354059e-01  -1.72959888e-01  -1.03260068e-01  7.57658622e-03  
1.54511023e-01  3.30863053e-01  5.28615049e-01  7.38776465e-01  9.51792574e-01  1.15797886e+00  
1.34796133e+00  1.51310266e+00  1.64589491e+00  1.74030084e+00  1.79202841e+00  1.79872589e+00  
1.76008877e+00  1.67787366e+00  1.55581837e+00  1.39947197e+00  1.21594257e+00  1.01357409e+00  
8.01566985e-01  5.89559875e-01  3.87191404e-01  2.03662002e-01  4.73156041e-02  -7.47396952e-02  
-1.56954804e-01  -1.95591915e-01  -1.88894441e-01  -1.37166873e-01  -4.27609406e-02  9.00313077e-02  
2.55172638e-01  4.45155106e-01  6.51341396e-01  8.64357504e-01  1.07451892e+00  1.27227092e+00  
1.44862295e+00  1.59555738e+00  1.70639404e+00  1.77609386e+00  1.80148803e+00  1.78142204e+00  
1.71680816e+00  1.61058398e+00  1.46757885e+00  1.29429433e+00  1.09860857e+00  8.89418181e-01  
6.76233751e-01  4.68747440e-01  2.76392355e-01  1.07913679e-01  -2.90289143e-02  -1.28209501e-01  
-1.85118959e-01  -1.97169972e-01  -1.63814654e-01  -8.65694639e-02  3.10537421e-02  1.83707372e-01  
3.64451218e-01  5.65067988e-01  7.76436889e-01  9.88948299e-01  1.19294065e+00  1.37913969e+00  
1.53908010e+00  1.66549040e+00  1.75262350e+00  -2.39520839e-01  -1.5238774e-01  -2.59774401e-02  
1.33962974e-01  3.20162010e-01  5.24154363e-01  7.36665773e-01  9.48034674e-01  1.14865144e+00  
1.32939529e+00  1.48204892e+00  1.59967213e+00  1.67691732e+00  1.71027263e+00  1.69822162e+00  
1.64131216e+00  1.54213158e+00  1.40518898e+00  1.23671031e+00  1.04435522e+00  8.36868911e-01  
6.23684481e-01  4.14494096e-01  2.18808336e-01  4.55238098e-02  -9.74813172e-02  -2.03705495e-01  
-2.68319375e-01  -2.88385367e-01  -2.62991196e-01  -1.93291375e-01  -8.24547214e-02  6.44797156e-02  
2.40831745e-01  4.38583742e-01  6.48745158e-01  8.61761266e-01  1.06794756e+00  1.25793002e+00  
1.42307135e+00  1.55586360e+00  1.65026953e+00  1.70199710e+00  1.70869458e+00  1.67005747e+00  
1.58784236e+00  1.46578706e+00  1.30944066e+00  1.12591126e+00  9.23542787e-01  7.11535677e-01  
4.99528567e-01  2.97160096e-01  1.13630694e-01  -4.27157035e-02  -1.64771003e-01  -2.46986112e-01  
-2.85623223e-01  -2.78925748e-01  -2.27198180e-01  -1.32792248e-01  1.33226763e-15  1.65141330e-01  
3.55123798e-01  5.61310088e-01  7.74326197e-01  9.84487613e-01  1.18223961e+00  1.35859164e+00  
1.50552608e+00  1.61636273e+00  1.68606255e+00  1.71145672e+00  1.69139073e+00  1.62677685e+00  
1.52055267e+00  1.37754754e+00  1.20426302e+00  1.00857726e+00  7.99386874e-01  5.86202444e-01  
3.78716133e-01  1.86361047e-01  1.78823714e-02  -1.19060222e-01  -2.18240809e-01  -2.75150267e-01  
-2.87201279e-01  -2.53845962e-01  -1.76600772e-01  -5.89775656e-02  9.36760641e-02  2.74419911e-01  
4.75036680e-01  6.86405582e-01  8.98916992e-01  1.10290934e+00  1.28910838e+00  1.44904879e+00  
1.57545909e+00  1.66259219e+00  -3.43126219e-01  -2.55993119e-01  -1.2958282e-01  3.03575943e-02  
2.16556631e-01  4.20548983e-01  6.33060393e-01  8.44429295e-01  1.04504606e+00  1.22578991e+00  
1.37844354e+00  1.49606675e+00  1.57331194e+00  1.60666725e+00  1.59461624e+00  1.53770678e+00  
1.4385262e+00  1.30158360e+00  1.13310493e+00  9.40749842e-01  7.33263531e-01  5.20079101e-01  
3.10888716e-01  1.15202956e-01  -5.80815697e-02  -2.01086697e-01  -3.07310875e-01  -3.71924755e-01  
-3.91990747e-01  -3.66596575e-01  -2.96896755e-01  -1.86060101e-01  -3.91256639e-02  1.37226366e-01  
3.34978362e-01  5.45139778e-01  7.58155887e-01  9.64342176e-01  1.15432464e+00  1.31946597e+00  
1.45225822e+00  1.54666416e+00  1.59839172e+00  1.6050892e+00  1.56645209e+00  1.48423698e+00  
1.36218168e+00  1.20583528e+00  1.02230588e+00  8.19937408e-01  6.07930298e-01  3.95923188e-01  
1.93554717e-01  1.00253146e-02  -1.46321083e-01  -2.68376382e-01  -3.50591491e-01  -3.89228603e-01  
-3.82531128e-01  -3.3080356e-01  -2.36397628e-01  -1.0360538e-01  6.1535951e-02  2.51518419e-01  
4.57704709e-01  6.70720817e-01  8.80882233e-01  1.07863423e+00  1.25498626e+00  1.4019207e+00  
1.51275735e+00  1.58245717e+00  1.60785134e+00  1.58778535e+00  1.52317147e+00  1.41694729e+00  
1.27394217e+00  1.10065764e+00  9.04971879e-01  6.95781494e-01  4.82597064e-01  2.75110753e-01  
8.27556677e-02  -8.57230081e-02  -2.22665602e-01  -3.21846188e-01  -3.78755647e-01  -3.90806659e-01  
-3.57451341e-01  -2.80206151e-01  -1.62582945e-01  -9.9293154e-03  1.70814531e-01  3.71431301e-01  
5.82800202e-01  7.95311612e-01  9.99303965e-01  1.18550300e+00  1.34544342e+00  1.47185371e+00  
1.55898681e+00  -4.58329175e-01  -3.71196076e-01  -2.44785776e-01  -8.48453619e-02  1.01353675e-01  
3.05346027e-01  5.17857437e-01  7.29226339e-01  9.29843108e-01  1.11058695e+00  1.26324058e+00  
1.38086379e+00  1.45810898e+00  1.4914643e+00  1.47941329e+00  1.42250383e+00  1.32332324e+00  
1.18638065e+00  1.01790197e+00  8.25546886e-01  6.18060575e-01  4.04876145e-01  1.9568576e-01  
1.77635684e-15  -1.73284526e-01  -3.16289653e-01  -4.22513831e-01  -4.87127711e-01  -5.07193703e-01  
-4.81799531e-01  -4.12099711e-01  -3.01263057e-01  -1.54328620e-01  2.20234094e-02  2.19775406e-01  
4.29936822e-01  6.42952931e-01  8.49139220e-01  1.03912169e+00  1.20426302e+00  1.33705527e+00  
1.4314612e+00  1.48318877e+00  1.48988624e+00  1.45124913e+00  1.36903402e+00  1.24697872e+00  
1.09063232e+00  9.07102923e-01  7.04734451e-01  4.92727342e-01  2.80720232e-01  7.83517606e-02  
-1.05177642e-01  -2.61524039e-01  -3.83579338e-01  -4.65794447e-01  -5.04431559e-01  -4.97734084e-01  
-4.46006516e-01  -3.51600584e-01  -2.18808336e-01  -5.36670052e-02  1.36315463e-01  3.42501752e-01  
5.55517861e-01  7.65679277e-01  9.63431274e-01  1.13978330e+00  1.28671774e+00  1.39755439e+00  
1.46725421e+00  1.49264839e+00  1.47258239e+00  1.40796851e+00  1.30174434e+00  1.15873921e+00  
9.85454683e-01  7.89768923e-01  5.80578538e-01  3.67394108e-01  1.59907797e-01  -3.24472884e-02  
-2.00925964e-01  -3.37868558e-01  -4.37049144e-01  -4.93958603e-01  -5.06009615e-01  -4.72654297e-01  
-3.95409107e-01  -2.77785901e-01  -1.25132272e-01  5.56115749e-02  2.56228345e-01  4.67597246e-01  
6.80108656e-01  8.84101008e-01  1.07030004e+00  1.23024046e+00  1.35665076e+00  1.44378386e+00  
-5.82931964e-01  -4.95798865e-01  -3.69388565e-01  -2.09448151e-01  -2.32491142e-02  1.80743238e-01  
3.93254648e-01  6.0462355e-01  8.05240319e-01  9.85984166e-01  1.1386378e+00  1.25626100e+00  
1.33350619e+00  1.36686151e+00  1.3548105e+00  1.29790104e+00  1.19872045e+00  1.06177786e+00  
8.93299183e-01  7.00944097e-01  4.93457786e-01  2.80273356e-01  7.10829711e-02  -1.24602789e-01  
-2.97887315e-01  -4.40892442e-01  -5.4711662e-01  -6.117305e-01  -6.31796492e-01  -6.06402320e-01  
-5.367025e-01  -4.25865846e-01  -2.78931409e-01  -1.02579379e-01  9.51726172e-02  3.05334033e-01  
5.18350142e-01  7.24536431e-01  9.14518899e-01  1.07966023e+00  1.21245248e+00  1.30685841e+00  
1.35858598e+00  1.36528345e+00  1.32664634e+00  1.24443123e+00  1.12237593e+00  9.66029536e-01  
7.82500134e-01  5.80131663e-01  3.68124553e-01  1.56117443e-01  -4.62510283e-02  -2.29780430e-01  
-3.86126828e-01  -5.08182127e-01  -5.90397236e-01  -6.29034348e-01  -6.22336873e-01  -5.70609305e-01  
-4.76203373e-01  -3.43411125e-01  -1.78269794e-01  1.1712674e-02  2.17898964e-01  4.30915072e-01  
6.41076488e-01  8.38828485e-01  1.01518051e+00  1.16211495e+00  1.27295161e+00  1.34265143e+00  
1.3680456e+00  1.34797961e+00  1.28336573e+00  1.17714155e+00  1.03413642e+00  8.60851894e-01  
6.65166134e-01  4.55975749e-01  2.42791319e-01  3.53050082e-02  -1.57050077e-01  -3.25528753e-01  
-4.62471347e-01  -5.61651933e-01  -6.18561392e-01  -6.30612404e-01  -5.97257086e-01  -5.20011896e-01  
-4.02388690e-01  -2.49735060e-01  -6.8991214e-02  1.31625556e-01  3.42994457e-01  5.55505867e-01  
7.5949822e-01  9.45697256e-01  1.10563767e+00  1.23204797e+00  1.31918107e+00  -7.14557519e-01  
-6.27424420e-01  -5.01014120e-01  -3.41073706e-01  -1.5487467e-01  4.91176824e-02  2.61629092e-01  
4.72997994e-01  6.73614764e-01  8.54358610e-01  1.00701224e+00  1.12463545e+00  1.20188064e+00  
1.23523595e+00  1.22318494e+00  1.16627548e+00  1.0670949e+00  9.30152303e-01  7.61673627e-01  
5.69318542e-01  3.61832231e-01  1.48647800e-01  -6.05425846e-02  -2.56228345e-01  -4.29512870e-01  
-5.72517997e-01  -6.78742176e-01  -7.43356055e-01  -7.63422047e-01  -7.38027876e-01  -6.68328055e-01  
-5.57491402e-01  -4.10556965e-01  -2.34204935e-01  -3.64529385e-02  1.73708477e-01  3.86724586e-01  
5.92910876e-01  7.82893344e-01  9.48034674e-01  1.08082692e+00  1.17523285e+00  1.22696042e+00  
1.2336579e+00  1.19502079e+00  1.11280568e+00  9.90750378e-01  8.34403980e-01  6.50874578e-01  
4.48506107e-01  2.36498997e-01  2.44918871e-02  -1.77876584e-01  -3.61405986e-01  -5.17752384e-01  
-6.39807683e-01  -7.22022792e-01  -7.60659903e-01  -7.53962429e-01  -7.02234861e-01  -6.07828928e-01  
-4.75036680e-01  -3.0989535e-01  -1.19912882e-01  8.62734079e-02  2.99289517e-01  5.09450933e-01  
7.07202929e-01  8.83554959e-01  1.0304894e+00  1.14132605e+00  1.21102587e+00  1.23642004e+00  
1.21635405e+00  1.15174017e+00  1.04551599e+00  9.02510864e-01  7.29226339e-01  5.33540579e-01  
3.24350194e-01  1.11165763e-01  -9.63205475e-02  -2.88675633e-01  -4.57154309e-01  -5.94096902e-01  
-6.93277489e-01  -7.50186947e-01  -7.6223796e-01  -7.28882642e-01  -6.51637452e-01  -5.34014246e-01  
-3.81360616e-01  -2.0061677e-01  -1.85962357e-15  2.11368902e-01  4.23880312e-01  6.27872664e-01  
8.14071700e-01  9.74012114e-01  1.10042241e+00  1.18755551e+00  -8.50694801e-01  -7.63561702e-01  
-6.37151403e-01  -4.77210989e-01  -2.91011952e-01  -8.70195997e-02  1.25491810e-01  3.36860712e-01  
5.37477482e-01  7.18221328e-01  8.70874958e-01  9.88498164e-01  1.06574335e+00  1.09909867e+00  
1.08704766e+00  1.03013820e+00  9.30957614e-01  7.94015021e-01  6.25536345e-01  4.33181259e-01  
2.25694948e-01  1.25105183e-02  -1.96679867e-01  -3.92365627e-01  -5.65650153e-01  -7.0865528e-01  
-8.14879458e-01  -8.79493338e-01  -8.99559329e-01  -8.74165158e-01  -8.04465338e-01  -6.93628684e-01  
-5.46694247e-01  -3.70342217e-01  -1.72590221e-01  3.75711953e-02  2.50587304e-01  4.56773594e-01  
6.46756062e-01  8.11897392e-01  9.44689640e-01  1.03909557e+00  1.09082314e+00  1.09752062e+00  
1.05888350e+00  9.76668395e-01  8.54613096e-01  6.98266698e-01  5.14737296e-01  3.12368825e-01  
1.00361715e-01  -1.11645395e-01  -3.14013866e-01  -4.97543268e-01  -6.53889666e-01  -7.75944965e-01  
-8.58160074e-01  -8.96797185e-01  -8.90099711e-01  -8.38372143e-01  -7.43966211e-01  -6.11173962e-01  
-4.46032632e-01  -2.56050164e-01  -4.98638743e-02  1.63152234e-01  3.73313650e-01  5.71065647e-01  
7.47417676e-01  8.94352113e-01  1.00518877e+00  1.07488859e+00  1.10028276e+00  1.08021677e+00  
1.01560289e+00  9.09378709e-01  7.66373582e-01  5.93089056e-01  3.97403296e-01  1.88212911e-01  
-2.49715187e-02  -2.3245783e-01  -4.24812915e-01  -5.93291591e-01  -7.30234184e-01  -8.29414771e-01  
-8.86324229e-01  -8.98375242e-01  -8.65019924e-01  -7.87774734e-01  -6.70151528e-01  -5.17497898e-01  
-3.36754052e-01  -1.36137282e-01  7.52316194e-02  2.87743029e-01  4.91735382e-01  6.77934418e-01  
8.37874832e-01  9.64285132e-01  1.05141823e+00  -9.88746699e-01  -9.016136e-01  -7.75203300e-01  
-6.15262886e-01  -4.2906385e-01  -2.25071497e-01  -1.25600872e-02  1.98808814e-01  3.99425584e-01  
5.80169430e-01  7.32823060e-01  8.50446266e-01  9.27691456e-01  9.61046774e-01  9.48995762e-01  
8.92086303e-01  7.92905717e-01  6.55963123e-01  4.87484447e-01  2.95129362e-01  8.76430509e-02  
-1.25541379e-01  -3.34731764e-01  -5.30417524e-01  -7.03702050e-01  -8.46707177e-01  -9.52931355e-01  
-1.01754524e+00  -1.03761123e+00  -1.01221706e+00  -9.42517235e-01  -8.31680581e-01  -6.84746144e-01  
-5.08394115e-01  -3.10642118e-01  -1.00480702e-01  1.12535406e-01  3.18721696e-01  5.08704164e-01  
6.73845495e-01  8.06637743e-01  9.01043675e-01  9.52771243e-01  9.59468718e-01  9.20831606e-01  
8.38616497e-01  7.16561198e-01  5.60214800e-01  3.76685398e-01  1.74316927e-01  -3.76901827e-02  
-2.49697293e-01  -4.52065764e-01  -6.35595166e-01  -7.91941563e-01  -9.13996863e-01  -9.96211972e-01  
-1.03484908e+00  -1.02815161e+00  -9.76424040e-01  -8.82018108e-01  -7.4922586e-01  -5.84084529e-01  
-3.94102061e-01  -1.87915772e-01  2.51003369e-02  2.35261753e-01  4.33013749e-01  6.09365779e-01  
7.56300216e-01  8.6713687e-01  9.36836690e-01  9.62230862e-01  9.4216487e-01  8.7755099e-01  
7.71326812e-01  6.28321685e-01  4.55037159e-01  2.59351399e-01  5.01610139e-02  -1.63023416e-01  
-3.70509727e-01  -5.62864813e-01  -7.31343488e-01  -8.68286082e-01  -9.67466669e-01  -1.02437613e+00  
-1.03642714e+00  -1.00307182e+00  -9.25826631e-01  -8.08203425e-01  -6.55549796e-01  -4.74805949e-01  
-2.7418918e-01  -6.28202781e-02  1.49691132e-01  3.53683484e-01  5.39882521e-01  6.99822935e-01  
8.26233235e-01  9.13366334e-01  -1.12607958e+00  -1.03894648e+00  -9.12536176e-01  -7.52595762e-01  
-5.66396726e-01  -3.62404374e-01  -1.49892964e-01  6.14759380e-02  2.62092708e-01  4.42836554e-01  
5.95490184e-01  7.1311339e-01  7.9035858e-01  8.23713898e-01  8.11662885e-01  7.54753427e-01  
6.55572840e-01  5.18630247e-01  3.50151571e-01  1.57796486e-01  -4.96898254e-02  -2.62874256e-01  
-4.72064641e-01  -6.67750401e-01  -8.41034926e-01  -9.84040053e-01  -1.09026423e+00  -1.15487811e+00  
-1.17494410e+00  -1.14954993e+00  -1.07985011e+00  -9.69013458e-01  -8.22079021e-01  -6.45726991e-01  
-4.47974994e-01  -2.37813579e-01  -2.47974699e-02  1.8138882e-01  3.71371288e-01  5.36512618e-01  
6.69304867e-01  7.63710799e-01  8.15438367e-01  8.22135841e-01  7.83498730e-01  7.01283621e-01  
5.79228322e-01  4.22881924e-01  2.39352522e-01  3.69840509e-02  -1.75023059e-01  -3.87030169e-01  
-5.8939864e-01  -7.72928042e-01  -9.2927444e-01  -1.05132974e+00  -1.13354485e+00  -1.17218196e+00  
-1.16548448e+00  -1.11375692e+00  -1.01935098e+00  -8.86558736e-01  -7.21417406e-01  -5.31434938e-01  
-3.25248648e-01  -1.12232539e-01  9.79288765e-02  2.95680873e-01  4.72032903e-01  6.1896734e-01  
7.29803993e-01  7.99503814e-01  8.24897985e-01  8.04831993e-01  7.40218114e-01  6.33993935e-01  
4.90988808e-01  3.17704283e-01  1.22018523e-01  -8.71718624e-02  -3.00356293e-01  -5.07842603e-01  
-7.00197689e-01  -8.68676365e-01  -1.00561896e+00  -1.10479954e+00  -1.16170900e+00  -1.17376002e+00  
-1.1404047e+00  -1.06315951e+00  -9.45536302e-01  -7.92882672e-01  -6.12138826e-01  -4.11522056e-01  
-2.00153154e-01  1.23582556e-02  2.16350608e-01  4.02549644e-01  5.62490058e-01  6.88900358e-01  
7.76033457e-01  -1.26007351e+00  -1.17294041e+00  -1.04653011e+00  -8.86589698e-01  -7.00390661e-01  
-4.96398309e-01  -2.83886899e-01  -7.25179974e-02  1.28098772e-01  3.08842619e-01  4.61496248e-01  
5.79119454e-01  6.56364644e-01  6.89719962e-01  6.7766895e-01  6.20759492e-01  5.21578905e-01  
3.84636311e-01  2.16157636e-01  2.38025501e-02  -1.83683761e-01  -3.96868191e-01  -6.06058576e-01  
-8.01744336e-01  -9.75028862e-01  -1.11803399e+00  -1.22425817e+00  -1.28887205e+00  -1.30893804e+00  
-1.28354387e+00  -1.21384405e+00  -1.10300739e+00  -9.56072956e-01  -7.79720927e-01  -5.8196893e-01  
-3.71807514e-01  -1.58791405e-01  4.73948843e-02  2.37377352e-01  4.02518683e-01  5.35310931e-01  
6.29716863e-01  6.81444431e-01  6.88141906e-01  6.49504795e-01  5.67289686e-01  4.45234386e-01  
2.88887989e-01  1.05358587e-01  -9.70098845e-02  -3.09016994e-01  -5.21024104e-01  -7.23392575e-01  
-9.06921977e-01  -1.06326838e+00  -1.18532367e+00  -1.26753878e+00  -1.30617589e+00  -1.29947842e+00  
-1.24775085e+00  -1.15334492e+00  -1.02055267e+00  -8.55411341e-01  -6.65428873e-01  -4.59242583e-01  
-2.46226475e-01  -3.60650589e-02  1.61686938e-01  3.38038967e-01  4.84973404e-01  5.95810058e-01  
6.65509878e-01  6.9090405e-01  6.70838058e-01  6.06224178e-01  5.00000000e-01  3.56994873e-01  
1.83710347e-01  -1.19754128e-02  -2.21165798e-01  -4.34350228e-01  -6.41836539e-01  -8.34191624e-01  
-1.00267030e+00  -1.13961289e+00  -1.23879348e+00  -1.29570294e+00  -1.30775395e+00  -1.27439863e+00  
-1.19715344e+00  -1.07953024e+00  -9.26876607e-01  -7.46132761e-01  -5.45515991e-01  -3.3414709e-01  
-1.2163568e-01  8.23566725e-02  2.68555709e-01  4.28496123e-01  5.54906423e-01  6.42039522e-01  
-1.38817228e+00  -1.30103918e+00  -1.17462888e+00  -1.01468847e+00  -8.28489433e-01  -6.24497081e-01  
-4.11985671e-01  -2.0061677e-01  3.33066907e-16  1.80743846e-01  3.33397476e-01  4.51020682e-01  
5.28265872e-01  5.6162119e-01  5.49570178e-01  4.92660719e-01  3.93480133e-01  2.56537539e-01  
8.80588633e-02  -1.04296222e-01  -3.11782533e-01  -5.24966963e-01  -7.34157348e-01  -9.29843108e-01  
-1.10312763e+00  -1.24613276e+00  -1.35235694e+00  -1.41697082e+00  -1.43703681e+00  -1.41164264e+00  
-1.34194282e+00  -1.23110617e+00  -1.08417173e+00  -9.07819699e-01  -7.10067702e-01  -4.99906286e-01  
-2.86890178e-01  -8.07038879e-02  1.09278580e-01  2.74419911e-01  4.07212159e-01  5.01618091e-01  
5.53345659e-01  5.60043134e-01  5.21406022e-01  4.39190913e-01  3.17135614e-01  1.60789216e-01  
-2.27401857e-02  -2.25108657e-01  -4.37115767e-01  -6.49122877e-01  -8.51491348e-01  -1.03502075e+00  
-1.19136715e+00  -1.31342245e+00  -1.39563756e+00  -1.43427467e+00  -1.42757719e+00  -1.37584962e+00  
-1.28144369e+00  -1.14865144e+00  -9.83510113e-01  -7.93527645e-01  -5.87341356e-01  -3.74325247e-01  
-1.64163831e-01  3.35881655e-02  2.09940195e-01  3.56874632e-01  4.67711286e-01  5.37411106e-01  
5.62805278e-01  5.42739286e-01  4.78125406e-01  3.71901228e-01  2.28896101e-01  5.56115749e-02  
-1.40074185e-01  -3.49264570e-01  -5.62449000e-01  -7.69935311e-01  -9.62290397e-01  -1.13076907e+00  
-1.26771167e+00  -1.36689225e+00  -1.42380171e+00  -1.43585272e+00  -1.40249741e+00  -1.32525222e+00  
-1.20762901e+00  -1.05497538e+00  -8.74231533e-01  -6.73614764e-01  -4.62245862e-01  -2.49734452e-01  
-4.57420998e-02  1.40456937e-01  3.00397351e-01  4.26807651e-01  5.1394075e-01  -1.50793213e+00  
-1.42079903e+00  -1.29438873e+00  -1.13444832e+00  -9.48249283e-01  -7.44256931e-01  -5.31745521e-01  
-3.20376619e-01  -1.1975985e-01  6.09839966e-02  2.13637626e-01  3.31260832e-01  4.08506022e-01  
4.41861340e-01  4.29810328e-01  3.72900869e-01  2.73720283e-01  1.36777689e-01  -3.17009865e-02  
-2.24056072e-01  -4.31542383e-01  -6.44726813e-01  -8.53917198e-01  -1.04960296e+00  -1.22288748e+00  
-1.36589261e+00  -1.47211679e+00  -1.53673067e+00  -1.55679666e+00  -1.53140249e+00  -1.46170267e+00  
-1.35086602e+00  -1.20393158e+00  -1.02757955e+00  -8.29827552e-01  -6.19666136e-01  -4.06650027e-01  
-2.00463738e-01  -1.04812698e-02  1.54660061e-01  2.87452309e-01  3.81858241e-01  4.33585809e-01  
4.40283284e-01  4.01646173e-01  3.19431064e-01  1.97375764e-01  4.10293666e-02  -1.42500035e-01  
-3.44868507e-01  -5.56875616e-01  -7.68882726e-01  -9.71251197e-01  -1.1547806e+00  -1.311127e+00  
-1.4331823e+00  -1.51539741e+00  -1.55403452e+00  -1.54733704e+00  -1.49560947e+00  -1.40120354e+00  
-1.26841129e+00  -1.10326996e+00  -9.13287495e-01  -7.07101206e-01  -4.94085097e-01  -2.83923681e-01  
-8.61716843e-02  9.01803451e-02  2.37114782e-01  3.47951436e-01  4.17651256e-01  4.43045428e-01  
4.22979436e-01  3.58365556e-01  2.52141378e-01  1.09136251e-01  -6.41482749e-02  -2.59834035e-01  
-4.6902442e-01  -6.82208850e-01  -8.89695161e-01  -1.08205025e+00  -1.25052892e+00  -1.38747152e+00  
-1.48665210e+00  -1.54356156e+00  -1.55561257e+00  -1.52225726e+00  -1.44501207e+00  -1.32738886e+00  
-1.17473523e+00  -9.93991383e-01  -7.93374614e-01  -5.82005712e-01  -3.69494302e-01  -1.6550195e-01  
2.06970869e-02  1.80637501e-01  3.07047801e-01  3.941809e-01  -1.61706838e+00  -1.52993528e+00  
-1.40352498e+00  -1.24358457e+00  -1.05738553e+00  -8.53393182e-01  -6.40881772e-01  -4.29512870e-01  
-2.28896101e-01  -4.81522543e-02  1.04501375e-01  2.22124581e-01  2.99369771e-01  3.32725089e-01  
3.20674077e-01  2.63764618e-01  1.64584032e-01  2.76414384e-02  -1.40837237e-01  -3.33192323e-01  
-5.40678634e-01  -7.53863064e-01  -9.63053449e-01  -1.15873921e+00  -1.33202373e+00  -1.47502886e+00  
-1.58125304e+00  -1.64586692e+00  -1.66593291e+00  -1.64053874e+00  -1.57083892e+00  -1.46000227e+00  
-1.31306783e+00  -1.1367158e+00  -9.38963803e-01  -7.28802387e-01  -5.15786278e-01  -3.09599989e-01  
-1.19617521e-01  4.55238098e-02  1.78316058e-01  2.72721990e-01  3.24449558e-01  3.31147033e-01  
2.92509922e-01  2.10294813e-01  8.82395133e-02  -6.81068844e-02  -2.51636286e-01  -4.54004758e-01  
-6.66011867e-01  -8.78018977e-01  -1.08038745e+00  -1.26391685e+00  -1.42026325e+00  -1.54231855e+00  
-1.62453366e+00  -1.66317077e+00  -1.65647329e+00  -1.60474573e+00  -1.51033979e+00  -1.37754754e+00  
-1.21240621e+00  -1.02242375e+00  -8.16237457e-01  -6.03221348e-01  -3.93059932e-01  -1.95307935e-01  
-1.89559059e-02  1.27978531e-01  2.38815185e-01  3.08515005e-01  3.33909177e-01  3.13843185e-01  
2.49229305e-01  1.43005127e-01  8.8817842e-16  -1.73284526e-01  -3.68970286e-01  -5.78160671e-01  
-7.91345101e-01  -9.98831412e-01  -1.1911865e+00  -1.35966517e+00  -1.49660777e+00  -1.59578835e+00  
-1.65269781e+00  -1.66474882e+00  -1.63139351e+00  -1.55414832e+00  -1.43652511e+00  -1.28387148e+00  
-1.10312763e+00  -9.02510864e-01  -6.91141963e-01  -4.78630553e-01  -2.74638201e-01  -8.84391640e-02  
7.15012499e-02  1.9791155e-01  2.85044649e-01  -1.71349903e+00  -1.62636593e+00  -1.49995563e+00  
-1.34001521e+00  -1.15381618e+00  -9.49823826e-01  -7.37312416e-01  -5.25943514e-01  -3.25326744e-01  
-1.44582898e-01  8.07073176e-03  1.25693938e-01  2.02939128e-01  2.36294446e-01  2.24243433e-01  
1.67333975e-01  6.81533882e-02  -6.87892052e-02  -2.37267881e-01  -4.29622966e-01  -6.37109277e-01  
-8.50293708e-01  -1.05948409e+00  -1.25516985e+00  -1.42845438e+00  -1.57145951e+00  -1.67768368e+00  
-1.74229756e+00  -1.76236356e+00  -1.73696938e+00  -1.66726956e+00  -1.55643291e+00  -1.40949847e+00  
-1.23314644e+00  -1.03539445e+00  -8.25233031e-01  -6.12216922e-01  -4.06030632e-01  -2.16048164e-01  
-5.09068338e-02  8.18854145e-02  1.76291347e-01  2.28018915e-01  2.34716389e-01  1.96079278e-01  
1.13864169e-01  -8.19113028e-03  -1.64537528e-01  -3.48066930e-01  -5.50435401e-01  -7.62442511e-01  
-9.74449621e-01  -1.17681809e+00  -1.36034749e+00  -1.51669389e+00  -1.63874919e+00  -1.72096430e+00  
-1.75960141e+00  -1.75290394e+00  -1.70117637e+00  -1.60677044e+00  -1.47397819e+00  -1.30883686e+00  
-1.11885439e+00  -9.12668100e-01  -6.99651991e-01  -4.89490575e-01  -2.91738579e-01  -1.15386549e-01  
3.15478876e-02  1.42384541e-01  2.12084362e-01  2.37478533e-01  2.17412541e-01  1.52798662e-01  
4.65744834e-02  -9.64306436e-02  -2.69715169e-01  -4.65400929e-01  -6.74591314e-01  -8.87775745e-01  
-1.09526206e+00  -1.28761714e+00  -1.45609582e+00  -1.59303841e+00  -1.692219e+00  -1.74912846e+00  
-1.76117947e+00  -1.72782415e+00  -1.65057896e+00  -1.53295575e+00  -1.38030212e+00  -1.19955828e+00  
-9.98941508e-01  -7.87572606e-01  -5.75061196e-01  -3.71068844e-01  -1.84869808e-01  -2.49293937e-02  
1.01480906e-01  1.88614005e-01  -1.79538444e+00  -1.70825134e+00  -1.58184104e+00  -1.42190063e+00  
-1.23570159e+00  -1.03170924e+00  -8.19197830e-01  -6.07828928e-01  -4.07212159e-01  -2.26468312e-01  
-7.38146827e-02  4.38085233e-02  1.21053713e-01  1.54409031e-01  1.42358019e-01  8.54485604e-02  
-1.37320263e-02  -1.5067462e-01  -3.19153296e-01  -5.11508381e-01  -7.18994692e-01  -9.32179122e-01  
-1.14136951e+00  -1.33705527e+00  -1.51033979e+00  -1.65334492e+00  -1.7595691e+00  -1.82418298e+00  
-1.84424897e+00  -1.8188548e+00  -1.74915498e+00  -1.63831832e+00  -1.49138389e+00  -1.31503186e+00  
-1.11727986e+00  -9.07118445e-01  -6.94102336e-01  -4.87916047e-01  -2.97933579e-01  -1.32792248e-01  
-3.33066907e-16  9.44059322e-02  1.46133500e-01  1.52830975e-01  1.14193864e-01  3.19787545e-02  
-9.00765448e-02  -2.46422942e-01  -4.29952345e-01  -6.32320816e-01  -8.44327926e-01  -1.05633504e+00  
-1.25870351e+00  -1.44223291e+00  -1.59857931e+00  -1.72063461e+00  -1.80284971e+00  -1.84148683e+00  
-1.83478935e+00  -1.78306178e+00  -1.68865585e+00  -1.55586360e+00  -1.39072227e+00  -1.20073980e+00  
-9.94553515e-01  -7.81537406e-01  -5.7137599e-01  -3.73623993e-01  -1.97271964e-01  -5.03375269e-02  
6.0499127e-02  1.30198947e-01  1.55593119e-01  1.35527127e-01  7.09132471e-02  -3.53109311e-02  
-1.78316058e-01  -3.51600584e-01  -5.47286344e-01  -7.56476729e-01  -9.69661159e-01  -1.17714747e+00  
-1.36950256e+00  -1.53798123e+00  -1.67492382e+00  -1.77410441e+00  -1.83101387e+00  -1.84306488e+00  
-1.80970956e+00  -1.73246437e+00  -1.61484117e+00  -1.46218754e+00  -1.28144369e+00  -1.08082692e+00  
-8.69458021e-01  -6.56946611e-01  -4.52954259e-01  -2.66755222e-01  -1.06814808e-01  1.95954917e-02  
1.06728591e-01  -1.86116249e+00  -1.77402939e+00  -1.64761909e+00  -1.48767867e+00  -1.30147964e+00  
-1.09748729e+00  -8.84975875e-01  -6.73606974e-01  -4.72990204e-01  -2.92246358e-01  -1.39592728e-01  
-2.19695219e-02  5.52756681e-02  8.86309859e-02  7.65799735e-02  1.96705152e-02  -7.95100715e-02  
-2.16452665e-01  -3.84931341e-01  -5.77286426e-01  -7.84772737e-01  -9.97957167e-01  -1.20714755e+00  
-1.40283331e+00  -1.57611784e+00  -1.71912297e+00  -1.82534714e+00  -1.88996102e+00  -1.91002701e+00  
-1.88463284e+00  -1.81493302e+00  -1.70409637e+00  -1.55716193e+00  -1.38080990e+00  -1.18305791e+00  
-9.72896490e-01  -7.59880382e-01  -5.53694092e-01  -3.63711624e-01  -1.98570293e-01  -6.57780452e-02  
2.8627887e-02  8.03554550e-02  8.70529296e-02  4.84158183e-02  -3.37992906e-02  -1.5585459e-01  
-3.12200988e-01  -4.9573039e-01  -6.98098861e-01  -9.10105971e-01  -1.12211308e+00  -1.32448155e+00  
-1.50801095e+00  -1.66435735e+00  -1.78641265e+00  -1.86862776e+00  -1.90726487e+00  -1.9005674e+00  
-1.84883983e+00  -1.7544339e+00  -1.62164165e+00  -1.45650032e+00  -1.26651785e+00  -1.06033156e+00  
-8.47315451e-01  -6.37154035e-01  -4.39402039e-01  -2.63050009e-01  -1.16115572e-01  -5.27891822e-03  
6.44209021e-02  8.98150735e-02  6.97490817e-02  5.13520194e-03  -1.01088976e-01  -2.44094103e-01  
-4.17378629e-01  -6.13064389e-01  -8.22254774e-01  -1.03543920e+00  -1.24292552e+00  -1.43528060e+00  
-1.60375928e+00  -1.74070187e+00  -1.83988246e+00  -1.89679191e+00  -1.90884293e+00  -1.87548761e+00  
-1.79824242e+00  -1.68061921e+00  -1.52796558e+00  -1.34722174e+00  -1.14660497e+00  -9.35236066e-01  
-7.22724656e-01  -5.18732304e-01  -3.32533267e-01  -1.72592853e-01  -4.61825535e-02  4.09505456e-02  
-1.90957831e+00  -1.82244521e+00  -1.69603491e+00  -1.53609449e+00  -1.34989546e+00  -1.14590310e+00  
-9.33391694e-01  -7.22022792e-01  -5.21406022e-01  -3.40662176e-01  -1.88008546e-01  -7.03853402e-02  
6.85984982e-03  4.02151676e-02  2.81641552e-02  -2.87453031e-02  -1.2792589e-01  -2.64868483e-01  
-4.33347159e-01  -6.25702244e-01  -8.33188555e-01  -1.04637299e+00  -1.25556337e+00  -1.45124913e+00  
-1.62453366e+00  -1.76753878e+00  -1.87376296e+00  -1.93837684e+00  -1.95844283e+00  -1.93304866e+00  
-1.86334884e+00  -1.75251219e+00  -1.60557775e+00  -1.42922572e+00  -1.23147372e+00  -1.02131231e+00  
-8.082962e-01  -6.02109910e-01  -4.12127442e-01  -2.46986112e-01  -1.14193864e-01  -1.97879314e-02  
3.19396367e-02  3.86371112e-02  -2.22044605e-16  -8.2215109e-02  -2.04270408e-01  -3.60616806e-01  
-5.44146208e-01  -7.46514679e-01  -9.58521789e-01  -1.1705289e+00  -1.37289737e+00  -1.55642677e+00  
-1.71277317e+00  -1.83482847e+00  -1.91704358e+00  -1.95568069e+00  -1.94898321e+00  -1.89725565e+00  
-1.80284971e+00  -1.67005747e+00  -1.50491614e+00  -1.31493367e+00  -1.10874738e+00  -8.95731269e-01  
-6.85569854e-01  -4.87817857e-01  -3.11465827e-01  -1.64531390e-01  -5.36947366e-02  1.60050838e-02  
4.13992552e-02  2.13332634e-02  -4.32806164e-02  -1.49504795e-01  -2.92509922e-01  -4.65794447e-01  
-6.61480207e-01  -8.70670592e-01  -1.08385502e+00  -1.29134133e+00  -1.48369642e+00  -1.65217509e+00  
-1.78911769e+00  -1.88829827e+00  -1.94520773e+00  -1.95725875e+00  -1.92390343e+00  -1.84665824e+00  
-1.72903503e+00  -1.57638140e+00  -1.39563756e+00  -1.19502079e+00  -9.83651884e-01  -7.71140474e-01  
-5.67148122e-01  -3.80949086e-01  -2.21008672e-01  -9.45983718e-02  -7.46527272e-03  -1.93970826e+00  
-1.85257516e+00  -1.72616486e+00  -1.56622445e+00  -1.38002541e+00  -1.17603306e+00  -9.63521649e-01  
-7.52152748e-01  -5.51535978e-01  -3.70792132e-01  -2.18138502e-01  -1.00515296e-01  -2.32701059e-02  
1.00852119e-02  -1.96580053e-03  -5.88752588e-02  -1.58055846e-01  -2.94998439e-01  -4.63477115e-01  
-6.55832200e-01  -8.63318511e-01  -1.07650294e+00  -1.28569333e+00  -1.48137909e+00  -1.65466361e+00  
-1.79766874e+00  -1.90389292e+00  -1.9685068e+00  -1.98857279e+00  -1.96317862e+00  -1.8934788e+00  
-1.78264214e+00  -1.63570771e+00  -1.45935568e+00  -1.26160368e+00  -1.05144226e+00  -8.38426156e-01  
-6.32239866e-01  -4.42257398e-01  -2.77116068e-01  -1.44323819e-01  -4.99178871e-02  1.80968096e-03  
8.50715552e-03  -3.01299557e-02  -1.12345065e-01  -2.34400364e-01  -3.90746762e-01  -5.74276164e-01  
-7.76644635e-01  -9.88651745e-01  -1.20065885e+00  -1.40302733e+00  -1.58655673e+00  -1.74290313e+00  
-1.86495842e+00  -1.94717353e+00  -1.98581064e+00  -1.97911317e+00  -1.92738560e+00  -1.83297967e+00  
-1.70018742e+00  -1.53504609e+00  -1.34506362e+00  -1.13887733e+00  -9.25861225e-01  -7.15699809e-01  
-5.17947813e-01  -3.41595783e-01  -1.94661346e-01  -8.38246923e-02  -1.4124872e-02  1.12692995e-02  
-8.79669235e-03  -7.34105721e-02  -1.79634750e-01  -3.22639877e-01  -4.95924403e-01  -6.91610163e-01  
-9.00800548e-01  -1.11398498e+00  -1.32147129e+00  -1.51382637e+00  -1.68230505e+00  -1.81924764e+00  
-1.91842823e+00  -1.97533769e+00  -1.98738870e+00  -1.95403338e+00  -1.87678819e+00  -1.75916499e+00  
-1.60651136e+00  -1.42576751e+00  -1.22515074e+00  -1.01378184e+00  -8.01270430e-01  -5.97278078e-01  
-4.11079041e-01  -2.51138627e-01  -1.24728328e-01  -3.75952284e-02  -1.95097756e+00  -1.86384446e+00  
-1.73743416e+00  -1.57749375e+00  -1.39129471e+00  -1.18730236e+00  -9.74790949e-01  -7.63422047e-01  
-5.62805278e-01  -3.82061431e-01  -2.29407801e-01  -1.11784595e-01  -3.45394054e-02  -1.1840876e-03  
-1.32351e-02  -7.01445583e-02  -1.69325145e-01  -3.06267738e-01  -4.74746414e-01  -6.671015e-01  
-8.74587811e-01  -1.08777224e+00  -1.29696263e+00  -1.49264839e+00  -1.66593291e+00  -1.80893804e+00  
-1.91516222e+00  -1.9797761e+00  -1.99984209e+00  -1.97444792e+00  -1.9047481e+00  -1.79391144e+00  
-1.64697701e+00  -1.47062498e+00  -1.27287298e+00  -1.06271156e+00  -8.49695455e-01  -6.43509165e-01  
-4.53526697e-01  -2.88385367e-01  -1.55593119e-01  -6.11871865e-02  -9.45961851e-03  -2.76214394e-03  
-4.13992552e-02  -1.23614364e-01  -2.45669663e-01  -4.02016061e-01  -5.85545463e-01  -7.87913934e-01  
-9.99921044e-01  -1.21192815e+00  -1.41429663e+00  -1.59782603e+00  -1.75417242e+00  -1.87622772e+00  
-1.95844283e+00  -1.99707994e+00  -1.99038247e+00  -1.93865490e+00  -1.84424897e+00  -1.71145672e+00  
-1.54631539e+00  -1.35633292e+00  -1.15014663e+00  -9.37130525e-01  -7.26969109e-01  -5.29217112e-01  
-3.52865083e-01  -2.05930646e-01  -9.50939917e-02  -2.53941714e-02  0.e+00  -2.00659918e-02  
-8.46798716e-02  -1.9090405e-01  -3.33909177e-01  -5.07193703e-01  -7.02879463e-01  -9.12069848e-01  
-1.12525428e+00  -1.33274059e+00  -1.52509567e+00  -1.69357435e+00  -1.83051694e+00  -1.92969753e+00  
-1.98660699e+00  -1.99865800e+00  -1.96530268e+00  -1.88805749e+00  -1.77043429e+00  -1.61778066e+00  
-1.43703681e+00  -1.23642004e+00  -1.02505114e+00  -8.1253973e-01  -6.08547377e-01  -4.22348341e-01  
-2.62407927e-01  -1.35997627e-01  -4.88645279e-02  -1.94317122e+00  -1.85603812e+00  -1.72962782e+00  
-1.56968740e+00  -1.38348837e+00  -1.17949602e+00  -9.66984606e-01  -7.55615704e-01  -5.54998935e-01  
-3.74255088e-01  -2.21601459e-01  -1.03978253e-01  -2.67330625e-02  6.62225529e-03  -5.42875711e-03  
-6.23382154e-02  -1.61518802e-01  -2.98461396e-01  -4.66940071e-01  -6.59295157e-01  -8.66781468e-01  
-1.0799659e+00  -1.28915628e+00  -1.48484204e+00  -1.65812657e+00  -1.8011317e+00  -1.90735587e+00  
-1.97196975e+00  -1.99203575e+00  -1.96664157e+00  -1.89694175e+00  -1.7861051e+00  -1.63917066e+00  
-1.46281863e+00  -1.26506664e+00  -1.05490522e+00  -8.41889112e-01  -6.35702823e-01  -4.45720355e-01  
-2.80579024e-01  -1.47786776e-01  -5.33808437e-02  -1.65327562e-03  5.04419895e-03  -3.35929123e-02  
-1.15808021e-01  -2.37863321e-01  -3.94209718e-01  -5.77739120e-01  -7.80107591e-01  -9.92114701e-01  
-1.20412181e+00  -1.40649028e+00  -1.59001968e+00  -1.74636608e+00  -1.86842138e+00  -1.95063649e+00  
-1.98927360e+00  -1.98257613e+00  -1.93084856e+00  -1.83644263e+00  -1.70365038e+00  -1.53850905e+00  
-1.34852658e+00  -1.14234029e+00  -9.29324182e-01  -7.19162766e-01  -5.21410769e-01  -3.4505874e-01  
-1.98124303e-01  -8.72876488e-02  -1.75878285e-02  7.80634289e-03  -1.22596489e-02  -7.68735287e-02  
-1.83097707e-01  -3.26102834e-01  -4.9938736e-01  -6.9507312e-01  -9.04263505e-01  -1.11744793e+00  
-1.32493425e+00  -1.51728933e+00  -1.68576801e+00  -1.82271060e+00  -1.92189119e+00  -1.97880065e+00  
-1.99085166e+00  -1.95749634e+00  -1.88025115e+00  -1.76262794e+00  -1.60997431e+00  -1.42923047e+00  
-1.2286137e+00  -1.0172448e+00  -8.04733387e-01  -6.00741034e-01  -4.14541998e-01  -2.54601584e-01  
-1.28191284e-01  -4.10581850e-02  -1.91643816e+00  -1.82930506e+00  -1.70289476e+00  -1.54295434e+00  
-1.35675531e+00  -1.15276295e+00  -9.40251543e-01  -7.28882642e-01  -5.28265872e-01  -3.47522026e-01  
-1.94868396e-01  -7.72451900e-02  5.55111512e-16  3.33553178e-02  2.13043054e-02  -3.56051529e-02  
-1.3478574e-01  -2.71728333e-01  -4.40207009e-01  -6.32562094e-01  -8.40048405e-01  -1.05323284e+00  
-1.26242322e+00  -1.45810898e+00  -1.63139351e+00  -1.77439863e+00  -1.88062281e+00  -1.94523669e+00  
-1.96530268e+00  -1.93990851e+00  -1.87020869e+00  -1.75937204e+00  -1.61243760e+00  -1.43608557e+00  
-1.23833357e+00  -1.02817216e+00  -8.1515605e-01  -6.08969760e-01  -4.18987292e-01  -2.53845962e-01  
-1.21053713e-01  -2.66477812e-02  2.50797869e-02  3.17772614e-02  -6.85984982e-03  -8.90749588e-02  
-2.11130258e-01  -3.67476656e-01  -5.51006058e-01  -7.53374529e-01  -9.65381639e-01  -1.17738875e+00  
-1.37975722e+00  -1.56328662e+00  -1.71963302e+00  -1.84168832e+00  -1.92390343e+00  -1.96254054e+00  
-1.95584306e+00  -1.9041155e+00  -1.80970956e+00  -1.67691732e+00  -1.51177599e+00  -1.32179352e+00  
-1.11560723e+00  -9.02591119e-01  -6.92429703e-01  -4.94677707e-01  -3.18325677e-01  -1.71391240e-01  
-6.05545864e-02  9.14523395e-03  3.45394054e-02  1.44734136e-02  -5.01404662e-02  -1.56364644e-01  
-2.99369771e-01  -4.72654297e-01  -6.68340057e-01  -8.77530442e-01  -1.09071487e+00  -1.29820118e+00  
-1.49055627e+00  -1.65903494e+00  -1.79597754e+00  -1.89515812e+00  -1.95206758e+00  -1.9641186e+00  
-1.93076328e+00  -1.85351809e+00  -1.73589488e+00  -1.58324125e+00  -1.40249741e+00  -1.20188064e+00  
-9.90511734e-01  -7.78000324e-01  -5.74007972e-01  -3.87808935e-01  -2.27868521e-01  -1.01458222e-01  
-1.43251225e-02  -1.87128836e+00  -1.78415526e+00  -1.65774496e+00  -1.49780455e+00  -1.31160551e+00  
-1.10761316e+00  -8.95101752e-01  -6.83732850e-01  -4.83116081e-01  -3.02372234e-01  -1.49718605e-01  
-3.20953986e-02  4.51497915e-02  7.85051092e-02  6.64540968e-02  9.54463852e-03  -8.96359482e-02  
-2.26578542e-01  -3.95057217e-01  -5.87412303e-01  -7.94898614e-01  -1.00808304e+00  -1.21727343e+00  
-1.41295919e+00  -1.58624371e+00  -1.72924884e+00  -1.83547302e+00  -1.9000869e+00  -1.92015289e+00  
-1.89475872e+00  -1.8250589e+00  -1.71422225e+00  -1.56728781e+00  -1.39093578e+00  -1.19318378e+00  
-9.83022367e-01  -7.70006258e-01  -5.63819969e-01  -3.73837501e-01  -2.08696170e-01  -7.59039219e-02  
1.85020103e-02  7.02295783e-02  7.69270529e-02  3.82899417e-02  -4.39251673e-02  -1.65980467e-01  
-3.22326864e-01  -5.05856266e-01  -7.08224737e-01  -9.20231847e-01  -1.13223896e+00  -1.33460743e+00  
-1.51813683e+00  -1.67448323e+00  -1.79653853e+00  -1.87875364e+00  -1.91739075e+00  -1.91069327e+00  
-1.85896571e+00  -1.76455977e+00  -1.63176752e+00  -1.46662619e+00  -1.27664373e+00  -1.07045744e+00  
-8.57441328e-01  -6.47279912e-01  -4.49527915e-01  -2.73175886e-01  -1.26241449e-01  -1.54047949e-02  
5.42950254e-02  7.96891968e-02  5.96232050e-02  -4.99067474e-03  -1.11214853e-01  -2.5421998e-01  
-4.27504506e-01  -6.23190266e-01  -8.32380651e-01  -1.04556508e+00  -1.25305139e+00  -1.44540648e+00  
-1.61388515e+00  -1.75082775e+00  -1.85000833e+00  -1.90691779e+00  -1.91896880e+00  -1.88561349e+00  
-1.8083683e+00  -1.69074509e+00  -1.53809146e+00  -1.35734761e+00  -1.15673084e+00  -9.45361943e-01  
-7.32850533e-01  -5.28858181e-01  -3.42659144e-01  -1.82718730e-01  -5.63084302e-02  3.08246689e-02  
-1.80858317e+00  -1.72145007e+00  -1.59503977e+00  -1.43509936e+00  -1.24890032e+00  -1.04490797e+00  
-8.32396561e-01  -6.21027659e-01  -4.2041089e-01  -2.39667043e-01  -8.70134134e-02  3.06097926e-02  
1.07854983e-01  1.41210300e-01  1.29159288e-01  7.22498297e-02  -2.6930757e-02  -1.63873350e-01  
-3.32352026e-01  -5.24707112e-01  -7.32193423e-01  -9.45377853e-01  -1.15456824e+00  -1.350254e+00  
-1.52353852e+00  -1.66654365e+00  -1.77276783e+00  -1.83738171e+00  -1.85744770e+00  -1.83205353e+00  
-1.76235371e+00  -1.65151705e+00  -1.50458262e+00  -1.32823059e+00  -1.13047859e+00  -9.20317176e-01  
-7.07301067e-01  -5.01114777e-01  -3.11132309e-01  -1.45990979e-01  -1.31987307e-02  8.12072015e-02  
1.3293477e-01  1.39632244e-01  1.00995133e-01  1.87800239e-02  -1.03275275e-01  -2.59621673e-01  
-4.43151075e-01  -6.45519546e-01  -8.57526656e-01  -1.06953377e+00  -1.27190224e+00  -1.45543164e+00  
-1.61177804e+00  -1.73383334e+00  -1.81604845e+00  -1.85468556e+00  -1.84798808e+00  -1.79626051e+00  
-1.70185458e+00  -1.56906233e+00  -1.40392100e+00  -1.21393853e+00  -1.00775225e+00  -7.94736137e-01  
-5.84574721e-01  -3.86822724e-01  -2.10470695e-01  -6.35362575e-02  4.73003963e-02  1.17000217e-01  
1.42394388e-01  1.22328396e-01  5.77145164e-02  -4.85096618e-02  -1.91514789e-01  -3.64799315e-01  
-5.60485075e-01  -7.6967546e-01  -9.8285989e-01  -1.19034620e+00  -1.38270129e+00  -1.55117996e+00  
-1.68812256e+00  -1.78730314e+00  -1.84421260e+00  -1.85626361e+00  -1.8229083e+00  -1.74566311e+00  
-1.6280399e+00  -1.47538627e+00  -1.29464242e+00  -1.09402565e+00  -8.82656752e-01  -6.70145342e-01  
-4.66152989e-01  -2.79953953e-01  -1.20013539e-01  6.396761e-03  9.35298601e-02  -1.72951882e+00  
-1.64238572e+00  -1.51597542e+00  -1.35603500e+00  -1.16983597e+00  -9.65843616e-01  -7.53332206e-01  
-5.41963305e-01  -3.41346535e-01  -1.60602688e-01  -7.94905879e-03  1.09674147e-01  1.86919337e-01  
2.20274655e-01  2.08223643e-01  1.51314184e-01  5.21335976e-02  -8.48089958e-02  -2.53287672e-01  
-4.45642757e-01  -6.53129068e-01  -8.66313498e-01  -1.07550388e+00  -1.27118964e+00  -1.44447417e+00  
-1.5874793e+00  -1.69370347e+00  -1.75831735e+00  -1.77838335e+00  -1.75298917e+00  -1.68328935e+00  
-1.57245270e+00  -1.42551826e+00  -1.24916623e+00  -1.05141424e+00  -8.41252821e-01  -6.28236712e-01  
-4.22050423e-01  -2.32067955e-01  -6.69266244e-02  6.58656239e-02  1.60271556e-01  2.11999124e-01  
2.18696599e-01  1.80059487e-01  9.78443785e-02  -2.42109208e-02  -1.80557319e-01  -3.64086721e-01  
-5.66455192e-01  -7.78462302e-01  -9.90469411e-01  -1.19283788e+00  -1.37636728e+00  -1.53271368e+00  
-1.65476898e+00  -1.73698409e+00  -1.77562120e+00  -1.76892373e+00  -1.71719616e+00  -1.62279023e+00  
-1.48999798e+00  -1.32485665e+00  -1.13487418e+00  -9.28687891e-01  -7.15671782e-01  -5.05510366e-01  
-3.07758369e-01  -1.3140634e-01  1.55280971e-02  1.26364751e-01  1.96064571e-01  2.21458743e-01  
2.01392751e-01  1.36778871e-01  3.05546928e-02  -1.12450434e-01  -2.85734960e-01  -4.8142072e-01  
-6.90611105e-01  -9.03795535e-01  -1.11128185e+00  -1.30363693e+00  -1.47211561e+00  -1.60905820e+00  
-1.70823879e+00  -1.76514825e+00  -1.77719926e+00  -1.74384394e+00  -1.66659875e+00  -1.54897554e+00  
-1.39632191e+00  -1.21557807e+00  -1.0149613e+00  -8.03592397e-01  -5.91080987e-01  -3.87088635e-01  
-2.00889598e-01  -4.09491842e-02  8.54611156e-02  1.72594215e-01  -1.63560362e+00  -1.54847052e+00  
-1.42206022e+00  -1.26211981e+00  -1.07592077e+00  -8.71928421e-01  -6.59417010e-01  -4.48048109e-01  
-2.47431339e-01  -6.66874928e-02  8.59661368e-02  2.03589343e-01  2.80834533e-01  3.14189851e-01  
3.02138838e-01  2.4522938e-01  1.46048793e-01  9.10619988e-03  -1.59372476e-01  -3.51727561e-01  
-5.59213872e-01  -7.72398302e-01  -9.81588688e-01  -1.17727445e+00  -1.35055897e+00  -1.49356410e+00  
-1.59978828e+00  -1.66440216e+00  -1.68446815e+00  -1.65907398e+00  -1.58937416e+00  -1.47853750e+00  
-1.33160307e+00  -1.15525104e+00  -9.57499041e-01  -7.47337625e-01  -5.34321517e-01  -3.28135227e-01  
-1.38152759e-01  2.69885713e-02  1.5978082e-01  2.54186752e-01  3.0591432e-01  3.12611794e-01  
2.73974683e-01  1.91759574e-01  6.97042748e-02  -8.66421229e-02  -2.70171525e-01  -4.72539996e-01  
-6.84547106e-01  -8.96554216e-01  -1.09892269e+00  -1.28245209e+00  -1.43879849e+00  -1.56085379e+00  
-1.64306889e+00  -1.68170601e+00  -1.67500853e+00  -1.62328096e+00  -1.52887503e+00  -1.39608278e+00  
-1.23094145e+00  -1.04095898e+00  -8.34772695e-01  -6.21756586e-01  -4.11595170e-01  -2.13843174e-01  
-3.74911444e-02  1.09443293e-01  2.20279947e-01  2.89979767e-01  3.15373938e-01  2.95307946e-01  
2.30694067e-01  1.24469888e-01  -1.85352385e-02  -1.91819764e-01  -3.87505524e-01  -5.96695909e-01  
-8.09880339e-01  -1.01736665e+00  -1.20972174e+00  -1.37820041e+00  -1.51514301e+00  -1.61432359e+00  
-1.67123305e+00  -1.68328406e+00  -1.64992874e+00  -1.57268355e+00  -1.45506035e+00  -1.30240672e+00  
-1.12166287e+00  -9.21046103e-01  -7.09677201e-01  -4.97165791e-01  -2.93173439e-01  -1.06974403e-01  
5.29660114e-02  1.79376311e-01  2.66509410e-01  -1.52862922e+00  -1.44149612e+00  -1.31508582e+00  
-1.15514541e+00  -9.68946370e-01  -7.64954018e-01  -5.52442608e-01  -3.41073706e-01  -1.40456937e-01  
4.02869097e-02  1.92940539e-01  3.10563745e-01  3.87808935e-01  4.21164253e-01  4.09113241e-01  
3.52203782e-01  2.53023196e-01  1.16080602e-01  -5.23980735e-02  -2.44753159e-01  -4.5223947e-01  
-6.654239e-01  -8.74614285e-01  -1.07030004e+00  -1.24358457e+00  -1.3865897e+00  -1.49281388e+00  
-1.55742776e+00  -1.57749375e+00  -1.55209958e+00  -1.48239976e+00  -1.37156310e+00  -1.22462866e+00  
-1.04827664e+00  -8.50524639e-01  -6.40363223e-01  -4.27347114e-01  -2.21160825e-01  -3.11783567e-02  
1.33962974e-01  2.66755222e-01  3.61161154e-01  4.12888722e-01  4.19586197e-01  3.80949086e-01  
2.98733977e-01  1.76678677e-01  2.03322796e-02  -1.63197122e-01  -3.65565594e-01  -5.77572703e-01  
-7.89579813e-01  -9.91948284e-01  -1.17547769e+00  -1.33182408e+00  -1.45387938e+00  -1.53609449e+00  
-1.57473160e+00  -1.56803413e+00  -1.51630656e+00  -1.42190063e+00  -1.28910838e+00  -1.12396705e+00  
-9.33984582e-01  -7.27798293e-01  -5.14782184e-01  -3.04620768e-01  -1.06868771e-01  6.94832581e-02  
2.16417695e-01  3.27254349e-01  3.96954169e-01  4.22348341e-01  4.02282349e-01  3.37668469e-01  
2.31444291e-01  8.84391640e-02  -8.48453619e-02  -2.80531122e-01  -4.89721507e-01  -7.02905937e-01  
-9.10392248e-01  -1.10274733e+00  -1.27122601e+00  -1.40816860e+00  -1.50734919e+00  -1.56425865e+00  
-1.57630966e+00  -1.54295434e+00  -1.46570915e+00  -1.34808595e+00  -1.19543232e+00  -1.01468847e+00  
-8.14071700e-01  -6.02702799e-01  -3.90191389e-01  -1.86199037e-01  -1.22124533e-15  1.59940414e-01  
2.86350714e-01  3.73483813e-01  -1.41063638e+00  -1.32350328e+00  -1.19709298e+00  -1.03715256e+00  
-8.50953527e-01  -6.46961175e-01  -4.34449765e-01  -2.23080864e-01  -2.2464094e-02  1.58279752e-01  
3.10933382e-01  4.28556588e-01  5.05801778e-01  5.39157096e-01  5.27106084e-01  4.70196625e-01  
3.71016039e-01  2.34073445e-01  6.55947693e-02  -1.26760316e-01  -3.34246627e-01  -5.47431057e-01  
-7.56621442e-01  -9.52307202e-01  -1.12559173e+00  -1.26859685e+00  -1.37482103e+00  -1.43943491e+00  
-1.45950090e+00  -1.43410673e+00  -1.36440691e+00  -1.25357026e+00  -1.10663582e+00  -9.30283793e-01  
-7.32531796e-01  -5.22370380e-01  -3.09354272e-01  -1.03167982e-01  8.68144861e-02  2.51955817e-01  
3.84748065e-01  4.79153997e-01  5.30881565e-01  5.3757904e-01  4.98941928e-01  4.16726819e-01  
2.94671520e-01  1.38325122e-01  -4.52042796e-02  -2.47572751e-01  -4.59579861e-01  -6.71586971e-01  
-8.73955442e-01  -1.05748484e+00  -1.21383124e+00  -1.33588654e+00  -1.41810165e+00  -1.45673876e+00  
-1.45004129e+00  -1.39831372e+00  -1.30390779e+00  -1.17111554e+00  -1.00597421e+00  -8.15991739e-01  
-6.0980545e-01  -3.96789341e-01  -1.86627925e-01  1.11240715e-02  1.87476101e-01  3.34410538e-01  
4.45247192e-01  5.14947012e-01  5.40341184e-01  5.20275192e-01  4.55661312e-01  3.49437134e-01  
2.06432007e-01  3.31474809e-02  -1.62538279e-01  -3.71728664e-01  -5.84913094e-01  -7.92399405e-01  
-9.84754491e-01  -1.15323317e+00  -1.29017576e+00  -1.38935635e+00  -1.44626580e+00  -1.45831682e+00  
-1.4249615e+00  -1.34771631e+00  -1.23009310e+00  -1.07743947e+00  -8.96695627e-01  -6.96078858e-01  
-4.84709956e-01  -2.72198546e-01  -6.82061938e-02  1.17992843e-01  2.77933257e-01  4.04343557e-01  
4.91476656e-01  -1.28387606e+00  -1.19674296e+00  -1.07033266e+00  -9.10392248e-01  -7.24193211e-01  
-5.20200859e-01  -3.07689449e-01  -9.63205475e-02  1.04296222e-01  2.85040069e-01  4.37693698e-01  
5.55316904e-01  6.32562094e-01  6.65917412e-01  6.538664e-01  5.96956941e-01  4.97776355e-01  
3.60833761e-01  1.92355085e-01  -9.99200722e-16  -2.07486311e-01  -4.20670741e-01  -6.29861126e-01  
-8.25546886e-01  -9.98831412e-01  -1.14183654e+00  -1.24806072e+00  -1.3126746e+00  -1.33274059e+00  
-1.30734642e+00  -1.2376466e+00  -1.12680994e+00  -9.79875506e-01  -8.03523477e-01  -6.05771480e-01  
-3.95610064e-01  -1.82593955e-01  2.35923342e-02  2.13574802e-01  3.78716133e-01  5.11508381e-01  
6.05914313e-01  6.57641881e-01  6.64339356e-01  6.25702244e-01  5.43487136e-01  4.21431836e-01  
2.65085439e-01  8.15560365e-02  -1.20812435e-01  -3.32819545e-01  -5.44826654e-01  -7.47195126e-01  
-9.30724528e-01  -1.08707093e+00  -1.20912622e+00  -1.29134133e+00  -1.32997844e+00  -1.32328097e+00  
-1.27155340e+00  -1.17714747e+00  -1.04435522e+00  -8.79213891e-01  -6.89231423e-01  -4.83045134e-01  
-2.70029025e-01  -5.98676090e-02  1.37884388e-01  3.14236417e-01  4.61170854e-01  5.72007508e-01  
6.41707328e-01  6.671015e-01  6.47035508e-01  5.82421628e-01  4.7619745e-01  3.33192323e-01  
1.59907797e-01  -3.57779629e-02  -2.44968348e-01  -4.58152778e-01  -6.65639089e-01  -8.57994174e-01  
-1.02647285e+00  -1.16341544e+00  -1.26259603e+00  -1.31950549e+00  -1.33155650e+00  -1.29820118e+00  
-1.22095599e+00  -1.10333279e+00  -9.50679158e-01  -7.69935311e-01  -5.69318542e-01  -3.5794964e-01  
-1.4543823e-01  5.85541223e-02  2.44753159e-01  4.04693573e-01  5.31103873e-01  6.18236972e-01  
-1.1507665e+00  -1.0636334e+00  -9.37223098e-01  -7.77282684e-01  -5.91083647e-01  -3.87091295e-01  
-1.74579885e-01  3.67890165e-02  2.37405786e-01  4.18149633e-01  5.70803262e-01  6.88426468e-01  
7.65671658e-01  7.99026976e-01  7.86975964e-01  7.30066505e-01  6.30885919e-01  4.93943325e-01  
3.25464649e-01  1.33109564e-01  -7.4376747e-02  -2.87561177e-01  -4.96751562e-01  -6.92437322e-01  
-8.65721848e-01  -1.00872697e+00  -1.11495115e+00  -1.17956503e+00  -1.19963102e+00  -1.17423685e+00  
-1.10453703e+00  -9.93700379e-01  -8.46765942e-01  -6.70413913e-01  -4.72661916e-01  -2.62500500e-01  
-4.94843914e-02  1.56701898e-01  3.46684366e-01  5.11825697e-01  6.44617945e-01  7.39023877e-01  
7.90751445e-01  7.9744892e-01  7.58811809e-01  6.765967e-01  5.54541400e-01  3.98195003e-01  
2.14665600e-01  1.22971294e-02  -1.99709981e-01  -4.11717090e-01  -6.14085562e-01  -7.97614964e-01  
-9.53961361e-01  -1.07601666e+00  -1.15823177e+00  -1.19686888e+00  -1.19017141e+00  -1.13844384e+00  
-1.04403791e+00  -9.11245658e-01  -7.46104327e-01  -5.56121859e-01  -3.4993557e-01  -1.36919461e-01  
7.32419550e-02  2.70993952e-01  4.47345981e-01  5.94280418e-01  7.05117072e-01  7.74816892e-01  
8.00211064e-01  7.80145072e-01  7.15531192e-01  6.09307014e-01  4.66301887e-01  2.93017361e-01  
9.73316011e-02  -1.11858784e-01  -3.25043214e-01  -5.32529525e-01  -7.24884610e-01  -8.93363286e-01  
-1.03030588e+00  -1.12948647e+00  -1.18639592e+00  -1.19844694e+00  -1.16509162e+00  -1.08784643e+00  
-9.70223223e-01  -8.17569594e-01  -6.36825747e-01  -4.36208978e-01  -2.24840076e-01  -1.23286659e-02  
1.91663686e-01  3.77862723e-01  5.37803137e-01  6.64213437e-01  7.51346536e-01  -1.01384704e+00  
-9.26713937e-01  -8.00303637e-01  -6.40363223e-01  -4.54164186e-01  -2.50171834e-01  -3.76604241e-02  
1.73708477e-01  3.74325247e-01  5.55069094e-01  7.07722723e-01  8.25345929e-01  9.02591119e-01  
9.35946437e-01  9.23895425e-01  8.66985966e-01  7.6780538e-01  6.30862786e-01  4.62384110e-01  
2.70029025e-01  6.25427140e-02  -1.50641716e-01  -3.59832101e-01  -5.55517861e-01  -7.28802387e-01  
-8.71807514e-01  -9.78031692e-01  -1.04264557e+00  -1.06271156e+00  -1.03731739e+00  -9.67617572e-01  
-8.56780918e-01  -7.09846481e-01  -5.33494452e-01  -3.35742455e-01  -1.25581039e-01  8.74350696e-02  
2.93621359e-01  4.83603827e-01  6.48745158e-01  7.81537406e-01  8.75943338e-01  9.27670906e-01  
9.34368381e-01  8.95731269e-01  8.13516161e-01  6.91460861e-01  5.35114464e-01  3.51585061e-01  
1.49216590e-01  -6.27905195e-02  -2.74797629e-01  -4.77166101e-01  -6.60695503e-01  -8.17041900e-01  
-9.390972e-01  -1.02131231e+00  -1.05994942e+00  -1.05325195e+00  -1.00152438e+00  -9.07118445e-01  
-7.74326197e-01  -6.09184866e-01  -4.19202398e-01  -2.13016109e-01  -6.55031585e-15  2.10161416e-01  
4.07913413e-01  5.84265442e-01  7.31199879e-01  8.42036533e-01  9.11736353e-01  9.37130525e-01  
9.17064533e-01  8.52450653e-01  7.46226475e-01  6.03221348e-01  4.29936822e-01  2.34251062e-01  
2.50606770e-02  -1.88123753e-01  -3.95610064e-01  -5.87965149e-01  -7.56443825e-01  -8.93386419e-01  
-9.92567005e-01  -1.04947646e+00  -1.06152748e+00  -1.02817216e+00  -9.50926968e-01  -8.33303762e-01  
-6.80650133e-01  -4.99906286e-01  -2.99289517e-01  -8.7920615e-02  1.24590795e-01  3.28583147e-01  
5.14782184e-01  6.74722598e-01  8.01132898e-01  8.88265997e-01  -8.75729711e-01  -7.88596612e-01  
-6.62186312e-01  -5.02245898e-01  -3.16046861e-01  -1.12054509e-01  1.00456901e-01  3.11825803e-01  
5.12442572e-01  6.93186419e-01  8.45840048e-01  9.63463254e-01  1.04070844e+00  1.07406376e+00  
1.06201275e+00  1.00510329e+00  9.05922705e-01  7.68980111e-01  6.00501435e-01  4.08146350e-01  
2.00660039e-01  -1.25243910e-02  -2.21714776e-01  -4.17400536e-01  -5.90685062e-01  -7.33690189e-01  
-8.39914367e-01  -9.04528247e-01  -9.24594239e-01  -8.99200067e-01  -8.29500247e-01  -7.18663593e-01  
-5.71729156e-01  -3.95377127e-01  -1.9762513e-01  1.2536286e-02  2.25552395e-01  4.31738684e-01  
6.21721152e-01  7.86862483e-01  9.19654731e-01  1.01406066e+00  1.06578823e+00  1.07248571e+00  
1.03384859e+00  9.51633486e-01  8.29578186e-01  6.73231789e-01  4.89702387e-01  2.87333915e-01  
7.53268055e-02  -1.36680304e-01  -3.39048775e-01  -5.22578178e-01  -6.78924575e-01  -8.00979875e-01  
-8.83194983e-01  -9.21832095e-01  -9.15134620e-01  -8.63407052e-01  -7.6900112e-01  -6.36208872e-01  
-4.71067541e-01  -2.81085073e-01  -7.48987836e-02  1.38117325e-01  3.48278741e-01  5.46030738e-01  
7.22382767e-01  8.69317204e-01  9.80153858e-01  1.04985368e+00  1.07524785e+00  1.05518186e+00  
9.90567978e-01  8.843438e-01  7.41338673e-01  5.68054147e-01  3.72368387e-01  1.63178002e-01  
-5.00064280e-02  -2.57492739e-01  -4.49847824e-01  -6.18326500e-01  -7.55269094e-01  -8.54449680e-01  
-9.11359139e-01  -9.23410151e-01  -8.90054833e-01  -8.12809643e-01  -6.95186437e-01  -5.42532808e-01  
-3.61788961e-01  -1.61172191e-01  5.01967101e-02  2.62708120e-01  4.66700472e-01  6.52899509e-01  
8.12839923e-01  9.39250223e-01  1.02638332e+00  -7.39049406e-01  -6.51916307e-01  -5.25506007e-01  
-3.65565594e-01  -1.79366557e-01  2.46257953e-02  2.37137205e-01  4.48506107e-01  6.49122877e-01  
8.29866723e-01  9.82520353e-01  1.10014356e+00  1.17738875e+00  1.21074407e+00  1.19869305e+00  
1.1417836e+00  1.04260301e+00  9.05660416e-01  7.3718174e-01  5.44826654e-01  3.37340343e-01  
1.24155913e-01  -8.50344717e-02  -2.80720232e-01  -4.54004758e-01  -5.97009884e-01  -7.03234063e-01  
-7.67847942e-01  -7.87913934e-01  -7.62519763e-01  -6.92819943e-01  -5.81983289e-01  -4.35048852e-01  
-2.58696822e-01  -6.09448256e-02  1.49216590e-01  3.62232699e-01  5.68418989e-01  7.58401457e-01  
9.23542787e-01  1.05633504e+00  1.15074097e+00  1.20246854e+00  1.20916601e+00  1.1705289e+00  
1.08831379e+00  9.66258491e-01  8.09912093e-01  6.26382691e-01  4.2401422e-01  2.1200711e-01  
-3.83026943e-15  -2.02368471e-01  -3.85897873e-01  -5.42244271e-01  -6.64299570e-01  -7.46514679e-01  
-7.85151790e-01  -7.78454316e-01  -7.26726748e-01  -6.32320816e-01  -4.99528567e-01  -3.34387237e-01  
-1.44404769e-01  6.17815208e-02  2.74797629e-01  4.84959045e-01  6.82711042e-01  8.59063071e-01  
1.00599751e+00  1.11683416e+00  1.18653398e+00  1.21192815e+00  1.19186216e+00  1.12724828e+00  
1.02102410e+00  8.78018977e-01  7.04734451e-01  5.09048691e-01  2.99858306e-01  8.66738764e-02  
-1.20812435e-01  -3.13167520e-01  -4.81646196e-01  -6.18588789e-01  -7.17769376e-01  -7.74678834e-01  
-7.86729847e-01  -7.53374529e-01  -6.76129339e-01  -5.58506133e-01  -4.05852503e-01  -2.25108657e-01  
-2.44918871e-02  1.86877014e-01  3.99388425e-01  6.03380777e-01  7.89579813e-01  9.49520227e-01  
1.07593053e+00  1.16306363e+00  -6.06413593e-01  -5.19280494e-01  -3.92870194e-01  -2.32929780e-01  
-4.67307437e-02  1.57261609e-01  3.69773019e-01  5.81141920e-01  7.8175869e-01  9.62502536e-01  
1.11515617e+00  1.23277937e+00  1.31002456e+00  1.34337988e+00  1.33132887e+00  1.27441941e+00  
1.17523882e+00  1.03829623e+00  8.69817553e-01  6.77462468e-01  4.69976157e-01  2.56791727e-01  
4.76013416e-02  -1.48084418e-01  -3.21368944e-01  -4.64374071e-01  -5.70598249e-01  -6.35212129e-01  
-6.55278121e-01  -6.2988395e-01  -5.60184129e-01  -4.49347475e-01  -3.02413038e-01  -1.26061009e-01  
7.16909877e-02  2.81852404e-01  4.94868512e-01  7.01054802e-01  8.9103727e-01  1.05617860e+00  
1.18897085e+00  1.28337678e+00  1.33510435e+00  1.34180182e+00  1.30316471e+00  1.22094960e+00  
1.09889430e+00  9.42547906e-01  7.59018504e-01  5.56650033e-01  3.44642923e-01  1.32635813e-01  
-6.97326578e-02  -2.5326206e-01  -4.09608458e-01  -5.31663757e-01  -6.13878866e-01  -6.52515977e-01  
-6.45818503e-01  -5.94090934e-01  -4.99685002e-01  -3.66892754e-01  -2.01751424e-01  -1.17689555e-02  
1.94417334e-01  4.07433443e-01  6.17594859e-01  8.15346855e-01  9.91698885e-01  1.13863332e+00  
1.24946998e+00  1.3191698e+00  1.34456397e+00  1.32449798e+00  1.2598841e+00  1.15365992e+00  
1.01065479e+00  8.37370265e-01  6.41684505e-01  4.3249412e-01  2.1930969e-01  1.18233787e-02  
-1.80531707e-01  -3.49010383e-01  -4.85952976e-01  -5.85133563e-01  -6.42043021e-01  -6.54094033e-01  
-6.20738716e-01  -5.43493526e-01  -4.2587032e-01  -2.7321669e-01  -9.24728435e-02  1.08143926e-01  
3.19512828e-01  5.32024238e-01  7.36016590e-01  9.22215627e-01  1.08215604e+00  1.20856634e+00  
1.29569944e+00  -4.80352584e-01  -3.93219485e-01  -2.66809185e-01  -1.06868771e-01  7.93302653e-02  
2.83322618e-01  4.95834028e-01  7.07202929e-01  9.07819699e-01  1.08856355e+00  1.24121717e+00  
1.35884038e+00  1.43608557e+00  1.46944089e+00  1.45738988e+00  1.40048042e+00  1.30129983e+00  
1.16435724e+00  9.95878562e-01  8.03523477e-01  5.96037166e-01  3.82852736e-01  1.73662351e-01  
-2.20234094e-02  -1.95307935e-01  -3.38313062e-01  -4.44537240e-01  -5.09151120e-01  -5.29217112e-01  
-5.03822941e-01  -4.34123120e-01  -3.23286466e-01  -1.76352029e-01  -1.66533454e-15  1.97751997e-01  
4.07913413e-01  6.20929521e-01  8.27115811e-01  1.01709828e+00  1.18223961e+00  1.31503186e+00  
1.40943779e+00  1.46116536e+00  1.46786283e+00  1.42922572e+00  1.34701061e+00  1.22495531e+00  
1.06860892e+00  8.85079513e-01  6.82711042e-01  4.70703932e-01  2.58696822e-01  5.63283512e-02  
-1.27201051e-01  -2.83547449e-01  -4.05602748e-01  -4.87817857e-01  -5.26454968e-01  -5.19757494e-01  
-4.68029925e-01  -3.73623993e-01  -2.40831745e-01  -7.56904146e-02  1.14292053e-01  3.20478343e-01  
5.33494452e-01  7.43655868e-01  9.41407864e-01  1.11775989e+00  1.26469433e+00  1.37553098e+00  
1.44523080e+00  1.47062498e+00  1.45055898e+00  1.38594510e+00  1.27972093e+00  1.1367158e+00  
9.63431274e-01  7.67745514e-01  5.58555129e-01  3.45370699e-01  1.37884388e-01  -5.44706978e-02  
-2.22949374e-01  -3.59891967e-01  -4.59072554e-01  -5.15982012e-01  -5.28033024e-01  -4.94677707e-01  
-4.17432517e-01  -2.99809311e-01  -1.47155681e-01  3.35881655e-02  2.34204935e-01  4.45573837e-01  
6.58085247e-01  8.62077599e-01  1.04827664e+00  1.20821705e+00  1.33462735e+00  1.42176045e+00  
-3.63271264e-01  -2.76138165e-01  -1.49727865e-01  1.02125489e-02  1.96411585e-01  4.00403938e-01  
6.12915348e-01  8.24284249e-01  1.02490102e+00  1.20564487e+00  1.3582985e+00  1.47592170e+00  
1.55316689e+00  1.58652221e+00  1.5744712e+00  1.51756174e+00  1.41838115e+00  1.28143856e+00  
1.11295988e+00  9.20604797e-01  7.13118486e-01  4.99934056e-01  2.90743671e-01  9.50579107e-02  
-7.82266151e-02  -2.21231742e-01  -3.27455920e-01  -3.92069800e-01  -4.12135792e-01  -3.86741620e-01  
-3.17041800e-01  -2.06205146e-01  -5.92707093e-02  1.17081320e-01  3.14833317e-01  5.24994733e-01  
7.38010841e-01  9.44197131e-01  1.1341796e+00  1.29932093e+00  1.43211318e+00  1.52651911e+00  
1.57824668e+00  1.58494415e+00  1.54630704e+00  1.46409193e+00  1.34203663e+00  1.18569024e+00  
1.00216083e+00  7.99792362e-01  5.87785252e-01  3.75778142e-01  1.73409671e-01  -1.01197308e-02  
-1.66466128e-01  -2.88521428e-01  -3.70736537e-01  -4.09373648e-01  -4.02676173e-01  -3.50948605e-01  
-2.56542673e-01  -1.23750425e-01  4.13909056e-02  2.31373374e-01  4.37559663e-01  6.50575772e-01  
8.60737188e-01  1.05848918e+00  1.23484121e+00  1.38177565e+00  1.49261230e+00  1.56231213e+00  
1.5877063e+00  1.56764030e+00  1.50302642e+00  1.39680225e+00  1.25379712e+00  1.08051259e+00  
8.84826834e-01  6.75636449e-01  4.62452019e-01  2.54965708e-01  6.26106223e-02  -1.05868054e-01  
-2.42810647e-01  -3.41991234e-01  -3.98900692e-01  -4.10951704e-01  -3.77596387e-01  -3.00351197e-01  
-1.82727990e-01  -3.00743608e-02  1.50669486e-01  3.51286255e-01  5.62655157e-01  7.75166567e-01  
9.79158919e-01  1.16535796e+00  1.32529837e+00  1.45170867e+00  1.53884177e+00  -2.57403210e-01  
-1.70270111e-01  -4.38598115e-02  1.16080602e-01  3.02279639e-01  5.06271991e-01  7.18783401e-01  
9.30152303e-01  1.13076907e+00  1.31151292e+00  1.46416655e+00  1.58178975e+00  1.65903494e+00  
1.69239026e+00  1.68033925e+00  1.62342979e+00  1.52424921e+00  1.38730661e+00  1.21882794e+00  
1.02647285e+00  8.18986539e-01  6.05802109e-01  3.96611724e-01  2.00925964e-01  2.76414384e-02  
-1.15363689e-01  -2.21587867e-01  -2.86201747e-01  -3.06267738e-01  -2.80873567e-01  -2.11173747e-01  
-1.00337093e-01  4.65973442e-02  2.22949374e-01  4.20701370e-01  6.30862786e-01  8.43878895e-01  
1.05006518e+00  1.24004765e+00  1.40518898e+00  1.53798123e+00  1.63238716e+00  1.68411473e+00  
1.69081221e+00  1.65217509e+00  1.56995999e+00  1.44790469e+00  1.29155829e+00  1.10802889e+00  
9.05660416e-01  6.93653306e-01  4.81646196e-01  2.79277725e-01  9.57483228e-02  -6.05980749e-02  
-1.82653374e-01  -2.64868483e-01  -3.03505594e-01  -2.9680812e-01  -2.45080552e-01  -1.5067462e-01  
-1.78823714e-02  1.47258959e-01  3.37241427e-01  5.43427717e-01  7.56443825e-01  9.66605241e-01  
1.16435724e+00  1.34070927e+00  1.48764370e+00  1.59848036e+00  1.66818018e+00  1.69357435e+00  
1.67350836e+00  1.60889448e+00  1.50267030e+00  1.35966517e+00  1.18638065e+00  9.90694887e-01  
7.81504502e-01  5.68320072e-01  3.60833761e-01  1.68478676e-01  5.10702591e-15  -1.36942593e-01  
-2.36123180e-01  -2.93032638e-01  -3.05083651e-01  -2.71728333e-01  -1.94483143e-01  -7.6859937e-02  
7.57936927e-02  2.56537539e-01  4.57154309e-01  6.68523210e-01  8.81034620e-01  1.08502697e+00  
1.27122601e+00  1.43116642e+00  1.55757672e+00  1.64470982e+00  -1.64768084e-01  -7.76349851e-02  
4.87753148e-02  2.08715729e-01  3.94914765e-01  5.98907118e-01  8.11418528e-01  1.02278743e+00  
1.2234042e+00  1.40414805e+00  1.55680167e+00  1.67442488e+00  1.75167007e+00  1.78502539e+00  
1.77297438e+00  1.71606492e+00  1.61688433e+00  1.47994174e+00  1.31146306e+00  1.11910798e+00  
9.11621666e-01  6.98437236e-01  4.89246851e-01  2.93561091e-01  1.20276565e-01  -2.27285622e-02  
-1.28952740e-01  -1.93566620e-01  -2.13632612e-01  -1.88238441e-01  -1.18538620e-01  -7.70196651e-03  
1.39232471e-01  3.155845e-01  5.13336497e-01  7.23497913e-01  9.36514021e-01  1.14270031e+00  
1.33268278e+00  1.49782411e+00  1.63061636e+00  1.72502229e+00  1.77674986e+00  1.78344733e+00  
1.74481022e+00  1.66259511e+00  1.54053981e+00  1.38419342e+00  1.20066401e+00  9.98295542e-01  
7.86288432e-01  5.74281322e-01  3.71912851e-01  1.88383449e-01  3.20370514e-02  -9.00182479e-02  
-1.72233357e-01  -2.10870468e-01  -2.04172994e-01  -1.52445426e-01  -5.80394934e-02  7.47527549e-02  
2.39894085e-01  4.29876553e-01  6.36062843e-01  8.49078952e-01  1.05924037e+00  1.25699236e+00  
1.43334439e+00  1.58027883e+00  1.69111548e+00  1.76081530e+00  1.78620948e+00  1.76614348e+00  
1.70152960e+00  1.59530543e+00  1.4523003e+00  1.27901577e+00  1.08333001e+00  8.74139629e-01  
6.60955199e-01  4.53468888e-01  2.61113802e-01  9.26351263e-02  -4.43074671e-02  -1.43488054e-01  
-2.00397512e-01  -2.12448524e-01  -1.79093207e-01  -1.01848017e-01  1.57751894e-02  1.68428819e-01  
3.49172665e-01  5.49789435e-01  7.61158337e-01  9.73669747e-01  1.1776621e+00  1.36386114e+00  
1.52380155e+00  1.65021185e+00  1.73734495e+00  -8.71330991e-02  9.99200722e-16  1.264103e-01  
2.86350714e-01  4.72549750e-01  6.76542103e-01  8.89053513e-01  1.10042241e+00  1.30103918e+00  
1.48178303e+00  1.63443666e+00  1.75205987e+00  1.82930506e+00  1.86266037e+00  1.85060936e+00  
1.79369990e+00  1.69451932e+00  1.55757672e+00  1.38909805e+00  1.19674296e+00  9.89256651e-01  
7.76072221e-01  5.66881836e-01  3.71196076e-01  1.9791155e-01  5.49064228e-02  -5.13177554e-02  
-1.15931635e-01  -1.35997627e-01  -1.10603456e-01  -4.09036353e-02  6.99330185e-02  2.16867456e-01  
3.93219485e-01  5.90971482e-01  8.01132898e-01  1.01414901e+00  1.2203353e+00  1.41031776e+00  
1.57545909e+00  1.70825134e+00  1.80265727e+00  1.85438484e+00  1.86108232e+00  1.82244521e+00  
1.7402301e+00  1.6181748e+00  1.46182840e+00  1.278299e+00  1.07593053e+00  8.63923417e-01  
6.51916307e-01  4.49547836e-01  2.66018434e-01  1.09672036e-01  -1.23832629e-02  -9.45983718e-02  
-1.33235483e-01  -1.26538009e-01  -7.48104405e-02  1.95954917e-02  1.5238774e-01  3.17529070e-01  
5.07511538e-01  7.13697828e-01  9.26713937e-01  1.13687535e+00  1.33462735e+00  1.51097938e+00  
1.65791382e+00  1.76875047e+00  1.83845029e+00  1.86384446e+00  1.84377847e+00  1.77916459e+00  
1.67294041e+00  1.52993528e+00  1.35665076e+00  1.160965e+00  9.51774614e-01  7.38590184e-01  
5.31103873e-01  3.38748787e-01  1.70270111e-01  3.3327518e-02  -6.58530687e-02  -1.22762527e-01  
-1.34813539e-01  -1.01458222e-01  -2.42130316e-02  9.34101744e-02  2.46063804e-01  4.26807651e-01  
6.27424420e-01  8.38793322e-01  1.05130473e+00  1.25529708e+00  1.44149612e+00  1.60143653e+00  
1.72784683e+00  1.81497993e+00  -2.59793095e-02  6.11537896e-02  1.87564089e-01  3.47504503e-01  
5.3370354e-01  7.37695892e-01  9.50207302e-01  1.16157620e+00  1.36219297e+00  1.54293682e+00  
1.69559045e+00  1.81321366e+00  1.89045885e+00  1.92381416e+00  1.91176315e+00  1.85485369e+00  
1.75567311e+00  1.61873051e+00  1.45025184e+00  1.25789675e+00  1.05041044e+00  8.37226010e-01  
6.28035625e-01  4.32349865e-01  2.59065339e-01  1.16060212e-01  9.83603421e-03  -5.47778455e-02  
-7.48438374e-02  -4.9449666e-02  2.02501544e-02  1.31086808e-01  2.78021245e-01  4.54373275e-01  
6.52125271e-01  8.62286687e-01  1.0753028e+00  1.28148909e+00  1.47147155e+00  1.63661288e+00  
1.76940513e+00  1.86381106e+00  1.91553863e+00  1.92223611e+00  1.883599e+00  1.80138389e+00  
1.67932859e+00  1.52298219e+00  1.33945279e+00  1.13708432e+00  9.25077207e-01  7.13070097e-01  
5.10701626e-01  3.27172224e-01  1.70825826e-01  4.87705268e-02  -3.34445822e-02  -7.20816934e-02  
-6.53842189e-02  -1.36566508e-02  8.07492813e-02  2.1354153e-01  3.78682860e-01  5.68665328e-01  
7.74851618e-01  9.87867726e-01  1.19802914e+00  1.39578114e+00  1.57213317e+00  1.71906761e+00  
1.82990426e+00  1.89960408e+00  1.92499825e+00  1.90493226e+00  1.84031838e+00  1.73409420e+00  
1.59108907e+00  1.41780455e+00  1.22211879e+00  1.01292840e+00  7.99743973e-01  5.92257662e-01  
3.99902577e-01  2.31423901e-01  9.44813076e-02  -4.69927905e-03  -6.16087374e-02  -7.36597498e-02  
-4.0304432e-02  3.69407580e-02  1.54563964e-01  3.07217594e-01  4.87961440e-01  6.8857821e-01  
8.99947111e-01  1.11245852e+00  1.31645087e+00  1.50264991e+00  1.66259032e+00  1.78900062e+00  
1.87613372e+00  1.75266448e-02  1.04659744e-01  2.31070044e-01  3.91010458e-01  5.77209494e-01  
7.81201847e-01  9.93713257e-01  1.20508216e+00  1.40569893e+00  1.58644277e+00  1.73909640e+00  
1.85671961e+00  1.9339648e+00  1.96732012e+00  1.95526911e+00  1.89835965e+00  1.79917906e+00  
1.66223647e+00  1.49375779e+00  1.30140271e+00  1.09391639e+00  8.80731965e-01  6.7154158e-01  
4.7585582e-01  3.02571294e-01  1.59566167e-01  5.33419885e-02  -1.12718913e-02  -3.13378831e-02  
-5.94371166e-03  6.37561087e-02  1.74592762e-01  3.215272e-01  4.97879229e-01  6.95631226e-01  
9.05792642e-01  1.11880875e+00  1.32499504e+00  1.51497751e+00  1.68011884e+00  1.81291109e+00  
1.90731702e+00  1.95904459e+00  1.96574206e+00  1.92710495e+00  1.84488984e+00  1.72283454e+00  
1.56648814e+00  1.38295874e+00  1.18059027e+00  9.68583161e-01  7.56576051e-01  5.54207580e-01  
3.70678178e-01  2.14331780e-01  9.22764811e-02  1.00613721e-02  -2.85757391e-02  -2.18782646e-02  
2.98493035e-02  1.24255236e-01  2.57047484e-01  4.22188814e-01  6.12171282e-01  8.18357572e-01  
1.03137368e+00  1.2415351e+00  1.43928709e+00  1.61563912e+00  1.76257356e+00  1.87341021e+00  
1.94311003e+00  1.96850421e+00  1.94843821e+00  1.88382433e+00  1.77760016e+00  1.63459503e+00  
1.46131050e+00  1.26562474e+00  1.05643436e+00  8.43249928e-01  6.35763617e-01  4.43408531e-01  
2.74929855e-01  1.37987262e-01  3.88066752e-02  -1.81027831e-02  -3.01537955e-02  3.2015223e-03  
8.04467123e-02  1.98069918e-01  3.50723548e-01  5.31467394e-01  7.32084164e-01  9.43453066e-01  
1.15596448e+00  1.35995683e+00  1.54615586e+00  1.70609628e+00  1.83250658e+00  1.91963968e+00  
4.25547942e-02  1.29687893e-01  2.56098193e-01  4.16038607e-01  6.02237644e-01  8.06229996e-01  
1.01874141e+00  1.23011031e+00  1.43072708e+00  1.61147092e+00  1.76412455e+00  1.88174776e+00  
1.95899295e+00  1.99234827e+00  1.98029725e+00  1.9233878e+00  1.82420721e+00  1.68726462e+00  
1.51878594e+00  1.32643086e+00  1.11894454e+00  9.05760114e-01  6.96569729e-01  5.00883969e-01  
3.27599443e-01  1.84594316e-01  7.83701379e-02  1.37562581e-02  -6.30973368e-03  1.90844377e-02  
8.87842581e-02  1.99620912e-01  3.46555349e-01  5.22907378e-01  7.20659375e-01  9.30820791e-01  
1.1438369e+00  1.35002319e+00  1.54000566e+00  1.70514699e+00  1.83793924e+00  1.93234517e+00  
1.98407274e+00  1.99077021e+00  1.9521331e+00  1.86991799e+00  1.74786269e+00  1.59151629e+00  
1.40798689e+00  1.20561842e+00  9.93611311e-01  7.81604201e-01  5.7923573e-01  3.95706327e-01  
2.3935993e-01  1.17304630e-01  3.50895215e-02  -3.54758974e-03  3.14988482e-03  5.48774529e-02  
1.49283385e-01  2.82075633e-01  4.47216964e-01  6.37199432e-01  8.43385721e-01  1.05640183e+00  
1.26656325e+00  1.46431524e+00  1.64066727e+00  1.78760171e+00  1.89843836e+00  1.96813818e+00  
1.99353235e+00  1.97346636e+00  1.90885248e+00  1.80262830e+00  1.65962318e+00  1.48633865e+00  
1.29065289e+00  1.08146251e+00  8.68278077e-01  6.60791766e-01  4.68436681e-01  2.99958005e-01  
1.63015411e-01  6.38348246e-02  6.92536631e-03  -5.12564609e-03  2.82296717e-02  1.05474862e-01  
2.23098068e-01  3.75751697e-01  5.56495544e-01  7.57112313e-01  9.68481215e-01  1.18099263e+00  
1.38498498e+00  1.57118401e+00  1.73112443e+00  1.85753473e+00  1.94466783e+00  4.8627673e-02  
1.35760772e-01  2.62171072e-01  4.22111486e-01  6.08310522e-01  8.12302875e-01  1.02481428e+00  
1.23618319e+00  1.43679996e+00  1.61754380e+00  1.77019743e+00  1.88782064e+00  1.96506583e+00  
1.99842115e+00  1.98637013e+00  1.92946068e+00  1.83028009e+00  1.6933375e+00  1.52485882e+00  
1.33250373e+00  1.12501742e+00  9.11832993e-01  7.02642608e-01  5.06956848e-01  3.33672322e-01  
1.90667195e-01  8.44430167e-02  1.98291369e-02  -2.36854921e-04  2.51573165e-02  9.48571368e-02  
2.05693791e-01  3.52628228e-01  5.28980257e-01  7.26732254e-01  9.3689367e-01  1.14990978e+00  
1.35609607e+00  1.54607854e+00  1.71121987e+00  1.84401211e+00  1.93841805e+00  1.99014561e+00  
1.99684309e+00  1.95820598e+00  1.87599087e+00  1.75393557e+00  1.59758917e+00  1.41405977e+00  
1.2116913e+00  9.99684189e-01  7.87677079e-01  5.85308608e-01  4.01779206e-01  2.45432809e-01  
1.23377509e-01  4.11624003e-02  2.52528902e-03  9.22276359e-03  6.09503316e-02  1.55356264e-01  
2.88148512e-01  4.53289843e-01  6.43272311e-01  8.49458600e-01  1.06247471e+00  1.27263612e+00  
1.47038812e+00  1.64674015e+00  1.79367459e+00  1.90451124e+00  1.97421106e+00  1.99960523e+00  
1.97953924e+00  1.91492536e+00  1.80870118e+00  1.66569606e+00  1.49241153e+00  1.29672577e+00  
1.08753539e+00  8.74350956e-01  6.66864645e-01  4.74509559e-01  3.06030883e-01  1.69088290e-01  
6.99077034e-02  1.29982451e-02  9.47232677e-04  3.43025505e-02  1.11547740e-01  2.29170947e-01  
3.81824576e-01  5.62568423e-01  7.63185192e-01  9.74554094e-01  1.18706550e+00  1.39105786e+00  
1.57725689e+00  1.73719731e+00  1.86360761e+00  1.95074071e+00  3.56294279e-02  1.22762527e-01  
2.49172827e-01  4.09113241e-01  5.95312277e-01  7.9930463e-01  1.01181604e+00  1.22318494e+00  
1.42380171e+00  1.60454556e+00  1.75719919e+00  1.87482239e+00  1.95206758e+00  1.98542290e+00  
1.97337189e+00  1.91646243e+00  1.81728184e+00  1.68033925e+00  1.51186057e+00  1.31950549e+00  
1.11201918e+00  8.98834748e-01  6.89644363e-01  4.93958603e-01  3.20674077e-01  1.7766895e-01  
7.14447716e-02  6.83089182e-03  -1.32351e-02  1.21590714e-02  8.18588917e-02  1.92695546e-01  
3.39629983e-01  5.15982012e-01  7.13734009e-01  9.23895425e-01  1.13691153e+00  1.34309782e+00  
1.53308029e+00  1.69822162e+00  1.83101387e+00  1.92541980e+00  1.97714737e+00  1.98384484e+00  
1.94520773e+00  1.86299262e+00  1.74093732e+00  1.58459093e+00  1.40106153e+00  1.19869305e+00  
9.86685944e-01  7.74678834e-01  5.72310363e-01  3.88780961e-01  2.32434563e-01  1.10379264e-01  
2.81641552e-02  -1.04729561e-02  -3.77548149e-03  4.79520866e-02  1.42358019e-01  2.75150267e-01  
4.40291597e-01  6.30274065e-01  8.36460355e-01  1.04947646e+00  1.25963788e+00  1.45738988e+00  
1.63374191e+00  1.78067634e+00  1.891513e+00  1.96121282e+00  1.98660699e+00  1.966541e+00  
1.90192712e+00  1.79570294e+00  1.65269781e+00  1.47941329e+00  1.28372753e+00  1.07453714e+00  
8.61352711e-01  6.538664e-01  4.61511314e-01  2.93032638e-01  1.56090045e-01  5.69094583e-02  
2.22044605e-16  -1.20510124e-02  2.13043054e-02  9.85494954e-02  2.16172701e-01  3.68826331e-01  
5.49570178e-01  7.50186947e-01  9.61555849e-01  1.17406726e+00  1.37805961e+00  1.56425865e+00  
1.72419906e+00  1.85060936e+00  1.93774246e+00  3.80802845e-03  9.09411276e-02  2.17351427e-01  
3.77291841e-01  5.63490878e-01  7.67483230e-01  9.79994640e-01  1.19136354e+00  1.39198031e+00  
1.57272416e+00  1.72537779e+00  1.84300099e+00  1.92024618e+00  1.95360150e+00  1.94155049e+00  
1.88464103e+00  1.78546044e+00  1.64851785e+00  1.48003917e+00  1.28768409e+00  1.08019778e+00  
8.67013348e-01  6.57822963e-01  4.62137203e-01  2.88852677e-01  1.45847550e-01  3.96233721e-02  
-2.49905076e-02  -4.50564995e-02  -1.96623280e-02  5.00374923e-02  1.60874146e-01  3.07808583e-01  
4.84160613e-01  6.81912609e-01  8.92074025e-01  1.10509013e+00  1.31127642e+00  1.50125889e+00  
1.66640022e+00  1.79919247e+00  1.89359840e+00  1.94532597e+00  1.95202345e+00  1.91338633e+00  
1.83117122e+00  1.70911593e+00  1.55276953e+00  1.36924013e+00  1.16687165e+00  9.54864545e-01  
7.42857435e-01  5.40488964e-01  3.56959562e-01  2.00613164e-01  7.85578647e-02  -3.65724427e-03  
-4.22943555e-02  -3.5596881e-02  1.61306871e-02  1.10536619e-01  2.43328868e-01  4.08470198e-01  
5.98452666e-01  8.04638956e-01  1.01765506e+00  1.22781648e+00  1.42556848e+00  1.60192051e+00  
1.74885494e+00  1.8596916e+00  1.92939142e+00  1.95478559e+00  1.9347196e+00  1.87010572e+00  
1.76388154e+00  1.62087641e+00  1.44759189e+00  1.25190613e+00  1.04271574e+00  8.29531311e-01  
6.22045000e-01  4.29689915e-01  2.61211239e-01  1.24268646e-01  2.50880589e-02  -3.18213995e-02  
-4.38724119e-02  -1.05170941e-02  6.67280959e-02  1.84351302e-01  3.37004932e-01  5.17748778e-01  
7.18365548e-01  9.29734449e-01  1.14224586e+00  1.34623821e+00  1.53243725e+00  1.69237766e+00  
1.81878796e+00  1.90592106e+00  -4.62294638e-02  4.09036353e-02  1.67313935e-01  3.27254349e-01  
5.13453386e-01  7.17445738e-01  9.29957148e-01  1.14132605e+00  1.34194282e+00  1.52268667e+00  
1.6753403e+00  1.79296350e+00  1.87020869e+00  1.90356401e+00  1.891513e+00  1.83460354e+00  
1.73542295e+00  1.59848036e+00  1.43000168e+00  1.2376466e+00  1.03016029e+00  8.16975856e-01  
6.07785471e-01  4.12099711e-01  2.38815185e-01  9.58100581e-02  -1.04141202e-02  -7.50279999e-02  
-9.50939917e-02  -6.96998203e-02  -8.8817842e-16  1.10836654e-01  2.57771091e-01  4.34123120e-01  
6.31875117e-01  8.42036533e-01  1.05505264e+00  1.26123893e+00  1.4512214e+00  1.61636273e+00  
1.74915498e+00  1.84356091e+00  1.89528848e+00  1.90198595e+00  1.86334884e+00  1.78113373e+00  
1.65907843e+00  1.50273204e+00  1.31920263e+00  1.11683416e+00  9.04827052e-01  6.92819943e-01  
4.90451471e-01  3.06922069e-01  1.50575672e-01  2.85203724e-02  -5.36947366e-02  -9.23318478e-02  
-8.56343732e-02  -3.39068052e-02  6.0499127e-02  1.93291375e-01  3.58432706e-01  5.48415174e-01  
7.54601463e-01  9.67617572e-01  1.17777899e+00  1.37553098e+00  1.55188301e+00  1.69881745e+00  
1.80965410e+00  1.87935393e+00  1.9047481e+00  1.88468210e+00  1.82006823e+00  1.71384405e+00  
1.57083892e+00  1.39755439e+00  1.20186863e+00  9.92678249e-01  7.79493819e-01  5.72007508e-01  
3.79652423e-01  2.11173747e-01  7.42311533e-02  -2.49494334e-02  -8.18588917e-02  -9.39099041e-02  
-6.05545864e-02  1.66906037e-02  1.3431381e-01  2.86967439e-01  4.67711286e-01  6.68328055e-01  
8.79696957e-01  1.09220837e+00  1.29620072e+00  1.48239976e+00  1.64234017e+00  1.76875047e+00  
1.85588357e+00  -1.13528476e-01  -2.63953772e-02  1.00014923e-01  2.59955337e-01  4.46154373e-01  
6.50146725e-01  8.62658135e-01  1.07402704e+00  1.27464381e+00  1.45538765e+00  1.60804128e+00  
1.72566449e+00  1.80290968e+00  1.836265e+00  1.82421398e+00  1.76730453e+00  1.66812394e+00  
1.53118135e+00  1.36270267e+00  1.17034758e+00  9.62861274e-01  7.49676843e-01  5.40486458e-01  
3.44800698e-01  1.71516173e-01  2.85110457e-02  -7.77131326e-02  -1.42327012e-01  -1.62393004e-01  
-1.36998833e-01  -6.72990124e-02  4.35376414e-02  1.90472078e-01  3.66824108e-01  5.64576105e-01  
7.74737521e-01  9.87753629e-01  1.19393992e+00  1.38392239e+00  1.54906372e+00  1.68185597e+00  
1.7762619e+00  1.82798947e+00  1.83468694e+00  1.79604983e+00  1.71383472e+00  1.59177942e+00  
1.43543302e+00  1.25190362e+00  1.04953515e+00  8.37528040e-01  6.25520930e-01  4.23152459e-01  
2.39623057e-01  8.32766593e-02  -3.87786400e-02  -1.20993749e-01  -1.59630860e-01  -1.52933386e-01  
-1.01205818e-01  -6.79988546e-03  1.25992363e-01  2.91133693e-01  4.81116161e-01  6.87302451e-01  
9.0031856e-01  1.11047998e+00  1.30823197e+00  1.48458400e+00  1.63151844e+00  1.74235509e+00  
1.81205491e+00  1.83744908e+00  1.81738309e+00  1.75276921e+00  1.64654503e+00  1.50353991e+00  
1.33025538e+00  1.13456962e+00  9.25379237e-01  7.12194806e-01  5.04708496e-01  3.12353410e-01  
1.43874734e-01  6.93214085e-03  -9.22484458e-02  -1.49157904e-01  -1.61208917e-01  -1.27853599e-01  
-5.06084088e-02  6.70147973e-02  2.19668427e-01  4.00412273e-01  6.01029043e-01  8.12397945e-01  
1.02490935e+00  1.22890171e+00  1.41510074e+00  1.57504116e+00  1.70145146e+00  1.78858456e+00  
-1.96805136e-01  -1.09672036e-01  1.67382634e-02  1.76678677e-01  3.62877714e-01  5.66870066e-01  
7.79381476e-01  9.90750378e-01  1.19136715e+00  1.37211099e+00  1.52476462e+00  1.64238783e+00  
1.71963302e+00  1.75298834e+00  1.74093732e+00  1.68402787e+00  1.58484728e+00  1.44790469e+00  
1.27942601e+00  1.08707093e+00  8.79584614e-01  6.66400184e-01  4.57209799e-01  2.61524039e-01  
8.82395133e-02  -5.47656136e-02  -1.60989792e-01  -2.25603672e-01  -2.45669663e-01  -2.20275492e-01  
-1.50575672e-01  -3.97390179e-02  1.07195419e-01  2.83547449e-01  4.81299445e-01  6.91460861e-01  
9.0447697e-01  1.11066326e+00  1.30064573e+00  1.46578706e+00  1.59857931e+00  1.69298524e+00  
1.74471281e+00  1.75141028e+00  1.71277317e+00  1.63055806e+00  1.50850276e+00  1.35215636e+00  
1.16862696e+00  9.66258491e-01  7.54251381e-01  5.42244271e-01  3.398758e-01  1.56346398e-01  
-1.55431223e-15  -1.22055299e-01  -2.04270408e-01  -2.4290752e-01  -2.36210045e-01  -1.84482477e-01  
-9.00765448e-02  4.27157035e-02  2.07857034e-01  3.97839502e-01  6.04025792e-01  8.17041900e-01  
1.02720332e+00  1.22495531e+00  1.40130734e+00  1.54824178e+00  1.65907843e+00  1.72877825e+00  
1.75417242e+00  1.73410643e+00  1.66949255e+00  1.56326838e+00  1.42026325e+00  1.24697872e+00  
1.05129296e+00  8.42102577e-01  6.28918147e-01  4.21431836e-01  2.29076751e-01  6.05980749e-02  
-7.63445185e-02  -1.75525105e-01  -2.32434563e-01  -2.44485576e-01  -2.11130258e-01  -1.33885068e-01  
-1.62618620e-02  1.36391768e-01  3.17135614e-01  5.17752384e-01  7.29121285e-01  9.41632695e-01  
1.14562505e+00  1.33182408e+00  1.4917645e+00  1.6181748e+00  1.7053079e+00  -2.94470761e-01  
-2.07337661e-01  -8.09273616e-02  7.90130523e-02  2.65212089e-01  4.69204441e-01  6.81715851e-01  
8.93084753e-01  1.09370152e+00  1.27444537e+00  1.427099e+00  1.54472220e+00  1.62196739e+00  
1.65532271e+00  1.6432717e+00  1.58636224e+00  1.48718165e+00  1.35023906e+00  1.18176039e+00  
9.89405300e-01  7.81918989e-01  5.68734559e-01  3.59544174e-01  1.63858414e-01  -9.42611168e-03  
-1.52431239e-01  -2.58655417e-01  -3.23269297e-01  -3.43335288e-01  -3.17941117e-01  -2.48241297e-01  
-1.37404643e-01  9.52979418e-03  1.85881824e-01  3.83633820e-01  5.93795236e-01  8.06811345e-01  
1.01299763e+00  1.20298010e+00  1.36812143e+00  1.50091368e+00  1.59531961e+00  1.64704718e+00  
1.65374466e+00  1.61510754e+00  1.53289244e+00  1.41083714e+00  1.25449074e+00  1.07096134e+00  
8.68592866e-01  6.56585756e-01  4.44578646e-01  2.42210175e-01  5.86807727e-02  -9.7665625e-02  
-2.19720924e-01  -3.01936033e-01  -3.40573145e-01  -3.3387567e-01  -2.82148102e-01  -1.8774217e-01  
-5.49499215e-02  1.10191409e-01  3.00173877e-01  5.06360167e-01  7.19376275e-01  9.29537691e-01  
1.12728969e+00  1.30364172e+00  1.45057615e+00  1.56141281e+00  1.63111263e+00  1.6565068e+00  
1.63644081e+00  1.57182693e+00  1.46560275e+00  1.32259762e+00  1.1493131e+00  9.53627337e-01  
7.44436952e-01  5.31252522e-01  3.23766211e-01  1.31411126e-01  -3.70675501e-02  -1.74010143e-01  
-2.73190730e-01  -3.30100188e-01  -3.42151201e-01  -3.08795883e-01  -2.31550693e-01  -1.13927487e-01  
3.87261427e-02  2.19469989e-01  4.20086759e-01  6.31455660e-01  8.43967070e-01  1.04795942e+00  
1.23415846e+00  1.39409887e+00  1.52050917e+00  1.60764227e+00  -4.0466217e-01  -3.17529070e-01  
-1.91118771e-01  -3.11783567e-02  1.5502068e-01  3.59013032e-01  5.71524442e-01  7.82893344e-01  
9.83510113e-01  1.16425396e+00  1.31690759e+00  1.4345308e+00  1.51177599e+00  1.54513130e+00  
1.53308029e+00  1.47617083e+00  1.37699025e+00  1.24004765e+00  1.07156898e+00  8.79213891e-01  
6.71727580e-01  4.58543150e-01  2.49352765e-01  5.36670052e-02  -1.19617521e-01  -2.62622648e-01  
-3.68846826e-01  -4.33460706e-01  -4.53526697e-01  -4.28132526e-01  -3.58432706e-01  -2.47596052e-01  
-1.00661615e-01  7.56904146e-02  2.73442411e-01  4.83603827e-01  6.96619936e-01  9.02806225e-01  
1.09278869e+00  1.25793002e+00  1.39072227e+00  1.48512820e+00  1.53685577e+00  1.54355325e+00  
1.50491614e+00  1.42270103e+00  1.30064573e+00  1.14429933e+00  9.60769928e-01  7.58401457e-01  
5.46394347e-01  3.34387237e-01  1.32018766e-01  -5.15106363e-02  -2.07857034e-01  -3.29912333e-01  
-4.12127442e-01  -4.50764554e-01  -4.44067079e-01  -3.92339511e-01  -2.97933579e-01  -1.65141330e-01  
3.33066907e-16  1.89982468e-01  3.96168758e-01  6.09184866e-01  8.19346282e-01  1.01709828e+00  
1.19345031e+00  1.34038475e+00  1.4512214e+00  1.52092122e+00  1.54631539e+00  1.5262494e+00  
1.46163552e+00  1.35541134e+00  1.21240621e+00  1.03912169e+00  8.43435928e-01  6.34245543e-01  
4.21061113e-01  2.13574802e-01  2.12197168e-02  -1.47258959e-01  -2.84201552e-01  -3.83382139e-01  
-4.40291597e-01  -4.5234261e-01  -4.18987292e-01  -3.41742102e-01  -2.24118896e-01  -7.14652664e-02  
1.09278580e-01  3.0989535e-01  5.21264251e-01  7.33775661e-01  9.37768014e-01  1.12396705e+00  
1.28390746e+00  1.41031776e+00  1.49745086e+00  -5.25277225e-01  -4.38144126e-01  -3.11733826e-01  
-1.51793412e-01  3.44056247e-02  2.38397977e-01  4.50909387e-01  6.62278289e-01  8.62895058e-01  
1.04363890e+00  1.19629253e+00  1.31391574e+00  1.39116093e+00  1.42451625e+00  1.41246524e+00  
1.35555578e+00  1.25637519e+00  1.1194326e+00  9.50953922e-01  7.58598836e-01  5.51112525e-01  
3.37928095e-01  1.2873771e-01  -6.694805e-02  -2.40232576e-01  -3.83237703e-01  -4.89461881e-01  
-5.54075761e-01  -5.74141753e-01  -5.48747581e-01  -4.79047761e-01  -3.68211107e-01  -2.21276670e-01  
-4.49246406e-02  1.52827356e-01  3.62988772e-01  5.76004881e-01  7.82191170e-01  9.72173638e-01  
1.13731497e+00  1.27010722e+00  1.36451315e+00  1.41624072e+00  1.42293819e+00  1.38430108e+00  
1.30208597e+00  1.18003067e+00  1.02368427e+00  8.40154873e-01  6.37786401e-01  4.25779292e-01  
2.13772182e-01  1.14037106e-02  -1.72125691e-01  -3.28472089e-01  -4.50527388e-01  -5.32742497e-01  
-5.71379609e-01  -5.64682134e-01  -5.12954566e-01  -4.18548634e-01  -2.85756386e-01  -1.20615055e-01  
6.93674129e-02  2.75553702e-01  4.88569811e-01  6.98731227e-01  8.96483224e-01  1.07283525e+00  
1.21976969e+00  1.33060634e+00  1.40030616e+00  1.42570034e+00  1.40563434e+00  1.34102046e+00  
1.23479629e+00  1.09179116e+00  9.18506633e-01  7.22820873e-01  5.13630488e-01  3.00446058e-01  
9.29597470e-02  -9.93953384e-02  -2.67874014e-01  -4.04816608e-01  -5.03997194e-01  -5.60906653e-01  
-5.72957665e-01  -5.39602347e-01  -4.62357157e-01  -3.44733951e-01  -1.92080322e-01  -1.13364751e-02  
1.89280295e-01  4.00649196e-01  6.13160606e-01  8.17152958e-01  1.00335199e+00  1.16329241e+00  
1.28970271e+00  1.37683581e+00  -6.54014935e-01  -5.66881836e-01  -4.40471536e-01  -2.80531122e-01  
-9.43320853e-02  1.09660267e-01  3.22171677e-01  5.33540579e-01  7.34157348e-01  9.14901195e-01  
1.06755482e+00  1.18517803e+00  1.26242322e+00  1.29577854e+00  1.28372753e+00  1.22681807e+00  
1.12763748e+00  9.90694887e-01  8.22216212e-01  6.29861126e-01  4.22374815e-01  2.09190385e-01  
-3.33066907e-16  -1.9568576e-01  -3.68970286e-01  -5.11975413e-01  -6.18199591e-01  -6.82813471e-01  
-7.02879463e-01  -6.77485291e-01  -6.07785471e-01  -4.96948817e-01  -3.5001438e-01  -1.73662351e-01  
2.40896461e-02  2.34251062e-01  4.47267171e-01  6.53453460e-01  8.43435928e-01  1.00857726e+00  
1.14136951e+00  1.23577544e+00  1.28750301e+00  1.29420048e+00  1.25556337e+00  1.17334826e+00  
1.05129296e+00  8.94946565e-01  7.11417163e-01  5.09048691e-01  2.97041582e-01  8.50344717e-02  
-1.17333999e-01  -3.00863401e-01  -4.57209799e-01  -5.79265098e-01  -6.61480207e-01  -7.00117319e-01  
-6.93419844e-01  -6.41692276e-01  -5.47286344e-01  -4.14494096e-01  -2.49352765e-01  -5.93702971e-02  
1.46815992e-01  3.59832101e-01  5.69993517e-01  7.67745514e-01  9.44097543e-01  1.09103198e+00  
1.20186863e+00  1.27156845e+00  1.29696263e+00  1.27689663e+00  1.21228275e+00  1.10605858e+00  
9.63053449e-01  7.89768923e-01  5.94083163e-01  3.84892778e-01  1.71708348e-01  -3.57779629e-02  
-2.28133048e-01  -3.96611724e-01  -5.33554318e-01  -6.32734904e-01  -6.89644363e-01  -7.01695375e-01  
-6.68340057e-01  -5.91094867e-01  -4.73471661e-01  -3.20818032e-01  -1.40074185e-01  6.05425846e-02  
2.71911486e-01  4.84422896e-01  6.88415248e-01  8.74614285e-01  1.0345547e+00  1.160965e+00  
1.2480981e+00  -7.88419351e-01  -7.01286252e-01  -5.74875952e-01  -4.14935538e-01  -2.28736502e-01  
-2.47441494e-02  1.87767261e-01  3.99136162e-01  5.99752932e-01  7.80496778e-01  9.33150408e-01  
1.05077361e+00  1.12801880e+00  1.16137412e+00  1.14932311e+00  1.09241365e+00  9.93233064e-01  
8.56290471e-01  6.87811795e-01  4.9545671e-01  2.87970399e-01  7.47859686e-02  -1.34404416e-01  
-3.30090176e-01  -5.03374702e-01  -6.46379829e-01  -7.52604007e-01  -8.17217887e-01  -8.37283879e-01  
-8.11889708e-01  -7.42189887e-01  -6.31353233e-01  -4.84418796e-01  -3.08066767e-01  -1.10314770e-01  
9.98466457e-02  3.12862754e-01  5.19049044e-01  7.09031512e-01  8.74172842e-01  1.00696509e+00  
1.10137102e+00  1.15309859e+00  1.15979607e+00  1.12115895e+00  1.03894385e+00  9.16888546e-01  
7.60542148e-01  5.77012746e-01  3.74644275e-01  1.62637165e-01  -4.93699447e-02  -2.51738416e-01  
-4.35267818e-01  -5.91614216e-01  -7.13669515e-01  -7.95884624e-01  -8.34521735e-01  -8.27824261e-01  
-7.76096692e-01  -6.81690760e-01  -5.48898512e-01  -3.83757182e-01  -1.93774714e-01  1.24115761e-02  
2.25427685e-01  4.35589101e-01  6.33341097e-01  8.09693127e-01  9.56627564e-01  1.06746422e+00  
1.13716404e+00  1.16255821e+00  1.14249222e+00  1.07787834e+00  9.7165416e-01  8.28649033e-01  
6.55364507e-01  4.59678747e-01  2.50488362e-01  3.73039316e-02  -1.70182379e-01  -3.62537465e-01  
-5.31016141e-01  -6.67958734e-01  -7.67139321e-01  -8.24048779e-01  -8.36099791e-01  -8.02744474e-01  
-7.25499284e-01  -6.07876078e-01  -4.55222448e-01  -2.74478601e-01  -7.38618318e-02  1.3750707e-01  
3.5001848e-01  5.54010832e-01  7.40209869e-01  9.00150283e-01  1.02656058e+00  1.11369368e+00  
-9.25926421e-01  -8.38793322e-01  -7.12383022e-01  -5.52442608e-01  -3.66243571e-01  -1.62251219e-01  
5.02601909e-02  2.61629092e-01  4.62245862e-01  6.42989709e-01  7.95643338e-01  9.13266544e-01  
9.90511734e-01  1.02386705e+00  1.01181604e+00  9.54906581e-01  8.55725995e-01  7.18783401e-01  
5.50304725e-01  3.5794964e-01  1.50463329e-01  -6.27211011e-02  -2.71911486e-01  -4.67597246e-01  
-6.40881772e-01  -7.83886899e-01  -8.90111077e-01  -9.54724957e-01  -9.74790949e-01  -9.49396777e-01  
-8.79696957e-01  -7.68860303e-01  -6.21925866e-01  -4.45573837e-01  -2.47821840e-01  -3.76604241e-02  
1.75355685e-01  3.81541974e-01  5.71524442e-01  7.36665773e-01  8.69458021e-01  9.63863953e-01  
1.01559152e+00  1.022289e+00  9.83651884e-01  9.01436775e-01  7.79381476e-01  6.23035079e-01  
4.39505676e-01  2.37137205e-01  2.51300954e-02  -1.86877014e-01  -3.89245486e-01  -5.72774888e-01  
-7.29121285e-01  -8.51176585e-01  -9.33391694e-01  -9.72028805e-01  -9.65331330e-01  -9.13603762e-01  
-8.19197830e-01  -6.86405582e-01  -5.21264251e-01  -3.31281783e-01  -1.25095494e-01  8.7920615e-02  
2.98082031e-01  4.95834028e-01  6.72186057e-01  8.19120494e-01  9.29957148e-01  9.99656968e-01  
1.02505114e+00  1.00498515e+00  9.40371268e-01  8.3414709e-01  6.91141963e-01  5.17857437e-01  
3.22171677e-01  1.12981292e-01  -1.00203138e-01  -3.07689449e-01  -5.00044535e-01  -6.68523210e-01  
-8.05465804e-01  -9.04646390e-01  -9.61555849e-01  -9.73606861e-01  -9.40251543e-01  -8.63006353e-01  
-7.45383147e-01  -5.92729518e-01  -4.11985671e-01  -2.11368902e-01  -3.43128304e-15  2.12511410e-01  
4.16503762e-01  6.02702799e-01  7.62643213e-01  8.89053513e-01  9.76186612e-01  -1.06391290e+00  
-9.76779802e-01  -8.50369502e-01  -6.90429088e-01  -5.04230052e-01  -3.00237699e-01  -8.77262894e-02  
1.23642612e-01  3.24259382e-01  5.05003228e-01  6.57656858e-01  7.75280064e-01  8.52525254e-01  
8.85880572e-01  8.73829559e-01  8.16920101e-01  7.17739514e-01  5.80796921e-01  4.12318245e-01  
2.1996316e-01  1.24768487e-02  -2.00707581e-01  -4.09897966e-01  -6.05583726e-01  -7.78868252e-01  
-9.21873379e-01  -1.02809756e+00  -1.09271144e+00  -1.11277743e+00  -1.08738326e+00  -1.01768344e+00  
-9.06846784e-01  -7.59912346e-01  -5.83560317e-01  -3.85808320e-01  -1.75646904e-01  3.73692042e-02  
2.43555494e-01  4.33537962e-01  5.98679292e-01  7.31471541e-01  8.25877473e-01  8.77605041e-01  
8.84302515e-01  8.45665404e-01  7.63450295e-01  6.41394996e-01  4.85048598e-01  3.01519196e-01  
9.91507250e-02  -1.12856385e-01  -3.24863495e-01  -5.27231966e-01  -7.10761368e-01  -8.67107766e-01  
-9.89163065e-01  -1.07137817e+00  -1.11001529e+00  -1.10331781e+00  -1.05159024e+00  -9.57184310e-01  
-8.24392062e-01  -6.59250732e-01  -4.69268264e-01  -2.63081974e-01  -5.00658653e-02  1.60095551e-01  
3.57847547e-01  5.34199577e-01  6.81134014e-01  7.91970668e-01  8.61670488e-01  8.87064659e-01  
8.66998668e-01  8.02384788e-01  6.9616061e-01  5.53155483e-01  3.79870957e-01  1.84185197e-01  
-2.50051883e-02  -2.38189618e-01  -4.45675929e-01  -6.38031015e-01  -8.06509691e-01  -9.43452284e-01  
-1.04263287e+00  -1.09954233e+00  -1.11159334e+00  -1.07823802e+00  -1.00099283e+00  -8.83369628e-01  
-7.30715998e-01  -5.49972152e-01  -3.49355382e-01  -1.37986480e-01  7.45249297e-02  2.78517282e-01  
4.64716319e-01  6.24656732e-01  7.51067032e-01  8.38200131e-01  -1.19974640e+00  -1.11261330e+00  
-9.86203005e-01  -8.26262591e-01  -6.40063554e-01  -4.36071202e-01  -2.23559792e-01  -1.21908901e-02  
1.88425879e-01  3.69169726e-01  5.21823356e-01  6.39446562e-01  7.16691752e-01  7.50047069e-01  
7.37996057e-01  6.81086599e-01  5.81906012e-01  4.44963419e-01  2.76484743e-01  8.41296574e-02  
-1.23356654e-01  -3.36541084e-01  -5.45731469e-01  -7.41417229e-01  -9.14701755e-01  -1.05770688e+00  
-1.16393106e+00  -1.22854494e+00  -1.24861093e+00  -1.22321676e+00  -1.15351694e+00  -1.04268029e+00  
-8.95745849e-01  -7.19393819e-01  -5.21641823e-01  -3.11480407e-01  -9.84642980e-02  1.07721992e-01  
2.9770446e-01  4.62845790e-01  5.95638038e-01  6.90043970e-01  7.41771539e-01  7.48469013e-01  
7.09831902e-01  6.27616793e-01  5.05561494e-01  3.49215096e-01  1.65685694e-01  -3.66827772e-02  
-2.48689887e-01  -4.60696997e-01  -6.63065468e-01  -8.46594870e-01  -1.00294127e+00  -1.12499657e+00  
-1.20721168e+00  -1.24584879e+00  -1.23915131e+00  -1.18742374e+00  -1.09301781e+00  -9.60225564e-01  
-7.95084234e-01  -6.05101766e-01  -3.98915476e-01  -1.85899368e-01  2.42620484e-02  2.22014045e-01  
3.98366074e-01  5.45300511e-01  6.56137165e-01  7.25836986e-01  7.51231157e-01  7.31165165e-01  
6.66551285e-01  5.60327107e-01  4.17321980e-01  2.44037454e-01  4.83516944e-02  -1.60838691e-01  
-3.74023121e-01  -5.81509432e-01  -7.73864517e-01  -9.42343193e-01  -1.07928579e+00  -1.17846637e+00  
-1.23537583e+00  -1.24742684e+00  -1.21407153e+00  -1.13682634e+00  -1.01920313e+00  -8.66549500e-01  
-6.85805654e-01  -4.85188884e-01  -2.73819983e-01  -6.13085726e-02  1.4268378e-01  3.28882816e-01  
4.88823230e-01  6.15233530e-01  7.02366629e-01  -1.33083561e+00  -1.24370251e+00  -1.11729221e+00  
-9.57351799e-01  -7.71152762e-01  -5.67160410e-01  -3.54649000e-01  -1.43280098e-01  5.73366711e-02  
2.38080518e-01  3.90734147e-01  5.08357353e-01  5.85602543e-01  6.18957861e-01  6.06906849e-01  
5.49997390e-01  4.50816804e-01  3.13874210e-01  1.45395534e-01  -4.6959551e-02  -2.54445862e-01  
-4.67630292e-01  -6.76820677e-01  -8.72506437e-01  -1.04579096e+00  -1.18879609e+00  -1.29502027e+00  
-1.35963415e+00  -1.37970014e+00  -1.35430597e+00  -1.28460615e+00  -1.17376949e+00  -1.02683506e+00  
-8.50483028e-01  -6.52731031e-01  -4.42569615e-01  -2.29553506e-01  -2.33672168e-02  1.66615251e-01  
3.31756582e-01  4.6454883e-01  5.58954762e-01  6.10682330e-01  6.17379805e-01  5.78742693e-01  
4.96527585e-01  3.74472285e-01  2.18125888e-01  3.45964855e-02  -1.67771986e-01  -3.79779096e-01  
-5.91786205e-01  -7.94154677e-01  -9.77684079e-01  -1.13403048e+00  -1.25608578e+00  -1.33830088e+00  
-1.376938e+00  -1.37024052e+00  -1.31851295e+00  -1.22410702e+00  -1.09131477e+00  -9.26173442e-01  
-7.36190974e-01  -5.30004685e-01  -3.16988576e-01  -1.06827160e-01  9.09248366e-02  2.67276866e-01  
4.14211303e-01  5.25047957e-01  5.94747777e-01  6.20141949e-01  6.00075957e-01  5.35462077e-01  
4.29237899e-01  2.86232772e-01  1.12948246e-01  -8.27375139e-02  -2.91927899e-01  -5.05112329e-01  
-7.12598640e-01  -9.04953725e-01  -1.07343240e+00  -1.21037499e+00  -1.30955558e+00  -1.36646504e+00  
-1.37851605e+00  -1.34516073e+00  -1.26791554e+00  -1.15029234e+00  -9.97638709e-01  -8.16894862e-01  
-6.16278093e-01  -4.04909191e-01  -1.92397781e-01  1.15945713e-02  1.97793608e-01  3.57734022e-01  
4.84144322e-01  5.71277421e-01  -1.45467972e+00  -1.36754662e+00  -1.24113632e+00  -1.08119591e+00  
-8.94996868e-01  -6.91004516e-01  -4.78493106e-01  -2.67124205e-01  -6.6507435e-02  1.14236411e-01  
2.66890041e-01  3.84513247e-01  4.61758437e-01  4.95113755e-01  4.83062743e-01  4.26153284e-01  
3.26972698e-01  1.90030104e-01  2.15514283e-02  -1.70803657e-01  -3.78289968e-01  -5.91474398e-01  
-8.00664783e-01  -9.96350543e-01  -1.16963507e+00  -1.3126402e+00  -1.41886437e+00  -1.48347825e+00  
-1.50354425e+00  -1.47815007e+00  -1.40845025e+00  -1.29761360e+00  -1.15067916e+00  -9.74327134e-01  
-7.76575137e-01  -5.66413721e-01  -3.53397613e-01  -1.47211323e-01  4.27711451e-02  2.07912476e-01  
3.40704724e-01  4.35110656e-01  4.86838224e-01  4.93535699e-01  4.54898587e-01  3.72683478e-01  
2.50628179e-01  9.42817814e-02  -8.92476206e-02  -2.91616092e-01  -5.03623202e-01  -7.15630312e-01  
-9.17998783e-01  -1.10152818e+00  -1.25787458e+00  -1.37992988e+00  -1.46214499e+00  -1.50078210e+00  
-1.49408463e+00  -1.44235706e+00  -1.34795113e+00  -1.21515888e+00  -1.05001755e+00  -8.60035080e-01  
-6.53848791e-01  -4.40832682e-01  -2.30671266e-01  -3.29192695e-02  1.4343276e-01  2.90367197e-01  
4.01203851e-01  4.70903671e-01  4.96297843e-01  4.76231851e-01  4.11617971e-01  3.05393793e-01  
1.62388666e-01  -1.08958601e-02  -2.06581620e-01  -4.15772005e-01  -6.28956435e-01  -8.36442746e-01  
-1.02879783e+00  -1.19727651e+00  -1.33421910e+00  -1.43339969e+00  -1.49030915e+00  -1.50236016e+00  
-1.46900484e+00  -1.39175965e+00  -1.27413644e+00  -1.12148281e+00  -9.40738968e-01  -7.40122199e-01  
-5.28753297e-01  -3.16241887e-01  -1.12249535e-01  7.39495018e-02  2.33889916e-01  3.60300216e-01  
4.47433315e-01  -1.56891613e+00  -1.48178303e+00  -1.35537273e+00  -1.19543232e+00  -1.00923328e+00  
-8.05240928e-01  -5.92729518e-01  -3.81360616e-01  -1.80743846e-01  2.44249065e-15  1.5265363e-01  
2.70276836e-01  3.47522026e-01  3.80877344e-01  3.68826331e-01  3.11916873e-01  2.12736286e-01  
7.57936927e-02  -9.26849831e-02  -2.85040069e-01  -4.9252638e-01  -7.0571081e-01  -9.14901195e-01  
-1.11058695e+00  -1.28387148e+00  -1.42687661e+00  -1.53310079e+00  -1.59771467e+00  -1.61778066e+00  
-1.59238649e+00  -1.52268667e+00  -1.41185001e+00  -1.26491557e+00  -1.08856355e+00  -8.90811549e-01  
-6.80650133e-01  -4.67634024e-01  -2.61447734e-01  -7.14652664e-02  9.36760641e-02  2.26468312e-01  
3.20874245e-01  3.72601813e-01  3.79299287e-01  3.40662176e-01  2.58447067e-01  1.36391768e-01  
-1.99546300e-02  -2.03484032e-01  -4.05852503e-01  -6.17859613e-01  -8.29866723e-01  -1.03223519e+00  
-1.2157646e+00  -1.37211099e+00  -1.49416629e+00  -1.57638140e+00  -1.61501851e+00  -1.60832104e+00  
-1.55659347e+00  -1.46218754e+00  -1.32939529e+00  -1.16425396e+00  -9.74271492e-01  -7.68085202e-01  
-5.55069094e-01  -3.44907678e-01  -1.47155681e-01  2.91963485e-02  1.76130786e-01  2.86967439e-01  
3.5666726e-01  3.82061431e-01  3.61995439e-01  2.9738156e-01  1.91157381e-01  4.81522543e-02  
-1.25132272e-01  -3.20818032e-01  -5.30008417e-01  -7.43192847e-01  -9.50679158e-01  -1.14303424e+00  
-1.31151292e+00  -1.44845551e+00  -1.5476361e+00  -1.60454556e+00  -1.61659657e+00  -1.58324125e+00  
-1.50599606e+00  -1.38837286e+00  -1.23571923e+00  -1.05497538e+00  -8.54358610e-01  -6.42989709e-01  
-4.30478299e-01  -2.26485946e-01  -4.02869097e-02  1.19653504e-01  2.46063804e-01  3.33196903e-01  
-1.67136554e+00  -1.58423244e+00  -1.45782214e+00  -1.29788173e+00  -1.11168269e+00  -9.07690339e-01  
-6.95178929e-01  -4.83810028e-01  -2.83193258e-01  -1.02449412e-01  5.02042179e-02  1.67827424e-01  
2.45072614e-01  2.78427932e-01  2.66376919e-01  2.09467461e-01  1.10286874e-01  -2.66557191e-02  
-1.95134395e-01  -3.87489480e-01  -5.94975791e-01  -8.08160221e-01  -1.01735061e+00  -1.21303637e+00  
-1.38632089e+00  -1.52932602e+00  -1.6355502e+00  -1.70016408e+00  -1.72023007e+00  -1.6948359e+00  
-1.62513608e+00  -1.51429942e+00  -1.36736499e+00  -1.19101296e+00  -9.93260960e-01  -7.83099544e-01  
-5.70083436e-01  -3.63897146e-01  -1.73914678e-01  -8.77334768e-03  1.24018901e-01  2.18424833e-01  
2.70152401e-01  2.76849875e-01  2.38212764e-01  1.55997655e-01  3.39423558e-02  -1.22404042e-01  
-3.05933444e-01  -5.08301915e-01  -7.20309025e-01  -9.32316135e-01  -1.13468461e+00  -1.31821401e+00  
-1.47456041e+00  -1.59661570e+00  -1.67883081e+00  -1.71746793e+00  -1.71077045e+00  -1.65904288e+00  
-1.56463695e+00  -1.43184470e+00  -1.26670337e+00  -1.07672090e+00  -8.70534614e-01  -6.57518505e-01  
-4.47357089e-01  -2.49605093e-01  -7.32530633e-02  7.36813738e-02  1.84518028e-01  2.54217848e-01  
2.79612019e-01  2.59546027e-01  1.94932148e-01  8.87079695e-02  -5.42971575e-02  -2.27581683e-01  
-4.23267443e-01  -6.32457828e-01  -8.45642258e-01  -1.05312857e+00  -1.24548365e+00  -1.41396233e+00  
-1.55090492e+00  -1.65008551e+00  -1.70699497e+00  -1.71904598e+00  -1.68569066e+00  -1.60844547e+00  
-1.49082227e+00  -1.33816864e+00  -1.15742479e+00  -9.56808022e-01  -7.45439120e-01  -5.32927710e-01  
-3.28935358e-01  -1.42736321e-01  1.72040925e-02  1.43614392e-01  2.30747491e-01  -1.76007351e+00  
-1.67294041e+00  -1.54653011e+00  -1.3865897e+00  -1.20039066e+00  -9.96398309e-01  -7.83886899e-01  
-5.72517997e-01  -3.71901228e-01  -1.91157381e-01  -3.85037516e-02  7.91194544e-02  1.56364644e-01  
1.89719962e-01  1.7766895e-01  1.20759492e-01  2.15789048e-02  -1.15363689e-01  -2.83842364e-01  
-4.7619745e-01  -6.83683761e-01  -8.96868191e-01  -1.10605858e+00  -1.30174434e+00  -1.47502886e+00  
-1.61803399e+00  -1.72425817e+00  -1.78887205e+00  -1.80893804e+00  -1.78354387e+00  -1.71384405e+00  
-1.60300739e+00  -1.45607296e+00  -1.27972093e+00  -1.08196893e+00  -8.71807514e-01  -6.58791405e-01  
-4.52605116e-01  -2.62622648e-01  -9.74813172e-02  3.53109311e-02  1.29716863e-01  1.81444431e-01  
1.88141906e-01  1.49504795e-01  6.72896857e-02  -5.47656136e-02  -2.11112011e-01  -3.94641413e-01  
-5.97009884e-01  -8.09016994e-01  -1.02102410e+00  -1.22339258e+00  -1.40692198e+00  -1.56326838e+00  
-1.68532367e+00  -1.76753878e+00  -1.80617589e+00  -1.79947842e+00  -1.74775085e+00  -1.65334492e+00  
-1.52055267e+00  -1.35541134e+00  -1.16542887e+00  -9.59242583e-01  -7.46226475e-01  -5.36065059e-01  
-3.38313062e-01  -1.61961033e-01  -1.50265957e-02  9.58100581e-02  1.65509878e-01  1.9090405e-01  
1.70838058e-01  1.06224178e-01  8.8817842e-16  -1.43005127e-01  -3.16289653e-01  -5.11975413e-01  
-7.21165798e-01  -9.34350228e-01  -1.14183654e+00  -1.33419162e+00  -1.50267030e+00  -1.63961289e+00  
-1.73879348e+00  -1.79570294e+00  -1.80775395e+00  -1.77439863e+00  -1.69715344e+00  -1.57953024e+00  
-1.42687661e+00  -1.24613276e+00  -1.04551599e+00  -8.3414709e-01  -6.2163568e-01  -4.17643328e-01  
-2.31444291e-01  -7.15038770e-02  5.49064228e-02  1.42039522e-01  -1.83334774e+00  -1.74621464e+00  
-1.61980434e+00  -1.45986393e+00  -1.27366489e+00  -1.06967254e+00  -8.57161131e-01  -6.45792229e-01  
-4.4517546e-01  -2.64431613e-01  -1.11777984e-01  5.84522238e-03  8.30904124e-02  1.16445730e-01  
1.04394718e-01  4.74852595e-02  -5.16953272e-02  -1.88637921e-01  -3.57116596e-01  -5.49471682e-01  
-7.56957993e-01  -9.70142423e-01  -1.17933281e+00  -1.37501857e+00  -1.54830309e+00  -1.69130822e+00  
-1.7975324e+00  -1.86214628e+00  -1.88221227e+00  -1.8568181e+00  -1.78711828e+00  -1.67628163e+00  
-1.52934719e+00  -1.35299516e+00  -1.15524316e+00  -9.45081746e-01  -7.32065637e-01  -5.25879348e-01  
-3.3589688e-01  -1.70755549e-01  -3.79633009e-02  5.64426312e-02  1.08170199e-01  1.14867674e-01  
7.62305626e-02  -5.98454639e-03  -1.28039846e-01  -2.84386243e-01  -4.67915645e-01  -6.70284117e-01  
-8.82291226e-01  -1.09429834e+00  -1.29666681e+00  -1.48019621e+00  -1.63654261e+00  -1.75859791e+00  
-1.84081302e+00  -1.87945013e+00  -1.87275265e+00  -1.82102508e+00  -1.72661915e+00  -1.59382690e+00  
-1.42868557e+00  -1.23870311e+00  -1.03251682e+00  -8.19500707e-01  -6.09339291e-01  -4.11587294e-01  
-2.35235265e-01  -8.83008278e-02  2.25358260e-02  9.22356464e-02  1.17629818e-01  9.75638259e-02  
3.29499462e-02  -7.32742321e-02  -2.16279359e-01  -3.89563885e-01  -5.85249645e-01  -7.9444003e-01  
-1.00762446e+00  -1.21511077e+00  -1.40746586e+00  -1.57594453e+00  -1.71288713e+00  -1.81206771e+00  
-1.86897717e+00  -1.88102818e+00  -1.84767287e+00  -1.77042768e+00  -1.65280447e+00  -1.50015084e+00  
-1.31940699e+00  -1.11879022e+00  -9.07421322e-01  -6.94909912e-01  -4.9091756e-01  -3.04718523e-01  
-1.44778109e-01  -1.83678092e-02  6.87652899e-02  -1.88979037e+00  -1.80265727e+00  -1.67624698e+00  
-1.51630656e+00  -1.33010752e+00  -1.12611517e+00  -9.13603762e-01  -7.02234861e-01  -5.01618091e-01  
-3.20874245e-01  -1.68220615e-01  -5.05974088e-02  2.66477812e-02  6.0003099e-02  4.79520866e-02  
-8.95737177e-03  -1.08137958e-01  -2.45080552e-01  -4.13559228e-01  -6.05914313e-01  -8.13400624e-01  
-1.02658505e+00  -1.23577544e+00  -1.4314612e+00  -1.60474573e+00  -1.74775085e+00  -1.85397503e+00  
-1.91858891e+00  -1.93865490e+00  -1.91326073e+00  -1.84356091e+00  -1.73272426e+00  -1.58578982e+00  
-1.40943779e+00  -1.21168579e+00  -1.00152438e+00  -7.88508269e-01  -5.82321979e-01  -3.92339511e-01  
-2.27198180e-01  -9.44059322e-02  -7.77156117e-16  5.17275680e-02  5.84250426e-02  1.97879314e-02  
-6.24271776e-02  -1.84482477e-01  -3.40828875e-01  -5.24358277e-01  -7.26726748e-01  -9.38733858e-01  
-1.15074097e+00  -1.35310944e+00  -1.53663884e+00  -1.69298524e+00  -1.81504054e+00  -1.89725565e+00  
-1.93589276e+00  -1.92919528e+00  -1.87746772e+00  -1.78306178e+00  -1.65026953e+00  -1.48512820e+00  
-1.29514574e+00  -1.08895945e+00  -8.75943338e-01  -6.65781922e-01  -4.68029925e-01  -2.91677896e-01  
-1.44743459e-01  -3.39068052e-02  3.57930151e-02  6.11871865e-02  4.11211947e-02  -2.34926850e-02  
-1.29716863e-01  -2.72721990e-01  -4.46006516e-01  -6.41692276e-01  -8.50882661e-01  -1.06406709e+00  
-1.27155340e+00  -1.46390849e+00  -1.63238716e+00  -1.76932976e+00  -1.86851034e+00  -1.92541980e+00  
-1.93747081e+00  -1.9041155e+00  -1.82687031e+00  -1.70924710e+00  -1.55659347e+00  -1.37584962e+00  
-1.17523285e+00  -9.63863953e-01  -7.51352543e-01  -5.47360191e-01  -3.61161154e-01  -2.01220740e-01  
-7.48104405e-02  1.23226586e-02  -1.92832464e+00  -1.84119154e+00  -1.71478124e+00  -1.55484083e+00  
-1.36864179e+00  -1.16464944e+00  -9.52138028e-01  -7.40769127e-01  -5.40152357e-01  -3.59408510e-01  
-2.06754881e-01  -8.91316748e-02  -1.18864847e-02  2.14688330e-02  9.41782064e-03  -4.74916377e-02  
-1.46672224e-01  -2.83614818e-01  -4.52093494e-01  -6.44448579e-01  -8.51934890e-01  -1.06511932e+00  
-1.27430971e+00  -1.46999547e+00  -1.64327999e+00  -1.78628512e+00  -1.8925093e+00  -1.95712318e+00  
-1.97718917e+00  -1.951795e+00  -1.88209518e+00  -1.77125852e+00  -1.62432409e+00  -1.44797206e+00  
-1.25022006e+00  -1.04005864e+00  -8.27042534e-01  -6.20856245e-01  -4.30873777e-01  -2.65732446e-01  
-1.32940198e-01  -3.85342659e-02  1.31933021e-02  1.98907767e-02  -1.87463346e-02  -1.00961444e-01  
-2.23016743e-01  -3.79363141e-01  -5.62892543e-01  -7.65261014e-01  -9.77268124e-01  -1.18927523e+00  
-1.39164370e+00  -1.57517311e+00  -1.73151950e+00  -1.85357480e+00  -1.93578991e+00  -1.97442702e+00  
-1.96772955e+00  -1.91600198e+00  -1.82159605e+00  -1.68880380e+00  -1.52366247e+00  -1.33368000e+00  
-1.12749371e+00  -9.14477604e-01  -7.04316188e-01  -5.06564191e-01  -3.30212162e-01  -1.83277725e-01  
-7.24410711e-02  -2.74125078e-03  2.26529206e-02  2.58692882e-03  -6.20269509e-02  -1.68251129e-01  
-3.11256256e-01  -4.84540782e-01  -6.80226542e-01  -8.89416927e-01  -1.10260136e+00  -1.31008767e+00  
-1.50244275e+00  -1.67092143e+00  -1.80786402e+00  -1.90704461e+00  -1.96395407e+00  -1.97600508e+00  
-1.94264976e+00  -1.86540457e+00  -1.74778137e+00  -1.59512774e+00  -1.41438389e+00  -1.21376712e+00  
-1.00239822e+00  -7.89886809e-01  -5.85894457e-01  -3.99695420e-01  -2.39755006e-01  -1.13344706e-01  
-2.62116073e-02  -1.94821542e+00  -1.86108232e+00  -1.73467202e+00  -1.57473160e+00  -1.38853257e+00  
-1.18454021e+00  -9.72028805e-01  -7.60659903e-01  -5.60043134e-01  -3.79299287e-01  -2.26645657e-01  
-1.09022451e-01  -3.17772614e-02  1.57805635e-03  -1.04729561e-02  -6.73824144e-02  -1.66563001e-01  
-3.03505594e-01  -4.71984270e-01  -6.64339356e-01  -8.71825667e-01  -1.0850101e+00  -1.29420048e+00  
-1.48988624e+00  -1.66317077e+00  -1.80617589e+00  -1.91240007e+00  -1.97701395e+00  -1.99707994e+00  
-1.97168577e+00  -1.90198595e+00  -1.7911493e+00  -1.64421486e+00  -1.46786283e+00  -1.27011084e+00  
-1.05994942e+00  -8.46933311e-01  -6.40747022e-01  -4.50764554e-01  -2.85623223e-01  -1.52830975e-01  
-5.84250426e-02  -6.69747456e-03  -1.11022302e-16  -3.86371112e-02  -1.20852220e-01  -2.4290752e-01  
-3.99253917e-01  -5.82783319e-01  -7.85151790e-01  -9.97158900e-01  -1.20916601e+00  -1.41153448e+00  
-1.59506388e+00  -1.75141028e+00  -1.87346558e+00  -1.95568069e+00  -1.99431780e+00  -1.98762033e+00  
-1.93589276e+00  -1.84148683e+00  -1.70869458e+00  -1.54355325e+00  -1.35357078e+00  -1.14738449e+00  
-9.34368381e-01  -7.24206965e-01  -5.26454968e-01  -3.50102939e-01  -2.03168502e-01  -9.23318478e-02  
-2.26320275e-02  2.76214394e-03  -1.73038479e-02  -8.19177276e-02  -1.88141906e-01  -3.31147033e-01  
-5.04431559e-01  -7.00117319e-01  -9.09307704e-01  -1.12249213e+00  -1.32997844e+00  -1.52233353e+00  
-1.69081221e+00  -1.8277548e+00  -1.92693539e+00  -1.98384484e+00  -1.99589586e+00  -1.96254054e+00  
-1.88529535e+00  -1.76767214e+00  -1.61501851e+00  -1.43427467e+00  -1.2336579e+00  -1.022289e+00  
-8.09777586e-01  -6.05785233e-01  -4.19586197e-01  -2.59645783e-01  -1.33235483e-01  -4.6102384e-02  
-1.94908324e+00  -1.86195015e+00  -1.73553985e+00  -1.57559943e+00  -1.3894004e+00  -1.18540804e+00  
-9.72896633e-01  -7.61527731e-01  -5.60910962e-01  -3.80167115e-01  -2.27513486e-01  -1.0989028e-01  
-3.26450896e-02  7.10228178e-04  -1.13407842e-02  -6.82502425e-02  -1.67430829e-01  -3.04373423e-01  
-4.72852098e-01  -6.65207184e-01  -8.72693495e-01  -1.08587792e+00  -1.29506831e+00  -1.49075407e+00  
-1.6640386e+00  -1.80704372e+00  -1.91326790e+00  -1.97788178e+00  -1.99794777e+00  -1.97255360e+00  
-1.90285378e+00  -1.79201713e+00  -1.64508269e+00  -1.46873066e+00  -1.27097866e+00  -1.06081725e+00  
-8.47801139e-01  -6.4161485e-01  -4.51632382e-01  -2.86491051e-01  -1.53698803e-01  -5.92928708e-02  
-7.56530273e-03  -8.67828168e-04  -3.95049394e-02  -1.21720048e-01  -2.43775348e-01  -4.00121745e-01  
-5.83651147e-01  -7.86019619e-01  -9.98026728e-01  -1.21003384e+00  -1.41240231e+00  -1.59593171e+00  
-1.75227811e+00  -1.87433341e+00  -1.95654852e+00  -1.99518563e+00  -1.98848815e+00  -1.93676059e+00  
-1.84235465e+00  -1.70956241e+00  -1.54442108e+00  -1.35443861e+00  -1.14825232e+00  -9.35236209e-01  
-7.25074793e-01  -5.27322796e-01  -3.50970767e-01  -2.0403633e-01  -9.3199676e-02  -2.34998556e-02  
1.89431578e-03  -1.81716760e-02  -8.27855558e-02  -1.89009734e-01  -3.32014861e-01  -5.05299387e-01  
-7.00985147e-01  -9.10175532e-01  -1.12335996e+00  -1.33084627e+00  -1.52320136e+00  -1.69168003e+00  
-1.82862263e+00  -1.92780321e+00  -1.98471267e+00  -1.99676369e+00  -1.96340837e+00  -1.88616318e+00  
-1.76853997e+00  -1.61588634e+00  -1.4351425e+00  -1.23452573e+00  -1.02315682e+00  -8.10645414e-01  
-6.06653062e-01  -4.20454025e-01  -2.60513611e-01  -1.34103311e-01  -4.69702121e-02  -1.93091157e+00  
-1.84377847e+00  -1.71736817e+00  -1.55742776e+00  -1.37122872e+00  -1.16723637e+00  -9.54724957e-01  
-7.43356055e-01  -5.42739286e-01  -3.61995439e-01  -2.0934181e-01  -9.17186036e-02  -1.44734136e-02  
1.88819042e-02  6.83089182e-03  -5.00785665e-02  -1.49259153e-01  -2.86201747e-01  -4.54680422e-01  
-6.47035508e-01  -8.54521819e-01  -1.06770625e+00  -1.27689663e+00  -1.47258239e+00  -1.64586692e+00  
-1.78887205e+00  -1.89509623e+00  -1.95971010e+00  -1.9797761e+00  -1.95438193e+00  -1.88468210e+00  
-1.77384545e+00  -1.62691101e+00  -1.45055898e+00  -1.25280699e+00  -1.04264557e+00  -8.29629463e-01  
-6.23443174e-01  -4.33460706e-01  -2.68319375e-01  -1.35527127e-01  -4.11211947e-02  1.06063733e-02  
1.73038479e-02  -2.13332634e-02  -1.03548372e-01  -2.25603672e-01  -3.81950069e-01  -5.65479471e-01  
-7.67847942e-01  -9.79855052e-01  -1.19186216e+00  -1.39423063e+00  -1.57776004e+00  -1.73410643e+00  
-1.85616173e+00  -1.93837684e+00  -1.97701395e+00  -1.97031648e+00  -1.91858891e+00  -1.82418298e+00  
-1.69139073e+00  -1.5262494e+00  -1.33626693e+00  -1.13008064e+00  -9.17064533e-01  -7.06903117e-01  
-5.09151120e-01  -3.32799091e-01  -1.85864654e-01  -7.50279999e-02  -5.3281796e-03  2.00659918e-02  
9.99200722e-16  -6.46138798e-02  -1.70838058e-01  -3.13843185e-01  -4.87127711e-01  -6.82813471e-01  
-8.92003856e-01  -1.10518829e+00  -1.3126746e+00  -1.50502968e+00  -1.67350836e+00  -1.81045095e+00  
-1.90963154e+00  -1.966541e+00  -1.97859201e+00  -1.94523669e+00  -1.86799150e+00  -1.7503683e+00  
-1.59771467e+00  -1.41697082e+00  -1.21635405e+00  -1.00498515e+00  -7.92473738e-01  -5.88481386e-01  
-4.02282349e-01  -2.42341935e-01  -1.15931635e-01  -2.87985361e-02  -1.89404705e+00  -1.80691395e+00  
-1.68050365e+00  -1.52056324e+00  -1.33436420e+00  -1.13037185e+00  -9.17860440e-01  -7.06491539e-01  
-5.05874769e-01  -3.25130923e-01  -1.72477293e-01  -5.48540871e-02  2.23911029e-02  5.57464207e-02  
4.36954083e-02  -1.32140500e-02  -1.12394637e-01  -2.49337230e-01  -4.17815906e-01  -6.10170991e-01  
-8.17657302e-01  -1.03084173e+00  -1.24003212e+00  -1.43571788e+00  -1.60900240e+00  -1.75200753e+00  
-1.85823171e+00  -1.92284559e+00  -1.94291158e+00  -1.91751741e+00  -1.84781759e+00  -1.73698093e+00  
-1.5900465e+00  -1.41369447e+00  -1.21594247e+00  -1.00578106e+00  -7.92764947e-01  -5.86578657e-01  
-3.96596189e-01  -2.31454859e-01  -9.86626104e-02  -4.25667824e-03  4.74708898e-02  5.41683644e-02  
1.55312531e-02  -6.66838558e-02  -1.88739155e-01  -3.45085553e-01  -5.28614955e-01  -7.30983426e-01  
-9.42990536e-01  -1.15499765e+00  -1.35736612e+00  -1.54089552e+00  -1.69724192e+00  -1.81929722e+00  
-1.90151232e+00  -1.94014944e+00  -1.93345196e+00  -1.88172439e+00  -1.78731846e+00  -1.65452621e+00  
-1.48938488e+00  -1.29940241e+00  -1.09321613e+00  -8.80200016e-01  -6.70038600e-01  -4.72286604e-01  
-2.95934574e-01  -1.49000137e-01  -3.81634834e-02  3.15363369e-02  5.69305083e-02  3.68645165e-02  
-2.77493633e-02  -1.33973542e-01  -2.76978668e-01  -4.50263194e-01  -6.45948954e-01  -8.55139339e-01  
-1.06832377e+00  -1.27581008e+00  -1.46816517e+00  -1.63664384e+00  -1.77358644e+00  -1.87276702e+00  
-1.92967648e+00  -1.94172749e+00  -1.90837217e+00  -1.83112698e+00  -1.71350378e+00  -1.56085015e+00  
-1.38010630e+00  -1.17948953e+00  -9.68120631e-01  -7.55609221e-01  -5.51616869e-01  -3.65417832e-01  
-2.05477419e-01  -7.90671187e-02  8.06598040e-03  -1.83919297e+00  -1.75205987e+00  -1.62564957e+00  
-1.46570915e+00  -1.27951012e+00  -1.07551776e+00  -8.63006353e-01  -6.51637452e-01  -4.51020682e-01  
-2.70276836e-01  -1.17623206e-01  1.33226763e-15  7.72451900e-02  1.10600508e-01  9.85494954e-02  
4.16400371e-02  -5.75405496e-02  -1.94483143e-01  -3.62961819e-01  -5.55316904e-01  -7.62803215e-01  
-9.75987645e-01  -1.18517803e+00  -1.38086379e+00  -1.55414832e+00  -1.69715344e+00  -1.80337762e+00  
-1.86799150e+00  -1.88805749e+00  -1.86266332e+00  -1.79296350e+00  -1.68212685e+00  -1.53519241e+00  
-1.35884038e+00  -1.16108838e+00  -9.50926968e-01  -7.3791086e-01  -5.31724570e-01  -3.41742102e-01  
-1.76600772e-01  -4.38085233e-02  5.05974088e-02  1.02324977e-01  1.09022451e-01  7.03853402e-02  
-1.18297688e-02  -1.33885068e-01  -2.90231466e-01  -4.73760868e-01  -6.76129339e-01  -8.88136449e-01  
-1.10014356e+00  -1.30251203e+00  -1.48604143e+00  -1.64238783e+00  -1.76444313e+00  -1.84665824e+00  
-1.88529535e+00  -1.87859787e+00  -1.82687031e+00  -1.73246437e+00  -1.59967213e+00  -1.4345308e+00  
-1.24454833e+00  -1.03836204e+00  -8.25345929e-01  -6.15184513e-01  -4.17432517e-01  -2.41080487e-01  
-9.41460502e-02  1.66906037e-02  8.6390424e-02  1.11784595e-01  9.17186036e-02  2.71047238e-02  
-7.91194544e-02  -2.22124581e-01  -3.95409107e-01  -5.91094867e-01  -8.00285252e-01  -1.01346968e+00  
-1.22095599e+00  -1.41331108e+00  -1.58178975e+00  -1.71873235e+00  -1.81791293e+00  -1.87482239e+00  
-1.88687341e+00  -1.85351809e+00  -1.7762729e+00  -1.65864969e+00  -1.50599606e+00  -1.32525222e+00  
-1.12463545e+00  -9.13266544e-01  -7.00755134e-01  -4.96762782e-01  -3.10563745e-01  -1.50623331e-01  
-2.42130316e-02  6.29200675e-02  -1.76739577e+00  -1.68026267e+00  -1.55385237e+00  -1.39391195e+00  
-1.20771292e+00  -1.00372057e+00  -7.91209155e-01  -5.79840254e-01  -3.79223484e-01  -1.98479638e-01  
-4.58260079e-02  7.17971981e-02  1.49042388e-01  1.82397706e-01  1.70346693e-01  1.13437235e-01  
1.42566485e-02  -1.22685945e-01  -2.91164621e-01  -4.83519706e-01  -6.91006017e-01  -9.04190447e-01  
-1.11338083e+00  -1.30906659e+00  -1.48235112e+00  -1.62535625e+00  -1.73158042e+00  -1.79619430e+00  
-1.81626029e+00  -1.79086612e+00  -1.72116630e+00  -1.61032965e+00  -1.46339521e+00  -1.28704318e+00  
-1.08929119e+00  -8.79129770e-01  -6.66113662e-01  -4.59927372e-01  -2.69944904e-01  -1.04803574e-01  
2.79886748e-02  1.22394607e-01  1.74122175e-01  1.8081965e-01  1.42182538e-01  5.99674293e-02  
-6.208787e-02  -2.18434268e-01  -4.0196367e-01  -6.04332141e-01  -8.16339251e-01  -1.02834636e+00  
-1.23071483e+00  -1.41424423e+00  -1.57059063e+00  -1.69264593e+00  -1.77486104e+00  -1.81349815e+00  
-1.80680068e+00  -1.75507311e+00  -1.66066718e+00  -1.52787493e+00  -1.3627336e+00  -1.17275113e+00  
-9.6656484e-01  -7.53548731e-01  -5.43387315e-01  -3.45635319e-01  -1.69283289e-01  -2.23488521e-02  
8.84878017e-02  1.58187622e-01  1.83581793e-01  1.63515802e-01  9.89019219e-02  -7.32225634e-03  
-1.50327383e-01  -3.23611909e-01  -5.19297669e-01  -7.28488054e-01  -9.41672484e-01  -1.1491588e+00  
-1.34151388e+00  -1.50999256e+00  -1.64693515e+00  -1.74611574e+00  -1.80302519e+00  -1.81507621e+00  
-1.78172089e+00  -1.7044757e+00  -1.58685249e+00  -1.43419886e+00  -1.25345502e+00  -1.05283825e+00  
-8.41469346e-01  -6.28957936e-01  -4.24965584e-01  -2.38766547e-01  -7.88261334e-02  4.75841665e-02  
1.34717266e-01  -1.68002514e+00  -1.59289204e+00  -1.46648174e+00  -1.30654133e+00  -1.12034229e+00  
-9.16349942e-01  -7.03838532e-01  -4.92469630e-01  -2.91852861e-01  -1.11109014e-01  4.15446154e-02  
1.59167821e-01  2.36413011e-01  2.69768329e-01  2.57717317e-01  2.00807858e-01  1.01627272e-01  
-3.53153216e-02  -2.03793997e-01  -3.96149083e-01  -6.03635394e-01  -8.16819824e-01  -1.02601021e+00  
-1.22169597e+00  -1.39498049e+00  -1.53798562e+00  -1.64420980e+00  -1.70882368e+00  -1.72888967e+00  
-1.70349550e+00  -1.63379568e+00  -1.52295903e+00  -1.37602459e+00  -1.19967256e+00  -1.00192056e+00  
-7.91759147e-01  -5.78743038e-01  -3.72556749e-01  -1.82574281e-01  -1.74329502e-02  1.15359298e-01  
2.09765230e-01  2.61492798e-01  2.68190273e-01  2.29553162e-01  1.47338053e-01  2.52827533e-02  
-1.31063644e-01  -3.14593046e-01  -5.16961517e-01  -7.28968627e-01  -9.40975737e-01  -1.14334421e+00  
-1.32687361e+00  -1.48322001e+00  -1.60527531e+00  -1.68749042e+00  -1.72612753e+00  -1.71943005e+00  
-1.66770249e+00  -1.57329655e+00  -1.44050430e+00  -1.27536297e+00  -1.08538051e+00  -8.79194217e-01  
-6.66178108e-01  -4.56016692e-01  -2.58264695e-01  -8.19126659e-02  6.50217712e-02  1.75858425e-01  
2.45558245e-01  2.70952417e-01  2.50886425e-01  1.86272545e-01  8.0048367e-02  -6.295676e-02  
-2.36241286e-01  -4.31927046e-01  -6.41117431e-01  -8.54301861e-01  -1.06178817e+00  -1.25414326e+00  
-1.42262193e+00  -1.55956453e+00  -1.65874511e+00  -1.71565457e+00  -1.72770558e+00  -1.69435027e+00  
-1.61710508e+00  -1.49948187e+00  -1.34682824e+00  -1.16608439e+00  -9.65467624e-01  -7.54098723e-01  
-5.41587313e-01  -3.37594961e-01  -1.51395924e-01  8.54448994e-03  1.3495479e-01  2.22087889e-01  
-1.57874788e+00  -1.49161478e+00  -1.36520448e+00  -1.20526406e+00  -1.01906503e+00  -8.15072676e-01  
-6.02561266e-01  -3.91192364e-01  -1.90575595e-01  -9.83174820e-03  1.42821881e-01  2.60445088e-01  
3.37690278e-01  3.71045595e-01  3.58994583e-01  3.02085125e-01  2.02904538e-01  6.59619445e-02  
-1.02516731e-01  -2.94871817e-01  -5.02358128e-01  -7.15542558e-01  -9.24732943e-01  -1.12041870e+00  
-1.29370323e+00  -1.43670836e+00  -1.54293253e+00  -1.60754641e+00  -1.62761241e+00  -1.60221823e+00  
-1.53251841e+00  -1.42168176e+00  -1.27474732e+00  -1.09839529e+00  -9.00643297e-01  -6.90481881e-01  
-4.77465772e-01  -2.71279483e-01  -8.12970146e-02  8.38443159e-02  2.16636564e-01  3.11042496e-01  
3.62770064e-01  3.69467539e-01  3.30830428e-01  2.48615319e-01  1.26560019e-01  -2.97863782e-02  
-2.13315780e-01  -4.15684251e-01  -6.27691361e-01  -8.39698471e-01  -1.04206694e+00  -1.22559634e+00  
-1.38194274e+00  -1.50399804e+00  -1.58621315e+00  -1.62485026e+00  -1.61815279e+00  -1.56642522e+00  
-1.47201929e+00  -1.33922704e+00  -1.17408571e+00  -9.84103240e-01  -7.77916950e-01  -5.64900842e-01  
-3.54739426e-01  -1.56987429e-01  1.93646003e-02  1.66299037e-01  2.77135691e-01  3.46835511e-01  
3.72229683e-01  3.52163691e-01  2.87549811e-01  1.81325633e-01  3.83205061e-02  -1.3496402e-01  
-3.3064978e-01  -5.39840165e-01  -7.53024595e-01  -9.60510906e-01  -1.15286599e+00  -1.32134467e+00  
-1.45828726e+00  -1.55746785e+00  -1.61437731e+00  -1.62642832e+00  -1.59307300e+00  -1.51582781e+00  
-1.39820460e+00  -1.24555097e+00  -1.06480713e+00  -8.64190358e-01  -6.52821457e-01  -4.40310047e-01  
-2.36317694e-01  -5.01186579e-02  1.09821756e-01  2.36232056e-01  3.23365155e-01  -1.46549605e+00  
-1.37836295e+00  -1.25195265e+00  -1.09201224e+00  -9.05813201e-01  -7.01820848e-01  -4.89309438e-01  
-2.77940537e-01  -7.73237671e-02  1.03420079e-01  2.56073709e-01  3.73696915e-01  4.50942105e-01  
4.84297423e-01  4.72246410e-01  4.15336952e-01  3.16156365e-01  1.79213772e-01  1.07350962e-02  
-1.81619989e-01  -3.89106300e-01  -6.02290730e-01  -8.11481115e-01  -1.00716688e+00  -1.18045140e+00  
-1.32345653e+00  -1.42968071e+00  -1.49429459e+00  -1.51436058e+00  -1.48896641e+00  -1.41926659e+00  
-1.30842993e+00  -1.1614955e+00  -9.85143466e-01  -7.87391469e-01  -5.77230053e-01  -3.64213945e-01  
-1.58027655e-01  3.1954813e-02  1.97096143e-01  3.29888392e-01  4.24294324e-01  4.76021892e-01  
4.82719366e-01  4.44082255e-01  3.61867146e-01  2.39811847e-01  8.34654493e-02  -1.00063953e-01  
-3.02432424e-01  -5.14439534e-01  -7.26446644e-01  -9.28815115e-01  -1.11234452e+00  -1.26869091e+00  
-1.39074621e+00  -1.47296132e+00  -1.51159843e+00  -1.50490096e+00  -1.45317339e+00  -1.35876746e+00  
-1.22597521e+00  -1.06083388e+00  -8.70851412e-01  -6.64665123e-01  -4.51649014e-01  -2.41487598e-01  
-4.37356016e-02  1.32616428e-01  2.79550865e-01  3.90387519e-01  4.60087339e-01  4.85481510e-01  
4.65415519e-01  4.00801639e-01  2.94577461e-01  1.51572334e-01  -2.17121922e-02  -2.17397952e-01  
-4.26588337e-01  -6.39772767e-01  -8.47259078e-01  -1.03961416e+00  -1.20809284e+00  -1.34503543e+00  
-1.44421602e+00  -1.50112548e+00  -1.51317649e+00  -1.47982117e+00  -1.40257598e+00  -1.28495278e+00  
-1.13229915e+00  -9.51555300e-01  -7.50938531e-01  -5.39569629e-01  -3.27058219e-01  -1.23065867e-01  
6.31331696e-02  2.23073584e-01  3.49483883e-01  4.36616983e-01  -1.34243018e+00  -1.25529708e+00  
-1.12888678e+00  -9.68946370e-01  -7.82747334e-01  -5.78754981e-01  -3.66243571e-01  -1.5487467e-01  
4.57420998e-02  2.26485946e-01  3.79139576e-01  4.96762782e-01  5.74007972e-01  6.0736329e-01  
5.95312277e-01  5.38402819e-01  4.39222232e-01  3.02279639e-01  1.33800963e-01  -5.85541223e-02  
-2.66040433e-01  -4.79224863e-01  -6.88415248e-01  -8.84101008e-01  -1.05738553e+00  -1.20039066e+00  
-1.30661484e+00  -1.37122872e+00  -1.39129471e+00  -1.36590054e+00  -1.29620072e+00  -1.18536407e+00  
-1.03842963e+00  -8.62077599e-01  -6.64325602e-01  -4.54164186e-01  -2.41148078e-01  -3.49617881e-02  
1.5502068e-01  3.20162010e-01  4.52954259e-01  5.47360191e-01  5.99087759e-01  6.05785233e-01  
5.67148122e-01  4.84933013e-01  3.62877714e-01  2.06531316e-01  2.30019142e-02  -1.79366557e-01  
-3.91373667e-01  -6.03380777e-01  -8.05749248e-01  -9.8927865e-01  -1.14562505e+00  -1.26768035e+00  
-1.34989546e+00  -1.38853257e+00  -1.38183509e+00  -1.33010752e+00  -1.23570159e+00  -1.10290934e+00  
-9.37768014e-01  -7.47785546e-01  -5.41599256e-01  -3.28583147e-01  -1.18421731e-01  7.93302653e-02  
2.55682295e-01  4.02616732e-01  5.13453386e-01  5.83153206e-01  6.08547377e-01  5.88481386e-01  
5.23867506e-01  4.17643328e-01  2.74638201e-01  1.01353675e-01  -9.43320853e-02  -3.03522470e-01  
-5.16706900e-01  -7.24193211e-01  -9.16548297e-01  -1.08502697e+00  -1.22196957e+00  -1.32115015e+00  
-1.37805961e+00  -1.39011062e+00  -1.35675531e+00  -1.27951012e+00  -1.16188691e+00  -1.00923328e+00  
-8.28489433e-01  -6.27872664e-01  -4.16503762e-01  -2.03992352e-01  -4.82947016e-15  1.86199037e-01  
3.46139451e-01  4.72549750e-01  5.59682849e-01  -1.21189802e+00  -1.12476492e+00  -9.98354624e-01  
-8.3841421e-01  -6.52215173e-01  -4.48222821e-01  -2.35711411e-01  -2.43425093e-02  1.76274260e-01  
3.57018107e-01  5.09671736e-01  6.27294943e-01  7.04540133e-01  7.37895450e-01  7.25844438e-01  
6.6893498e-01  5.69754393e-01  4.328118e-01  2.64333124e-01  7.19780382e-02  -1.35508273e-01  
-3.48692703e-01  -5.57883088e-01  -7.53568848e-01  -9.26853374e-01  -1.06985850e+00  -1.17608268e+00  
-1.24069656e+00  -1.26076255e+00  -1.23536838e+00  -1.16566856e+00  -1.05483190e+00  -9.07897468e-01  
-7.31545438e-01  -5.33793442e-01  -3.23632026e-01  -1.10615917e-01  9.55703724e-02  2.85552840e-01  
4.50694171e-01  5.83486419e-01  6.77892351e-01  7.29619919e-01  7.36317394e-01  6.97680283e-01  
6.15465174e-01  4.93409874e-01  3.37063477e-01  1.53534075e-01  -4.88343964e-02  -2.60841506e-01  
-4.72848616e-01  -6.75217087e-01  -8.58746489e-01  -1.01509289e+00  -1.13714819e+00  -1.2193633e+00  
-1.25800041e+00  -1.25130293e+00  -1.19957536e+00  -1.10516943e+00  -9.72377183e-01  -8.07235853e-01  
-6.17253385e-01  -4.11067095e-01  -1.98050987e-01  1.21104292e-02  2.09862426e-01  3.86214455e-01  
5.33148892e-01  6.43985546e-01  7.13685366e-01  7.39079538e-01  7.19013546e-01  6.54399666e-01  
5.48175488e-01  4.05170361e-01  2.31885835e-01  3.62000753e-02  -1.7299031e-01  -3.8617474e-01  
-5.93661051e-01  -7.86016136e-01  -9.54494812e-01  -1.09143741e+00  -1.19061799e+00  -1.24752745e+00  
-1.25957846e+00  -1.22622315e+00  -1.14897796e+00  -1.03135475e+00  -8.78701119e-01  -6.97957273e-01  
-4.97340503e-01  -2.85971602e-01  -7.34601917e-02  1.30532161e-01  3.16731197e-01  4.76671611e-01  
6.03081911e-01  6.90215010e-01  -1.07638975e+00  -9.89256651e-01  -8.62846351e-01  -7.02905937e-01  
-5.16706900e-01  -3.12714548e-01  -1.00203138e-01  1.11165763e-01  3.11782533e-01  4.9252638e-01  
6.45180009e-01  7.62803215e-01  8.40048405e-01  8.73403723e-01  8.61352711e-01  8.04443252e-01  
7.05262666e-01  5.68320072e-01  3.99841396e-01  2.07486311e-01  -3.94129174e-15  -2.13184430e-01  
-4.22374815e-01  -6.18060575e-01  -7.91345101e-01  -9.34350228e-01  -1.04057441e+00  -1.10518829e+00  
-1.12525428e+00  -1.09986011e+00  -1.03016029e+00  -9.19323632e-01  -7.72389195e-01  -5.96037166e-01  
-3.98285169e-01  -1.88123753e-01  2.48923556e-02  2.31078645e-01  4.21061113e-01  5.86202444e-01  
7.18994692e-01  8.13400624e-01  8.65128192e-01  8.71825667e-01  8.33188555e-01  7.50973446e-01  
6.28918147e-01  4.72571749e-01  2.89042347e-01  8.66738764e-02  -1.25333234e-01  -3.37340343e-01  
-5.39708815e-01  -7.23238217e-01  -8.79584614e-01  -1.00163991e+00  -1.08385502e+00  -1.12249213e+00  
-1.11579466e+00  -1.06406709e+00  -9.69661159e-01  -8.36868911e-01  -6.71727580e-01  -4.81745112e-01  
-2.75558823e-01  -6.25427140e-02  1.47618702e-01  3.45370699e-01  5.21722728e-01  6.68657165e-01  
7.79493819e-01  8.49193639e-01  8.74587811e-01  8.54521819e-01  7.89907939e-01  6.83683761e-01  
5.40678634e-01  3.67394108e-01  1.71708348e-01  -3.74820370e-02  -2.50666467e-01  -4.58152778e-01  
-6.50507864e-01  -8.18986539e-01  -9.55929133e-01  -1.05510972e+00  -1.11201918e+00  -1.12407019e+00  
-1.09071487e+00  -1.01346968e+00  -8.95846476e-01  -7.43192847e-01  -5.62449000e-01  -3.61832231e-01  
-1.50463329e-01  6.20480810e-02  2.66040433e-01  4.5223947e-01  6.12179884e-01  7.38590184e-01  
8.25723283e-01  -9.38490476e-01  -8.51357377e-01  -7.24947077e-01  -5.65006664e-01  -3.78807627e-01  
-1.74815275e-01  3.76961353e-02  2.49065037e-01  4.49681807e-01  6.30425653e-01  7.83079283e-01  
9.00702489e-01  9.77947679e-01  1.011303e+00  9.99251984e-01  9.42342526e-01  8.43161939e-01  
7.06219346e-01  5.3774067e-01  3.45385584e-01  1.37899273e-01  -7.52851567e-02  -2.84475542e-01  
-4.80161302e-01  -6.53445828e-01  -7.96450954e-01  -9.02675133e-01  -9.67289013e-01  -9.87355004e-01  
-9.61960833e-01  -8.92261013e-01  -7.81424359e-01  -6.34489922e-01  -4.58137892e-01  -2.60385896e-01  
-5.02244796e-02  1.62791629e-01  3.68977919e-01  5.58960387e-01  7.24101717e-01  8.56893965e-01  
9.51299898e-01  1.00302747e+00  1.00972494e+00  9.71087829e-01  8.8887272e-01  7.66817421e-01  
6.10471023e-01  4.26941621e-01  2.2457315e-01  1.25660399e-02  -1.99441070e-01  -4.01809541e-01  
-5.85338943e-01  -7.41685341e-01  -8.63740640e-01  -9.45955749e-01  -9.84592860e-01  -9.77895386e-01  
-9.26167818e-01  -8.31761886e-01  -6.98969637e-01  -5.33828307e-01  -3.43845839e-01  -1.37659549e-01  
7.53565594e-02  2.85517975e-01  4.83269972e-01  6.59622001e-01  8.06556439e-01  9.17393092e-01  
9.87092913e-01  1.01248708e+00  9.92421092e-01  9.27807213e-01  8.21583034e-01  6.78577907e-01  
5.05293381e-01  3.09607621e-01  1.00417236e-01  -1.12767194e-01  -3.20253505e-01  -5.12608590e-01  
-6.81087266e-01  -8.18029859e-01  -9.17210446e-01  -9.74119904e-01  -9.86170917e-01  -9.52815599e-01  
-8.75570409e-01  -7.57947203e-01  -6.05293573e-01  -4.24549727e-01  -2.23932957e-01  -1.25640556e-02  
1.99947354e-01  4.03939707e-01  5.90138743e-01  7.50079157e-01  8.76489457e-01  9.63622556e-01  
-8.00830927e-01  -7.13697828e-01  -5.87287528e-01  -4.27347114e-01  -2.41148078e-01  -3.71557255e-02  
1.75355685e-01  3.86724586e-01  5.87341356e-01  7.68085202e-01  9.20738832e-01  1.03836204e+00  
1.11560723e+00  1.14896255e+00  1.13691153e+00  1.08000208e+00  9.80821488e-01  8.43878895e-01  
6.75400219e-01  4.83045134e-01  2.75558823e-01  6.23743926e-02  -1.46815992e-01  -3.42501752e-01  
-5.15786278e-01  -6.58791405e-01  -7.65015584e-01  -8.29629463e-01  -8.49695455e-01  -8.24301284e-01  
-7.54601463e-01  -6.4376481e-01  -4.96830372e-01  -3.20478343e-01  -1.22726346e-01  8.74350696e-02  
3.00451178e-01  5.06637468e-01  6.96619936e-01  8.61761266e-01  9.94553515e-01  1.08895945e+00  
1.14068701e+00  1.14738449e+00  1.10874738e+00  1.02653227e+00  9.0447697e-01  7.48130572e-01  
5.64601170e-01  3.62232699e-01  1.50225589e-01  -6.17815208e-02  -2.64149992e-01  -4.47679394e-01  
-6.04025792e-01  -7.26081091e-01  -8.082962e-01  -8.46933311e-01  -8.40235837e-01  -7.88508269e-01  
-6.94102336e-01  -5.61310088e-01  -3.96168758e-01  -2.0618629e-01  3.05311332e-16  2.13016109e-01  
4.23177525e-01  6.20929521e-01  7.97281551e-01  9.44215988e-01  1.05505264e+00  1.12475246e+00  
1.15014663e+00  1.13008064e+00  1.06546676e+00  9.59242583e-01  8.16237457e-01  6.42952931e-01  
4.47267171e-01  2.38076786e-01  2.48923556e-02  -1.82593955e-01  -3.74949041e-01  -5.43427717e-01  
-6.80370310e-01  -7.79550897e-01  -8.36460355e-01  -8.48511367e-01  -8.1515605e-01  -7.3791086e-01  
-6.20287654e-01  -4.67634024e-01  -2.86890178e-01  -8.62734079e-02  1.25095494e-01  3.37606904e-01  
5.41599256e-01  7.27798293e-01  8.87738706e-01  1.01414901e+00  1.10128211e+00  -6.66037254e-01  
-5.78904155e-01  -4.52493855e-01  -2.92553441e-01  -1.06354404e-01  9.76379479e-02  3.10149358e-01  
5.21518259e-01  7.22135029e-01  9.02878876e-01  1.05553251e+00  1.17315571e+00  1.25040090e+00  
1.28375622e+00  1.27170521e+00  1.21479575e+00  1.11561516e+00  9.78672568e-01  8.10193892e-01  
6.17838807e-01  4.10352496e-01  1.97168066e-01  -1.20223191e-02  -2.07708079e-01  -3.80992605e-01  
-5.23997732e-01  -6.30221910e-01  -6.9483579e-01  -7.14901782e-01  -6.89507610e-01  -6.1980779e-01  
-5.08971136e-01  -3.62036699e-01  -1.8568467e-01  1.2067327e-02  2.22228743e-01  4.35244852e-01  
6.41431141e-01  8.31413609e-01  9.9655494e-01  1.12934719e+00  1.22375312e+00  1.27548069e+00  
1.28217816e+00  1.24354105e+00  1.16132594e+00  1.03927064e+00  8.82924246e-01  6.99394843e-01  
4.97026372e-01  2.85019262e-01  7.30121525e-02  -1.29356319e-01  -3.12885721e-01  -4.69232118e-01  
-5.91287418e-01  -6.73502527e-01  -7.12139638e-01  -7.05442163e-01  -6.53714595e-01  -5.59308663e-01  
-4.26516415e-01  -2.61375084e-01  -7.13926162e-02  1.34793673e-01  3.47809782e-01  5.57971198e-01  
7.55723195e-01  9.32075224e-01  1.07900966e+00  1.18984631e+00  1.25954614e+00  1.28494031e+00  
1.26487431e+00  1.20026044e+00  1.09403626e+00  9.5103113e-01  7.77746604e-01  5.82060844e-01  
3.72870459e-01  1.59686029e-01  -4.78002821e-02  -2.40155367e-01  -4.08634043e-01  -5.45576637e-01  
-6.44757223e-01  -7.01666682e-01  -7.13717694e-01  -6.80362376e-01  -6.03117186e-01  -4.85493980e-01  
-3.32840351e-01  -1.52096504e-01  4.85202654e-02  2.59889167e-01  4.72400577e-01  6.76392929e-01  
8.62591966e-01  1.02253238e+00  1.14894268e+00  1.23607578e+00  -5.36680935e-01  -4.49547836e-01  
-3.23137536e-01  -1.63197122e-01  2.30019142e-02  2.26994266e-01  4.39505676e-01  6.50874578e-01  
8.51491348e-01  1.03223519e+00  1.18488882e+00  1.30251203e+00  1.37975722e+00  1.41311254e+00  
1.40106153e+00  1.34415207e+00  1.24497148e+00  1.10802889e+00  9.39550211e-01  7.47195126e-01  
5.39708815e-01  3.26524384e-01  1.17333999e-01  -7.83517606e-02  -2.51636286e-01  -3.94641413e-01  
-5.00865592e-01  -5.65479471e-01  -5.85545463e-01  -5.60151292e-01  -4.90451471e-01  -3.79614818e-01  
-2.32680381e-01  -5.63283512e-02  1.41423645e-01  3.51585061e-01  5.64601170e-01  7.7078746e-01  
9.60769928e-01  1.12591126e+00  1.25870351e+00  1.35310944e+00  1.40483701e+00  1.41153448e+00  
1.37289737e+00  1.29068226e+00  1.16862696e+00  1.01228056e+00  8.28751162e-01  6.26382691e-01  
4.14375581e-01  2.02368471e-01  -2.1649349e-15  -1.83529402e-01  -3.398758e-01  -4.61931099e-01  
-5.44146208e-01  -5.82783319e-01  -5.76085845e-01  -5.24358277e-01  -4.29952345e-01  -2.97160096e-01  
-1.32018766e-01  5.79637023e-02  2.64149992e-01  4.77166101e-01  6.87327517e-01  8.85079513e-01  
1.06143154e+00  1.20836598e+00  1.31920263e+00  1.38890245e+00  1.41429663e+00  1.39423063e+00  
1.32961675e+00  1.22339258e+00  1.08038745e+00  9.07102923e-01  7.11417163e-01  5.02226778e-01  
2.89042347e-01  8.15560365e-02  -1.10799049e-01  -2.79277725e-01  -4.16220318e-01  -5.15400905e-01  
-5.72310363e-01  -5.84361376e-01  -5.51006058e-01  -4.73760868e-01  -3.56137662e-01  -2.03484032e-01  
-2.27401857e-02  1.77876584e-01  3.89245486e-01  6.01756896e-01  8.05749248e-01  9.91948284e-01  
1.1518887e+00  1.278299e+00  1.3654321e+00  -4.15229721e-01  -3.28096622e-01  -2.01686322e-01  
-4.17459084e-02  1.44453128e-01  3.48445480e-01  5.60956890e-01  7.72325792e-01  9.72942562e-01  
1.15368641e+00  1.30634004e+00  1.42396324e+00  1.50120843e+00  1.53456375e+00  1.52251274e+00  
1.46560328e+00  1.36642269e+00  1.22948010e+00  1.06100142e+00  8.6864634e-01  6.61160029e-01  
4.47975598e-01  2.38785213e-01  4.30994534e-02  -1.30185072e-01  -2.73190199e-01  -3.79414378e-01  
-4.44028257e-01  -4.64094249e-01  -4.38700078e-01  -3.69000257e-01  -2.58163604e-01  -1.11229167e-01  
6.51228628e-02  2.62874859e-01  4.73036275e-01  6.86052384e-01  8.92238674e-01  1.08222114e+00  
1.24736247e+00  1.38015472e+00  1.47456065e+00  1.52628822e+00  1.5329857e+00  1.49434858e+00  
1.41213348e+00  1.29007818e+00  1.13373178e+00  9.50202376e-01  7.47833905e-01  5.35826795e-01  
3.23819685e-01  1.21451214e-01  -6.20781881e-02  -2.18424586e-01  -3.40479885e-01  -4.22694994e-01  
-4.61332105e-01  -4.54634631e-01  -4.02907063e-01  -3.08501131e-01  -1.75708882e-01  -1.05675518e-02  
1.79414916e-01  3.85601206e-01  5.98617315e-01  8.08778730e-01  1.00653073e+00  1.18288276e+00  
1.32981719e+00  1.44065385e+00  1.51035367e+00  1.53574784e+00  1.51568185e+00  1.45106797e+00  
1.34484379e+00  1.20183866e+00  1.02855414e+00  8.32868377e-01  6.23677992e-01  4.10493561e-01  
2.03007250e-01  1.06521650e-02  -1.57826511e-01  -2.94769104e-01  -3.93949691e-01  -4.50859149e-01  
-4.62910162e-01  -4.29554844e-01  -3.52309654e-01  -2.34686448e-01  -8.20328181e-02  9.87110283e-02  
2.99327798e-01  5.106967e-01  7.2320811e-01  9.27200462e-01  1.1133995e+00  1.27333991e+00  
1.39975021e+00  1.48688331e+00  -3.04000555e-01  -2.16867456e-01  -9.04571558e-02  6.94832581e-02  
2.55682295e-01  4.59674647e-01  6.72186057e-01  8.83554959e-01  1.08417173e+00  1.26491557e+00  
1.41756920e+00  1.53519241e+00  1.61243760e+00  1.64579292e+00  1.63374191e+00  1.57683245e+00  
1.47765186e+00  1.34070927e+00  1.17223059e+00  9.79875506e-01  7.72389195e-01  5.59204765e-01  
3.5001438e-01  1.54328620e-01  -1.89559059e-02  -1.61961033e-01  -2.68185211e-01  -3.32799091e-01  
-3.52865083e-01  -3.27470911e-01  -2.57771091e-01  -1.46934437e-01  -8.8817842e-16  1.76352029e-01  
3.74104026e-01  5.84265442e-01  7.97281551e-01  1.00346784e+00  1.19345031e+00  1.35859164e+00  
1.49138389e+00  1.58578982e+00  1.63751739e+00  1.64421486e+00  1.60557775e+00  1.52336264e+00  
1.40130734e+00  1.24496094e+00  1.06143154e+00  8.59063071e-01  6.47055962e-01  4.35048852e-01  
2.32680381e-01  4.91509785e-02  -1.07195419e-01  -2.29250718e-01  -3.11465827e-01  -3.50102939e-01  
-3.43405464e-01  -2.91677896e-01  -1.97271964e-01  -6.44797156e-02  1.00661615e-01  2.90644083e-01  
4.96830372e-01  7.09846481e-01  9.20007897e-01  1.11775989e+00  1.29411192e+00  1.44104636e+00  
1.55188301e+00  1.62158283e+00  1.64697701e+00  1.62691101e+00  1.56229713e+00  1.45607296e+00  
1.31306783e+00  1.13978330e+00  9.44097543e-01  7.34907158e-01  5.21722728e-01  3.14236417e-01  
1.21881332e-01  -4.65973442e-02  -1.83539938e-01  -2.82720524e-01  -3.39629983e-01  -3.51680995e-01  
-3.18325677e-01  -2.41080487e-01  -1.23457281e-01  2.91963485e-02  2.09940195e-01  4.10556965e-01  
6.21925866e-01  8.34437276e-01  1.03842963e+00  1.22462866e+00  1.38456908e+00  1.51097938e+00  
1.59811248e+00  -2.05115371e-01  -1.17982272e-01  8.42802807e-03  1.68368442e-01  3.54567479e-01  
5.58559831e-01  7.71071241e-01  9.82440142e-01  1.18305691e+00  1.36380076e+00  1.51645439e+00  
1.63407759e+00  1.71132278e+00  1.74467810e+00  1.73262709e+00  1.67571763e+00  1.57653704e+00  
1.43959445e+00  1.27111578e+00  1.07876069e+00  8.71274379e-01  6.58089949e-01  4.48899564e-01  
2.53213804e-01  7.9929278e-02  -6.3075849e-02  -1.69300027e-01  -2.33913907e-01  -2.53979899e-01  
-2.28585727e-01  -1.58885907e-01  -4.80492532e-02  9.88851839e-02  2.75237213e-01  4.7298921e-01  
6.83150626e-01  8.96166735e-01  1.10235302e+00  1.29233549e+00  1.45747682e+00  1.59026907e+00  
1.68467500e+00  1.73640257e+00  1.74310005e+00  1.70446293e+00  1.62224783e+00  1.50019253e+00  
1.34384613e+00  1.16031673e+00  9.57948255e-01  7.45941145e-01  5.33934036e-01  3.31565564e-01  
1.48036162e-01  -8.31023531e-03  -1.30365535e-01  -2.12580644e-01  -2.51217755e-01  -2.44520280e-01  
-1.92792712e-01  -9.83867801e-02  3.44054682e-02  1.99546799e-01  3.89529267e-01  5.95715556e-01  
8.08731665e-01  1.01889308e+00  1.21664508e+00  1.39299711e+00  1.53993154e+00  1.6507682e+00  
1.72046802e+00  1.74586219e+00  1.7257962e+00  1.66118232e+00  1.55495814e+00  1.41195301e+00  
1.23866849e+00  1.04298273e+00  8.33792342e-01  6.20607912e-01  4.13121601e-01  2.20766515e-01  
5.22878396e-02  -8.46547538e-02  -1.83835340e-01  -2.40744799e-01  -2.52795811e-01  -2.19440493e-01  
-1.42195303e-01  -2.45720974e-02  1.28081532e-01  3.08825379e-01  5.09442148e-01  7.2081105e-01  
9.33322460e-01  1.13731481e+00  1.32351385e+00  1.48345426e+00  1.60986456e+00  1.69699766e+00  
-1.20460617e-01  -3.3327518e-02  9.30827818e-02  2.53023196e-01  4.39222232e-01  6.43214585e-01  
8.55725995e-01  1.0670949e+00  1.26771167e+00  1.44845551e+00  1.60110914e+00  1.71873235e+00  
1.79597754e+00  1.82933286e+00  1.81728184e+00  1.76037239e+00  1.6611918e+00  1.52424921e+00  
1.35577053e+00  1.16341544e+00  9.55929133e-01  7.42744703e-01  5.33554318e-01  3.37868558e-01  
1.64584032e-01  2.15789048e-02  -8.46452734e-02  -1.49259153e-01  -1.69325145e-01  -1.43930974e-01  
-7.42311533e-02  3.66055005e-02  1.83539938e-01  3.59891967e-01  5.57643964e-01  7.6780538e-01  
9.80821488e-01  1.18700778e+00  1.37699025e+00  1.54213158e+00  1.67492382e+00  1.76932976e+00  
1.82105732e+00  1.8277548e+00  1.78911769e+00  1.70690258e+00  1.58484728e+00  1.42850088e+00  
1.24497148e+00  1.04260301e+00  8.30595899e-01  6.18588789e-01  4.16220318e-01  2.32690916e-01  
7.63445185e-02  -4.57107808e-02  -1.2792589e-01  -1.66563001e-01  -1.59865527e-01  -1.08137958e-01  
-1.37320263e-02  1.19060222e-01  2.84201552e-01  4.74184020e-01  6.80370310e-01  8.93386419e-01  
1.10354783e+00  1.30129983e+00  1.47765186e+00  1.6245863e+00  1.73542295e+00  1.80512277e+00  
1.83051694e+00  1.81045095e+00  1.74583707e+00  1.63961289e+00  1.49660777e+00  1.32332324e+00  
1.12763748e+00  9.18447096e-01  7.05262666e-01  4.97776355e-01  3.05421269e-01  1.36942593e-01  
-2.22044605e-16  -9.91805867e-02  -1.56090045e-01  -1.68141057e-01  -1.3478574e-01  -5.75405496e-02  
6.00826564e-02  2.12736286e-01  3.93480133e-01  5.94096902e-01  8.05465804e-01  1.01797721e+00  
1.22196957e+00  1.40816860e+00  1.56810902e+00  1.69451932e+00  1.78165242e+00  -5.16512647e-02  
3.54818344e-02  1.61892134e-01  3.21832548e-01  5.08031585e-01  7.12023937e-01  9.24535347e-01  
1.13590425e+00  1.33652102e+00  1.51726486e+00  1.66991849e+00  1.78754170e+00  1.86478689e+00  
1.89814221e+00  1.8860912e+00  1.82918174e+00  1.73000115e+00  1.59305856e+00  1.42457988e+00  
1.2322248e+00  1.02473849e+00  8.11554055e-01  6.0236367e-01  4.06677910e-01  2.33393384e-01  
9.03882572e-02  -1.58359211e-02  -8.04498008e-02  -1.00515793e-01  -7.51216212e-02  -5.4218009e-03  
1.05414853e-01  2.5234929e-01  4.28701319e-01  6.26453316e-01  8.36614732e-01  1.04963084e+00  
1.25581713e+00  1.4457996e+00  1.61094093e+00  1.74373318e+00  1.83813911e+00  1.88986668e+00  
1.89656415e+00  1.85792704e+00  1.77571193e+00  1.65365663e+00  1.49731023e+00  1.31378083e+00  
1.11141236e+00  8.99405252e-01  6.87398142e-01  4.85029671e-01  3.01500269e-01  1.45153871e-01  
2.30985715e-02  -5.91165375e-02  -9.77536487e-02  -9.10561741e-02  -3.93286061e-02  5.50773261e-02  
1.87869574e-01  3.53010905e-01  5.42993373e-01  7.49179662e-01  9.62195771e-01  1.17235719e+00  
1.37010918e+00  1.54646121e+00  1.69339565e+00  1.80423230e+00  1.87393212e+00  1.8993263e+00  
1.87926030e+00  1.81464642e+00  1.70842225e+00  1.56541712e+00  1.39213259e+00  1.19644683e+00  
9.87256448e-01  7.74072018e-01  5.66585707e-01  3.74230622e-01  2.05751946e-01  6.88093524e-02  
-3.03712343e-02  -8.72806926e-02  -9.93317050e-02  -6.59763873e-02  1.12688028e-02  1.28892009e-01  
2.81545638e-01  4.62289485e-01  6.62906255e-01  8.74275156e-01  1.08678657e+00  1.29077892e+00  
1.47697795e+00  1.63691837e+00  1.76332867e+00  1.85046177e+00  -2.22044605e-16  8.71330991e-02  
2.13543399e-01  3.73483813e-01  5.59682849e-01  7.63675202e-01  9.76186612e-01  1.18755551e+00  
1.38817228e+00  1.56891613e+00  1.72156976e+00  1.83919297e+00  1.91643816e+00  1.94979347e+00  
1.93774246e+00  1.88083300e+00  1.78165242e+00  1.64470982e+00  1.47623115e+00  1.28387606e+00  
1.07638975e+00  8.6320532e-01  6.54014935e-01  4.58329175e-01  2.85044649e-01  1.42039522e-01  
3.58153437e-02  -2.87985361e-02  -4.88645279e-02  -2.34703565e-02  4.62294638e-02  1.57066118e-01  
3.04000555e-01  4.80352584e-01  6.78104581e-01  8.88265997e-01  1.10128211e+00  1.3074684e+00  
1.49745086e+00  1.66259219e+00  1.79538444e+00  1.88979037e+00  1.94151794e+00  1.94821542e+00  
1.90957831e+00  1.8273632e+00  1.7053079e+00  1.5489615e+00  1.3654321e+00  1.16306363e+00  
9.51056516e-01  7.39049406e-01  5.36680935e-01  3.53151533e-01  1.96805136e-01  7.47498363e-02  
-7.46527272e-03  -4.6102384e-02  -3.94049094e-02  1.23226586e-02  1.06728591e-01  2.39520839e-01  
4.0466217e-01  5.94644638e-01  8.00830927e-01  1.01384704e+00  1.22400845e+00  1.42176045e+00  
1.59811248e+00  1.74504691e+00  1.85588357e+00  1.92558339e+00  1.95097756e+00  1.93091157e+00  
1.86629769e+00  1.76007351e+00  1.61706838e+00  1.44378386e+00  1.2480981e+00  1.03890771e+00  
8.25723283e-01  6.18236972e-01  4.25881886e-01  2.57403210e-01  1.20460617e-01  2.12800304e-02  
-3.56294279e-02  -4.76804403e-02  -1.43251225e-02  6.29200675e-02  1.80543274e-01  3.33196903e-01  
5.1394075e-01  7.14557519e-01  9.25926421e-01  1.13843783e+00  1.34243018e+00  1.52862922e+00  
1.68856963e+00  1.81497993e+00  1.90211303e+00  
